id_registro,data,loja,entradas,horas_equipe,investimento_divulgacao,canal_divulgacao,desconto_campanha_pct,disponibilidade_produtos_pct,espera_media_min,cupons_emitidos,receita_liquida,lucro_bruto
R00001,2023-12-30,L4,137,36.1,172.00,WhatsApp,5,95.1,7.2,53,3496.44,1332.11
R00002,2023-12-30,L8,213,37.7,114.62,WhatsApp,10,97.8,11.2,70,4649.26,1747.00
R00003,2023-12-30,L2,170,39.3,124.44,Redes sociais,15,95.8,9.2,65,4373.28,1360.76
R00004,2023-12-30,L1,167,35.8,0.00,Sem divulgação,0,99.0,9.9,43,2972.65,1232.00
R00005,2023-12-30,L7,185,37.1,0.00,Sem divulgação,20,81.9,10.1,24,1506.41,457.60
R00006,2023-12-30,L6,291,54.4,420.00,Mídia local,15,95.0,9.9,102,7102.16,2365.74
R00007,2023-12-30,L3,232,47.8,103.80,Redes sociais,15,97.6,9.2,70,6025.48,1802.41
R00008,2023-12-30,L5,291,56.8,281.49,Redes sociais,10,95.4,9.9,57,3560.02,1295.50
R00009,2024-01-02,L4,103,34.6,0.00,Sem divulgação,0,94.6,5.1,45,2906.89,1166.07
R00010,2024-01-02,L8,215,38.8,102.65,WhatsApp,0,97.7,10.9,68,4637.88,1912.51
R00011,2024-01-02,L2,205,43.1,188.06,Redes sociais,0,95.8,8.9,68,4960.58,1868.04
R00012,2024-01-02,L1,247,39.3,58.29,WhatsApp,0,86.4,12.3,39,2273.81,926.22
R00013,2024-01-02,L7,184,39.6,0.00,Sem divulgação,10,96.9,10.7,30,2454.85,775.53
R00014,2024-01-02,L6,212,40.4,0.00,Sem divulgação,10,92.8,9.8,39,2599.65,900.88
R00015,2024-01-02,L3,266,44.3,0.00,Sem divulgação,10,98.1,12.8,52,4254.45,1366.69
R00016,2024-01-02,L5,218,48.0,0.00,Sem divulgação,10,96.5,11.6,46,3043.70,1108.44
R00017,2024-01-03,L4,173,33.5,90.49,Redes sociais,5,97.4,9.3,63,4063.64,1518.01
R00018,2024-01-03,L8,150,40.1,92.11,Redes sociais,15,96.7,6.8,63,4003.46,1397.21
R00019,2024-01-03,L2,147,30.9,0.00,Sem divulgação,0,97.2,10.8,47,3172.05,1206.78
R00020,2024-01-03,L1,190,33.7,0.00,Sem divulgação,20,97.1,12.6,52,2774.77,835.96
R00021,2024-01-03,L7,186,39.0,0.00,Sem divulgação,10,96.0,8.8,48,3283.20,1000.55
R00022,2024-01-03,L6,242,50.0,105.55,WhatsApp,15,91.6,10.2,61,3972.75,1289.59
R00023,2024-01-03,L3,314,48.2,110.80,Mídia local,10,99.1,13.5,75,6082.39,2057.73
R00024,2024-01-03,L5,280,57.3,105.81,Redes sociais,5,93.9,10.3,66,4837.70,1770.05
R00025,2024-01-04,L4,85,28.5,0.00,Sem divulgação,0,97.7,6.3,34,2630.73,1064.58
R00026,2024-01-04,L8,194,36.3,200.83,Redes sociais,0,91.9,11.5,41,2867.68,1146.20
R00027,2024-01-04,L2,138,37.0,0.00,Sem divulgação,0,95.5,7.8,36,2308.83,881.90
R00028,2024-01-04,L1,186,33.1,0.00,Sem divulgação,0,96.2,11.0,48,2978.14,1202.56
R00029,2024-01-04,L7,205,42.2,89.39,Mídia local,10,93.4,10.1,43,2844.10,904.23
R00030,2024-01-04,L6,165,40.4,0.00,Sem divulgação,10,96.6,7.6,44,2394.44,826.88
R00031,2024-01-04,L3,250,47.3,93.13,Redes sociais,10,87.9,10.0,29,2267.82,712.47
R00032,2024-01-04,L5,314,51.0,67.35,Mídia local,5,91.4,13.6,26,1902.30,692.52
R00033,2024-01-05,L4,184,42.4,156.50,WhatsApp,5,99.1,8.9,94,6357.05,2386.36
R00034,2024-01-05,L8,221,40.0,251.38,WhatsApp,5,95.5,12.2,45,2958.18,1134.64
R00035,2024-01-05,L2,213,43.7,72.73,Mídia local,20,96.5,10.2,76,4720.92,1289.07
R00036,2024-01-05,L1,210,56.1,135.67,WhatsApp,15,92.9,7.3,65,3385.48,1211.14
R00037,2024-01-05,L7,246,55.7,231.15,Redes sociais,10,91.0,10.3,51,3698.99,1177.96
R00038,2024-01-05,L6,246,50.6,86.78,Redes sociais,20,93.8,8.9,67,4796.56,1484.44
R00039,2024-01-05,L3,306,52.8,0.00,Sem divulgação,20,94.6,12.7,58,4296.03,1164.88
R00040,2024-01-05,L5,303,57.5,0.00,Sem divulgação,0,83.3,11.3,34,2653.65,1037.90
R00041,2024-01-06,L4,171,38.6,109.53,Redes sociais,10,98.1,9.3,70,4889.68,1766.16
R00042,2024-01-06,L8,194,42.6,92.43,Mídia local,15,95.8,8.9,78,4463.88,1477.51
R00043,2024-01-06,L2,221,46.9,212.11,Redes sociais,20,94.9,9.7,76,4898.24,1502.87
R00044,2024-01-06,L1,245,47.1,194.85,WhatsApp,5,97.5,10.1,85,4723.22,1869.57
R00045,2024-01-06,L7,305,53.1,357.44,WhatsApp,0,95.4,10.3,70,5282.74,1918.63
R00046,2024-01-06,L6,223,43.4,0.00,Sem divulgação,0,97.0,11.6,63,4328.16,1602.80
R00047,2024-01-06,L3,262,59.1,106.88,Mídia local,10,96.7,9.5,65,4705.08,1399.01
R00048,2024-01-06,L5,307,62.0,148.03,Redes sociais,10,95.2,10.1,72,5980.30,2072.31
R00049,2024-01-08,L4,134,40.6,71.12,Redes sociais,10,97.5,6.6,58,4054.09,1465.80
R00050,2024-01-08,L8,198,30.0,102.71,Redes sociais,5,97.3,13.4,44,2826.59,1039.06
R00051,2024-01-08,L2,209,42.1,173.52,WhatsApp,10,94.8,11.2,45,3315.26,1163.78
R00052,2024-01-08,L1,238,49.3,103.73,Redes sociais,15,98.4,10.1,93,5805.25,2138.96
R00053,2024-01-08,L7,145,41.6,0.00,Sem divulgação,20,95.8,7.8,48,3993.64,1275.26
R00054,2024-01-08,L6,329,49.5,83.48,Mídia local,20,96.4,13.9,71,4818.73,1388.11
R00055,2024-01-08,L3,230,48.9,0.00,Sem divulgação,5,95.7,10.6,50,3758.03,1225.91
R00056,2024-01-08,L5,282,56.5,85.84,WhatsApp,5,96.8,11.2,62,4836.28,1795.88
R00057,2024-01-09,L4,170,34.4,110.74,Redes sociais,0,96.9,9.8,45,3498.17,1358.43
R00058,2024-01-09,L8,174,37.5,173.57,Redes sociais,0,96.7,9.9,47,3502.12,1394.87
R00059,2024-01-09,L2,176,31.6,0.00,Sem divulgação,5,91.2,12.2,41,3305.25,1188.37
R00060,2024-01-09,L1,203,34.7,0.00,Sem divulgação,0,94.5,13.0,38,2802.85,1120.62
R00061,2024-01-09,L7,225,50.0,105.47,WhatsApp,0,96.7,10.2,32,2321.26,820.94
R00062,2024-01-09,L6,312,47.5,138.88,Mídia local,5,94.5,15.0,77,5526.70,1997.52
R00063,2024-01-09,L3,315,58.4,314.72,Redes sociais,15,94.9,11.2,64,5085.48,1537.18
R00064,2024-01-09,L5,292,59.6,207.57,Redes sociais,0,92.9,10.7,34,2230.26,848.72
R00065,2024-01-10,L4,167,32.7,125.30,Mídia local,10,98.9,9.5,66,3929.80,1366.47
R00066,2024-01-10,L8,129,33.2,56.29,Mídia local,10,94.3,4.8,50,3630.49,1350.54
R00067,2024-01-10,L2,203,34.3,115.04,Mídia local,10,98.6,12.6,68,5074.20,1686.57
R00068,2024-01-10,L1,244,43.1,150.70,Redes sociais,0,98.4,12.4,59,3822.71,1586.29
R00069,2024-01-10,L7,242,47.9,197.39,Redes sociais,15,96.6,11.1,51,3689.98,1070.22
R00070,2024-01-10,L6,175,47.4,0.00,Sem divulgação,0,95.1,8.3,37,2441.02,925.91
R00071,2024-01-10,L3,285,49.7,0.00,Sem divulgação,0,97.5,13.7,44,3109.08,1108.25
R00072,2024-01-10,L5,298,48.7,0.00,Sem divulgação,10,93.9,14.1,26,1984.52,696.04
R00073,2024-01-11,L4,122,34.9,0.00,Sem divulgação,0,95.7,6.1,43,3263.34,1230.07
R00074,2024-01-11,L8,142,32.7,0.00,Sem divulgação,10,97.6,8.5,49,3343.44,1197.33
R00075,2024-01-11,L2,154,31.1,0.00,Sem divulgação,5,95.2,10.9,35,2608.50,923.53
R00076,2024-01-11,L1,171,35.7,0.00,Sem divulgação,15,97.0,10.1,57,3234.17,1229.19
R00077,2024-01-11,L7,356,45.2,362.79,Redes sociais,15,95.7,16.7,62,3876.62,1199.73
R00078,2024-01-11,L6,308,56.6,191.12,WhatsApp,0,91.2,11.2,72,5875.67,2091.11
R00079,2024-01-11,L3,229,49.1,0.00,Sem divulgação,15,93.6,11.4,42,2876.09,833.42
R00080,2024-01-11,L5,235,54.4,0.00,Sem divulgação,10,96.8,8.6,76,5351.12,1901.84
R00081,2024-01-12,L4,175,43.0,128.26,WhatsApp,0,96.4,7.1,67,5018.90,1944.45
R00082,2024-01-12,L8,145,36.4,0.00,Sem divulgação,0,96.0,8.9,52,3067.89,1229.95
R00083,2024-01-12,L2,196,42.1,0.00,Sem divulgação,0,94.5,8.6,35,2592.16,970.88
R00084,2024-01-12,L1,223,47.9,84.68,Redes sociais,5,95.6,8.9,63,4300.15,1674.36
R00085,2024-01-12,L7,207,41.7,0.00,Sem divulgação,5,96.1,11.0,49,4024.56,1334.92
R00086,2024-01-12,L6,320,56.5,173.22,Redes sociais,5,95.6,12.8,64,4758.11,1745.82
R00087,2024-01-12,L3,296,61.3,165.20,WhatsApp,0,94.8,13.5,43,3936.71,1402.52
R00088,2024-01-12,L5,320,61.6,218.05,Redes sociais,20,95.6,11.8,61,4884.32,1597.72
R00089,2024-01-13,L4,183,39.1,0.00,Sem divulgação,5,94.5,8.9,67,4593.57,1704.12
R00090,2024-01-13,L8,255,45.4,224.75,Redes sociais,5,95.5,10.7,73,4641.71,1821.10
R00091,2024-01-13,L2,239,48.8,138.83,WhatsApp,0,80.5,10.1,44,2693.10,1004.80
R00092,2024-01-13,L1,289,53.2,209.28,Mídia local,5,98.7,12.7,71,5229.26,2016.32
R00093,2024-01-13,L7,225,48.7,0.00,Sem divulgação,15,92.5,8.5,64,4482.69,1348.02
R00094,2024-01-13,L6,216,52.0,0.00,Sem divulgação,15,94.9,9.1,47,3229.56,1053.39
R00095,2024-01-13,L3,328,58.1,141.01,WhatsApp,20,94.9,12.5,54,4358.94,1273.86
R00096,2024-01-13,L5,327,62.0,129.77,Redes sociais,10,95.8,13.1,59,4125.43,1476.39
R00097,2024-01-15,L4,168,37.5,198.01,Redes sociais,10,97.1,8.0,61,4864.74,1716.13
R00098,2024-01-15,L8,95,41.0,0.00,Sem divulgação,0,97.5,5.3,36,2253.38,889.81
R00099,2024-01-15,L2,126,29.8,0.00,Sem divulgação,10,95.8,9.7,27,1813.03,624.79
R00100,2024-01-15,L1,179,38.5,0.00,Sem divulgação,0,98.6,10.1,51,3094.39,1278.81
R00101,2024-01-15,L7,240,45.3,117.00,WhatsApp,0,94.4,11.9,41,3582.97,1254.90
R00102,2024-01-15,L6,209,40.2,0.00,Sem divulgação,0,88.9,9.9,44,3227.13,1218.92
R00103,2024-01-15,L3,195,46.7,0.00,Sem divulgação,0,95.6,8.3,32,2231.33,737.18
R00104,2024-01-15,L5,289,49.8,0.00,Sem divulgação,10,96.1,14.2,38,2511.82,869.11
R00105,2024-01-16,L4,171,42.0,240.49,Mídia local,15,95.4,7.1,84,4975.25,1506.81
R00106,2024-01-16,L8,230,38.5,203.26,Redes sociais,5,95.2,12.2,49,3471.33,1280.90
R00107,2024-01-16,L2,144,27.5,0.00,Sem divulgação,15,94.0,10.8,52,4113.48,1293.15
R00108,2024-01-16,L1,263,48.8,200.64,WhatsApp,0,95.4,11.2,55,4107.76,1656.53
R00109,2024-01-16,L7,250,42.8,0.00,Sem divulgação,5,94.7,13.3,35,3406.55,1176.37
R00110,2024-01-16,L6,274,52.8,66.76,WhatsApp,5,94.9,9.7,82,5532.09,2012.57
R00111,2024-01-16,L3,315,54.9,78.85,Mídia local,20,95.3,13.5,64,4661.35,1307.74
R00112,2024-01-16,L5,305,58.4,113.26,Redes sociais,10,94.5,11.1,51,3670.82,1253.91
R00113,2024-01-17,L4,156,29.7,96.98,WhatsApp,0,98.1,10.8,39,2775.34,1072.92
R00114,2024-01-17,L8,158,35.0,116.78,WhatsApp,20,99.9,8.1,78,3828.01,1295.06
R00115,2024-01-17,L2,150,43.8,136.92,Redes sociais,0,95.6,6.2,44,3817.06,1377.67
R00116,2024-01-17,L1,175,38.7,0.00,Sem divulgação,20,96.2,9.0,58,2883.06,926.99
R00117,2024-01-17,L7,205,47.4,193.42,WhatsApp,20,86.6,8.5,50,3650.36,974.03
R00118,2024-01-17,L6,222,50.0,230.65,Redes sociais,0,95.6,9.2,50,3247.38,1194.77
R00119,2024-01-17,L3,199,49.6,0.00,Sem divulgação,20,94.8,8.5,60,3373.35,800.54
R00120,2024-01-17,L5,235,51.1,66.73,WhatsApp,15,95.9,10.4,34,2420.19,837.23
R00121,2024-01-18,L4,143,36.5,98.35,Redes sociais,10,99.9,8.1,64,5103.12,1765.07
R00122,2024-01-18,L8,195,40.8,111.04,Redes sociais,0,97.1,8.9,69,4984.00,1960.41
R00123,2024-01-18,L2,209,37.6,150.29,Redes sociais,15,94.4,9.8,67,5082.65,1647.75
R00124,2024-01-18,L1,180,36.1,0.00,Sem divulgação,0,95.3,11.1,57,3620.05,1515.00
R00125,2024-01-18,L7,311,54.5,267.46,Redes sociais,5,94.8,12.4,59,4437.04,1603.32
R00126,2024-01-18,L6,259,46.8,0.00,Sem divulgação,10,95.3,11.8,64,3828.51,1245.86
R00127,2024-01-18,L3,275,48.0,0.00,Sem divulgação,10,97.4,12.2,73,5916.81,1877.63
R00128,2024-01-18,L5,287,52.4,0.00,Sem divulgação,15,93.3,11.5,50,4019.65,1349.35
R00129,2024-01-19,L4,148,38.1,110.99,Redes sociais,5,96.9,7.4,47,3694.18,1371.41
R00130,2024-01-19,L8,231,42.7,135.24,WhatsApp,0,94.4,11.3,47,3241.88,1331.87
R00131,2024-01-19,L2,239,43.9,154.01,Redes sociais,0,94.8,12.9,51,3879.85,1422.99
R00132,2024-01-19,L1,223,45.0,0.00,Sem divulgação,0,97.9,11.1,48,3191.02,1314.63
R00133,2024-01-19,L7,300,48.3,75.12,Redes sociais,0,94.6,12.7,51,3907.59,1462.19
R00134,2024-01-19,L6,367,58.5,390.86,Mídia local,15,94.8,13.8,147,9671.06,3222.11
R00135,2024-01-19,L3,315,53.5,102.24,Redes sociais,0,94.8,13.2,35,3164.07,1132.63
R00136,2024-01-19,L5,337,61.9,99.38,Redes sociais,0,93.8,10.9,71,7665.86,2914.15
R00137,2024-01-20,L4,184,45.1,109.71,WhatsApp,15,97.4,8.0,83,4800.63,1599.18
R00138,2024-01-20,L8,243,48.9,143.55,Redes sociais,5,96.9,9.3,66,3994.38,1530.77
R00139,2024-01-20,L2,181,42.6,0.00,Sem divulgação,10,94.1,8.2,60,4529.89,1616.16
R00140,2024-01-20,L1,281,52.0,347.45,WhatsApp,5,97.4,11.9,53,3000.61,1183.21
R00141,2024-01-20,L7,257,45.2,0.00,Sem divulgação,0,94.7,12.0,47,3149.86,1135.88
R00142,2024-01-20,L6,318,60.6,300.40,Mídia local,15,95.8,10.6,126,8347.45,2653.29
R00143,2024-01-20,L3,258,51.5,0.00,Sem divulgação,5,96.9,11.7,58,4441.85,1485.88
R00144,2024-01-20,L5,448,62.0,268.63,WhatsApp,0,96.1,16.2,46,3366.69,1305.53
R00145,2024-01-22,L4,189,37.5,157.95,WhatsApp,0,88.8,10.0,53,3716.99,1474.51
R00146,2024-01-22,L8,174,44.2,149.63,WhatsApp,10,94.8,7.1,71,3892.69,1420.00
R00147,2024-01-22,L2,217,43.2,165.98,Redes sociais,15,96.0,10.4,75,5672.39,1791.64
R00148,2024-01-22,L1,227,47.4,115.33,WhatsApp,5,96.4,11.1,51,3333.70,1317.17
R00149,2024-01-22,L7,204,48.1,113.57,Redes sociais,0,94.3,8.2,44,3276.55,1177.98
R00150,2024-01-22,L6,275,50.8,92.74,Redes sociais,0,94.0,12.4,81,5903.76,2312.97
R00151,2024-01-22,L3,317,61.2,191.14,Redes sociais,0,96.7,11.0,63,4884.86,1683.49
R00152,2024-01-22,L5,302,58.6,143.78,Redes sociais,0,94.5,12.0,44,3813.25,1473.67
R00153,2024-01-23,L4,166,37.4,161.42,Mídia local,15,94.3,7.1,65,4695.69,1653.41
R00154,2024-01-23,L8,179,33.5,99.32,Mídia local,5,96.7,10.9,47,2147.66,829.88
R00155,2024-01-23,L2,141,37.5,0.00,Sem divulgação,10,96.1,6.2,48,3403.25,1147.09
R00156,2024-01-23,L1,247,47.7,116.55,Mídia local,15,96.1,10.2,84,5071.72,1800.72
R00157,2024-01-23,L7,203,39.4,0.00,Sem divulgação,5,96.0,10.4,48,3360.47,1119.26
R00158,2024-01-23,L6,150,37.0,0.00,Sem divulgação,0,95.6,8.9,32,2410.18,911.41
R00159,2024-01-23,L3,257,50.2,54.44,WhatsApp,10,98.9,10.5,60,4065.63,1307.14
R00160,2024-01-23,L5,309,53.3,111.63,WhatsApp,10,94.1,12.7,47,3498.16,1238.59
R00161,2024-01-24,L4,158,27.4,136.84,WhatsApp,5,96.4,11.5,41,3224.30,1217.07
R00162,2024-01-24,L8,130,26.5,0.00,Sem divulgação,5,96.4,9.2,35,2053.64,807.56
R00163,2024-01-24,L2,146,40.4,110.13,WhatsApp,5,94.2,6.5,42,3168.07,1174.00
R00164,2024-01-24,L1,175,37.3,0.00,Sem divulgação,5,96.0,8.4,58,3350.40,1351.40
R00165,2024-01-24,L7,226,47.0,140.23,WhatsApp,5,97.1,9.2,72,6001.44,1981.29
R00166,2024-01-24,L6,206,46.4,162.68,Redes sociais,10,93.4,9.2,54,3893.49,1381.64
R00167,2024-01-24,L3,244,51.9,280.29,Redes sociais,0,93.6,12.8,27,1865.68,645.37
R00168,2024-01-24,L5,264,50.7,137.58,Redes sociais,0,92.7,12.8,20,1715.56,689.43
R00169,2024-01-25,L4,170,36.7,208.47,Redes sociais,0,95.8,8.2,61,5150.77,1995.77
R00170,2024-01-25,L8,145,32.4,0.00,Sem divulgação,5,94.0,9.7,44,2570.56,957.81
R00171,2024-01-25,L2,198,34.8,0.00,Sem divulgação,15,94.8,12.6,53,4320.88,1345.16
R00172,2024-01-25,L1,209,41.4,0.00,Sem divulgação,5,98.1,9.7,55,3539.65,1347.44
R00173,2024-01-25,L7,188,44.9,202.05,Mídia local,5,98.1,8.2,46,3825.43,1348.74
R00174,2024-01-25,L6,267,49.0,164.71,WhatsApp,15,92.3,12.3,63,4513.68,1413.17
R00175,2024-01-25,L3,217,49.0,61.95,Redes sociais,10,93.8,11.7,31,2674.46,862.39
R00176,2024-01-25,L5,264,48.0,0.00,Sem divulgação,10,82.5,12.4,32,2173.70,758.41
R00177,2024-01-26,L4,160,35.8,100.57,Redes sociais,0,98.3,9.0,53,3772.03,1455.97
R00178,2024-01-26,L8,157,35.0,0.00,Sem divulgação,20,98.1,8.4,70,3937.75,1229.32
R00179,2024-01-26,L2,229,38.5,78.07,WhatsApp,0,94.1,12.8,51,3564.04,1357.00
R00180,2024-01-26,L1,212,43.1,135.23,Mídia local,5,97.2,10.0,45,2950.68,1184.48
R00181,2024-01-26,L7,285,53.5,273.55,Redes sociais,20,95.6,13.6,72,5288.27,1481.05
R00182,2024-01-26,L6,273,52.0,162.08,Mídia local,15,92.5,10.8,60,4218.15,1403.37
R00183,2024-01-26,L3,319,51.0,164.45,Mídia local,20,96.0,13.4,57,4790.22,1235.72
R00184,2024-01-26,L5,313,54.7,88.49,WhatsApp,0,92.1,11.8,56,4556.44,1787.18
R00185,2024-01-27,L4,177,29.1,0.00,Sem divulgação,0,97.4,11.7,46,2816.28,1088.68
R00186,2024-01-27,L8,216,42.3,120.41,Redes sociais,15,96.3,10.3,62,3659.24,1250.75
R00187,2024-01-27,L2,227,42.0,174.07,WhatsApp,0,96.9,10.3,43,3158.97,1161.38
R00188,2024-01-27,L1,169,40.7,0.00,Sem divulgação,0,96.6,9.7,38,2884.08,1152.70
R00189,2024-01-27,L7,325,53.0,153.97,WhatsApp,5,95.7,15.0,55,3453.69,1187.33
R00190,2024-01-27,L6,274,52.2,90.41,Mídia local,15,91.5,11.0,88,6102.58,1974.94
R00191,2024-01-27,L3,279,54.7,70.77,Redes sociais,10,93.7,11.5,53,4029.08,1264.18
R00192,2024-01-27,L5,296,51.3,104.56,WhatsApp,15,96.5,11.1,97,6570.43,2159.31
R00193,2024-01-29,L4,131,35.2,145.36,Redes sociais,5,95.2,5.8,61,3739.57,1383.47
R00194,2024-01-29,L8,208,43.6,278.53,Redes sociais,5,98.6,9.4,64,3992.75,1610.25
R00195,2024-01-29,L2,161,36.3,0.00,Sem divulgação,0,95.2,9.6,34,2373.45,868.99
R00196,2024-01-29,L1,191,34.5,0.00,Sem divulgação,15,97.1,12.4,60,3585.31,1240.12
R00197,2024-01-29,L7,153,36.3,0.00,Sem divulgação,10,93.5,9.5,40,2880.30,942.00
R00198,2024-01-29,L6,232,53.2,84.72,Redes sociais,0,92.9,9.0,53,3552.62,1349.89
R00199,2024-01-29,L3,181,48.1,0.00,Sem divulgação,10,100.0,8.9,57,4389.37,1298.76
R00200,2024-01-29,L5,274,48.3,0.00,Sem divulgação,20,94.6,12.8,55,4051.19,1260.06
R00201,2024-01-30,L4,123,21.5,0.00,Sem divulgação,5,97.5,10.7,51,3671.97,1357.25
R00202,2024-01-30,L8,102,26.5,0.00,Sem divulgação,5,93.9,7.4,36,2124.04,827.56
R00203,2024-01-30,L2,144,29.7,142.84,Redes sociais,10,94.1,9.6,35,2424.94,811.89
R00204,2024-01-30,L1,188,40.7,193.62,Redes sociais,0,96.2,11.9,43,2802.72,1245.45
R00205,2024-01-30,L7,259,46.6,196.41,WhatsApp,0,92.3,12.9,39,3368.08,1241.03
R00206,2024-01-30,L6,228,47.4,0.00,Sem divulgação,15,96.1,10.1,73,4739.06,1567.39
R00207,2024-01-30,L3,235,49.1,0.00,Sem divulgação,15,95.9,9.8,61,4179.87,1341.76
R00208,2024-01-30,L5,290,51.2,106.84,Mídia local,5,91.1,12.3,60,4390.17,1559.76
R00209,2024-01-31,L4,151,33.3,107.43,Mídia local,0,95.8,7.9,47,3127.33,1267.72
R00210,2024-01-31,L8,185,38.3,0.00,Sem divulgação,5,96.4,8.9,64,4072.83,1600.02
R00211,2024-01-31,L2,218,44.8,206.80,Redes sociais,10,93.5,9.3,52,4162.43,1359.13
R00212,2024-01-31,L1,189,34.5,0.00,Sem divulgação,20,96.6,10.7,44,2525.43,906.57
R00213,2024-01-31,L7,199,45.0,58.01,Mídia local,0,94.4,8.1,47,3914.36,1413.13
R00214,2024-01-31,L6,219,45.0,0.00,Sem divulgação,5,96.0,10.1,46,3612.75,1249.14
R00215,2024-01-31,L3,280,46.2,0.00,Sem divulgação,15,97.4,12.9,67,5369.46,1413.69
R00216,2024-01-31,L5,324,52.9,95.39,WhatsApp,20,94.4,14.2,49,3091.96,979.01
R00217,2024-02-01,L4,127,32.6,113.88,WhatsApp,5,96.8,8.0,49,3083.23,1133.71
R00218,2024-02-01,L8,166,31.9,85.71,Mídia local,20,99.4,10.3,63,4038.67,1220.38
R00219,2024-02-01,L2,187,32.4,0.00,Sem divulgação,0,94.9,12.9,40,2827.29,1039.64
R00220,2024-02-01,L1,186,37.5,79.39,Redes sociais,5,97.5,13.0,40,2158.43,823.53
R00221,2024-02-01,L7,220,35.7,0.00,Sem divulgação,10,94.8,13.5,37,3119.03,1027.42
R00222,2024-02-01,L6,212,44.2,105.16,WhatsApp,5,92.4,10.9,62,4214.68,1495.04
R00223,2024-02-01,L3,234,45.5,0.00,Sem divulgação,15,96.6,11.1,44,3016.55,880.03
R00224,2024-02-01,L5,314,51.8,117.60,WhatsApp,5,93.9,14.1,54,3281.96,1212.69
R00225,2024-02-02,L4,121,31.6,0.00,Sem divulgação,0,97.9,7.1,44,3366.93,1339.95
R00226,2024-02-02,L8,129,29.3,0.00,Sem divulgação,0,96.1,8.2,39,2984.02,1170.52
R00227,2024-02-02,L2,167,36.4,0.00,Sem divulgação,20,97.5,9.8,49,3450.18,913.96
R00228,2024-02-02,L1,179,35.9,0.00,Sem divulgação,0,100.0,10.8,70,4022.65,1657.66
R00229,2024-02-02,L7,214,37.7,0.00,Sem divulgação,10,92.9,11.8,50,4197.73,1355.95
R00230,2024-02-02,L6,225,44.2,109.62,Redes sociais,15,94.0,9.9,46,3105.54,964.32
R00231,2024-02-02,L3,252,59.6,338.95,Redes sociais,5,93.2,8.7,43,4082.58,1426.54
R00232,2024-02-02,L5,211,54.1,0.00,Sem divulgação,15,91.0,8.3,57,3474.16,1248.46
R00233,2024-02-03,L4,142,38.1,0.00,Sem divulgação,5,96.3,6.8,61,4104.71,1557.63
R00234,2024-02-03,L8,250,45.1,173.90,WhatsApp,0,95.7,10.2,84,5391.30,2213.99
R00235,2024-02-03,L2,238,43.7,123.30,Redes sociais,0,95.8,11.4,47,4413.41,1702.94
R00236,2024-02-03,L1,249,41.3,0.00,Sem divulgação,15,95.4,14.2,55,2854.65,1031.45
R00237,2024-02-03,L7,286,56.6,78.30,WhatsApp,0,94.5,10.4,69,6176.72,2300.01
R00238,2024-02-03,L6,299,50.0,117.35,Mídia local,0,94.6,12.4,71,4315.30,1583.30
R00239,2024-02-03,L3,257,56.4,111.03,Mídia local,5,97.2,10.0,66,5706.12,1848.07
R00240,2024-02-03,L5,264,53.9,0.00,Sem divulgação,15,93.4,9.6,59,3357.70,1234.96
R00241,2024-02-05,L4,117,29.8,55.43,Redes sociais,0,95.3,7.0,43,2273.95,885.00
R00242,2024-02-05,L8,115,26.2,0.00,Sem divulgação,0,99.7,9.5,42,3351.86,1302.62
R00243,2024-02-05,L2,160,34.4,0.00,Sem divulgação,0,94.7,10.8,33,2553.09,976.34
R00244,2024-02-05,L1,165,42.6,157.63,Mídia local,15,94.4,6.5,55,3022.57,1127.67
R00245,2024-02-05,L7,229,41.6,168.91,Redes sociais,15,93.0,11.0,61,4332.79,1292.62
R00246,2024-02-05,L6,223,42.5,178.67,WhatsApp,15,93.5,10.2,67,4761.30,1622.33
R00247,2024-02-05,L3,174,38.5,0.00,Sem divulgação,0,96.2,9.2,33,2851.82,1008.63
R00248,2024-02-05,L5,190,32.7,0.00,Sem divulgação,5,95.6,13.2,26,1886.22,672.99
R00249,2024-02-06,L4,87,25.8,96.94,Redes sociais,0,98.2,7.7,34,2128.52,810.63
R00250,2024-02-06,L8,165,35.9,112.86,Mídia local,10,95.1,9.0,54,3538.04,1273.00
R00251,2024-02-06,L2,127,33.2,0.00,Sem divulgação,0,93.2,8.5,36,2538.52,950.63
R00252,2024-02-06,L1,158,30.4,50.86,Mídia local,10,95.6,10.8,54,3570.42,1322.96
R00253,2024-02-06,L7,193,35.4,0.00,Sem divulgação,5,94.4,10.8,44,3120.00,1073.91
R00254,2024-02-06,L6,245,41.2,101.17,Redes sociais,5,95.7,13.5,68,3842.37,1398.88
R00255,2024-02-06,L3,230,40.5,128.89,Redes sociais,0,96.8,9.8,40,3589.05,1238.17
R00256,2024-02-06,L5,231,51.1,256.32,Redes sociais,20,94.3,9.5,57,3685.78,1179.75
R00257,2024-02-07,L4,125,30.3,147.70,Redes sociais,20,97.2,7.8,44,2276.06,726.25
R00258,2024-02-07,L8,206,41.2,339.81,Redes sociais,0,96.0,9.5,50,3789.89,1515.48
R00259,2024-02-07,L2,199,40.5,201.84,Mídia local,20,95.8,9.8,78,5566.88,1571.99
R00260,2024-02-07,L1,151,33.6,0.00,Sem divulgação,10,96.0,10.1,53,3447.34,1299.51
R00261,2024-02-07,L7,262,47.0,119.18,Redes sociais,0,95.1,13.0,44,3214.89,1162.26
R00262,2024-02-07,L6,237,47.1,156.49,Redes sociais,20,93.5,10.0,76,4642.01,1435.88
R00263,2024-02-07,L3,210,46.3,0.00,Sem divulgação,10,95.6,10.2,45,3811.27,1212.32
R00264,2024-02-07,L5,316,54.1,146.95,WhatsApp,15,94.7,13.1,65,5219.96,1624.01
R00265,2024-02-08,L4,124,23.6,0.00,Sem divulgação,5,97.7,8.6,50,3826.68,1394.20
R00266,2024-02-08,L8,120,24.8,0.00,Sem divulgação,0,95.4,7.8,44,2878.90,1116.20
R00267,2024-02-08,L2,148,37.3,0.00,Sem divulgação,0,93.1,7.8,27,1759.40,636.80
R00268,2024-02-08,L1,174,41.8,192.32,Redes sociais,5,96.1,6.9,41,2577.50,1005.61
R00269,2024-02-08,L7,223,40.4,95.26,Mídia local,20,95.0,12.6,52,4520.16,1254.99
R00270,2024-02-08,L6,269,53.6,232.96,Redes sociais,15,90.9,9.9,81,5011.07,1787.03
R00271,2024-02-08,L3,231,43.8,0.00,Sem divulgação,20,96.4,11.7,42,2864.98,728.45
R00272,2024-02-08,L5,237,53.5,108.73,Mídia local,0,94.1,9.5,41,3019.64,1182.70
R00273,2024-02-09,L4,154,31.3,69.24,WhatsApp,5,96.1,9.4,47,2901.75,1101.42
R00274,2024-02-09,L8,205,39.5,181.77,Redes sociais,0,97.2,8.8,63,4664.40,1784.16
R00275,2024-02-09,L2,182,45.3,109.69,Mídia local,0,93.3,7.4,59,4359.70,1698.65
R00276,2024-02-09,L1,258,46.1,143.98,Redes sociais,15,100.0,12.1,88,4709.37,1737.62
R00277,2024-02-09,L7,234,38.9,0.00,Sem divulgação,0,93.4,15.4,31,2997.31,1083.68
R00278,2024-02-09,L6,274,45.4,68.18,WhatsApp,0,93.9,13.9,50,3412.20,1258.58
R00279,2024-02-09,L3,262,44.9,71.56,WhatsApp,10,96.7,12.3,48,3193.93,1037.66
R00280,2024-02-09,L5,238,44.1,0.00,Sem divulgação,5,93.8,12.6,50,3933.91,1493.68
R00281,2024-02-10,L4,147,26.9,0.00,Sem divulgação,0,99.4,10.5,71,5002.06,1912.47
R00282,2024-02-10,L8,189,45.5,72.86,WhatsApp,10,85.4,8.3,37,2614.44,949.64
R00283,2024-02-10,L2,297,48.5,292.02,WhatsApp,10,95.9,12.5,86,6511.76,2102.05
R00284,2024-02-10,L1,251,44.1,122.60,Redes sociais,15,95.2,10.9,76,4607.27,1585.28
R00285,2024-02-10,L7,265,47.4,133.35,Mídia local,5,97.7,12.2,69,5666.77,1778.04
R00286,2024-02-10,L6,308,55.3,111.44,Redes sociais,0,95.1,11.6,83,6444.14,2353.00
R00287,2024-02-10,L3,316,55.8,132.89,WhatsApp,15,95.7,14.1,69,5069.64,1456.64
R00288,2024-02-10,L5,374,62.0,223.84,WhatsApp,5,95.4,14.3,50,3782.82,1384.18
R00289,2024-02-12,L4,126,30.7,0.00,Sem divulgação,0,97.4,7.1,37,3132.73,1227.98
R00290,2024-02-12,L8,192,39.9,169.03,Redes sociais,5,96.7,8.4,59,4088.70,1547.12
R00291,2024-02-12,L2,117,34.8,0.00,Sem divulgação,20,97.7,7.9,45,3114.64,901.68
R00292,2024-02-12,L1,182,39.7,81.81,Redes sociais,15,96.7,10.6,65,3599.80,1350.96
R00293,2024-02-12,L7,241,49.7,159.15,Mídia local,0,95.7,10.9,44,3630.00,1363.17
R00294,2024-02-12,L6,243,43.4,88.15,Mídia local,0,93.5,12.5,50,3700.92,1390.87
R00295,2024-02-12,L3,325,42.7,223.25,WhatsApp,10,95.0,16.1,35,2512.51,791.32
R00296,2024-02-12,L5,197,50.9,0.00,Sem divulgação,15,96.5,8.5,42,3243.71,1083.95
R00297,2024-02-13,L4,104,34.6,0.00,Sem divulgação,15,100.0,4.3,62,5095.50,1783.14
R00298,2024-02-13,L8,118,31.4,0.00,Sem divulgação,5,95.8,6.4,39,3426.52,1270.89
R00299,2024-02-13,L2,136,28.5,0.00,Sem divulgação,15,98.3,11.5,44,3008.28,953.52
R00300,2024-02-13,L1,217,40.8,188.47,Redes sociais,10,97.5,11.1,62,3881.85,1478.59
R00301,2024-02-13,L7,193,51.4,179.21,WhatsApp,0,94.1,7.5,44,3072.65,1130.46
R00302,2024-02-13,L6,184,42.3,0.00,Sem divulgação,10,95.7,8.5,66,5016.18,1770.27
R00303,2024-02-13,L3,299,51.4,60.85,Redes sociais,10,94.8,11.7,57,4072.18,1305.20
R00304,2024-02-13,L5,225,51.0,0.00,Sem divulgação,10,95.3,10.7,56,3815.25,1315.16
R00305,2024-02-14,L4,110,28.0,0.00,Sem divulgação,20,95.2,6.4,45,2422.46,780.12
R00306,2024-02-14,L8,211,36.1,140.40,WhatsApp,15,98.0,11.3,85,5357.12,1818.60
R00307,2024-02-14,L2,185,42.4,229.91,Redes sociais,0,82.2,9.2,34,2626.48,990.31
R00308,2024-02-14,L1,220,43.8,86.40,Redes sociais,0,96.6,8.6,58,3652.81,1464.96
R00309,2024-02-14,L7,170,41.7,0.00,Sem divulgação,15,93.5,7.4,59,3552.45,1057.78
R00310,2024-02-14,L6,187,40.4,0.00,Sem divulgação,0,94.7,9.1,43,2701.79,982.45
R00311,2024-02-14,L3,207,49.9,0.00,Sem divulgação,0,96.7,8.2,48,3658.61,1322.59
R00312,2024-02-14,L5,253,49.9,0.00,Sem divulgação,0,93.4,10.0,34,2681.91,1053.55
R00313,2024-02-15,L4,150,37.3,156.04,Redes sociais,10,96.4,7.4,76,5523.72,1951.86
R00314,2024-02-15,L8,125,35.6,0.00,Sem divulgação,10,94.8,5.6,46,3357.19,1276.22
R00315,2024-02-15,L2,187,38.2,91.32,WhatsApp,15,96.1,10.1,62,4130.51,1260.08
R00316,2024-02-15,L1,142,43.5,0.00,Sem divulgação,10,97.6,6.6,46,2724.96,1069.29
R00317,2024-02-15,L7,173,33.5,0.00,Sem divulgação,0,95.2,9.1,33,2478.25,911.55
R00318,2024-02-15,L6,204,44.1,0.00,Sem divulgação,5,92.7,10.8,41,2718.00,1016.17
R00319,2024-02-15,L3,273,51.2,101.39,Redes sociais,10,98.6,11.3,60,4691.47,1433.24
R00320,2024-02-15,L5,251,44.2,0.00,Sem divulgação,15,93.1,10.9,55,4079.04,1278.17
R00321,2024-02-16,L4,136,29.2,0.00,Sem divulgação,10,98.8,7.5,57,3905.09,1298.26
R00322,2024-02-16,L8,212,39.8,177.44,Redes sociais,0,96.9,12.2,65,4087.41,1611.21
R00323,2024-02-16,L2,218,39.6,64.70,Redes sociais,15,95.1,10.8,69,3939.27,1201.50
R00324,2024-02-16,L1,215,45.3,79.84,Redes sociais,20,95.1,9.7,55,2521.14,836.30
R00325,2024-02-16,L7,224,45.4,0.00,Sem divulgação,0,92.2,10.4,37,3305.91,1051.88
R00326,2024-02-16,L6,268,52.0,136.50,WhatsApp,15,94.5,10.9,74,5259.53,1754.47
R00327,2024-02-16,L3,305,53.8,95.35,Redes sociais,0,96.8,10.7,46,2974.90,1037.44
R00328,2024-02-16,L5,300,55.7,0.00,Sem divulgação,0,96.1,13.5,50,3189.34,1243.49
R00329,2024-02-17,L4,134,38.9,87.61,WhatsApp,0,84.0,5.7,29,2308.69,902.78
R00330,2024-02-17,L8,214,41.4,216.87,Mídia local,0,96.1,10.5,73,4854.35,1906.82
R00331,2024-02-17,L2,207,43.2,130.04,Redes sociais,15,96.5,10.3,72,5043.10,1568.97
R00332,2024-02-17,L1,251,52.4,180.51,WhatsApp,15,97.5,10.0,71,4208.74,1538.92
R00333,2024-02-17,L7,186,42.2,0.00,Sem divulgação,5,95.8,9.9,54,4060.46,1380.00
R00334,2024-02-17,L6,296,55.4,125.26,Redes sociais,0,96.5,11.3,53,3357.15,1261.09
R00335,2024-02-17,L3,283,60.0,96.73,Mídia local,5,93.5,11.1,32,2429.33,796.02
R00336,2024-02-17,L5,283,60.1,155.68,Redes sociais,15,92.9,9.8,67,4815.71,1644.04
R00337,2024-02-19,L4,106,31.4,0.00,Sem divulgação,20,95.9,6.9,52,2462.02,756.44
R00338,2024-02-19,L8,150,30.6,0.00,Sem divulgação,20,94.1,9.1,51,2895.91,979.71
R00339,2024-02-19,L2,193,43.3,265.30,Mídia local,5,95.1,8.3,61,4706.15,1694.49
R00340,2024-02-19,L1,160,32.6,0.00,Sem divulgação,5,95.5,9.8,51,3056.85,1219.80
R00341,2024-02-19,L7,238,40.1,71.03,Redes sociais,10,94.9,11.1,60,5254.30,1615.82
R00342,2024-02-19,L6,236,48.6,117.05,Mídia local,10,94.5,9.3,68,4750.80,1721.92
R00343,2024-02-19,L3,274,44.4,119.59,Redes sociais,20,98.6,13.7,68,4751.09,1349.84
R00344,2024-02-19,L5,216,39.4,0.00,Sem divulgação,0,79.2,12.8,15,1039.87,415.24
R00345,2024-02-20,L4,134,31.1,190.87,WhatsApp,0,97.3,7.8,41,2827.50,1073.89
R00346,2024-02-20,L8,149,35.9,175.72,Redes sociais,20,96.0,9.0,62,3416.23,1065.94
R00347,2024-02-20,L2,177,37.3,216.25,WhatsApp,5,96.1,9.3,50,3550.78,1254.70
R00348,2024-02-20,L1,182,41.4,148.83,Mídia local,0,96.3,7.6,42,2243.28,938.50
R00349,2024-02-20,L7,243,47.2,136.93,Redes sociais,5,94.5,8.8,54,4296.76,1471.43
R00350,2024-02-20,L6,147,45.2,0.00,Sem divulgação,5,94.0,7.9,35,1982.38,700.94
R00351,2024-02-20,L3,267,44.1,149.60,Redes sociais,0,96.0,11.1,44,4437.61,1504.83
R00352,2024-02-20,L5,225,46.1,47.25,Redes sociais,0,95.0,10.6,64,4652.40,1815.85
R00353,2024-02-21,L4,118,27.8,0.00,Sem divulgação,15,97.2,8.8,44,3609.49,1293.03
R00354,2024-02-21,L8,148,27.4,0.00,Sem divulgação,0,95.8,10.6,40,2444.94,980.98
R00355,2024-02-21,L2,172,43.0,85.92,Mídia local,10,94.6,8.2,56,4338.86,1482.83
R00356,2024-02-21,L1,220,47.3,114.94,WhatsApp,0,96.7,8.9,58,3990.53,1690.85
R00357,2024-02-21,L7,251,48.3,195.64,Redes sociais,5,94.6,10.2,69,5568.27,1941.78
R00358,2024-02-21,L6,284,51.4,125.58,Redes sociais,5,94.2,12.3,73,4752.89,1704.99
R00359,2024-02-21,L3,223,52.5,100.87,Redes sociais,0,90.6,8.9,38,3193.67,1155.24
R00360,2024-02-21,L5,190,54.5,171.26,Redes sociais,10,94.4,6.9,61,3829.81,1360.50
R00361,2024-02-22,L4,79,29.1,0.00,Sem divulgação,20,96.2,3.7,43,2696.54,814.30
R00362,2024-02-22,L8,94,29.6,0.00,Sem divulgação,5,93.7,6.8,27,1624.98,603.77
R00363,2024-02-22,L2,157,36.4,126.45,Redes sociais,0,94.1,8.8,37,3273.79,1215.11
R00364,2024-02-22,L1,193,40.1,75.15,Redes sociais,15,97.0,8.6,64,4386.74,1502.15
R00365,2024-02-22,L7,208,37.2,0.00,Sem divulgação,15,96.7,13.0,37,2604.34,779.14
R00366,2024-02-22,L6,199,43.4,72.45,Mídia local,0,96.5,9.7,50,3786.23,1437.42
R00367,2024-02-22,L3,247,48.6,155.88,Redes sociais,20,96.0,10.9,69,4959.20,1302.07
R00368,2024-02-22,L5,292,57.1,55.29,WhatsApp,15,96.5,11.3,72,4522.08,1624.18
R00369,2024-02-23,L4,170,44.7,312.82,Mídia local,5,99.4,6.1,83,6946.51,2605.07
R00370,2024-02-23,L8,285,44.4,420.00,Redes sociais,10,97.5,13.4,80,4514.97,1690.26
R00371,2024-02-23,L2,161,33.6,0.00,Sem divulgação,0,95.5,8.9,47,3521.51,1342.14
R00372,2024-02-23,L1,203,42.8,0.00,Sem divulgação,5,96.3,8.3,67,4453.64,1790.22
R00373,2024-02-23,L7,182,43.2,0.00,Sem divulgação,10,97.0,8.8,64,4194.17,1263.43
R00374,2024-02-23,L6,281,53.8,117.57,WhatsApp,10,94.5,11.3,57,3728.86,1306.58
R00375,2024-02-23,L3,253,46.6,0.00,Sem divulgação,10,96.1,12.9,45,3777.22,1166.10
R00376,2024-02-23,L5,289,53.0,186.09,Redes sociais,0,94.5,11.9,32,2238.41,853.80
R00377,2024-02-24,L4,222,43.9,195.10,WhatsApp,0,96.8,9.0,90,6795.37,2608.77
R00378,2024-02-24,L8,164,32.6,0.00,Sem divulgação,10,97.9,11.0,58,3819.90,1438.93
R00379,2024-02-24,L2,291,48.2,252.50,Redes sociais,0,96.2,13.4,58,3593.85,1336.34
R00380,2024-02-24,L1,222,52.2,206.74,Redes sociais,0,92.5,8.7,57,3674.87,1492.78
R00381,2024-02-24,L7,281,52.7,105.54,Redes sociais,0,94.3,12.1,58,4561.54,1672.00
R00382,2024-02-24,L6,235,44.3,0.00,Sem divulgação,5,96.2,11.8,64,4125.66,1509.24
R00383,2024-02-24,L3,317,59.4,293.55,WhatsApp,15,94.7,11.7,59,5153.16,1373.45
R00384,2024-02-24,L5,338,58.4,265.90,Redes sociais,10,94.0,12.9,54,5348.76,1903.88
R00385,2024-02-26,L4,115,28.5,0.00,Sem divulgação,10,95.2,6.7,54,3595.42,1274.54
R00386,2024-02-26,L8,135,42.6,92.26,Mídia local,0,96.6,4.9,43,3140.01,1296.00
R00387,2024-02-26,L2,180,35.4,0.00,Sem divulgação,5,97.6,11.2,43,3117.49,1111.94
R00388,2024-02-26,L1,226,43.0,70.36,WhatsApp,10,97.6,9.2,72,3888.10,1468.56
R00389,2024-02-26,L7,220,47.2,67.01,WhatsApp,10,93.6,9.0,60,4116.41,1351.96
R00390,2024-02-26,L6,200,36.7,0.00,Sem divulgação,15,94.0,12.7,38,2631.08,787.08
R00391,2024-02-26,L3,215,43.0,85.05,Redes sociais,0,96.4,11.2,26,1958.55,683.04
R00392,2024-02-26,L5,296,51.3,61.63,Mídia local,5,98.2,12.6,63,4792.39,1752.71
R00393,2024-02-27,L4,142,32.1,73.00,Redes sociais,15,96.7,8.0,55,2961.15,913.63
R00394,2024-02-27,L8,111,31.1,0.00,Sem divulgação,0,93.9,5.9,30,2389.73,966.64
R00395,2024-02-27,L2,126,27.8,0.00,Sem divulgação,15,93.1,9.5,43,2660.72,894.68
R00396,2024-02-27,L1,228,49.2,162.60,Redes sociais,10,97.2,7.7,60,3293.39,1227.10
R00397,2024-02-27,L7,204,34.4,0.00,Sem divulgação,0,94.6,11.9,43,3368.89,1249.99
R00398,2024-02-27,L6,194,47.2,0.00,Sem divulgação,5,96.3,8.1,65,5372.08,1990.56
R00399,2024-02-27,L3,297,51.7,189.65,WhatsApp,15,95.7,11.3,68,6016.47,1796.45
R00400,2024-02-27,L5,260,49.8,160.84,WhatsApp,0,99.0,12.8,39,3112.04,1254.82
R00401,2024-02-28,L4,113,27.6,0.00,Sem divulgação,15,98.6,7.0,63,4259.19,1441.69
R00402,2024-02-28,L8,124,39.1,42.31,Mídia local,20,97.3,6.4,62,3405.81,1111.14
R00403,2024-02-28,L2,152,30.1,41.52,Mídia local,5,96.7,11.5,42,3360.42,1200.76
R00404,2024-02-28,L1,224,41.5,36.05,Redes sociais,0,96.7,9.4,48,3146.67,1267.50
R00405,2024-02-28,L7,210,45.7,282.91,WhatsApp,10,97.1,8.5,71,5327.60,1685.38
R00406,2024-02-28,L6,165,41.0,0.00,Sem divulgação,5,95.7,9.4,55,4080.22,1431.36
R00407,2024-02-28,L3,214,36.3,0.00,Sem divulgação,10,97.6,12.1,48,3441.49,1062.36
R00408,2024-02-28,L5,254,44.9,0.00,Sem divulgação,0,97.5,12.8,52,5104.59,2012.71
R00409,2024-02-29,L4,110,30.5,0.00,Sem divulgação,5,96.4,5.8,40,3246.79,1201.90
R00410,2024-02-29,L8,169,33.9,85.52,Redes sociais,10,95.4,9.5,48,3053.10,1087.61
R00411,2024-02-29,L2,153,32.7,0.00,Sem divulgação,5,96.0,8.1,50,3264.91,1165.40
R00412,2024-02-29,L1,227,44.3,283.55,Redes sociais,10,98.0,10.5,73,4372.41,1625.39
R00413,2024-02-29,L7,159,44.1,0.00,Sem divulgação,10,93.5,5.4,48,3285.05,1056.11
R00414,2024-02-29,L6,234,45.1,0.00,Sem divulgação,10,98.5,11.2,65,4862.46,1740.87
R00415,2024-02-29,L3,247,50.1,78.42,Mídia local,10,97.5,10.0,34,2938.12,887.84
R00416,2024-02-29,L5,279,54.2,183.80,WhatsApp,15,92.1,10.6,52,2964.61,1023.95
R00417,2024-03-01,L4,102,24.9,0.00,Sem divulgação,10,97.4,8.5,33,2020.06,693.57
R00418,2024-03-01,L8,123,26.3,0.00,Sem divulgação,5,95.1,8.7,40,3009.46,1145.41
R00419,2024-03-01,L2,188,31.1,106.30,Mídia local,20,94.6,11.9,58,4206.32,1279.91
R00420,2024-03-01,L1,135,35.9,0.00,Sem divulgação,15,95.1,7.8,46,2955.74,1066.65
R00421,2024-03-01,L7,148,38.4,0.00,Sem divulgação,15,92.9,8.5,33,3015.47,839.47
R00422,2024-03-01,L6,242,47.3,281.50,Redes sociais,5,97.6,11.6,66,4327.87,1511.51
R00423,2024-03-01,L3,187,36.4,0.00,Sem divulgação,15,98.6,10.8,52,3790.68,1050.91
R00424,2024-03-01,L5,213,49.1,82.38,Redes sociais,0,95.1,11.7,41,3250.15,1270.02
R00425,2024-03-02,L4,77,26.5,0.00,Sem divulgação,15,96.6,3.6,44,3038.02,998.38
R00426,2024-03-02,L8,153,32.1,91.47,WhatsApp,15,92.8,8.9,47,2767.43,935.08
R00427,2024-03-02,L2,109,31.0,0.00,Sem divulgação,15,86.7,6.3,20,1492.82,444.97
R00428,2024-03-02,L1,150,41.6,150.16,Redes sociais,20,97.1,7.2,56,3064.92,1070.03
R00429,2024-03-02,L7,254,50.5,157.31,Redes sociais,0,95.5,10.8,52,4037.50,1418.38
R00430,2024-03-02,L6,169,40.0,0.00,Sem divulgação,15,95.4,8.4,53,3243.00,1049.79
R00431,2024-03-02,L3,211,44.3,132.64,Redes sociais,15,95.3,9.8,41,3706.68,1086.93
R00432,2024-03-02,L5,299,51.0,91.22,Redes sociais,10,94.2,13.1,65,5107.73,1871.78
R00433,2024-03-04,L4,104,32.2,65.26,WhatsApp,5,94.9,6.7,39,2648.17,941.55
R00434,2024-03-04,L8,117,35.9,90.19,WhatsApp,0,96.9,6.2,47,2906.91,1148.24
R00435,2024-03-04,L2,144,34.1,0.00,Sem divulgação,0,94.7,7.3,35,2405.31,894.24
R00436,2024-03-04,L1,190,36.2,112.41,Redes sociais,0,96.8,11.0,57,3773.97,1574.67
R00437,2024-03-04,L7,189,31.4,0.00,Sem divulgação,20,95.0,11.0,77,5392.39,1554.39
R00438,2024-03-04,L6,161,35.0,0.00,Sem divulgação,0,96.3,9.5,37,2572.97,981.51
R00439,2024-03-04,L3,217,43.6,59.03,Redes sociais,20,97.1,10.8,39,3236.39,859.39
R00440,2024-03-04,L5,243,45.5,84.78,Redes sociais,5,93.9,11.7,29,2066.38,764.84
R00441,2024-03-05,L4,130,30.2,86.73,WhatsApp,0,99.3,7.8,36,2767.93,1030.79
R00442,2024-03-05,L8,109,27.2,0.00,Sem divulgação,10,98.3,6.9,44,2668.62,983.78
R00443,2024-03-05,L2,205,33.8,148.97,Redes sociais,15,96.7,12.9,60,4695.36,1480.78
R00444,2024-03-05,L1,159,32.9,0.00,Sem divulgação,0,95.4,9.8,37,2364.97,991.83
R00445,2024-03-05,L7,187,39.5,95.20,WhatsApp,5,96.0,10.5,48,4556.00,1460.01
R00446,2024-03-05,L6,232,46.7,323.13,Redes sociais,15,94.7,11.4,60,3571.76,1181.23
R00447,2024-03-05,L3,232,48.5,132.38,Redes sociais,20,95.8,9.9,70,5195.01,1186.50
R00448,2024-03-05,L5,224,49.6,171.49,Redes sociais,5,90.1,9.9,35,2322.47,886.96
R00449,2024-03-06,L4,81,27.9,0.00,Sem divulgação,5,98.6,5.4,40,2476.07,936.34
R00450,2024-03-06,L8,160,29.2,123.61,WhatsApp,0,94.0,11.2,32,2348.87,944.18
R00451,2024-03-06,L2,102,29.0,0.00,Sem divulgação,5,96.8,4.3,37,2494.21,855.73
R00452,2024-03-06,L1,175,35.2,84.73,WhatsApp,15,95.7,11.5,49,2930.44,1031.99
R00453,2024-03-06,L7,233,37.6,83.78,Mídia local,5,94.8,12.9,36,2708.07,919.25
R00454,2024-03-06,L6,172,36.8,0.00,Sem divulgação,10,94.3,8.3,53,3094.31,1043.98
R00455,2024-03-06,L3,137,40.1,0.00,Sem divulgação,15,94.5,6.0,37,2195.30,681.14
R00456,2024-03-06,L5,270,46.6,151.49,Redes sociais,20,95.6,14.3,45,3378.15,1109.50
R00457,2024-03-07,L4,97,25.6,0.00,Sem divulgação,0,95.4,7.8,38,2700.21,1031.83
R00458,2024-03-07,L8,162,34.6,103.87,Mídia local,10,96.2,8.1,59,4396.58,1575.61
R00459,2024-03-07,L2,124,35.2,0.00,Sem divulgação,0,94.2,5.3,34,2533.71,955.04
R00460,2024-03-07,L1,200,46.2,192.77,Redes sociais,5,87.3,9.4,58,3316.12,1291.56
R00461,2024-03-07,L7,154,33.8,0.00,Sem divulgação,5,96.7,8.7,35,2995.18,1004.06
R00462,2024-03-07,L6,179,46.1,172.78,Redes sociais,0,96.2,6.2,48,3956.52,1509.78
R00463,2024-03-07,L3,167,40.8,0.00,Sem divulgação,5,96.2,6.8,44,3598.03,1192.11
R00464,2024-03-07,L5,220,52.8,127.55,Mídia local,10,94.3,9.5,60,3741.54,1333.77
R00465,2024-03-08,L4,140,38.9,127.29,Redes sociais,5,96.8,5.5,57,4207.38,1637.72
R00466,2024-03-08,L8,177,41.0,214.71,Redes sociais,15,95.9,6.5,91,5462.58,1897.55
R00467,2024-03-08,L2,193,38.9,127.19,WhatsApp,5,94.3,9.8,69,5043.44,1833.22
R00468,2024-03-08,L1,153,40.8,110.94,Mídia local,20,95.1,8.5,62,3303.52,1093.47
R00469,2024-03-08,L7,191,41.9,97.62,WhatsApp,0,97.0,8.6,55,4152.93,1503.44
R00470,2024-03-08,L6,193,41.6,0.00,Sem divulgação,0,96.4,10.5,64,4850.55,1828.07
R00471,2024-03-08,L3,200,46.8,100.87,Redes sociais,20,98.0,9.7,60,4662.23,1367.33
R00472,2024-03-08,L5,270,49.7,153.49,Mídia local,5,96.5,11.1,84,5465.05,2057.69
R00473,2024-03-09,L4,130,34.5,0.00,Sem divulgação,10,97.6,7.4,55,3911.49,1292.02
R00474,2024-03-09,L8,137,32.9,0.00,Sem divulgação,0,96.4,7.6,54,3640.98,1454.13
R00475,2024-03-09,L2,201,36.4,97.81,Mídia local,0,97.6,11.3,66,4708.28,1697.51
R00476,2024-03-09,L1,218,43.9,107.66,WhatsApp,5,94.3,10.7,51,3107.27,1201.78
R00477,2024-03-09,L7,267,49.6,167.51,Mídia local,0,94.8,10.6,55,4407.87,1568.11
R00478,2024-03-09,L6,222,51.6,127.73,WhatsApp,10,95.4,9.6,73,4871.81,1644.91
R00479,2024-03-09,L3,260,43.6,0.00,Sem divulgação,5,96.4,13.6,30,2355.86,774.12
R00480,2024-03-09,L5,357,54.9,68.37,WhatsApp,0,95.7,14.5,62,4085.69,1573.80
R00481,2024-03-11,L4,80,19.3,0.00,Sem divulgação,15,97.4,8.1,39,2592.24,898.92
R00482,2024-03-11,L8,116,32.1,0.00,Sem divulgação,0,92.5,6.2,40,2910.94,1117.80
R00483,2024-03-11,L2,197,33.7,228.97,Redes sociais,15,95.1,13.0,47,2663.53,753.40
R00484,2024-03-11,L1,170,36.3,166.37,Redes sociais,15,92.9,10.5,37,2124.51,793.43
R00485,2024-03-11,L7,117,33.8,0.00,Sem divulgação,5,95.5,7.1,29,2301.03,763.25
R00486,2024-03-11,L6,178,46.0,262.43,WhatsApp,0,95.3,8.0,44,3024.97,1168.98
R00487,2024-03-11,L3,191,42.3,66.31,WhatsApp,5,97.3,10.8,37,3038.27,950.47
R00488,2024-03-11,L5,209,38.0,0.00,Sem divulgação,0,92.7,11.9,29,2270.30,906.24
R00489,2024-03-12,L4,119,24.1,65.46,Redes sociais,0,97.3,7.5,44,3045.21,1169.56
R00490,2024-03-12,L8,109,28.8,0.00,Sem divulgação,5,95.7,5.5,54,3141.41,1228.86
R00491,2024-03-12,L2,122,34.5,0.00,Sem divulgação,0,93.4,5.5,30,2692.43,997.71
R00492,2024-03-12,L1,167,36.3,112.63,Mídia local,10,97.6,9.7,54,2722.30,1001.82
R00493,2024-03-12,L7,183,38.6,117.77,WhatsApp,0,93.7,9.1,34,2680.04,982.57
R00494,2024-03-12,L6,181,44.5,185.38,Redes sociais,0,94.8,9.2,39,3220.98,1226.75
R00495,2024-03-12,L3,187,39.6,0.00,Sem divulgação,10,94.1,10.8,33,2307.02,716.47
R00496,2024-03-12,L5,226,42.3,65.97,WhatsApp,10,94.6,11.9,42,3085.34,1049.70
R00497,2024-03-13,L4,87,24.2,0.00,Sem divulgação,5,96.1,5.6,42,3211.48,1208.72
R00498,2024-03-13,L8,171,35.9,290.33,Mídia local,15,94.5,9.0,55,3192.21,1168.03
R00499,2024-03-13,L2,149,32.7,77.02,Mídia local,0,97.3,9.6,60,4040.85,1512.98
R00500,2024-03-13,L1,141,38.2,88.61,WhatsApp,0,99.1,7.9,49,3491.39,1458.87
R00501,2024-03-13,L7,157,37.2,98.85,Redes sociais,20,94.5,8.8,47,3615.58,967.95
R00502,2024-03-13,L6,197,40.5,99.48,WhatsApp,0,92.5,11.0,41,2983.70,1136.53
R00503,2024-03-13,L3,193,41.7,194.45,Redes sociais,0,96.2,9.0,37,3699.84,1287.83
R00504,2024-03-13,L5,220,37.7,0.00,Sem divulgação,15,91.5,13.2,37,2446.32,800.44
R00505,2024-03-14,L4,131,33.5,238.65,Mídia local,0,97.4,7.1,48,3618.83,1437.76
R00506,2024-03-14,L8,118,29.1,0.00,Sem divulgação,0,94.7,7.6,43,3344.98,1287.90
R00507,2024-03-14,L2,136,28.2,0.00,Sem divulgação,0,98.5,7.8,52,3566.47,1346.63
R00508,2024-03-14,L1,187,36.3,83.38,WhatsApp,0,95.6,9.8,45,3229.37,1309.08
R00509,2024-03-14,L7,173,41.9,77.32,WhatsApp,0,96.5,9.3,44,3465.50,1226.18
R00510,2024-03-14,L6,240,40.8,129.26,WhatsApp,0,93.0,12.1,43,2621.91,980.06
R00511,2024-03-14,L3,190,42.4,61.04,Redes sociais,0,98.4,9.4,57,4011.80,1431.85
R00512,2024-03-14,L5,201,37.5,0.00,Sem divulgação,0,95.5,11.2,26,1984.84,765.74
R00513,2024-03-15,L4,151,37.3,239.44,Redes sociais,0,98.4,6.7,58,3509.07,1366.06
R00514,2024-03-15,L8,109,29.9,0.00,Sem divulgação,10,96.5,5.9,57,3807.07,1428.22
R00515,2024-03-15,L2,229,43.7,250.53,Redes sociais,15,93.4,10.1,63,4442.63,1388.85
R00516,2024-03-15,L1,154,33.0,0.00,Sem divulgação,0,97.6,9.5,42,2185.46,907.10
R00517,2024-03-15,L7,195,42.4,166.48,WhatsApp,15,92.0,11.1,39,3249.08,1054.73
R00518,2024-03-15,L6,142,40.5,0.00,Sem divulgação,5,92.9,7.2,32,2256.15,800.52
R00519,2024-03-15,L3,208,43.0,194.13,WhatsApp,10,97.1,10.7,46,4039.66,1242.54
R00520,2024-03-15,L5,229,45.5,97.61,Mídia local,5,94.8,12.7,33,2415.92,868.66
R00521,2024-03-16,L4,138,37.4,111.23,Redes sociais,15,96.0,6.8,62,4294.48,1466.28
R00522,2024-03-16,L8,186,35.2,107.23,Mídia local,0,97.2,9.6,57,4066.04,1655.95
R00523,2024-03-16,L2,209,45.8,107.95,Redes sociais,5,97.2,9.4,54,3898.90,1337.88
R00524,2024-03-16,L1,233,43.5,224.81,Mídia local,5,97.0,10.8,64,4603.62,1782.16
R00525,2024-03-16,L7,217,39.3,0.00,Sem divulgação,10,94.7,9.4,55,4462.91,1443.13
R00526,2024-03-16,L6,222,48.5,91.75,Redes sociais,5,96.7,10.3,53,3623.07,1275.91
R00527,2024-03-16,L3,282,53.6,119.76,Redes sociais,0,96.4,10.1,44,4088.14,1488.86
R00528,2024-03-16,L5,208,61.9,164.63,Redes sociais,15,94.3,7.8,58,3599.96,1206.86
R00529,2024-03-18,L4,114,29.9,117.32,Redes sociais,0,96.8,7.7,43,3384.82,1319.82
R00530,2024-03-18,L8,123,34.9,148.05,WhatsApp,0,98.2,8.4,48,3399.84,1379.27
R00531,2024-03-18,L2,171,36.9,94.31,Redes sociais,5,95.7,9.0,49,3379.59,1169.69
R00532,2024-03-18,L1,124,39.0,113.75,Redes sociais,0,96.7,5.2,31,1741.52,723.89
R00533,2024-03-18,L7,169,41.6,122.21,WhatsApp,0,94.2,9.6,33,2757.65,968.26
R00534,2024-03-18,L6,150,37.5,0.00,Sem divulgação,15,92.0,6.7,21,1482.27,513.80
R00535,2024-03-18,L3,177,41.1,119.72,WhatsApp,0,95.4,7.6,49,4371.86,1559.54
R00536,2024-03-18,L5,249,40.6,149.44,Mídia local,5,94.2,12.9,39,2882.61,1012.64
R00537,2024-03-19,L4,144,32.0,183.63,Redes sociais,0,97.3,8.8,61,3652.61,1410.05
R00538,2024-03-19,L8,168,37.6,95.24,Redes sociais,5,95.0,9.4,43,3062.41,1150.79
R00539,2024-03-19,L2,111,26.2,0.00,Sem divulgação,10,88.0,7.7,23,1500.19,507.54
R00540,2024-03-19,L1,173,34.3,110.58,Mídia local,0,97.6,12.1,30,1997.85,797.80
R00541,2024-03-19,L7,213,36.8,119.52,WhatsApp,5,96.0,12.7,38,2816.94,917.70
R00542,2024-03-19,L6,216,36.4,113.97,Redes sociais,10,99.3,12.1,58,3928.80,1400.07
R00543,2024-03-19,L3,246,43.0,258.95,Redes sociais,10,95.7,11.8,40,4038.30,1240.25
R00544,2024-03-19,L5,259,49.1,79.39,Redes sociais,0,96.0,11.2,42,3683.00,1425.98
R00545,2024-03-20,L4,89,20.3,0.00,Sem divulgação,5,96.9,8.2,33,2872.93,1018.15
R00546,2024-03-20,L8,113,26.4,0.00,Sem divulgação,0,95.4,8.2,38,2420.79,941.23
R00547,2024-03-20,L2,122,31.2,0.00,Sem divulgação,0,98.1,7.7,36,2660.44,1000.46
R00548,2024-03-20,L1,108,30.6,0.00,Sem divulgação,0,95.8,9.2,27,1704.89,689.91
R00549,2024-03-20,L7,173,34.9,0.00,Sem divulgação,0,94.5,9.8,30,2437.29,896.70
R00550,2024-03-20,L6,171,36.3,0.00,Sem divulgação,0,95.3,10.8,26,2067.88,786.23
R00551,2024-03-20,L3,216,43.7,173.22,WhatsApp,0,95.3,9.6,36,3515.23,1208.37
R00552,2024-03-20,L5,221,39.2,0.00,Sem divulgação,0,89.3,12.5,26,1920.51,718.78
R00553,2024-03-21,L4,168,36.7,141.76,WhatsApp,0,95.9,8.2,49,3155.64,1195.88
R00554,2024-03-21,L8,183,44.3,129.82,Redes sociais,0,98.3,8.3,60,4230.29,1635.54
R00555,2024-03-21,L2,203,40.1,196.43,WhatsApp,5,96.0,10.2,51,3333.29,1200.20
R00556,2024-03-21,L1,136,36.0,0.00,Sem divulgação,0,99.9,6.7,50,3146.32,1250.80
R00557,2024-03-21,L7,232,41.8,111.56,Mídia local,0,95.2,12.2,49,4104.16,1481.41
R00558,2024-03-21,L6,265,43.8,173.02,WhatsApp,0,95.1,12.2,52,3758.69,1400.18
R00559,2024-03-21,L3,224,47.7,120.10,Redes sociais,0,96.5,10.9,42,3581.39,1279.13
R00560,2024-03-21,L5,226,47.2,0.00,Sem divulgação,15,94.2,8.3,43,3156.05,1090.18
R00561,2024-03-22,L4,148,30.7,113.66,Redes sociais,10,96.8,10.1,53,3432.77,1228.18
R00562,2024-03-22,L8,194,40.3,106.32,WhatsApp,0,96.0,10.2,45,2841.76,1121.49
R00563,2024-03-22,L2,107,27.9,0.00,Sem divulgação,5,98.5,6.9,50,3643.41,1313.60
R00564,2024-03-22,L1,160,40.2,164.81,Mídia local,10,98.1,8.9,53,3233.30,1218.69
R00565,2024-03-22,L7,213,36.1,50.64,WhatsApp,10,98.2,12.3,42,2943.37,954.65
R00566,2024-03-22,L6,179,41.0,0.00,Sem divulgação,5,95.2,10.1,34,2652.18,943.38
R00567,2024-03-22,L3,242,42.8,92.61,Mídia local,10,93.3,12.7,36,2618.72,791.95
R00568,2024-03-22,L5,328,52.1,157.23,Redes sociais,20,94.9,12.5,77,4680.96,1446.09
R00569,2024-03-23,L4,168,30.3,120.76,Mídia local,15,97.5,10.6,67,4432.34,1475.34
R00570,2024-03-23,L8,126,28.4,0.00,Sem divulgação,10,95.0,7.4,49,3050.57,1068.33
R00571,2024-03-23,L2,169,41.0,140.32,Redes sociais,20,93.3,8.5,52,3335.81,903.58
R00572,2024-03-23,L1,214,37.6,99.78,Redes sociais,5,97.0,13.0,53,3760.21,1478.09
R00573,2024-03-23,L7,205,47.2,157.13,Redes sociais,5,94.1,9.3,45,4573.02,1473.86
R00574,2024-03-23,L6,202,45.7,0.00,Sem divulgação,5,93.1,9.7,53,3360.04,1153.08
R00575,2024-03-23,L3,209,49.9,45.38,Redes sociais,5,94.2,10.0,38,3308.00,1056.22
R00576,2024-03-23,L5,234,41.9,0.00,Sem divulgação,20,93.7,11.9,54,3809.43,1226.75
R00577,2024-03-25,L4,118,26.2,83.03,WhatsApp,0,98.2,9.4,40,2563.70,982.34
R00578,2024-03-25,L8,149,44.3,144.57,Mídia local,0,87.2,4.7,33,2198.53,871.68
R00579,2024-03-25,L2,104,26.5,0.00,Sem divulgação,15,96.9,6.6,33,2203.40,695.41
R00580,2024-03-25,L1,164,34.1,0.00,Sem divulgação,0,95.7,9.5,32,1993.02,834.13
R00581,2024-03-25,L7,124,37.7,0.00,Sem divulgação,10,95.6,7.1,38,2557.46,786.13
R00582,2024-03-25,L6,149,42.9,157.81,Redes sociais,0,95.9,7.4,31,2075.82,803.79
R00583,2024-03-25,L3,169,38.6,0.00,Sem divulgação,20,98.3,8.3,68,5063.47,1342.22
R00584,2024-03-25,L5,208,45.7,97.39,Mídia local,0,94.3,10.8,21,1928.96,745.29
R00585,2024-03-26,L4,133,34.9,86.57,Mídia local,0,96.4,6.2,46,3912.11,1538.67
R00586,2024-03-26,L8,138,28.0,118.05,Redes sociais,10,96.2,9.9,47,3475.98,1237.45
R00587,2024-03-26,L2,179,32.8,161.47,Mídia local,15,95.4,10.5,49,3064.16,908.33
R00588,2024-03-26,L1,208,39.0,153.02,Redes sociais,0,96.6,12.3,40,2782.92,1093.04
R00589,2024-03-26,L7,179,37.7,185.56,Redes sociais,0,95.7,9.4,38,3052.12,1106.64
R00590,2024-03-26,L6,144,31.5,0.00,Sem divulgação,10,80.6,9.9,16,1149.52,378.02
R00591,2024-03-26,L3,156,31.8,0.00,Sem divulgação,0,81.3,9.7,15,1220.09,451.36
R00592,2024-03-26,L5,221,37.2,0.00,Sem divulgação,0,98.5,14.4,47,3982.92,1584.46
R00593,2024-03-27,L4,85,26.4,0.00,Sem divulgação,10,93.0,5.9,30,2301.44,831.25
R00594,2024-03-27,L8,126,27.1,0.00,Sem divulgação,0,97.8,9.6,28,1598.03,633.71
R00595,2024-03-27,L2,172,37.2,145.84,WhatsApp,5,97.1,9.2,66,4005.47,1325.04
R00596,2024-03-27,L1,184,38.7,53.29,WhatsApp,0,95.7,11.1,39,2460.43,990.26
R00597,2024-03-27,L7,266,40.7,193.27,Redes sociais,0,95.9,14.5,43,3662.14,1302.06
R00598,2024-03-27,L6,221,48.8,120.31,Redes sociais,15,92.9,9.0,49,2397.04,756.85
R00599,2024-03-27,L3,183,30.6,0.00,Sem divulgação,0,93.0,14.1,26,2383.14,836.14
R00600,2024-03-27,L5,312,49.8,199.01,Redes sociais,5,93.0,15.2,32,2344.62,861.47
R00601,2024-03-28,L4,158,37.5,122.03,Redes sociais,5,96.0,7.2,53,3873.51,1363.88
R00602,2024-03-28,L8,162,35.3,147.00,Mídia local,0,93.4,9.1,47,3286.19,1319.81
R00603,2024-03-28,L2,165,36.0,57.92,WhatsApp,10,97.7,8.2,50,3268.90,1164.40
R00604,2024-03-28,L1,139,33.0,0.00,Sem divulgação,10,97.3,8.8,51,2673.43,995.98
R00605,2024-03-28,L7,159,31.9,0.00,Sem divulgação,10,93.2,10.9,32,2562.54,811.34
R00606,2024-03-28,L6,158,38.2,0.00,Sem divulgação,0,94.5,9.7,35,2863.73,1090.14
R00607,2024-03-28,L3,205,47.8,144.31,Redes sociais,20,96.3,8.9,68,4926.43,1360.73
R00608,2024-03-28,L5,199,44.5,0.00,Sem divulgação,0,96.7,11.2,25,1837.79,692.42
R00609,2024-03-29,L4,143,33.3,148.25,Redes sociais,0,92.9,6.9,51,4180.95,1598.49
R00610,2024-03-29,L8,148,35.4,119.94,WhatsApp,0,94.9,9.2,31,2287.55,929.29
R00611,2024-03-29,L2,191,41.7,137.70,WhatsApp,0,95.3,10.1,54,4246.33,1598.60
R00612,2024-03-29,L1,168,31.7,0.00,Sem divulgação,0,98.5,11.0,42,2491.65,1017.39
R00613,2024-03-29,L7,203,44.9,184.27,WhatsApp,0,82.6,11.4,21,1517.86,552.79
R00614,2024-03-29,L6,198,35.9,0.00,Sem divulgação,0,94.5,11.5,35,2512.63,979.79
R00615,2024-03-29,L3,247,44.7,0.00,Sem divulgação,10,95.3,11.1,47,3710.87,1110.49
R00616,2024-03-29,L5,232,48.5,99.52,WhatsApp,0,95.4,10.8,41,2612.86,999.46
R00617,2024-03-30,L4,187,31.0,99.94,Redes sociais,0,95.6,12.8,52,3228.88,1272.51
R00618,2024-03-30,L8,125,27.5,0.00,Sem divulgação,0,96.4,9.1,34,1992.71,755.18
R00619,2024-03-30,L2,148,33.9,0.00,Sem divulgação,0,94.4,8.7,28,2138.73,778.77
R00620,2024-03-30,L1,219,47.6,160.43,Redes sociais,15,96.4,9.1,76,4504.48,1518.10
R00621,2024-03-30,L7,179,44.7,185.13,Redes sociais,10,95.9,7.7,47,3772.19,1283.67
R00622,2024-03-30,L6,320,49.5,271.40,Mídia local,0,95.7,14.9,55,3705.94,1426.44
R00623,2024-03-30,L3,234,46.6,156.95,Mídia local,0,95.6,11.2,33,2755.62,944.90
R00624,2024-03-30,L5,257,43.5,0.00,Sem divulgação,10,95.9,13.3,47,2783.97,1000.85
R00625,2024-04-01,L4,68,22.2,0.00,Sem divulgação,5,95.4,5.2,18,1008.79,364.80
R00626,2024-04-01,L8,152,35.3,78.46,Redes sociais,0,87.9,9.3,17,1118.85,445.34
R00627,2024-04-01,L2,158,32.3,145.86,WhatsApp,5,97.3,9.8,44,3735.81,1344.08
R00628,2024-04-01,L1,182,39.9,162.73,Redes sociais,0,97.1,8.3,69,4533.78,1864.55
R00629,2024-04-01,L7,153,30.4,0.00,Sem divulgação,10,96.5,9.2,28,1751.15,545.60
R00630,2024-04-01,L6,207,39.0,96.50,Mídia local,5,94.7,9.9,62,3267.09,1202.49
R00631,2024-04-01,L3,148,33.5,0.00,Sem divulgação,10,94.2,9.5,34,2818.25,905.83
R00632,2024-04-01,L5,246,41.3,88.07,Redes sociais,0,96.6,11.2,43,3469.35,1438.17
R00633,2024-04-02,L4,97,22.9,87.84,WhatsApp,5,93.8,7.0,36,2706.28,996.50
R00634,2024-04-02,L8,100,24.9,0.00,Sem divulgação,20,97.9,8.9,38,2767.56,904.85
R00635,2024-04-02,L2,120,27.9,0.00,Sem divulgação,15,96.1,8.0,46,3671.10,1063.75
R00636,2024-04-02,L1,156,36.0,87.82,Redes sociais,5,99.4,8.9,50,3243.01,1248.23
R00637,2024-04-02,L7,216,33.4,110.36,Redes sociais,0,96.3,12.3,26,2009.93,743.62
R00638,2024-04-02,L6,211,44.8,141.72,Redes sociais,5,93.3,9.8,62,3643.69,1403.92
R00639,2024-04-02,L3,197,46.2,91.84,Mídia local,0,92.7,8.6,43,4315.38,1561.74
R00640,2024-04-02,L5,171,36.4,0.00,Sem divulgação,15,92.1,12.0,40,3138.44,1039.86
R00641,2024-04-03,L4,96,33.7,56.43,Redes sociais,10,95.9,3.9,62,3983.56,1319.90
R00642,2024-04-03,L8,190,33.6,143.00,Redes sociais,0,96.9,12.1,45,2744.36,1113.74
R00643,2024-04-03,L2,118,30.5,0.00,Sem divulgação,0,97.8,7.3,30,2262.90,845.66
R00644,2024-04-03,L1,135,27.9,0.00,Sem divulgação,5,94.4,8.1,39,2551.76,977.31
R00645,2024-04-03,L7,188,38.5,121.02,Redes sociais,0,94.7,9.5,50,3722.53,1377.91
R00646,2024-04-03,L6,210,39.6,204.73,Redes sociais,0,94.3,11.5,48,3578.21,1285.53
R00647,2024-04-03,L3,172,36.9,0.00,Sem divulgação,0,95.4,11.9,32,2664.45,957.41
R00648,2024-04-03,L5,243,50.0,167.64,Redes sociais,5,97.9,10.5,61,5077.89,1945.25
R00649,2024-04-04,L4,99,29.8,0.00,Sem divulgação,0,97.7,5.3,45,2909.88,1132.48
R00650,2024-04-04,L8,98,30.6,0.00,Sem divulgação,15,87.9,5.6,33,1932.28,638.23
R00651,2024-04-04,L2,121,23.0,0.00,Sem divulgação,0,97.4,9.5,28,2098.84,755.28
R00652,2024-04-04,L1,163,38.2,167.33,WhatsApp,5,97.2,9.0,67,4713.07,1814.73
R00653,2024-04-04,L7,201,45.2,88.49,Mídia local,0,93.3,9.5,44,4006.53,1505.33
R00654,2024-04-04,L6,220,45.2,129.79,Redes sociais,0,94.2,10.9,43,3163.07,1214.39
R00655,2024-04-04,L3,159,35.0,0.00,Sem divulgação,10,99.5,10.5,35,2755.83,894.57
R00656,2024-04-04,L5,234,47.0,180.35,Redes sociais,10,90.9,10.9,52,3541.26,1284.90
R00657,2024-04-05,L4,108,34.8,72.33,Mídia local,15,98.4,6.0,59,3836.74,1273.23
R00658,2024-04-05,L8,182,34.8,103.51,Mídia local,0,93.3,9.2,47,3061.40,1247.47
R00659,2024-04-05,L2,224,39.0,118.44,Redes sociais,0,95.4,12.7,36,2715.34,958.11
R00660,2024-04-05,L1,185,43.2,108.53,Mídia local,0,96.6,8.7,43,2536.98,1028.01
R00661,2024-04-05,L7,161,37.0,0.00,Sem divulgação,0,96.3,9.4,43,3261.73,1150.22
R00662,2024-04-05,L6,250,46.8,127.96,Mídia local,0,95.5,12.2,60,3898.37,1467.72
R00663,2024-04-05,L3,191,45.0,0.00,Sem divulgação,0,94.8,9.8,30,3321.22,1161.81
R00664,2024-04-05,L5,255,43.1,57.94,Redes sociais,0,94.9,13.9,45,3170.75,1265.00
R00665,2024-04-06,L4,110,26.5,0.00,Sem divulgação,20,98.2,7.1,51,3087.86,940.52
R00666,2024-04-06,L8,115,32.1,55.59,Redes sociais,20,97.9,7.0,51,2808.56,974.85
R00667,2024-04-06,L2,182,32.7,148.72,Redes sociais,15,95.8,11.9,62,4876.12,1492.68
R00668,2024-04-06,L1,201,44.1,118.66,Redes sociais,15,94.5,9.3,57,3448.14,1191.04
R00669,2024-04-06,L7,147,35.9,0.00,Sem divulgação,5,94.7,9.8,24,1832.64,625.48
R00670,2024-04-06,L6,170,36.8,0.00,Sem divulgação,0,95.3,10.6,24,1548.01,582.17
R00671,2024-04-06,L3,198,40.2,0.00,Sem divulgação,0,96.3,9.5,48,4310.27,1531.87
R00672,2024-04-06,L5,240,48.8,0.00,Sem divulgação,15,93.6,9.6,60,4622.98,1418.05
R00673,2024-04-08,L4,92,22.5,0.00,Sem divulgação,20,98.0,7.6,49,3274.60,949.52
R00674,2024-04-08,L8,205,31.3,304.80,Redes sociais,10,94.9,14.2,43,2617.14,1013.86
R00675,2024-04-08,L2,141,26.5,0.00,Sem divulgação,0,93.5,10.2,32,2657.30,1021.99
R00676,2024-04-08,L1,170,32.4,52.40,Redes sociais,0,98.4,9.1,52,3639.97,1484.10
R00677,2024-04-08,L7,169,29.4,0.00,Sem divulgação,0,95.5,11.8,35,2424.23,859.31
R00678,2024-04-08,L6,185,34.2,0.00,Sem divulgação,5,93.8,11.4,39,2457.70,906.89
R00679,2024-04-08,L3,248,48.3,216.86,Redes sociais,10,97.2,10.3,44,4048.44,1183.51
R00680,2024-04-08,L5,157,32.0,0.00,Sem divulgação,15,93.7,11.1,43,3214.04,1032.78
R00681,2024-04-09,L4,96,24.9,0.00,Sem divulgação,0,97.4,7.2,39,2588.92,1006.72
R00682,2024-04-09,L8,167,31.0,193.19,Redes sociais,0,96.1,10.4,53,3553.73,1405.95
R00683,2024-04-09,L2,179,39.4,126.12,WhatsApp,5,96.9,7.3,64,4881.69,1670.35
R00684,2024-04-09,L1,117,28.7,0.00,Sem divulgação,0,85.3,8.7,15,1317.82,518.53
R00685,2024-04-09,L7,145,35.3,0.00,Sem divulgação,5,98.0,9.1,42,2949.90,1008.36
R00686,2024-04-09,L6,196,45.3,133.65,Redes sociais,5,94.4,9.7,37,2289.78,822.92
R00687,2024-04-09,L3,176,43.7,0.00,Sem divulgação,0,94.7,9.0,39,3273.71,1121.03
R00688,2024-04-09,L5,199,35.5,0.00,Sem divulgação,15,96.3,9.8,54,3114.56,992.72
R00689,2024-04-10,L4,178,40.4,183.73,WhatsApp,10,97.2,9.8,70,5243.71,1856.57
R00690,2024-04-10,L8,126,33.8,118.58,WhatsApp,0,94.6,6.0,25,1767.21,699.57
R00691,2024-04-10,L2,135,31.6,0.00,Sem divulgação,15,94.5,9.6,44,2939.07,947.58
R00692,2024-04-10,L1,140,28.5,0.00,Sem divulgação,5,95.8,9.1,41,2788.85,1056.11
R00693,2024-04-10,L7,225,42.2,43.15,Redes sociais,0,95.8,10.6,56,4296.71,1561.49
R00694,2024-04-10,L6,256,44.3,98.90,Redes sociais,0,93.8,12.8,50,4147.18,1645.12
R00695,2024-04-10,L3,192,39.5,37.71,Redes sociais,0,94.9,10.5,34,2892.14,1018.75
R00696,2024-04-10,L5,230,49.9,136.11,Mídia local,0,93.4,10.4,47,3672.79,1429.53
R00697,2024-04-11,L4,116,33.9,98.36,Redes sociais,15,95.5,4.4,56,3284.19,1063.14
R00698,2024-04-11,L8,143,36.7,105.10,Redes sociais,0,95.9,7.3,56,4615.37,1885.93
R00699,2024-04-11,L2,127,27.6,0.00,Sem divulgação,20,93.3,10.1,44,3015.22,944.58
R00700,2024-04-11,L1,162,36.3,119.02,Redes sociais,0,96.6,7.8,42,2780.53,1127.30
R00701,2024-04-11,L7,189,36.5,62.09,Mídia local,10,93.0,9.6,55,4165.83,1264.53
R00702,2024-04-11,L6,168,40.4,0.00,Sem divulgação,0,95.6,9.1,49,3656.28,1361.85
R00703,2024-04-11,L3,188,39.1,0.00,Sem divulgação,0,94.9,10.2,30,2550.83,910.66
R00704,2024-04-11,L5,181,48.5,125.64,WhatsApp,10,93.6,7.7,41,3019.11,1084.59
R00705,2024-04-12,L4,152,32.9,54.34,Redes sociais,5,95.4,7.8,57,4194.80,1579.29
R00706,2024-04-12,L8,150,33.5,120.59,Mídia local,15,99.6,8.8,69,5098.03,1790.67
R00707,2024-04-12,L2,126,26.9,0.00,Sem divulgação,5,93.6,9.0,36,2719.56,943.14
R00708,2024-04-12,L1,206,41.5,147.80,Redes sociais,0,96.3,9.3,48,2665.22,1116.64
R00709,2024-04-12,L7,199,33.2,0.00,Sem divulgação,0,96.4,12.4,44,3536.13,1309.71
R00710,2024-04-12,L6,212,44.3,92.34,Redes sociais,5,94.2,9.5,42,3288.36,1204.03
R00711,2024-04-12,L3,200,39.4,0.00,Sem divulgação,5,96.8,10.9,44,4430.86,1460.07
R00712,2024-04-12,L5,219,39.0,0.00,Sem divulgação,0,93.3,10.9,31,2305.73,924.32
R00713,2024-04-13,L4,85,35.0,0.00,Sem divulgação,0,88.6,3.4,21,1574.12,595.54
R00714,2024-04-13,L8,182,29.8,76.94,Redes sociais,20,96.0,12.9,56,4106.31,1311.97
R00715,2024-04-13,L2,165,39.5,68.62,WhatsApp,10,94.0,6.5,51,3859.27,1266.27
R00716,2024-04-13,L1,215,42.5,106.22,Redes sociais,0,96.9,11.0,57,2855.50,1185.69
R00717,2024-04-13,L7,212,32.9,0.00,Sem divulgação,0,95.3,13.1,35,2780.95,1007.11
R00718,2024-04-13,L6,263,47.3,135.10,Redes sociais,5,91.0,11.8,64,4329.08,1596.59
R00719,2024-04-13,L3,202,51.3,114.61,Mídia local,15,97.6,9.7,38,3166.22,911.24
R00720,2024-04-13,L5,306,53.1,150.67,Mídia local,5,95.4,12.2,51,4148.84,1492.92
R00721,2024-04-15,L4,81,18.7,0.00,Sem divulgação,0,98.6,8.0,34,2146.43,836.51
R00722,2024-04-15,L8,106,34.2,84.56,Redes sociais,0,97.9,4.8,48,3533.65,1414.82
R00723,2024-04-15,L2,107,22.3,0.00,Sem divulgação,0,94.3,8.6,27,2324.24,851.84
R00724,2024-04-15,L1,111,29.8,0.00,Sem divulgação,0,97.1,7.5,24,1318.26,527.44
R00725,2024-04-15,L7,136,30.7,0.00,Sem divulgação,0,95.1,7.4,31,2313.98,834.38
R00726,2024-04-15,L6,159,39.3,0.00,Sem divulgação,0,94.7,8.0,24,1539.19,569.41
R00727,2024-04-15,L3,172,35.5,0.00,Sem divulgação,0,96.7,10.7,31,3059.44,1106.20
R00728,2024-04-15,L5,225,44.8,122.45,Redes sociais,0,94.8,10.7,24,1940.31,774.98
R00729,2024-04-16,L4,81,19.1,0.00,Sem divulgação,0,100.0,7.6,39,2881.65,1136.77
R00730,2024-04-16,L8,166,33.2,244.97,Redes sociais,5,94.7,8.8,47,3234.49,1202.06
R00731,2024-04-16,L2,162,33.2,84.16,Mídia local,0,93.0,9.1,35,2583.51,996.70
R00732,2024-04-16,L1,183,33.6,107.20,WhatsApp,15,98.2,11.6,53,2567.53,926.99
R00733,2024-04-16,L7,222,35.6,157.94,Mídia local,15,94.0,13.5,45,2921.62,893.63
R00734,2024-04-16,L6,209,36.3,113.59,WhatsApp,0,94.1,12.9,43,3036.71,1175.20
R00735,2024-04-16,L3,217,51.4,131.69,Redes sociais,0,95.5,9.3,37,3034.28,1072.03
R00736,2024-04-16,L5,222,47.6,176.66,WhatsApp,15,90.8,10.1,40,2479.45,805.23
R00737,2024-04-17,L4,108,34.9,59.92,Redes sociais,10,95.7,5.8,37,2503.05,937.65
R00738,2024-04-17,L8,155,31.6,135.19,Redes sociais,0,94.4,9.9,44,3360.80,1349.57
R00739,2024-04-17,L2,154,28.3,0.00,Sem divulgação,0,96.5,11.1,35,2570.70,992.54
R00740,2024-04-17,L1,204,42.9,198.27,Redes sociais,10,97.0,8.4,66,4195.18,1506.71
R00741,2024-04-17,L7,233,43.9,76.31,WhatsApp,15,95.4,10.8,78,5562.81,1754.47
R00742,2024-04-17,L6,193,40.1,0.00,Sem divulgação,15,94.4,11.2,44,2878.96,944.46
R00743,2024-04-17,L3,231,44.5,97.58,WhatsApp,0,97.3,11.3,45,4024.50,1317.99
R00744,2024-04-17,L5,277,46.4,151.71,Mídia local,15,94.1,11.9,61,3406.97,1101.22
R00745,2024-04-18,L4,121,30.1,55.86,WhatsApp,0,98.1,7.7,53,3591.00,1407.25
R00746,2024-04-18,L8,100,30.5,0.00,Sem divulgação,0,95.0,4.0,33,1891.83,770.02
R00747,2024-04-18,L2,162,26.3,0.00,Sem divulgação,5,96.5,11.7,35,2518.68,863.08
R00748,2024-04-18,L1,197,37.4,171.16,Redes sociais,5,96.9,10.6,39,2844.32,1119.94
R00749,2024-04-18,L7,147,36.1,0.00,Sem divulgação,0,93.7,8.3,29,2526.22,915.79
R00750,2024-04-18,L6,180,32.8,0.00,Sem divulgação,5,94.9,12.6,33,2114.52,729.49
R00751,2024-04-18,L3,184,36.2,0.00,Sem divulgação,0,96.0,9.8,27,2271.94,837.97
R00752,2024-04-18,L5,245,54.5,154.25,Redes sociais,10,95.8,10.9,50,2885.52,1049.15
R00753,2024-04-19,L4,141,36.8,89.32,WhatsApp,0,99.1,6.4,57,4097.46,1579.99
R00754,2024-04-19,L8,119,29.1,0.00,Sem divulgação,0,94.6,8.1,35,2125.61,816.56
R00755,2024-04-19,L2,162,37.3,0.00,Sem divulgação,10,98.5,9.3,47,3376.67,1144.71
R00756,2024-04-19,L1,177,29.5,0.00,Sem divulgação,15,100.0,11.8,59,3599.64,1265.03
R00757,2024-04-19,L7,207,41.2,89.40,Mídia local,15,95.1,11.5,60,4476.71,1336.41
R00758,2024-04-19,L6,262,43.7,142.17,Redes sociais,0,94.8,12.7,63,5396.14,2075.24
R00759,2024-04-19,L3,239,53.8,143.13,WhatsApp,20,97.1,9.3,78,5854.57,1598.86
R00760,2024-04-19,L5,186,49.2,106.55,Redes sociais,10,95.9,9.5,60,4641.34,1534.98
R00761,2024-04-20,L4,132,30.3,94.64,Redes sociais,20,95.8,7.8,67,4525.69,1419.20
R00762,2024-04-20,L8,157,37.4,49.00,Redes sociais,10,97.6,9.8,56,3248.19,1233.86
R00763,2024-04-20,L2,199,33.2,101.44,Mídia local,5,96.5,11.3,48,3696.70,1247.66
R00764,2024-04-20,L1,175,40.5,104.68,Redes sociais,20,96.6,10.8,68,3639.59,1155.69
R00765,2024-04-20,L7,223,46.1,76.02,Redes sociais,5,94.6,10.9,39,3001.06,1045.77
R00766,2024-04-20,L6,225,39.2,62.97,Mídia local,0,93.9,12.7,41,3316.08,1214.23
R00767,2024-04-20,L3,241,45.0,87.27,WhatsApp,0,94.1,11.4,37,2792.59,1000.97
R00768,2024-04-20,L5,223,55.3,157.79,WhatsApp,10,95.4,9.2,41,2923.13,1041.12
R00769,2024-04-22,L4,114,30.2,42.42,Redes sociais,0,97.7,6.9,41,3422.87,1318.95
R00770,2024-04-22,L8,149,31.9,169.44,Redes sociais,0,95.4,9.2,44,2945.59,1111.21
R00771,2024-04-22,L2,139,27.4,0.00,Sem divulgação,0,95.0,10.0,37,2721.12,1001.76
R00772,2024-04-22,L1,162,33.5,96.35,Redes sociais,0,100.0,9.2,54,3135.98,1279.74
R00773,2024-04-22,L7,165,39.5,99.75,WhatsApp,0,94.7,7.8,39,3272.74,1181.12
R00774,2024-04-22,L6,220,36.0,72.48,Redes sociais,10,93.7,13.6,41,3149.44,1137.25
R00775,2024-04-22,L3,199,39.3,44.98,Redes sociais,0,94.1,11.9,33,2769.31,999.14
R00776,2024-04-22,L5,201,34.2,0.00,Sem divulgação,0,93.9,13.5,47,3884.93,1486.27
R00777,2024-04-23,L4,87,30.4,0.00,Sem divulgação,10,95.8,5.8,33,2254.31,816.79
R00778,2024-04-23,L8,166,29.7,151.54,Redes sociais,0,96.2,9.1,48,3201.90,1240.27
R00779,2024-04-23,L2,144,40.5,122.79,Mídia local,15,85.9,6.9,35,2218.78,686.42
R00780,2024-04-23,L1,171,39.6,194.73,WhatsApp,5,97.1,8.5,70,5406.25,2073.73
R00781,2024-04-23,L7,165,41.0,0.00,Sem divulgação,15,98.4,9.7,58,4309.13,1358.86
R00782,2024-04-23,L6,151,34.8,0.00,Sem divulgação,15,94.0,9.4,49,2772.66,898.92
R00783,2024-04-23,L3,188,35.1,0.00,Sem divulgação,5,96.0,12.6,23,1902.60,618.92
R00784,2024-04-23,L5,221,44.4,130.10,Redes sociais,5,95.0,11.1,40,2586.05,973.90
R00785,2024-04-24,L4,163,32.8,134.52,Redes sociais,0,99.0,8.8,56,3368.60,1307.84
R00786,2024-04-24,L8,105,31.0,0.00,Sem divulgação,20,94.5,5.9,43,2627.30,895.34
R00787,2024-04-24,L2,121,29.2,0.00,Sem divulgação,5,97.1,8.6,38,3242.72,1191.20
R00788,2024-04-24,L1,171,34.4,99.00,WhatsApp,10,97.1,9.4,57,3995.00,1542.18
R00789,2024-04-24,L7,147,38.6,0.00,Sem divulgação,15,94.2,9.3,53,4337.79,1230.73
R00790,2024-04-24,L6,208,44.0,163.88,WhatsApp,15,93.6,9.8,66,4203.11,1353.76
R00791,2024-04-24,L3,204,46.7,136.92,Redes sociais,10,95.3,8.8,45,3944.82,1178.87
R00792,2024-04-24,L5,244,50.2,261.54,Mídia local,5,94.4,11.4,45,3182.62,1173.02
R00793,2024-04-25,L4,148,33.4,151.03,Redes sociais,0,95.2,8.9,46,3215.88,1266.99
R00794,2024-04-25,L8,127,39.1,111.55,Redes sociais,0,96.9,6.2,44,2906.43,1180.32
R00795,2024-04-25,L2,174,38.0,93.85,Redes sociais,10,96.1,9.3,48,4029.29,1413.84
R00796,2024-04-25,L1,225,35.2,254.82,Redes sociais,10,98.4,13.7,57,3404.19,1267.08
R00797,2024-04-25,L7,171,35.7,0.00,Sem divulgação,0,95.7,10.2,33,2861.15,1016.64
R00798,2024-04-25,L6,196,48.9,87.18,Redes sociais,0,96.0,6.8,70,5322.10,1916.73
R00799,2024-04-25,L3,242,48.0,223.78,Redes sociais,0,97.7,10.1,46,3019.00,1077.21
R00800,2024-04-25,L5,174,43.5,0.00,Sem divulgação,0,97.3,9.2,38,2955.45,1122.07
R00801,2024-04-26,L4,83,31.2,0.00,Sem divulgação,20,92.9,5.2,34,1981.17,568.61
R00802,2024-04-26,L8,173,31.8,62.31,Mídia local,5,99.2,11.2,41,3237.22,1250.43
R00803,2024-04-26,L2,156,36.2,135.41,WhatsApp,10,97.5,8.2,45,3673.65,1181.81
R00804,2024-04-26,L1,158,36.1,141.17,WhatsApp,5,98.0,8.1,40,2832.81,1133.43
R00805,2024-04-26,L7,278,45.2,134.68,Redes sociais,15,94.7,14.1,66,3954.52,1259.34
R00806,2024-04-26,L6,131,30.0,0.00,Sem divulgação,0,92.6,8.7,29,2281.92,905.10
R00807,2024-04-26,L3,190,47.8,83.92,WhatsApp,15,98.0,6.6,69,5841.31,1540.18
R00808,2024-04-26,L5,216,35.1,0.00,Sem divulgação,10,99.1,14.1,49,3883.25,1277.23
R00809,2024-04-27,L4,130,36.7,154.97,WhatsApp,0,95.9,7.7,53,3372.34,1332.91
R00810,2024-04-27,L8,116,26.5,0.00,Sem divulgação,20,96.4,7.7,45,2528.50,851.21
R00811,2024-04-27,L2,106,32.9,0.00,Sem divulgação,0,98.5,7.2,38,2994.80,1109.37
R00812,2024-04-27,L1,184,37.6,70.96,Redes sociais,15,98.0,12.1,49,2834.02,1012.01
R00813,2024-04-27,L7,168,36.9,0.00,Sem divulgação,20,94.2,9.5,41,3260.68,963.11
R00814,2024-04-27,L6,221,44.2,0.00,Sem divulgação,0,92.3,9.5,51,3598.37,1389.46
R00815,2024-04-27,L3,293,44.7,142.48,Redes sociais,0,96.8,13.8,39,3101.66,1055.30
R00816,2024-04-27,L5,285,49.8,202.46,Redes sociais,20,95.4,11.8,65,4679.87,1611.28
R00817,2024-04-29,L4,55,29.8,0.00,Sem divulgação,20,97.0,2.6,30,2262.59,757.06
R00818,2024-04-29,L8,172,34.6,135.61,Redes sociais,0,97.6,9.0,64,4379.86,1689.83
R00819,2024-04-29,L2,160,33.2,76.02,Redes sociais,0,97.3,10.9,38,2753.89,994.95
R00820,2024-04-29,L1,118,31.9,0.00,Sem divulgação,10,97.6,7.1,52,2765.42,1012.19
R00821,2024-04-29,L7,182,35.3,43.69,Redes sociais,10,97.5,11.2,40,2572.80,813.76
R00822,2024-04-29,L6,195,42.9,136.20,Redes sociais,15,93.2,9.3,57,3412.66,1133.30
R00823,2024-04-29,L3,184,39.5,32.18,Mídia local,5,98.4,10.5,38,3111.92,1032.55
R00824,2024-04-29,L5,206,44.6,112.12,Redes sociais,0,92.5,11.4,31,2318.08,915.91
R00825,2024-04-30,L4,142,26.0,232.19,Redes sociais,5,95.3,11.4,32,2422.05,880.11
R00826,2024-04-30,L8,135,30.8,88.30,Redes sociais,0,93.2,7.3,46,3111.84,1268.23
R00827,2024-04-30,L2,183,40.0,125.17,Redes sociais,0,95.6,8.7,40,2886.23,1116.73
R00828,2024-04-30,L1,101,28.4,0.00,Sem divulgação,5,97.7,6.0,34,1658.03,665.58
R00829,2024-04-30,L7,162,39.2,149.57,WhatsApp,10,94.1,8.3,49,3265.54,1070.75
R00830,2024-04-30,L6,182,39.9,262.47,Mídia local,5,94.9,8.3,49,3384.91,1156.06
R00831,2024-04-30,L3,113,34.7,0.00,Sem divulgação,0,96.5,7.6,24,2013.16,689.94
R00832,2024-04-30,L5,234,42.6,224.16,WhatsApp,0,93.5,12.4,36,3094.79,1239.95
R00833,2024-05-01,L4,126,36.2,117.28,Redes sociais,0,98.6,6.7,52,3985.28,1545.56
R00834,2024-05-01,L8,109,28.1,0.00,Sem divulgação,20,95.7,6.7,43,2328.70,712.15
R00835,2024-05-01,L2,106,28.7,0.00,Sem divulgação,0,96.8,5.4,40,2924.27,1091.82
R00836,2024-05-01,L1,174,25.0,0.00,Sem divulgação,20,97.5,14.4,54,2896.03,1005.54
R00837,2024-05-01,L7,153,35.5,47.91,Redes sociais,0,93.1,9.0,35,2415.00,869.75
R00838,2024-05-01,L6,164,42.1,142.98,Redes sociais,10,95.6,8.2,42,2586.60,874.35
R00839,2024-05-01,L3,223,44.7,65.66,WhatsApp,5,95.5,11.7,28,2162.37,713.62
R00840,2024-05-01,L5,258,46.2,53.57,Redes sociais,0,93.6,10.5,47,3555.16,1391.34
R00841,2024-05-02,L4,145,35.6,243.64,Redes sociais,0,95.0,6.6,40,2994.56,1141.52
R00842,2024-05-02,L8,127,36.5,131.60,Mídia local,0,94.4,7.6,37,2409.71,942.63
R00843,2024-05-02,L2,95,30.5,0.00,Sem divulgação,0,94.5,4.5,34,2315.83,857.76
R00844,2024-05-02,L1,186,43.7,215.79,Redes sociais,5,95.2,9.0,45,2547.17,1045.01
R00845,2024-05-02,L7,237,43.1,168.51,Redes sociais,0,92.0,10.6,40,3378.35,1250.88
R00846,2024-05-02,L6,187,41.4,97.39,Redes sociais,15,93.6,9.9,42,3254.89,1100.56
R00847,2024-05-02,L3,276,44.3,137.55,Redes sociais,20,94.1,13.5,55,5139.34,1584.59
R00848,2024-05-02,L5,211,44.3,0.00,Sem divulgação,0,95.1,11.0,51,4059.87,1598.01
R00849,2024-05-03,L4,150,39.8,210.70,WhatsApp,0,97.6,7.7,50,4173.67,1618.74
R00850,2024-05-03,L8,174,43.6,161.96,WhatsApp,5,95.9,6.7,69,5490.72,2116.71
R00851,2024-05-03,L2,199,35.4,192.74,Redes sociais,5,93.9,11.9,34,2377.08,861.71
R00852,2024-05-03,L1,154,32.7,0.00,Sem divulgação,20,94.7,8.1,57,2712.82,887.03
R00853,2024-05-03,L7,217,38.9,59.41,Mídia local,0,85.0,10.5,31,2392.57,914.56
R00854,2024-05-03,L6,205,38.8,64.23,WhatsApp,0,94.2,11.5,39,2470.03,985.96
R00855,2024-05-03,L3,198,37.8,0.00,Sem divulgação,0,96.8,11.6,46,3859.85,1342.57
R00856,2024-05-03,L5,228,51.4,157.03,Redes sociais,0,92.0,10.0,36,2840.05,1113.60
R00857,2024-05-04,L4,133,30.7,0.00,Sem divulgação,10,98.6,7.8,60,5436.71,2014.95
R00858,2024-05-04,L8,139,29.2,0.00,Sem divulgação,0,93.2,11.6,39,2480.04,987.50
R00859,2024-05-04,L2,152,34.5,0.00,Sem divulgação,0,98.1,6.7,63,4757.84,1734.45
R00860,2024-05-04,L1,191,39.2,82.26,Redes sociais,15,96.6,9.4,64,3817.99,1336.20
R00861,2024-05-04,L7,198,44.3,158.49,Redes sociais,0,95.8,10.0,48,4047.11,1458.93
R00862,2024-05-04,L6,189,36.7,0.00,Sem divulgação,15,93.6,10.6,67,4782.91,1529.08
R00863,2024-05-04,L3,258,58.4,311.08,Redes sociais,5,96.8,9.5,52,3910.78,1294.97
R00864,2024-05-04,L5,211,49.5,113.98,WhatsApp,0,94.0,10.3,44,2830.59,1081.71
R00865,2024-05-06,L4,129,31.3,80.80,Mídia local,5,97.6,7.6,54,3354.41,1245.45
R00866,2024-05-06,L8,141,36.5,61.23,Redes sociais,5,94.6,7.3,44,2610.03,1016.42
R00867,2024-05-06,L2,193,34.9,136.39,Redes sociais,10,95.3,11.6,48,3499.08,1104.23
R00868,2024-05-06,L1,173,40.2,91.13,Redes sociais,0,95.8,7.8,58,4141.18,1630.42
R00869,2024-05-06,L7,173,50.4,420.00,Mídia local,0,97.4,6.3,54,3780.64,1437.52
R00870,2024-05-06,L6,206,35.3,0.00,Sem divulgação,5,95.2,12.3,46,2804.71,997.05
R00871,2024-05-06,L3,186,48.4,105.08,Redes sociais,0,94.9,8.4,45,3797.57,1344.30
R00872,2024-05-06,L5,222,43.5,0.00,Sem divulgação,5,93.5,10.6,34,3051.85,1138.92
R00873,2024-05-07,L4,126,29.0,109.15,Mídia local,0,99.3,7.0,47,3897.11,1443.39
R00874,2024-05-07,L8,69,23.3,0.00,Sem divulgação,15,94.1,6.1,23,1553.32,512.28
R00875,2024-05-07,L2,96,32.2,0.00,Sem divulgação,5,95.5,4.3,25,2085.61,707.35
R00876,2024-05-07,L1,189,36.7,98.64,Redes sociais,15,96.6,10.8,76,4255.49,1513.43
R00877,2024-05-07,L7,107,34.2,0.00,Sem divulgação,0,91.5,6.4,17,1080.33,394.71
R00878,2024-05-07,L6,154,28.0,0.00,Sem divulgação,20,93.1,12.2,44,2705.32,853.57
R00879,2024-05-07,L3,193,45.7,134.08,WhatsApp,0,93.2,7.0,48,3694.73,1250.85
R00880,2024-05-07,L5,199,44.6,136.91,Mídia local,5,98.4,9.7,40,2289.93,895.84
R00881,2024-05-08,L4,130,32.3,71.26,Mídia local,0,100.0,7.9,54,4116.08,1612.56
R00882,2024-05-08,L8,100,27.4,0.00,Sem divulgação,0,95.8,6.2,26,1611.15,646.08
R00883,2024-05-08,L2,115,33.8,0.00,Sem divulgação,5,96.4,5.9,43,2653.85,931.60
R00884,2024-05-08,L1,110,35.0,0.00,Sem divulgação,0,98.0,3.7,46,2902.86,1191.28
R00885,2024-05-08,L7,135,27.5,0.00,Sem divulgação,15,95.6,10.0,50,4836.25,1470.19
R00886,2024-05-08,L6,198,43.3,242.45,Redes sociais,5,96.5,9.4,41,2714.87,994.47
R00887,2024-05-08,L3,206,41.6,97.63,Redes sociais,15,94.6,10.6,54,4327.74,1310.43
R00888,2024-05-08,L5,210,40.8,65.38,Redes sociais,0,96.0,10.5,43,3718.37,1425.31
R00889,2024-05-09,L4,112,23.6,0.00,Sem divulgação,0,95.2,9.1,27,2087.52,816.83
R00890,2024-05-09,L8,91,28.0,0.00,Sem divulgação,0,99.2,5.0,38,2083.16,839.64
R00891,2024-05-09,L2,166,37.5,120.75,WhatsApp,0,93.6,9.2,44,3675.41,1332.66
R00892,2024-05-09,L1,147,35.2,81.93,Redes sociais,5,96.7,9.9,48,3652.11,1423.08
R00893,2024-05-09,L7,168,37.1,83.81,WhatsApp,10,94.3,7.7,61,4499.75,1449.36
R00894,2024-05-09,L6,168,42.7,82.76,Mídia local,10,92.7,6.2,54,4703.45,1684.56
R00895,2024-05-09,L3,186,41.8,159.69,Redes sociais,0,99.6,9.8,38,2979.12,1070.87
R00896,2024-05-09,L5,250,49.4,126.77,Redes sociais,0,94.4,12.1,41,3039.15,1188.86
R00897,2024-05-10,L4,112,22.5,0.00,Sem divulgação,15,95.8,9.0,45,2630.27,877.21
R00898,2024-05-10,L8,92,26.6,0.00,Sem divulgação,15,98.2,6.5,42,2763.72,930.10
R00899,2024-05-10,L2,175,40.7,99.74,WhatsApp,0,85.1,8.8,40,3053.64,1102.85
R00900,2024-05-10,L1,137,30.8,0.00,Sem divulgação,15,98.4,9.3,34,2301.94,845.16
R00901,2024-05-10,L7,168,39.6,46.24,WhatsApp,0,97.1,8.2,56,4480.87,1618.57
R00902,2024-05-10,L6,207,35.5,0.00,Sem divulgação,15,93.2,11.9,54,3835.93,1306.05
R00903,2024-05-10,L3,203,40.4,0.00,Sem divulgação,15,96.9,11.2,43,3182.44,991.27
R00904,2024-05-10,L5,219,43.8,0.00,Sem divulgação,0,95.2,9.0,49,3848.30,1463.51
R00905,2024-05-11,L4,157,28.5,167.31,WhatsApp,10,98.8,10.1,54,3766.31,1363.96
R00906,2024-05-11,L8,135,28.2,0.00,Sem divulgação,5,99.9,8.9,57,3332.06,1276.36
R00907,2024-05-11,L2,138,35.5,0.00,Sem divulgação,15,95.0,7.2,52,4414.41,1420.53
R00908,2024-05-11,L1,192,42.4,128.54,WhatsApp,0,99.4,10.1,59,3912.70,1603.00
R00909,2024-05-11,L7,213,34.2,0.00,Sem divulgação,0,95.2,13.9,30,2623.59,952.73
R00910,2024-05-11,L6,187,48.9,172.12,Redes sociais,0,95.7,6.9,47,3141.71,1173.27
R00911,2024-05-11,L3,263,52.9,284.47,Redes sociais,20,96.0,9.9,58,4074.87,1108.46
R00912,2024-05-11,L5,240,43.7,0.00,Sem divulgação,20,97.1,11.8,68,4636.31,1274.03
R00913,2024-05-13,L4,74,21.6,0.00,Sem divulgação,10,95.5,6.3,31,2392.37,910.27
R00914,2024-05-13,L8,119,28.4,99.91,Mídia local,0,96.6,7.8,43,2523.46,999.30
R00915,2024-05-13,L2,91,25.4,0.00,Sem divulgação,15,96.7,7.9,36,2713.76,813.45
R00916,2024-05-13,L1,117,30.2,0.00,Sem divulgação,5,98.8,6.9,36,2160.80,857.46
R00917,2024-05-13,L7,180,32.6,124.81,Redes sociais,10,95.3,13.0,37,2479.33,772.52
R00918,2024-05-13,L6,126,33.5,95.45,Mídia local,0,95.8,9.4,25,1718.95,672.21
R00919,2024-05-13,L3,143,33.7,0.00,Sem divulgação,0,96.1,11.1,18,1505.02,523.13
R00920,2024-05-13,L5,186,40.2,100.63,WhatsApp,20,97.0,8.7,45,3415.77,1112.17
R00921,2024-05-14,L4,82,26.6,0.00,Sem divulgação,5,96.3,4.2,33,2744.32,1070.26
R00922,2024-05-14,L8,94,25.3,0.00,Sem divulgação,0,95.7,7.3,35,2298.35,952.16
R00923,2024-05-14,L2,121,33.6,0.00,Sem divulgação,0,94.3,6.4,45,3202.14,1156.27
R00924,2024-05-14,L1,116,26.6,0.00,Sem divulgação,15,97.0,9.5,29,2043.26,700.06
R00925,2024-05-14,L7,120,35.9,0.00,Sem divulgação,0,95.6,7.9,30,2697.41,949.53
R00926,2024-05-14,L6,241,44.9,161.76,Redes sociais,10,97.0,11.0,44,2804.47,957.99
R00927,2024-05-14,L3,219,37.0,145.06,Redes sociais,10,96.4,12.2,41,3641.38,1185.96
R00928,2024-05-14,L5,166,32.2,0.00,Sem divulgação,0,93.0,12.1,19,1457.19,571.42
R00929,2024-05-15,L4,147,33.5,59.05,Redes sociais,0,93.1,8.5,40,2931.53,1147.43
R00930,2024-05-15,L8,159,32.7,126.68,Redes sociais,5,100.0,10.7,48,3218.66,1220.00
R00931,2024-05-15,L2,198,36.4,185.56,Redes sociais,5,98.8,12.0,46,3356.85,1151.14
R00932,2024-05-15,L1,145,34.2,0.00,Sem divulgação,0,96.3,7.4,40,2264.19,945.99
R00933,2024-05-15,L7,198,41.6,134.96,WhatsApp,0,96.1,9.6,43,3897.84,1362.90
R00934,2024-05-15,L6,187,38.5,0.00,Sem divulgação,0,94.1,10.3,35,2718.72,1043.91
R00935,2024-05-15,L3,172,35.6,0.00,Sem divulgação,5,97.1,9.3,30,2739.54,973.07
R00936,2024-05-15,L5,237,41.3,0.00,Sem divulgação,5,95.3,12.5,37,2762.50,1034.41
R00937,2024-05-16,L4,114,26.3,71.43,Redes sociais,0,97.7,6.8,42,3351.63,1354.20
R00938,2024-05-16,L8,185,35.5,82.93,Redes sociais,0,95.6,10.4,46,3586.55,1456.85
R00939,2024-05-16,L2,177,34.5,94.78,Redes sociais,20,94.4,10.9,58,4139.53,1186.23
R00940,2024-05-16,L1,124,32.7,0.00,Sem divulgação,5,95.9,8.5,31,2117.58,822.42
R00941,2024-05-16,L7,164,39.5,126.23,Mídia local,10,98.2,9.3,60,5250.04,1662.90
R00942,2024-05-16,L6,160,38.2,56.87,WhatsApp,15,90.3,8.9,62,3724.58,1134.02
R00943,2024-05-16,L3,193,33.9,0.00,Sem divulgação,15,95.3,13.6,31,2413.40,662.18
R00944,2024-05-16,L5,202,38.2,0.00,Sem divulgação,5,95.3,12.2,51,3696.18,1365.77
R00945,2024-05-17,L4,66,31.2,0.00,Sem divulgação,5,95.9,5.4,21,1428.07,509.94
R00946,2024-05-17,L8,90,30.9,0.00,Sem divulgação,5,96.4,4.8,29,2701.49,1024.96
R00947,2024-05-17,L2,169,36.9,103.56,Mídia local,0,95.3,7.9,43,3815.16,1435.78
R00948,2024-05-17,L1,136,31.1,0.00,Sem divulgação,0,95.3,9.6,27,1643.26,687.72
R00949,2024-05-17,L7,184,48.9,209.34,Mídia local,20,95.2,6.8,66,4817.64,1320.94
R00950,2024-05-17,L6,190,41.8,116.25,Redes sociais,20,93.4,11.6,34,2110.56,647.44
R00951,2024-05-17,L3,231,49.1,131.54,Redes sociais,20,95.6,8.8,64,3952.62,1002.42
R00952,2024-05-17,L5,312,51.6,164.99,WhatsApp,10,92.8,10.7,62,3994.64,1456.41
R00953,2024-05-18,L4,148,33.8,154.04,Redes sociais,5,97.1,8.6,57,3702.31,1363.10
R00954,2024-05-18,L8,152,25.5,0.00,Sem divulgação,10,96.7,10.4,55,3415.30,1268.31
R00955,2024-05-18,L2,160,34.2,0.00,Sem divulgação,10,94.0,7.9,55,4006.33,1362.90
R00956,2024-05-18,L1,135,35.2,0.00,Sem divulgação,15,97.4,8.5,46,3627.22,1205.39
R00957,2024-05-18,L7,224,43.4,138.22,Mídia local,15,94.7,10.0,58,4451.39,1409.95
R00958,2024-05-18,L6,326,43.0,115.52,Redes sociais,0,97.6,16.3,67,5457.32,2094.46
R00959,2024-05-18,L3,202,46.2,72.51,Redes sociais,5,93.3,8.4,49,3957.69,1330.00
R00960,2024-05-18,L5,246,49.1,107.05,Redes sociais,10,97.2,13.1,52,3586.91,1325.70
R00961,2024-05-20,L4,84,20.5,0.00,Sem divulgação,0,97.9,7.7,24,1521.56,576.78
R00962,2024-05-20,L8,151,33.1,151.44,Redes sociais,15,98.5,8.5,71,4430.35,1494.01
R00963,2024-05-20,L2,101,26.1,0.00,Sem divulgação,5,96.2,7.5,29,1856.00,656.39
R00964,2024-05-20,L1,180,31.9,141.11,Redes sociais,0,97.0,10.4,36,2601.38,1060.74
R00965,2024-05-20,L7,146,25.8,0.00,Sem divulgação,15,95.1,11.8,48,2861.17,833.51
R00966,2024-05-20,L6,175,39.2,98.95,WhatsApp,0,94.7,11.3,26,1492.77,572.43
R00967,2024-05-20,L3,163,36.5,0.00,Sem divulgação,20,94.0,9.9,41,3199.79,833.14
R00968,2024-05-20,L5,254,46.4,149.62,Redes sociais,15,92.2,11.4,50,3310.31,1173.59
R00969,2024-05-21,L4,131,31.8,94.42,WhatsApp,0,97.8,6.5,55,3629.86,1376.62
R00970,2024-05-21,L8,149,28.8,81.18,Redes sociais,0,98.4,10.1,41,2836.88,1110.03
R00971,2024-05-21,L2,104,28.4,0.00,Sem divulgação,0,97.5,7.6,37,3052.13,1107.50
R00972,2024-05-21,L1,171,39.3,72.54,Mídia local,0,98.0,7.6,53,3545.46,1416.52
R00973,2024-05-21,L7,139,29.8,0.00,Sem divulgação,0,95.3,9.5,19,1490.55,532.63
R00974,2024-05-21,L6,178,36.6,59.95,WhatsApp,5,89.3,10.0,39,2729.01,997.78
R00975,2024-05-21,L3,186,40.9,89.81,Mídia local,5,96.9,8.2,45,3807.21,1212.12
R00976,2024-05-21,L5,182,42.1,0.00,Sem divulgação,0,92.8,9.7,26,2101.72,839.66
R00977,2024-05-22,L4,59,27.4,0.00,Sem divulgação,0,94.7,3.9,17,1379.07,537.68
R00978,2024-05-22,L8,140,32.0,348.79,Redes sociais,5,97.9,7.3,39,2978.85,1106.05
R00979,2024-05-22,L2,144,34.6,99.40,Mídia local,0,96.5,8.6,37,2557.40,931.18
R00980,2024-05-22,L1,139,34.0,62.13,Mídia local,0,98.5,7.2,35,2197.44,872.86
R00981,2024-05-22,L7,142,35.6,115.96,Mídia local,10,95.7,7.7,42,3199.41,1000.90
R00982,2024-05-22,L6,190,34.7,0.00,Sem divulgação,0,92.1,11.6,26,2263.81,838.26
R00983,2024-05-22,L3,208,38.5,113.96,Redes sociais,5,83.9,11.1,26,2046.06,666.39
R00984,2024-05-22,L5,247,46.8,192.66,WhatsApp,0,93.8,12.6,43,2828.92,1070.41
R00985,2024-05-23,L4,77,19.1,0.00,Sem divulgação,20,98.1,7.2,40,3009.02,979.15
R00986,2024-05-23,L8,169,30.1,71.00,Mídia local,10,84.3,11.3,25,1716.35,639.88
R00987,2024-05-23,L2,151,42.7,403.60,Redes sociais,0,94.1,7.5,41,2953.37,1117.05
R00988,2024-05-23,L1,125,28.2,0.00,Sem divulgação,0,97.5,8.7,41,2821.96,1180.46
R00989,2024-05-23,L7,140,33.3,0.00,Sem divulgação,10,95.1,8.5,35,2545.27,819.56
R00990,2024-05-23,L6,165,34.7,0.00,Sem divulgação,0,95.3,11.1,37,2618.16,991.67
R00991,2024-05-23,L3,234,42.4,97.47,Redes sociais,5,96.2,11.9,28,2596.84,918.12
R00992,2024-05-23,L5,213,43.0,147.75,Redes sociais,0,96.1,10.0,36,2181.95,886.75
R00993,2024-05-24,L4,97,22.2,0.00,Sem divulgação,15,95.9,7.5,47,3282.94,1151.12
R00994,2024-05-24,L8,162,38.7,62.14,WhatsApp,10,96.4,7.7,69,4519.37,1643.20
R00995,2024-05-24,L2,183,37.9,75.51,Redes sociais,10,94.7,9.8,62,4385.04,1464.18
R00996,2024-05-24,L1,172,37.0,0.00,Sem divulgação,10,95.9,8.8,56,3189.69,1181.38
R00997,2024-05-24,L7,177,32.8,0.00,Sem divulgação,10,96.3,11.9,49,4027.86,1303.45
R00998,2024-05-24,L6,193,47.3,137.69,WhatsApp,5,96.8,8.9,52,2679.49,970.95
R00999,2024-05-24,L3,168,43.8,0.00,Sem divulgação,0,95.3,9.2,35,2815.62,1018.41
R01000,2024-05-24,L5,231,43.4,199.62,WhatsApp,0,92.2,11.3,26,1957.23,747.46
R01001,2024-05-25,L4,95,29.3,52.27,Mídia local,5,99.4,5.6,43,3178.33,1202.61
R01002,2024-05-25,L8,137,40.4,86.09,WhatsApp,5,96.7,6.9,43,2660.60,1018.04
R01003,2024-05-25,L2,148,38.5,0.00,Sem divulgação,15,97.7,7.1,81,5839.36,1801.22
R01004,2024-05-25,L1,157,35.6,0.00,Sem divulgação,20,97.5,9.0,64,3363.49,1062.16
R01005,2024-05-25,L7,194,47.3,53.71,Redes sociais,5,94.3,8.2,52,3975.59,1398.97
R01006,2024-05-25,L6,181,35.9,0.00,Sem divulgação,0,95.4,10.2,49,3905.67,1522.03
R01007,2024-05-25,L3,244,48.3,106.14,Redes sociais,0,96.2,9.0,49,4408.83,1534.37
R01008,2024-05-25,L5,260,55.9,238.09,WhatsApp,10,95.3,9.6,69,4487.03,1622.49
R01009,2024-05-27,L4,94,28.0,0.00,Sem divulgação,10,99.9,5.4,46,2755.98,1043.69
R01010,2024-05-27,L8,149,26.7,44.96,Redes sociais,5,96.1,11.5,44,3259.40,1237.25
R01011,2024-05-27,L2,153,34.3,132.19,WhatsApp,5,95.0,9.5,36,2860.51,987.22
R01012,2024-05-27,L1,167,35.2,159.88,Redes sociais,0,98.6,9.8,49,3018.45,1266.87
R01013,2024-05-27,L7,152,33.3,0.00,Sem divulgação,0,92.9,8.7,42,3307.59,1208.65
R01014,2024-05-27,L6,179,40.1,81.83,WhatsApp,5,94.7,9.2,46,3426.94,1252.93
R01015,2024-05-27,L3,267,45.7,116.26,WhatsApp,5,98.2,11.8,49,3416.13,1183.73
R01016,2024-05-27,L5,175,39.5,0.00,Sem divulgação,5,91.3,9.4,33,2394.10,905.15
R01017,2024-05-28,L4,96,29.4,54.86,Redes sociais,10,93.3,5.4,30,1999.98,691.04
R01018,2024-05-28,L8,120,31.4,148.87,Mídia local,0,94.8,8.7,31,2703.07,1070.21
R01019,2024-05-28,L2,150,32.1,79.48,Redes sociais,5,96.3,9.5,52,4144.95,1395.52
R01020,2024-05-28,L1,184,34.2,174.94,Redes sociais,0,95.7,10.8,46,3047.42,1233.04
R01021,2024-05-28,L7,199,38.5,154.72,Redes sociais,0,96.4,11.0,43,2978.32,1060.26
R01022,2024-05-28,L6,144,32.5,0.00,Sem divulgação,0,94.5,11.0,25,1867.43,704.59
R01023,2024-05-28,L3,150,33.6,0.00,Sem divulgação,0,93.6,9.5,33,2630.57,921.43
R01024,2024-05-28,L5,210,39.8,135.65,Mídia local,15,96.4,11.9,41,2870.99,916.53
R01025,2024-05-29,L4,105,35.1,136.34,Redes sociais,0,99.4,4.5,49,3451.12,1342.62
R01026,2024-05-29,L8,161,35.0,97.43,Redes sociais,5,94.1,8.3,50,3434.00,1293.24
R01027,2024-05-29,L2,150,35.7,190.11,Redes sociais,10,96.2,9.1,49,3222.73,1102.08
R01028,2024-05-29,L1,138,30.9,0.00,Sem divulgação,10,95.5,8.2,42,2630.89,933.04
R01029,2024-05-29,L7,176,35.4,65.13,WhatsApp,0,94.7,11.0,28,1935.95,699.06
R01030,2024-05-29,L6,203,40.9,83.17,Mídia local,10,93.8,10.9,49,3538.52,1250.36
R01031,2024-05-29,L3,235,45.0,109.83,Mídia local,10,97.5,11.7,34,2748.79,879.00
R01032,2024-05-29,L5,250,44.8,195.28,Redes sociais,0,95.6,13.4,31,2382.53,915.35
R01033,2024-05-30,L4,152,28.6,138.37,Mídia local,0,97.6,11.3,45,3545.01,1434.34
R01034,2024-05-30,L8,156,36.6,69.13,Redes sociais,0,98.1,7.0,48,3496.11,1404.53
R01035,2024-05-30,L2,111,35.7,0.00,Sem divulgação,5,94.1,5.8,37,2312.83,799.50
R01036,2024-05-30,L1,130,34.6,0.00,Sem divulgação,0,96.5,9.0,36,2316.60,956.37
R01037,2024-05-30,L7,197,40.3,164.92,Mídia local,20,95.0,8.3,50,4380.25,1199.07
R01038,2024-05-30,L6,238,36.8,182.80,Redes sociais,5,93.3,14.6,41,2767.64,993.91
R01039,2024-05-30,L3,228,45.7,149.46,Redes sociais,0,96.6,9.8,43,3339.97,1236.75
R01040,2024-05-30,L5,199,38.6,0.00,Sem divulgação,5,92.7,12.4,24,2187.48,817.01
R01041,2024-05-31,L4,124,30.4,91.42,Redes sociais,0,95.6,7.9,39,2707.62,1051.46
R01042,2024-05-31,L8,156,26.4,80.94,Redes sociais,15,95.6,11.6,45,2620.67,935.38
R01043,2024-05-31,L2,189,39.3,157.75,Redes sociais,15,95.1,9.0,53,3896.74,1375.72
R01044,2024-05-31,L1,150,35.4,0.00,Sem divulgação,15,95.9,8.3,47,2501.75,887.54
R01045,2024-05-31,L7,189,42.1,186.61,Redes sociais,0,93.8,10.2,26,2036.38,723.62
R01046,2024-05-31,L6,191,41.8,101.81,Mídia local,10,92.1,10.3,51,3160.42,1113.45
R01047,2024-05-31,L3,217,45.7,109.69,Mídia local,0,96.0,9.4,34,2744.70,980.57
R01048,2024-05-31,L5,203,41.0,0.00,Sem divulgação,15,95.1,11.4,54,3579.01,1271.89
R01049,2024-06-01,L4,145,30.7,164.75,Redes sociais,5,96.8,10.2,40,2424.63,889.60
R01050,2024-06-01,L8,157,37.8,190.05,Redes sociais,0,96.6,7.6,58,4073.68,1612.78
R01051,2024-06-01,L2,155,33.6,109.97,Mídia local,10,97.0,10.1,55,3810.01,1205.44
R01052,2024-06-01,L1,174,34.8,109.61,WhatsApp,10,96.3,10.4,63,4116.13,1496.32
R01053,2024-06-01,L7,213,37.7,81.31,WhatsApp,10,95.5,10.3,56,4808.20,1547.27
R01054,2024-06-01,L6,193,44.6,96.77,WhatsApp,0,94.9,9.3,42,3118.31,1179.18
R01055,2024-06-01,L3,232,46.4,281.98,Mídia local,20,96.6,11.0,54,4467.11,1094.95
R01056,2024-06-01,L5,167,37.7,0.00,Sem divulgação,5,95.6,9.4,36,2742.20,987.71
R01057,2024-06-03,L4,100,35.0,116.62,Mídia local,0,95.7,4.7,50,3961.17,1534.15
R01058,2024-06-03,L8,73,30.6,0.00,Sem divulgação,0,94.3,2.9,43,2989.67,1175.69
R01059,2024-06-03,L2,147,26.7,61.46,Redes sociais,20,96.8,9.9,53,3640.62,1139.07
R01060,2024-06-03,L1,165,35.2,68.83,Redes sociais,0,95.2,9.8,51,3399.18,1376.16
R01061,2024-06-03,L7,159,40.9,209.33,Redes sociais,5,96.7,7.8,45,4061.58,1376.25
R01062,2024-06-03,L6,155,37.0,123.37,Redes sociais,0,95.0,9.2,32,2551.28,957.93
R01063,2024-06-03,L3,134,36.7,0.00,Sem divulgação,0,97.7,8.0,26,2615.92,922.53
R01064,2024-06-03,L5,136,40.4,0.00,Sem divulgação,0,94.6,9.2,31,2216.70,904.83
R01065,2024-06-04,L4,67,23.4,0.00,Sem divulgação,10,97.8,6.3,35,2739.42,1019.85
R01066,2024-06-04,L8,152,33.6,142.50,Mídia local,10,98.1,9.4,51,4046.17,1436.44
R01067,2024-06-04,L2,115,29.0,0.00,Sem divulgação,5,96.3,8.2,43,3264.18,1122.45
R01068,2024-06-04,L1,118,34.6,0.00,Sem divulgação,0,98.7,6.6,31,2139.32,861.48
R01069,2024-06-04,L7,203,40.1,81.68,Redes sociais,0,94.2,10.6,45,3449.32,1191.40
R01070,2024-06-04,L6,171,25.5,0.00,Sem divulgação,5,94.7,13.9,21,1454.55,525.08
R01071,2024-06-04,L3,159,37.1,0.00,Sem divulgação,0,93.0,10.0,36,3221.11,1088.74
R01072,2024-06-04,L5,243,46.7,73.63,WhatsApp,0,95.0,11.3,47,3253.97,1317.34
R01073,2024-06-05,L4,143,26.6,141.99,Redes sociais,0,96.5,9.4,50,3668.20,1451.84
R01074,2024-06-05,L8,141,34.3,328.09,WhatsApp,15,88.5,7.3,32,1880.69,658.93
R01075,2024-06-05,L2,226,34.1,83.93,Redes sociais,0,94.6,13.7,32,2811.86,1067.05
R01076,2024-06-05,L1,120,25.5,0.00,Sem divulgação,0,98.5,9.8,32,1908.36,782.44
R01077,2024-06-05,L7,114,32.2,0.00,Sem divulgação,10,95.9,7.4,36,2773.59,924.45
R01078,2024-06-05,L6,189,35.4,96.76,Mídia local,15,97.6,10.9,52,3313.73,1054.97
R01079,2024-06-05,L3,142,38.4,116.28,Redes sociais,0,94.0,7.4,32,2581.29,951.12
R01080,2024-06-05,L5,267,45.9,172.71,Redes sociais,5,93.2,13.5,34,2735.97,1011.30
R01081,2024-06-06,L4,117,33.2,110.42,WhatsApp,0,95.9,7.0,52,3863.25,1481.74
R01082,2024-06-06,L8,68,27.9,0.00,Sem divulgação,0,97.5,4.2,20,1224.56,465.42
R01083,2024-06-06,L2,138,26.2,0.00,Sem divulgação,5,97.6,10.7,36,2523.47,852.27
R01084,2024-06-06,L1,108,34.7,0.00,Sem divulgação,10,94.0,6.2,43,2428.70,924.12
R01085,2024-06-06,L7,200,41.0,77.06,WhatsApp,5,95.8,8.5,56,4167.13,1339.21
R01086,2024-06-06,L6,208,41.5,134.84,Redes sociais,15,94.4,11.6,50,3635.88,1163.66
R01087,2024-06-06,L3,202,34.7,0.00,Sem divulgação,15,96.5,13.0,32,2458.98,792.76
R01088,2024-06-06,L5,181,35.6,0.00,Sem divulgação,0,96.4,9.7,30,2306.60,915.33
R01089,2024-06-07,L4,155,35.4,230.87,Redes sociais,0,98.0,8.3,51,3458.66,1323.82
R01090,2024-06-07,L8,123,31.7,0.00,Sem divulgação,5,95.5,7.7,42,2245.84,845.93
R01091,2024-06-07,L2,205,37.4,170.35,WhatsApp,20,95.7,10.3,62,3771.31,1064.86
R01092,2024-06-07,L1,203,36.2,107.08,Redes sociais,5,96.3,11.8,44,2729.76,1150.39
R01093,2024-06-07,L7,196,45.2,83.28,Redes sociais,15,98.4,8.7,71,4826.28,1505.87
R01094,2024-06-07,L6,212,46.0,0.00,Sem divulgação,0,96.8,10.2,41,2550.07,959.52
R01095,2024-06-07,L3,242,44.9,100.62,WhatsApp,10,96.6,11.2,45,3070.85,942.90
R01096,2024-06-07,L5,275,52.9,130.94,Redes sociais,10,93.6,12.3,42,3255.58,1083.04
R01097,2024-06-08,L4,141,40.4,324.31,Redes sociais,10,98.5,6.0,66,4770.71,1604.10
R01098,2024-06-08,L8,198,36.2,56.43,Redes sociais,0,99.6,10.7,49,3234.53,1309.35
R01099,2024-06-08,L2,181,33.5,60.70,WhatsApp,5,97.4,12.0,51,3160.43,1120.58
R01100,2024-06-08,L1,235,41.6,298.51,Redes sociais,5,98.0,11.7,66,4441.89,1792.27
R01101,2024-06-08,L7,214,48.8,142.39,Redes sociais,15,94.9,9.4,62,4503.03,1293.82
R01102,2024-06-08,L6,204,52.0,173.03,Redes sociais,15,94.2,6.8,74,4492.50,1469.84
R01103,2024-06-08,L3,193,47.1,0.00,Sem divulgação,15,96.6,10.6,62,4322.90,1324.06
R01104,2024-06-08,L5,210,48.7,0.00,Sem divulgação,0,96.6,8.0,43,3335.21,1302.70
R01105,2024-06-10,L4,154,33.3,175.69,Redes sociais,5,94.7,8.3,61,4654.12,1706.20
R01106,2024-06-10,L8,181,34.3,97.58,Redes sociais,5,95.9,10.5,48,3168.74,1170.33
R01107,2024-06-10,L2,198,35.2,130.80,Redes sociais,0,91.3,11.1,33,2096.56,777.10
R01108,2024-06-10,L1,207,40.8,251.64,WhatsApp,15,95.3,11.8,60,3981.00,1453.18
R01109,2024-06-10,L7,207,38.4,83.33,Redes sociais,0,91.1,11.2,32,2109.03,753.98
R01110,2024-06-10,L6,210,38.4,65.16,Redes sociais,0,94.3,13.1,47,3119.26,1213.10
R01111,2024-06-10,L3,177,38.3,0.00,Sem divulgação,0,94.2,9.3,22,2106.98,751.34
R01112,2024-06-10,L5,237,46.2,123.66,Mídia local,0,91.9,10.7,28,2148.39,805.43
R01113,2024-06-11,L4,122,29.9,137.19,Mídia local,15,98.9,7.4,61,4282.10,1460.12
R01114,2024-06-11,L8,157,30.7,239.35,Mídia local,0,96.0,10.3,45,3308.24,1308.06
R01115,2024-06-11,L2,129,34.3,105.45,Mídia local,0,96.4,7.3,28,2599.62,1003.65
R01116,2024-06-11,L1,84,29.6,0.00,Sem divulgação,15,98.3,6.4,38,2546.75,964.75
R01117,2024-06-11,L7,215,37.8,105.06,Redes sociais,0,95.2,12.8,39,2736.32,1025.54
R01118,2024-06-11,L6,202,45.0,212.45,WhatsApp,0,93.7,8.7,39,2549.73,967.86
R01119,2024-06-11,L3,207,42.9,97.48,Redes sociais,0,97.8,11.2,26,2116.16,727.94
R01120,2024-06-11,L5,164,40.9,0.00,Sem divulgação,0,92.9,7.6,17,1505.95,571.81
R01121,2024-06-12,L4,74,24.5,0.00,Sem divulgação,15,98.2,6.1,40,2693.77,843.29
R01122,2024-06-12,L8,150,33.5,105.93,Redes sociais,15,93.9,8.4,57,3951.52,1324.94
R01123,2024-06-12,L2,110,28.1,0.00,Sem divulgação,0,93.0,9.3,25,1904.27,719.44
R01124,2024-06-12,L1,189,39.6,235.65,Mídia local,0,97.1,8.7,63,4187.09,1757.85
R01125,2024-06-12,L7,134,37.4,0.00,Sem divulgação,5,95.9,7.6,41,2791.03,960.35
R01126,2024-06-12,L6,211,41.5,109.89,Redes sociais,0,95.2,12.8,39,2642.27,1061.34
R01127,2024-06-12,L3,205,45.1,109.99,WhatsApp,0,98.5,9.7,38,3158.93,1082.01
R01128,2024-06-12,L5,235,52.1,345.62,WhatsApp,0,92.2,9.8,34,2512.75,985.54
R01129,2024-06-13,L4,111,34.3,85.90,Redes sociais,5,95.4,5.8,41,2720.79,978.87
R01130,2024-06-13,L8,165,38.5,248.84,WhatsApp,0,95.0,7.7,61,4854.20,1876.14
R01131,2024-06-13,L2,184,37.3,176.80,Redes sociais,0,94.7,10.6,45,3144.86,1190.87
R01132,2024-06-13,L1,136,33.0,0.00,Sem divulgação,0,98.8,6.9,45,2879.94,1210.04
R01133,2024-06-13,L7,157,33.0,0.00,Sem divulgação,5,94.7,8.9,43,3369.84,1119.52
R01134,2024-06-13,L6,187,42.8,54.38,Redes sociais,20,95.6,8.5,48,3008.07,896.41
R01135,2024-06-13,L3,283,49.1,137.68,WhatsApp,0,96.0,12.9,40,3250.67,1134.39
R01136,2024-06-13,L5,179,46.9,0.00,Sem divulgação,5,83.9,9.2,17,1231.22,447.10
R01137,2024-06-14,L4,92,20.1,0.00,Sem divulgação,5,99.4,8.9,32,2133.51,812.99
R01138,2024-06-14,L8,179,35.6,158.98,WhatsApp,0,97.3,9.8,60,4443.64,1826.29
R01139,2024-06-14,L2,224,41.3,246.95,Redes sociais,15,93.7,11.9,52,3420.04,1033.41
R01140,2024-06-14,L1,158,34.1,0.00,Sem divulgação,5,95.7,9.7,33,2240.82,869.74
R01141,2024-06-14,L7,174,37.9,0.00,Sem divulgação,0,93.5,9.3,32,2793.94,953.63
R01142,2024-06-14,L6,255,48.6,216.42,Mídia local,10,92.5,9.4,66,4166.63,1451.24
R01143,2024-06-14,L3,246,46.1,80.13,Mídia local,15,97.4,13.0,40,3021.51,896.91
R01144,2024-06-14,L5,217,39.9,0.00,Sem divulgação,0,84.1,12.0,21,1744.26,674.86
R01145,2024-06-15,L4,93,30.5,0.00,Sem divulgação,5,97.1,5.8,48,3785.42,1364.71
R01146,2024-06-15,L8,215,37.6,100.04,WhatsApp,0,97.7,12.1,69,4522.11,1888.93
R01147,2024-06-15,L2,179,39.8,167.69,WhatsApp,5,94.7,7.2,67,5005.96,1810.52
R01148,2024-06-15,L1,183,32.7,121.08,Mídia local,5,95.9,10.9,38,2368.28,932.23
R01149,2024-06-15,L7,264,38.9,67.82,WhatsApp,5,91.3,13.9,37,3116.84,1042.22
R01150,2024-06-15,L6,223,46.2,60.31,Redes sociais,10,91.0,9.8,59,3939.54,1368.60
R01151,2024-06-15,L3,248,40.9,0.00,Sem divulgação,0,93.3,12.5,36,2638.86,988.79
R01152,2024-06-15,L5,243,42.4,0.00,Sem divulgação,0,96.6,11.3,50,3422.68,1344.58
R01153,2024-06-17,L4,103,24.8,50.80,WhatsApp,10,99.2,8.6,51,3816.29,1362.16
R01154,2024-06-17,L8,101,27.5,0.00,Sem divulgação,10,94.6,8.1,37,2437.74,945.95
R01155,2024-06-17,L2,103,26.1,0.00,Sem divulgação,0,94.4,6.8,27,2081.50,755.46
R01156,2024-06-17,L1,178,34.8,126.99,Redes sociais,5,96.5,10.0,49,2771.88,1069.16
R01157,2024-06-17,L7,154,25.4,0.00,Sem divulgação,0,93.9,12.3,25,2106.20,756.84
R01158,2024-06-17,L6,175,38.3,84.84,Redes sociais,0,95.7,9.0,49,3075.94,1188.52
R01159,2024-06-17,L3,186,42.7,90.64,Mídia local,0,94.8,8.5,34,2859.66,978.60
R01160,2024-06-17,L5,193,36.5,0.00,Sem divulgação,10,96.1,11.6,37,2396.34,795.95
R01161,2024-06-18,L4,99,26.5,0.00,Sem divulgação,20,96.7,6.6,50,2659.62,901.67
R01162,2024-06-18,L8,117,29.0,0.00,Sem divulgação,5,96.6,8.7,42,3218.85,1278.77
R01163,2024-06-18,L2,83,25.8,0.00,Sem divulgação,10,95.0,6.2,34,2431.37,800.76
R01164,2024-06-18,L1,189,32.9,71.50,Redes sociais,5,98.2,10.7,46,3133.57,1264.22
R01165,2024-06-18,L7,94,36.4,0.00,Sem divulgação,20,98.3,7.2,32,2294.35,636.39
R01166,2024-06-18,L6,155,35.7,75.60,Redes sociais,0,94.4,9.7,22,1404.17,547.27
R01167,2024-06-18,L3,213,48.5,155.30,WhatsApp,10,96.0,8.9,57,4216.50,1325.83
R01168,2024-06-18,L5,206,44.0,85.31,Redes sociais,10,92.1,9.9,28,1948.69,699.48
R01169,2024-06-19,L4,89,18.0,0.00,Sem divulgação,5,96.7,9.9,30,2040.52,781.00
R01170,2024-06-19,L8,158,34.6,84.58,WhatsApp,10,97.9,9.0,61,3467.28,1274.89
R01171,2024-06-19,L2,150,38.5,82.51,Redes sociais,0,98.1,7.4,46,2896.09,1076.35
R01172,2024-06-19,L1,108,27.9,0.00,Sem divulgação,5,95.3,7.1,37,2500.12,969.69
R01173,2024-06-19,L7,179,36.3,91.55,Redes sociais,5,93.4,9.4,30,1731.07,611.37
R01174,2024-06-19,L6,150,34.6,0.00,Sem divulgação,0,98.3,9.2,43,2886.05,1105.78
R01175,2024-06-19,L3,165,35.0,0.00,Sem divulgação,0,93.3,8.7,31,2880.02,1002.42
R01176,2024-06-19,L5,186,36.0,0.00,Sem divulgação,0,94.4,11.5,26,2131.16,838.25
R01177,2024-06-20,L4,170,29.6,338.82,Mídia local,0,96.8,11.5,48,3080.01,1177.96
R01178,2024-06-20,L8,91,33.0,73.10,Redes sociais,5,99.4,4.4,36,2072.92,835.42
R01179,2024-06-20,L2,97,31.4,0.00,Sem divulgação,0,96.1,6.3,36,2239.23,854.61
R01180,2024-06-20,L1,129,41.7,144.02,Redes sociais,0,97.1,4.9,45,2844.85,1145.38
R01181,2024-06-20,L7,179,39.0,150.77,Redes sociais,0,95.7,10.0,36,2732.24,971.07
R01182,2024-06-20,L6,197,44.3,174.86,Redes sociais,0,93.8,10.9,57,3707.30,1422.02
R01183,2024-06-20,L3,222,42.1,98.68,WhatsApp,0,94.5,9.8,43,3315.77,1149.44
R01184,2024-06-20,L5,180,40.1,0.00,Sem divulgação,5,94.5,9.7,52,3531.97,1303.88
R01185,2024-06-21,L4,91,29.4,0.00,Sem divulgação,0,98.9,5.0,27,2033.32,817.58
R01186,2024-06-21,L8,147,28.0,0.00,Sem divulgação,20,95.5,10.3,54,3855.99,1344.54
R01187,2024-06-21,L2,186,36.4,131.66,Redes sociais,0,93.5,9.7,31,2443.09,876.99
R01188,2024-06-21,L1,185,44.2,135.30,WhatsApp,0,98.4,7.9,51,3449.95,1414.01
R01189,2024-06-21,L7,191,38.8,0.00,Sem divulgação,5,95.3,10.3,41,3801.02,1342.38
R01190,2024-06-21,L6,162,39.2,0.00,Sem divulgação,5,92.9,7.6,30,1972.88,709.29
R01191,2024-06-21,L3,207,52.6,178.56,WhatsApp,10,93.4,7.2,51,3754.41,1203.75
R01192,2024-06-21,L5,202,45.3,0.00,Sem divulgação,0,97.3,10.0,38,3112.98,1201.98
R01193,2024-06-22,L4,141,31.9,71.96,Redes sociais,15,96.7,8.4,55,3267.02,1130.18
R01194,2024-06-22,L8,166,36.8,82.39,Redes sociais,0,94.3,8.4,47,3364.89,1354.86
R01195,2024-06-22,L2,192,32.5,57.76,Redes sociais,0,94.3,11.4,37,2954.32,1103.21
R01196,2024-06-22,L1,206,40.0,54.30,Mídia local,10,98.3,10.9,62,3443.13,1278.96
R01197,2024-06-22,L7,197,33.7,0.00,Sem divulgação,0,93.8,13.6,41,4020.24,1392.59
R01198,2024-06-22,L6,238,52.7,103.84,Mídia local,15,94.1,9.9,82,5203.82,1760.04
R01199,2024-06-22,L3,206,47.5,81.77,Redes sociais,0,94.7,9.6,38,3777.47,1352.76
R01200,2024-06-22,L5,258,38.6,0.00,Sem divulgação,5,94.1,14.7,44,3049.03,1197.31
R01201,2024-06-24,L4,97,25.5,0.00,Sem divulgação,0,99.4,7.4,40,2556.03,1013.84
R01202,2024-06-24,L8,171,33.6,83.71,Redes sociais,5,95.0,10.1,47,2554.76,1025.95
R01203,2024-06-24,L2,100,28.4,0.00,Sem divulgação,0,96.8,6.8,39,2788.48,1016.39
R01204,2024-06-24,L1,118,30.3,0.00,Sem divulgação,0,97.5,8.3,32,2045.60,807.57
R01205,2024-06-24,L7,155,39.0,0.00,Sem divulgação,0,94.4,9.7,30,2578.30,939.39
R01206,2024-06-24,L6,186,43.6,91.00,Redes sociais,0,92.9,9.4,35,2358.80,907.44
R01207,2024-06-24,L3,169,44.4,0.00,Sem divulgação,0,94.9,7.5,40,3269.74,1196.74
R01208,2024-06-24,L5,255,47.2,125.87,Redes sociais,0,92.3,13.1,29,2283.69,887.75
R01209,2024-06-25,L4,121,28.8,118.76,Redes sociais,0,94.2,5.7,32,2089.57,811.23
R01210,2024-06-25,L8,140,33.1,132.50,Mídia local,0,97.6,7.2,50,3120.11,1240.42
R01211,2024-06-25,L2,102,31.2,0.00,Sem divulgação,0,98.0,7.5,36,2824.88,1059.98
R01212,2024-06-25,L1,153,36.8,100.27,Mídia local,0,96.7,8.3,38,2015.79,837.56
R01213,2024-06-25,L7,178,31.6,0.00,Sem divulgação,0,94.3,9.9,26,1808.28,657.22
R01214,2024-06-25,L6,171,40.2,141.58,Mídia local,5,96.0,8.3,47,2858.22,1027.08
R01215,2024-06-25,L3,213,44.0,88.82,Redes sociais,15,96.5,10.9,44,3247.20,858.02
R01216,2024-06-25,L5,191,38.2,125.60,Redes sociais,10,94.5,10.1,61,4653.70,1705.42
R01217,2024-06-26,L4,90,24.5,0.00,Sem divulgação,0,96.3,6.3,22,1583.16,619.87
R01218,2024-06-26,L8,104,33.1,0.00,Sem divulgação,5,95.0,6.4,39,2561.22,978.29
R01219,2024-06-26,L2,144,24.0,0.00,Sem divulgação,0,95.0,13.1,19,1248.34,450.40
R01220,2024-06-26,L1,150,30.2,0.00,Sem divulgação,5,96.9,10.6,34,1865.21,735.42
R01221,2024-06-26,L7,226,38.8,80.00,Redes sociais,10,92.5,12.3,36,2691.06,936.64
R01222,2024-06-26,L6,207,40.7,100.49,WhatsApp,0,86.4,10.1,34,2190.01,864.96
R01223,2024-06-26,L3,292,45.5,127.36,Redes sociais,0,96.1,14.7,38,2988.15,1054.03
R01224,2024-06-26,L5,191,39.7,0.00,Sem divulgação,5,97.6,8.7,42,3766.51,1424.92
R01225,2024-06-27,L4,133,31.1,91.02,WhatsApp,5,98.2,8.7,52,3943.47,1513.90
R01226,2024-06-27,L8,160,32.0,60.20,Mídia local,5,99.2,9.6,48,3466.23,1416.18
R01227,2024-06-27,L2,135,39.9,393.37,WhatsApp,20,96.3,5.6,54,3948.96,1260.21
R01228,2024-06-27,L1,164,32.9,0.00,Sem divulgação,20,98.3,10.6,49,2437.19,845.69
R01229,2024-06-27,L7,164,40.2,33.74,WhatsApp,5,95.7,8.8,54,4363.39,1472.17
R01230,2024-06-27,L6,165,36.6,0.00,Sem divulgação,15,94.4,8.9,42,2716.26,829.57
R01231,2024-06-27,L3,266,40.4,147.71,Mídia local,10,94.2,14.7,33,2225.78,721.36
R01232,2024-06-27,L5,184,37.3,0.00,Sem divulgação,10,92.3,11.5,27,2119.07,742.35
R01233,2024-06-28,L4,96,24.4,0.00,Sem divulgação,0,98.0,7.4,38,2782.87,1114.90
R01234,2024-06-28,L8,98,28.0,0.00,Sem divulgação,10,84.7,6.4,29,1812.22,665.55
R01235,2024-06-28,L2,132,28.9,0.00,Sem divulgação,20,95.1,8.8,63,4160.79,1179.92
R01236,2024-06-28,L1,161,42.1,248.61,Mídia local,15,99.5,7.1,55,3686.48,1314.61
R01237,2024-06-28,L7,209,35.4,157.22,Mídia local,0,97.6,13.3,32,2252.65,828.93
R01238,2024-06-28,L6,195,44.3,89.31,Mídia local,10,83.5,9.7,25,1910.32,671.22
R01239,2024-06-28,L3,202,51.3,116.75,Redes sociais,15,96.7,9.3,50,4368.58,1244.38
R01240,2024-06-28,L5,186,39.4,0.00,Sem divulgação,0,95.2,10.3,31,2016.19,809.96
R01241,2024-06-29,L4,113,30.1,0.00,Sem divulgação,10,97.4,7.1,51,4205.89,1490.82
R01242,2024-06-29,L8,148,37.1,0.00,Sem divulgação,5,95.6,6.9,48,2931.20,1116.75
R01243,2024-06-29,L2,157,36.2,0.00,Sem divulgação,0,93.5,8.2,46,3339.97,1276.77
R01244,2024-06-29,L1,157,41.4,167.98,Redes sociais,10,95.8,8.5,55,3067.37,1113.20
R01245,2024-06-29,L7,200,35.6,0.00,Sem divulgação,15,93.0,12.5,42,3623.22,1067.51
R01246,2024-06-29,L6,225,47.8,122.97,Redes sociais,10,93.9,10.5,43,2702.36,928.35
R01247,2024-06-29,L3,228,42.8,80.33,Mídia local,20,95.1,10.3,55,3935.44,1032.12
R01248,2024-06-29,L5,311,55.0,105.58,Redes sociais,10,94.2,12.6,33,2494.96,867.68
R01249,2024-07-01,L4,76,29.7,0.00,Sem divulgação,5,99.0,5.1,30,2254.67,850.19
R01250,2024-07-01,L8,109,26.3,0.00,Sem divulgação,20,96.5,8.3,42,2261.23,711.70
R01251,2024-07-01,L2,156,34.6,96.14,WhatsApp,0,97.4,10.8,40,2740.71,972.23
R01252,2024-07-01,L1,200,34.1,134.47,Redes sociais,10,95.2,12.4,36,1813.09,714.76
R01253,2024-07-01,L7,116,41.4,103.73,WhatsApp,10,92.3,5.9,30,2475.14,816.48
R01254,2024-07-01,L6,200,40.8,66.94,WhatsApp,20,94.1,10.0,34,2261.76,645.69
R01255,2024-07-01,L3,226,41.3,136.63,Redes sociais,10,93.1,10.5,43,3644.65,1224.17
R01256,2024-07-01,L5,234,52.7,179.17,WhatsApp,0,94.6,7.4,46,4120.02,1640.07
R01257,2024-07-02,L4,124,30.5,47.67,WhatsApp,0,93.9,8.6,49,3431.35,1315.94
R01258,2024-07-02,L8,124,31.9,143.23,WhatsApp,0,97.7,7.8,33,2450.71,980.90
R01259,2024-07-02,L2,144,29.9,99.77,Redes sociais,20,98.3,9.7,50,3703.97,1035.95
R01260,2024-07-02,L1,125,24.0,0.00,Sem divulgação,0,96.4,10.3,27,1786.11,745.54
R01261,2024-07-02,L7,127,34.4,108.38,Mídia local,5,95.8,7.6,46,3460.80,1216.39
R01262,2024-07-02,L6,180,41.1,117.82,Redes sociais,10,82.5,10.4,33,1792.29,591.14
R01263,2024-07-02,L3,215,45.4,177.52,Mídia local,0,95.2,10.0,43,3450.92,1197.62
R01264,2024-07-02,L5,248,48.1,230.26,WhatsApp,10,93.9,12.1,51,3490.18,1217.69
R01265,2024-07-03,L4,121,34.3,106.01,Redes sociais,0,94.5,5.2,37,2549.44,973.10
R01266,2024-07-03,L8,186,40.1,238.14,Redes sociais,0,93.4,8.6,52,3378.02,1338.22
R01267,2024-07-03,L2,154,35.5,52.66,Redes sociais,0,95.2,9.1,46,2985.69,1097.06
R01268,2024-07-03,L1,126,33.9,0.00,Sem divulgação,10,97.3,8.0,51,3559.70,1326.19
R01269,2024-07-03,L7,202,38.0,99.55,Redes sociais,15,96.3,12.4,51,3735.26,1079.33
R01270,2024-07-03,L6,197,44.1,145.89,Redes sociais,0,91.4,9.0,38,2462.96,942.45
R01271,2024-07-03,L3,256,49.0,173.93,Redes sociais,5,98.2,12.7,38,3311.78,1107.93
R01272,2024-07-03,L5,281,41.8,86.46,Redes sociais,0,94.4,15.7,27,2041.49,789.36
R01273,2024-07-04,L4,140,32.8,146.85,WhatsApp,10,96.2,7.0,61,4345.75,1543.31
R01274,2024-07-04,L8,171,35.4,225.04,WhatsApp,0,97.7,8.9,45,3161.84,1228.66
R01275,2024-07-04,L2,131,34.5,0.00,Sem divulgação,10,85.4,8.2,21,1291.32,420.13
R01276,2024-07-04,L1,189,36.3,148.06,WhatsApp,0,97.8,10.1,40,2669.92,1104.80
R01277,2024-07-04,L7,198,41.6,50.57,WhatsApp,0,96.0,9.9,54,4681.41,1686.47
R01278,2024-07-04,L6,114,40.3,0.00,Sem divulgação,15,93.0,5.8,36,2334.99,782.45
R01279,2024-07-04,L3,170,43.0,0.00,Sem divulgação,0,95.1,8.0,37,2670.01,920.61
R01280,2024-07-04,L5,247,53.3,119.92,WhatsApp,0,95.3,10.4,41,3291.46,1281.14
R01281,2024-07-05,L4,85,33.3,0.00,Sem divulgação,0,97.0,4.4,35,3280.86,1262.58
R01282,2024-07-05,L8,190,37.1,282.32,Mídia local,5,98.0,10.3,61,4604.17,1680.50
R01283,2024-07-05,L2,98,31.1,0.00,Sem divulgação,0,96.1,5.2,44,3330.86,1189.26
R01284,2024-07-05,L1,146,32.4,0.00,Sem divulgação,20,99.1,8.7,56,3772.08,1249.79
R01285,2024-07-05,L7,252,46.2,189.96,Redes sociais,20,86.0,9.5,49,3355.94,966.36
R01286,2024-07-05,L6,184,31.8,0.00,Sem divulgação,0,94.0,11.9,46,3694.31,1412.94
R01287,2024-07-05,L3,217,45.8,116.20,Redes sociais,0,97.4,9.5,37,3248.76,1123.28
R01288,2024-07-05,L5,198,44.6,0.00,Sem divulgação,5,95.1,9.8,27,2276.39,858.73
R01289,2024-07-06,L4,120,25.9,0.00,Sem divulgação,0,100.0,8.8,43,2942.85,1108.20
R01290,2024-07-06,L8,162,37.8,148.03,Redes sociais,15,97.3,9.0,71,4612.67,1628.07
R01291,2024-07-06,L2,196,44.2,101.67,WhatsApp,5,98.0,7.9,82,6213.89,2139.81
R01292,2024-07-06,L1,230,44.2,91.01,Redes sociais,10,97.3,9.7,72,3960.01,1551.60
R01293,2024-07-06,L7,198,41.2,61.05,Redes sociais,20,92.4,9.6,54,3632.26,998.02
R01294,2024-07-06,L6,273,49.5,183.25,WhatsApp,10,93.6,12.6,73,4483.55,1485.49
R01295,2024-07-06,L3,218,42.6,0.00,Sem divulgação,15,95.2,11.5,48,3463.97,1053.16
R01296,2024-07-06,L5,214,50.1,121.16,Mídia local,10,94.8,9.2,57,3918.53,1395.27
R01297,2024-07-08,L4,198,38.3,371.35,Redes sociais,0,98.3,10.2,61,4227.22,1726.70
R01298,2024-07-08,L8,140,31.1,35.73,Redes sociais,10,98.4,9.5,49,2996.48,1139.51
R01299,2024-07-08,L2,170,29.9,147.00,WhatsApp,0,96.6,10.5,35,2628.38,949.62
R01300,2024-07-08,L1,184,33.5,74.79,Redes sociais,15,96.3,12.3,57,3407.38,1140.36
R01301,2024-07-08,L7,198,33.8,0.00,Sem divulgação,0,94.6,11.9,35,2729.97,936.23
R01302,2024-07-08,L6,153,35.2,0.00,Sem divulgação,0,93.5,9.1,37,2721.85,1048.48
R01303,2024-07-08,L3,191,40.6,0.00,Sem divulgação,10,96.0,11.4,26,2174.03,694.09
R01304,2024-07-08,L5,223,43.5,0.00,Sem divulgação,0,97.9,10.0,57,4621.26,1790.47
R01305,2024-07-09,L4,83,24.9,0.00,Sem divulgação,15,95.5,4.3,37,2470.57,805.55
R01306,2024-07-09,L8,137,34.9,137.39,WhatsApp,15,97.3,8.0,56,3930.96,1387.07
R01307,2024-07-09,L2,177,40.2,276.74,Mídia local,5,96.1,8.6,42,3090.11,1077.00
R01308,2024-07-09,L1,170,31.0,0.00,Sem divulgação,15,84.2,12.7,26,1712.62,624.22
R01309,2024-07-09,L7,164,36.3,0.00,Sem divulgação,15,93.4,9.8,33,2585.74,819.60
R01310,2024-07-09,L6,189,36.6,0.00,Sem divulgação,0,94.1,11.3,38,3282.30,1242.53
R01311,2024-07-09,L3,220,40.6,0.00,Sem divulgação,5,97.7,12.8,32,2169.48,736.44
R01312,2024-07-09,L5,222,38.9,0.00,Sem divulgação,5,94.1,14.1,28,2013.07,749.11
R01313,2024-07-10,L4,140,33.4,120.80,WhatsApp,5,100.0,8.4,44,2575.43,948.09
R01314,2024-07-10,L8,110,29.8,0.00,Sem divulgação,0,86.0,6.8,35,2441.09,978.51
R01315,2024-07-10,L2,167,44.5,263.16,Mídia local,10,96.8,6.8,73,4305.74,1440.78
R01316,2024-07-10,L1,147,33.9,0.00,Sem divulgação,5,98.0,8.9,48,3025.46,1172.05
R01317,2024-07-10,L7,170,36.7,54.62,Mídia local,5,94.3,9.3,35,2427.54,767.92
R01318,2024-07-10,L6,186,42.8,98.89,Mídia local,10,95.9,8.4,70,4029.72,1442.20
R01319,2024-07-10,L3,236,51.4,81.53,Mídia local,0,98.5,9.4,64,4578.04,1615.95
R01320,2024-07-10,L5,244,54.2,108.52,Mídia local,0,94.4,11.2,63,6068.02,2386.16
R01321,2024-07-11,L4,122,27.4,0.00,Sem divulgação,0,96.1,7.7,43,3482.54,1397.29
R01322,2024-07-11,L8,171,31.3,90.16,Redes sociais,0,90.1,10.0,31,2098.00,851.20
R01323,2024-07-11,L2,173,40.0,174.75,Redes sociais,0,95.5,8.7,50,3300.20,1208.25
R01324,2024-07-11,L1,199,41.3,134.99,WhatsApp,15,95.3,9.9,48,2814.54,1006.52
R01325,2024-07-11,L7,254,39.8,105.70,WhatsApp,0,94.6,13.3,35,3511.34,1248.25
R01326,2024-07-11,L6,164,40.2,0.00,Sem divulgação,10,95.4,9.3,36,2550.06,902.35
R01327,2024-07-11,L3,221,44.3,103.58,WhatsApp,20,94.5,11.3,43,3100.19,800.01
R01328,2024-07-11,L5,164,45.3,0.00,Sem divulgação,15,93.4,9.4,35,2467.35,826.12
R01329,2024-07-12,L4,177,37.1,280.03,Mídia local,20,98.2,7.2,75,4575.34,1415.79
R01330,2024-07-12,L8,130,31.8,0.00,Sem divulgação,5,92.2,7.0,38,2207.84,862.68
R01331,2024-07-12,L2,179,34.0,47.82,WhatsApp,0,92.6,10.7,34,2245.08,831.88
R01332,2024-07-12,L1,153,33.9,0.00,Sem divulgação,0,96.3,9.5,44,3247.44,1328.32
R01333,2024-07-12,L7,244,50.7,250.26,Redes sociais,0,92.7,8.8,52,4097.36,1494.29
R01334,2024-07-12,L6,241,49.5,106.33,Redes sociais,0,92.5,9.8,57,4725.10,1839.33
R01335,2024-07-12,L3,266,49.6,144.78,Redes sociais,10,96.2,12.4,52,3930.07,1150.34
R01336,2024-07-12,L5,295,42.7,0.00,Sem divulgação,15,96.0,15.3,53,4104.19,1368.14
R01337,2024-07-13,L4,186,36.0,138.13,Redes sociais,0,96.1,10.3,53,4181.02,1589.38
R01338,2024-07-13,L8,194,36.1,137.02,WhatsApp,0,94.4,9.3,63,3634.33,1467.86
R01339,2024-07-13,L2,170,37.9,84.49,Mídia local,0,95.7,9.4,39,2832.26,1038.59
R01340,2024-07-13,L1,225,42.8,45.83,Mídia local,10,93.9,11.5,52,2833.92,1066.97
R01341,2024-07-13,L7,168,37.6,0.00,Sem divulgação,10,94.2,7.7,63,5107.15,1609.67
R01342,2024-07-13,L6,264,41.8,77.22,Redes sociais,0,94.4,13.7,41,2971.38,1082.03
R01343,2024-07-13,L3,213,43.9,0.00,Sem divulgação,0,96.4,9.2,45,4034.02,1424.43
R01344,2024-07-13,L5,309,51.6,125.66,Redes sociais,20,97.7,14.7,68,4893.97,1470.58
R01345,2024-07-15,L4,181,29.6,237.18,Redes sociais,0,99.0,12.2,48,3300.37,1264.60
R01346,2024-07-15,L8,146,35.4,168.50,WhatsApp,0,98.3,7.0,58,4005.12,1605.00
R01347,2024-07-15,L2,102,32.9,0.00,Sem divulgação,5,97.8,5.2,38,2849.43,1002.76
R01348,2024-07-15,L1,139,35.2,0.00,Sem divulgação,0,96.1,7.2,39,2267.45,903.93
R01349,2024-07-15,L7,239,43.1,202.77,WhatsApp,5,89.8,12.0,26,2056.74,688.30
R01350,2024-07-15,L6,200,44.9,109.57,Redes sociais,0,94.6,9.8,45,3005.34,1146.21
R01351,2024-07-15,L3,312,49.3,319.79,Redes sociais,0,96.0,14.7,26,2250.59,788.98
R01352,2024-07-15,L5,236,52.1,88.46,Redes sociais,15,97.2,9.9,51,3487.58,1214.69
R01353,2024-07-16,L4,72,24.4,0.00,Sem divulgação,15,97.6,4.5,45,2946.02,922.29
R01354,2024-07-16,L8,119,28.9,0.00,Sem divulgação,10,99.2,6.8,57,3299.53,1213.26
R01355,2024-07-16,L2,91,28.6,0.00,Sem divulgação,0,95.8,6.5,37,2931.38,1045.06
R01356,2024-07-16,L1,137,27.4,0.00,Sem divulgação,5,99.2,9.7,43,2837.03,1091.99
R01357,2024-07-16,L7,193,41.6,150.78,Mídia local,15,95.0,10.4,49,3321.71,1036.03
R01358,2024-07-16,L6,142,34.7,0.00,Sem divulgação,5,99.5,8.7,37,2255.37,836.40
R01359,2024-07-16,L3,188,39.0,0.00,Sem divulgação,15,98.1,10.8,61,4933.13,1482.04
R01360,2024-07-16,L5,253,40.7,68.09,Mídia local,10,93.6,14.2,39,2989.24,1059.18
R01361,2024-07-17,L4,109,21.8,0.00,Sem divulgação,15,97.4,9.3,40,2712.08,956.72
R01362,2024-07-17,L8,113,31.3,0.00,Sem divulgação,5,96.0,9.2,38,2016.67,769.57
R01363,2024-07-17,L2,177,40.6,98.43,Redes sociais,0,97.1,9.0,48,3674.81,1341.06
R01364,2024-07-17,L1,176,29.8,0.00,Sem divulgação,15,98.0,12.2,46,2508.20,866.95
R01365,2024-07-17,L7,202,39.3,0.00,Sem divulgação,0,93.9,8.8,48,4073.12,1542.12
R01366,2024-07-17,L6,252,44.3,139.02,Redes sociais,15,96.3,11.6,92,6296.74,2061.20
R01367,2024-07-17,L3,216,46.5,107.86,Redes sociais,0,96.0,10.1,38,3293.12,1136.68
R01368,2024-07-17,L5,246,52.3,108.60,Mídia local,0,94.4,10.7,54,3270.74,1362.03
R01369,2024-07-18,L4,124,33.8,82.52,Redes sociais,0,100.0,8.6,54,3399.52,1362.95
R01370,2024-07-18,L8,196,35.4,163.76,Mídia local,0,95.7,11.2,60,4426.29,1760.07
R01371,2024-07-18,L2,149,33.9,0.00,Sem divulgação,0,95.6,8.1,44,2880.60,1095.62
R01372,2024-07-18,L1,143,37.4,0.00,Sem divulgação,0,94.5,5.9,45,2469.74,988.28
R01373,2024-07-18,L7,261,43.1,195.56,Redes sociais,0,94.9,11.9,53,4533.08,1552.35
R01374,2024-07-18,L6,172,38.5,0.00,Sem divulgação,0,92.7,11.0,33,2426.62,912.97
R01375,2024-07-18,L3,261,52.3,319.05,WhatsApp,10,96.9,11.1,56,4425.91,1372.58
R01376,2024-07-18,L5,242,51.0,183.90,Mídia local,5,95.6,10.4,61,4652.72,1716.67
R01377,2024-07-19,L4,153,30.8,132.16,Mídia local,20,97.9,8.5,89,4358.55,1420.65
R01378,2024-07-19,L8,135,28.6,0.00,Sem divulgação,15,96.7,8.9,44,2515.43,818.46
R01379,2024-07-19,L2,128,33.3,0.00,Sem divulgação,15,93.8,6.8,56,4616.05,1434.64
R01380,2024-07-19,L1,187,41.7,217.66,Redes sociais,5,93.6,9.4,35,2101.74,849.00
R01381,2024-07-19,L7,170,39.1,0.00,Sem divulgação,20,94.2,9.0,56,3759.91,1013.53
R01382,2024-07-19,L6,265,42.0,113.08,Mídia local,0,92.8,13.3,58,4014.27,1480.24
R01383,2024-07-19,L3,252,49.4,69.27,Redes sociais,10,96.9,11.2,46,3686.09,1147.99
R01384,2024-07-19,L5,296,48.6,88.91,Mídia local,5,95.7,14.8,34,2495.45,915.41
R01385,2024-07-20,L4,148,35.6,105.21,WhatsApp,20,99.3,7.4,82,5831.84,1808.89
R01386,2024-07-20,L8,167,37.8,71.70,WhatsApp,20,96.2,8.2,71,4081.64,1395.77
R01387,2024-07-20,L2,139,39.5,0.00,Sem divulgação,10,96.0,7.4,54,3449.06,1189.03
R01388,2024-07-20,L1,247,39.9,237.86,Redes sociais,10,94.6,12.2,71,3321.55,1209.79
R01389,2024-07-20,L7,256,47.0,131.18,WhatsApp,0,96.1,11.6,61,4665.10,1672.69
R01390,2024-07-20,L6,280,42.6,0.00,Sem divulgação,15,94.9,13.7,74,4475.50,1415.60
R01391,2024-07-20,L3,243,46.6,0.00,Sem divulgação,10,95.4,9.1,51,3472.65,1170.12
R01392,2024-07-20,L5,352,57.6,300.64,Redes sociais,5,95.1,14.4,54,3214.59,1216.26
R01393,2024-07-22,L4,140,26.4,89.13,Redes sociais,0,95.4,11.2,48,3060.61,1175.67
R01394,2024-07-22,L8,169,31.2,203.08,Redes sociais,0,99.6,9.4,69,4657.74,1840.83
R01395,2024-07-22,L2,104,34.9,0.00,Sem divulgação,15,94.9,5.6,46,3306.65,990.49
R01396,2024-07-22,L1,189,28.7,92.67,Mídia local,20,97.0,12.7,54,3203.26,1151.00
R01397,2024-07-22,L7,175,32.4,64.19,Redes sociais,0,94.5,11.1,39,2714.42,974.45
R01398,2024-07-22,L6,160,33.2,0.00,Sem divulgação,10,94.8,10.9,52,3394.52,1162.32
R01399,2024-07-22,L3,162,34.9,0.00,Sem divulgação,20,94.8,10.3,36,2739.70,730.44
R01400,2024-07-22,L5,214,38.1,0.00,Sem divulgação,10,96.1,13.1,42,3444.54,1214.71
R01401,2024-07-23,L4,72,26.9,0.00,Sem divulgação,0,95.9,3.7,29,2162.89,807.40
R01402,2024-07-23,L8,105,29.7,0.00,Sem divulgação,10,94.7,7.3,41,2756.14,1039.76
R01403,2024-07-23,L2,160,36.1,81.28,WhatsApp,0,97.5,8.4,31,2516.27,906.64
R01404,2024-07-23,L1,183,35.7,0.00,Sem divulgação,15,97.2,9.6,70,3548.69,1242.27
R01405,2024-07-23,L7,194,43.3,114.28,Redes sociais,0,93.7,8.2,43,3767.03,1327.70
R01406,2024-07-23,L6,138,35.5,0.00,Sem divulgação,0,97.4,7.9,43,2804.42,1020.12
R01407,2024-07-23,L3,205,39.8,0.00,Sem divulgação,0,95.3,11.3,37,3070.83,1113.59
R01408,2024-07-23,L5,211,40.9,0.00,Sem divulgação,0,93.9,10.1,32,2223.82,884.96
R01409,2024-07-24,L4,192,36.1,229.18,Redes sociais,10,96.9,10.0,54,3017.24,1049.28
R01410,2024-07-24,L8,128,30.2,53.62,Mídia local,5,97.2,7.5,39,2752.16,1055.76
R01411,2024-07-24,L2,138,33.3,0.00,Sem divulgação,0,96.8,8.7,37,2740.00,1047.89
R01412,2024-07-24,L1,189,40.7,63.91,Mídia local,5,96.5,8.0,83,4791.69,1852.10
R01413,2024-07-24,L7,182,34.3,0.00,Sem divulgação,10,96.4,12.0,47,3416.44,1076.54
R01414,2024-07-24,L6,204,44.9,88.55,Mídia local,5,95.8,9.7,53,3050.89,1138.60
R01415,2024-07-24,L3,184,37.5,0.00,Sem divulgação,0,96.3,9.0,36,2816.76,995.23
R01416,2024-07-24,L5,178,42.3,0.00,Sem divulgação,0,94.7,9.9,22,1811.09,717.92
R01417,2024-07-25,L4,119,28.8,0.00,Sem divulgação,0,99.1,8.9,35,3262.65,1222.03
R01418,2024-07-25,L8,114,24.9,0.00,Sem divulgação,0,98.8,9.1,33,2903.82,1178.05
R01419,2024-07-25,L2,208,40.9,111.41,Redes sociais,0,96.7,9.3,49,3711.46,1476.66
R01420,2024-07-25,L1,219,40.2,104.56,Redes sociais,5,98.9,14.0,55,3766.98,1510.59
R01421,2024-07-25,L7,193,33.7,0.00,Sem divulgação,5,92.4,11.7,38,3789.68,1316.61
R01422,2024-07-25,L6,176,37.2,0.00,Sem divulgação,15,94.7,9.4,52,2967.99,959.89
R01423,2024-07-25,L3,172,43.1,0.00,Sem divulgação,5,95.8,8.3,39,3222.32,1066.52
R01424,2024-07-25,L5,270,48.2,129.95,Redes sociais,10,97.3,12.1,50,3855.07,1318.93
R01425,2024-07-26,L4,123,27.9,0.00,Sem divulgação,0,96.3,9.4,36,3023.66,1163.27
R01426,2024-07-26,L8,142,26.6,0.00,Sem divulgação,0,98.1,10.9,28,1951.05,788.61
R01427,2024-07-26,L2,155,40.2,178.21,Redes sociais,5,94.1,7.7,52,3640.41,1272.10
R01428,2024-07-26,L1,238,37.5,77.55,Redes sociais,0,96.9,14.5,31,2037.64,831.33
R01429,2024-07-26,L7,185,37.1,0.00,Sem divulgação,5,95.3,11.1,47,3619.71,1158.88
R01430,2024-07-26,L6,203,49.8,105.76,WhatsApp,20,95.6,8.8,77,4086.41,1228.98
R01431,2024-07-26,L3,226,45.7,91.80,Mídia local,10,98.4,9.9,58,5209.99,1699.56
R01432,2024-07-26,L5,245,47.6,0.00,Sem divulgação,20,91.9,13.6,43,3368.94,986.52
R01433,2024-07-27,L4,97,38.4,40.36,Redes sociais,0,97.7,3.9,51,4138.92,1577.38
R01434,2024-07-27,L8,136,26.9,0.00,Sem divulgação,5,87.5,9.9,31,2008.07,821.66
R01435,2024-07-27,L2,207,40.4,41.64,Redes sociais,0,95.1,10.9,49,4219.05,1547.76
R01436,2024-07-27,L1,229,41.1,115.20,Mídia local,10,97.5,11.5,63,3628.99,1377.42
R01437,2024-07-27,L7,275,43.1,33.08,Redes sociais,0,96.0,13.0,46,3472.64,1273.09
R01438,2024-07-27,L6,210,43.0,89.52,WhatsApp,10,92.7,10.1,71,4818.52,1683.50
R01439,2024-07-27,L3,323,52.3,115.75,WhatsApp,15,95.8,11.3,88,5974.21,1763.41
R01440,2024-07-27,L5,263,52.3,64.99,WhatsApp,5,93.4,12.0,53,4274.65,1570.80
R01441,2024-07-29,L4,99,24.4,0.00,Sem divulgação,0,97.4,6.5,30,1915.98,748.19
R01442,2024-07-29,L8,141,31.5,140.95,Redes sociais,20,95.5,8.8,61,3184.16,976.87
R01443,2024-07-29,L2,150,36.5,116.44,WhatsApp,10,96.1,8.5,43,3267.44,1058.60
R01444,2024-07-29,L1,230,33.8,154.17,Redes sociais,0,98.8,14.8,53,3178.44,1281.95
R01445,2024-07-29,L7,162,42.4,146.07,Redes sociais,0,95.2,7.5,49,3519.03,1242.55
R01446,2024-07-29,L6,217,43.6,155.59,Redes sociais,5,95.5,9.6,62,4870.10,1790.39
R01447,2024-07-29,L3,222,44.6,56.24,Mídia local,10,96.3,10.6,62,5009.61,1509.39
R01448,2024-07-29,L5,165,37.6,0.00,Sem divulgação,5,95.1,9.3,47,3247.13,1255.53
R01449,2024-07-30,L4,170,27.0,154.88,WhatsApp,0,98.6,12.2,56,3312.49,1370.39
R01450,2024-07-30,L8,106,33.6,123.68,Redes sociais,15,94.9,5.6,49,2876.21,982.74
R01451,2024-07-30,L2,170,40.6,180.21,WhatsApp,0,97.4,7.4,46,3446.42,1281.47
R01452,2024-07-30,L1,193,34.3,78.70,Redes sociais,0,96.1,11.8,53,2828.55,1159.08
R01453,2024-07-30,L7,183,36.2,108.54,Redes sociais,15,95.6,11.0,59,4696.35,1462.36
R01454,2024-07-30,L6,239,46.8,129.28,WhatsApp,0,95.6,10.2,69,5699.89,2217.25
R01455,2024-07-30,L3,260,47.1,106.72,Redes sociais,0,94.1,13.7,33,2484.70,843.84
R01456,2024-07-30,L5,197,37.0,0.00,Sem divulgação,5,94.6,10.6,54,4072.65,1514.98
R01457,2024-07-31,L4,91,29.1,0.00,Sem divulgação,0,98.6,6.1,43,3170.18,1202.53
R01458,2024-07-31,L8,137,30.3,81.28,Redes sociais,10,93.8,7.6,59,4133.80,1402.19
R01459,2024-07-31,L2,178,31.6,157.73,Redes sociais,15,92.8,12.8,35,2311.32,760.20
R01460,2024-07-31,L1,179,40.8,201.92,Redes sociais,5,95.8,9.4,44,3487.54,1401.35
R01461,2024-07-31,L7,175,31.5,0.00,Sem divulgação,0,96.4,11.5,45,3278.98,1204.10
R01462,2024-07-31,L6,211,37.9,83.70,Redes sociais,5,94.8,12.3,58,4206.92,1547.95
R01463,2024-07-31,L3,304,49.4,405.44,WhatsApp,0,94.8,13.7,36,3324.11,1169.14
R01464,2024-07-31,L5,251,42.5,0.00,Sem divulgação,15,93.7,12.1,53,3491.97,1106.45
R01465,2024-08-01,L4,156,32.5,94.65,Mídia local,0,99.7,9.7,59,4753.63,1903.88
R01466,2024-08-01,L8,84,34.8,0.00,Sem divulgação,0,94.9,4.0,33,2457.95,980.77
R01467,2024-08-01,L2,166,34.3,54.17,WhatsApp,5,96.1,8.4,41,3341.30,1234.05
R01468,2024-08-01,L1,248,39.8,233.32,Mídia local,10,98.2,11.9,91,6087.94,2201.86
R01469,2024-08-01,L7,140,42.1,0.00,Sem divulgação,0,97.0,6.4,31,2299.41,825.89
R01470,2024-08-01,L6,225,39.1,89.65,Redes sociais,10,95.5,12.0,73,4828.33,1706.98
R01471,2024-08-01,L3,204,43.5,79.91,Mídia local,10,98.2,10.6,34,2655.66,822.11
R01472,2024-08-01,L5,243,47.1,129.93,Redes sociais,10,93.5,11.3,45,3375.11,1266.08
R01473,2024-08-02,L4,141,38.4,257.67,Mídia local,15,98.4,5.3,80,5455.63,2008.41
R01474,2024-08-02,L8,85,25.4,0.00,Sem divulgação,20,99.4,6.2,49,2912.18,965.23
R01475,2024-08-02,L2,124,32.4,0.00,Sem divulgação,5,94.5,8.3,39,3320.09,1201.45
R01476,2024-08-02,L1,164,43.3,234.25,Redes sociais,20,97.9,7.9,59,3729.70,1192.93
R01477,2024-08-02,L7,224,47.0,129.91,Mídia local,15,92.7,9.3,70,4781.59,1543.87
R01478,2024-08-02,L6,206,49.0,106.58,Redes sociais,0,96.5,8.2,45,3483.37,1284.27
R01479,2024-08-02,L3,217,44.8,76.43,Redes sociais,0,96.0,9.8,27,1958.36,651.85
R01480,2024-08-02,L5,264,47.8,108.82,Redes sociais,0,94.7,13.0,16,1136.36,447.10
R01481,2024-08-03,L4,97,32.1,62.35,Mídia local,5,94.1,6.3,48,3300.15,1259.14
R01482,2024-08-03,L8,177,34.8,133.43,WhatsApp,15,96.1,10.4,63,3603.05,1188.44
R01483,2024-08-03,L2,170,30.3,0.00,Sem divulgação,5,95.8,11.7,36,2526.50,889.91
R01484,2024-08-03,L1,208,43.9,83.25,WhatsApp,20,96.7,9.9,73,5271.01,1920.25
R01485,2024-08-03,L7,217,41.1,39.05,Redes sociais,5,95.9,11.4,45,3317.06,1109.45
R01486,2024-08-03,L6,177,43.2,0.00,Sem divulgação,5,95.8,8.3,49,3548.14,1273.35
R01487,2024-08-03,L3,241,44.4,55.48,Mídia local,10,96.9,11.6,48,3739.23,1198.34
R01488,2024-08-03,L5,251,45.4,0.00,Sem divulgação,15,96.0,12.8,44,3185.27,1109.43
R01489,2024-08-05,L4,136,27.4,104.45,Redes sociais,10,96.1,9.0,57,3601.87,1210.53
R01490,2024-08-05,L8,109,39.8,83.81,Redes sociais,10,98.2,5.8,50,3858.97,1412.95
R01491,2024-08-05,L2,143,25.7,0.00,Sem divulgação,0,92.8,12.2,30,2681.94,955.59
R01492,2024-08-05,L1,100,32.5,0.00,Sem divulgação,0,96.2,5.8,28,1544.74,615.45
R01493,2024-08-05,L7,172,32.0,42.50,WhatsApp,0,94.6,10.4,28,1876.30,711.63
R01494,2024-08-05,L6,192,38.0,104.32,Mídia local,0,97.3,10.0,29,1710.66,642.62
R01495,2024-08-05,L3,197,37.6,0.00,Sem divulgação,5,95.2,10.2,38,2825.35,943.52
R01496,2024-08-05,L5,176,43.6,0.00,Sem divulgação,10,94.8,8.9,37,2407.66,844.87
R01497,2024-08-06,L4,140,34.4,127.00,WhatsApp,0,97.2,7.5,71,4535.11,1724.38
R01498,2024-08-06,L8,86,23.8,0.00,Sem divulgação,5,96.0,6.0,30,2402.29,914.30
R01499,2024-08-06,L2,155,32.9,147.45,Redes sociais,5,95.1,9.8,40,2903.25,1028.29
R01500,2024-08-06,L1,194,38.2,178.37,Redes sociais,0,97.3,10.3,37,2282.20,935.01
R01501,2024-08-06,L7,141,33.8,0.00,Sem divulgação,5,95.3,8.1,38,3140.34,1106.44
R01502,2024-08-06,L6,129,37.7,0.00,Sem divulgação,15,94.2,6.8,30,1458.47,457.56
R01503,2024-08-06,L3,258,53.2,156.41,Redes sociais,10,98.2,9.4,69,5032.94,1555.72
R01504,2024-08-06,L5,164,43.6,0.00,Sem divulgação,0,94.1,9.2,44,3586.48,1377.60
R01505,2024-08-07,L4,111,25.3,0.00,Sem divulgação,10,96.2,7.8,46,2846.94,1029.27
R01506,2024-08-07,L8,197,33.2,286.22,Redes sociais,10,96.4,11.5,38,2832.83,1021.78
R01507,2024-08-07,L2,152,29.3,0.00,Sem divulgação,0,93.8,10.3,33,2956.32,1099.91
R01508,2024-08-07,L1,200,38.8,112.08,Redes sociais,15,98.7,11.2,83,4684.71,1676.57
R01509,2024-08-07,L7,207,43.7,90.64,Redes sociais,20,93.3,9.0,57,3547.09,1072.48
R01510,2024-08-07,L6,217,34.3,0.00,Sem divulgação,0,93.2,13.5,37,2324.23,894.12
R01511,2024-08-07,L3,273,48.8,131.11,Redes sociais,5,96.3,12.9,44,3459.68,1213.61
R01512,2024-08-07,L5,286,47.9,125.64,WhatsApp,20,95.7,11.3,62,3652.27,1206.77
R01513,2024-08-08,L4,123,28.5,0.00,Sem divulgação,10,96.3,8.3,41,2643.44,931.43
R01514,2024-08-08,L8,74,28.3,0.00,Sem divulgação,10,93.9,3.9,30,2070.99,741.73
R01515,2024-08-08,L2,156,32.3,92.71,WhatsApp,10,97.8,8.9,39,2885.21,925.84
R01516,2024-08-08,L1,204,43.9,128.68,Redes sociais,0,96.6,9.7,56,3277.61,1337.79
R01517,2024-08-08,L7,182,32.5,0.00,Sem divulgação,10,96.2,11.8,37,2877.14,909.61
R01518,2024-08-08,L6,172,32.9,0.00,Sem divulgação,15,94.8,10.0,40,2952.97,1006.19
R01519,2024-08-08,L3,217,48.1,124.80,WhatsApp,0,96.5,11.3,26,2340.40,804.94
R01520,2024-08-08,L5,192,47.0,182.37,Redes sociais,0,93.4,9.0,25,1892.79,752.30
R01521,2024-08-09,L4,175,35.4,165.22,Mídia local,0,96.9,9.4,67,4834.24,1921.95
R01522,2024-08-09,L8,197,37.0,179.19,Redes sociais,10,96.4,10.7,60,3635.91,1319.49
R01523,2024-08-09,L2,169,36.5,136.59,Redes sociais,20,97.0,8.5,66,4409.84,1337.62
R01524,2024-08-09,L1,192,44.0,172.91,Redes sociais,10,96.9,8.6,65,3316.50,1230.48
R01525,2024-08-09,L7,195,35.9,0.00,Sem divulgação,0,95.3,11.0,42,3555.30,1300.84
R01526,2024-08-09,L6,197,44.4,0.00,Sem divulgação,10,95.2,10.6,46,3093.24,1026.12
R01527,2024-08-09,L3,240,49.1,203.70,WhatsApp,0,95.3,10.0,45,3844.33,1259.99
R01528,2024-08-09,L5,248,41.6,0.00,Sem divulgação,10,95.8,14.1,38,2972.95,1123.90
R01529,2024-08-10,L4,86,27.5,0.00,Sem divulgação,5,97.4,5.0,34,2567.11,940.52
R01530,2024-08-10,L8,121,30.3,0.00,Sem divulgação,5,95.9,7.2,43,3007.44,1169.80
R01531,2024-08-10,L2,180,42.4,174.17,Mídia local,10,94.7,8.6,72,6008.12,2031.38
R01532,2024-08-10,L1,199,44.7,140.23,WhatsApp,15,97.4,9.0,89,5392.13,1877.04
R01533,2024-08-10,L7,247,51.2,146.73,Redes sociais,5,98.1,10.9,66,4971.96,1726.15
R01534,2024-08-10,L6,235,41.4,0.00,Sem divulgação,0,98.4,12.2,44,3114.71,1175.66
R01535,2024-08-10,L3,303,56.2,80.77,Mídia local,15,93.2,12.9,63,5289.80,1646.99
R01536,2024-08-10,L5,230,50.7,39.82,Redes sociais,15,94.2,9.7,62,4997.30,1632.18
R01537,2024-08-12,L4,103,28.6,68.36,Redes sociais,10,98.9,6.6,48,3400.85,1191.91
R01538,2024-08-12,L8,184,37.3,135.48,Redes sociais,0,97.2,9.9,58,4187.29,1630.45
R01539,2024-08-12,L2,99,29.2,0.00,Sem divulgação,5,96.3,7.2,29,2285.57,797.92
R01540,2024-08-12,L1,149,35.8,133.19,Mídia local,0,98.3,8.2,51,3623.41,1497.71
R01541,2024-08-12,L7,182,34.4,73.93,Redes sociais,15,95.3,11.7,37,2309.66,718.41
R01542,2024-08-12,L6,210,33.1,0.00,Sem divulgação,5,94.2,13.7,40,2780.80,1035.53
R01543,2024-08-12,L3,181,36.7,152.22,Redes sociais,0,97.6,11.5,21,1927.31,666.17
R01544,2024-08-12,L5,215,43.9,131.46,Mídia local,10,99.0,10.2,51,3500.31,1236.39
R01545,2024-08-13,L4,133,29.6,123.09,WhatsApp,10,93.4,8.5,46,4168.49,1463.18
R01546,2024-08-13,L8,116,33.6,0.00,Sem divulgação,0,97.6,5.7,36,2347.86,918.82
R01547,2024-08-13,L2,108,30.3,0.00,Sem divulgação,0,96.7,7.2,41,3445.44,1271.95
R01548,2024-08-13,L1,183,37.1,66.88,WhatsApp,5,97.0,11.1,37,2433.15,934.02
R01549,2024-08-13,L7,165,37.3,0.00,Sem divulgação,5,87.8,9.2,29,2448.44,837.26
R01550,2024-08-13,L6,189,43.0,106.13,Redes sociais,10,90.9,9.9,33,1858.82,645.27
R01551,2024-08-13,L3,261,45.3,57.82,Redes sociais,0,96.5,11.7,49,4407.95,1568.11
R01552,2024-08-13,L5,230,43.9,0.00,Sem divulgação,0,93.5,11.6,39,2407.18,958.25
R01553,2024-08-14,L4,111,26.6,113.89,Mídia local,0,96.5,7.2,44,2700.14,1084.59
R01554,2024-08-14,L8,84,20.6,0.00,Sem divulgação,0,96.1,7.1,34,14448.29,4786.31
R01555,2024-08-14,L2,117,32.4,0.00,Sem divulgação,0,97.0,5.3,50,4090.29,1446.02
R01556,2024-08-14,L1,206,40.5,228.14,WhatsApp,15,97.8,9.1,65,3343.36,1138.39
R01557,2024-08-14,L7,185,41.6,164.76,Mídia local,10,96.3,8.7,63,4206.46,1404.85
R01558,2024-08-14,L6,155,32.8,0.00,Sem divulgação,0,93.9,9.7,40,2451.01,893.46
R01559,2024-08-14,L3,233,46.6,222.44,Mídia local,20,96.9,10.0,48,3391.29,903.17
R01560,2024-08-14,L5,228,40.4,0.00,Sem divulgação,0,95.7,13.1,32,2367.44,904.64
R01561,2024-08-15,L4,143,32.3,106.23,Mídia local,5,96.0,8.8,48,3550.05,1287.52
R01562,2024-08-15,L8,110,20.4,0.00,Sem divulgação,10,98.6,10.7,30,2291.65,842.78
R01563,2024-08-15,L2,115,26.5,0.00,Sem divulgação,15,95.2,7.8,42,2436.89,705.90
R01564,2024-08-15,L1,156,27.3,0.00,Sem divulgação,0,98.8,11.9,37,2480.65,999.14
R01565,2024-08-15,L7,202,40.4,111.55,Mídia local,0,96.3,9.7,60,5283.65,1853.25
R01566,2024-08-15,L6,202,45.6,97.93,Redes sociais,15,94.1,7.6,62,3906.01,1261.82
R01567,2024-08-15,L3,184,40.9,0.00,Sem divulgação,5,94.9,10.7,22,1678.15,563.34
R01568,2024-08-15,L5,249,43.4,0.00,Sem divulgação,5,94.8,12.4,33,2633.11,956.82
R01569,2024-08-16,L4,119,36.4,55.31,WhatsApp,15,95.6,6.6,61,4247.08,1376.95
R01570,2024-08-16,L8,139,41.1,237.62,Redes sociais,0,96.9,7.0,50,3209.38,1276.39
R01571,2024-08-16,L2,131,32.4,0.00,Sem divulgação,0,96.4,8.1,44,2776.85,1058.69
R01572,2024-08-16,L1,142,39.4,64.60,Redes sociais,15,97.4,6.5,58,3941.16,1296.51
R01573,2024-08-16,L7,141,32.1,0.00,Sem divulgação,0,93.7,8.6,35,2780.08,1030.44
R01574,2024-08-16,L6,164,42.0,0.00,Sem divulgação,0,95.6,7.8,58,4031.33,1605.11
R01575,2024-08-16,L3,180,42.8,104.43,Redes sociais,15,93.1,9.1,51,4648.13,1380.91
R01576,2024-08-16,L5,216,43.0,108.34,WhatsApp,10,95.1,10.5,37,2431.39,851.59
R01577,2024-08-17,L4,122,26.2,0.00,Sem divulgação,5,97.0,7.2,35,2198.86,811.78
R01578,2024-08-17,L8,180,35.3,85.15,WhatsApp,5,94.2,10.3,51,3280.59,1277.94
R01579,2024-08-17,L2,156,29.5,0.00,Sem divulgação,5,96.7,10.2,37,2257.57,793.77
R01580,2024-08-17,L1,170,43.5,220.81,Mídia local,10,84.1,6.9,35,2233.57,800.13
R01581,2024-08-17,L7,223,48.5,73.94,Redes sociais,5,94.6,10.4,42,2654.99,936.04
R01582,2024-08-17,L6,180,48.1,0.00,Sem divulgação,0,95.9,7.9,53,4004.06,1485.70
R01583,2024-08-17,L3,280,50.4,119.30,Redes sociais,10,97.6,11.6,51,3669.44,1045.12
R01584,2024-08-17,L5,240,55.1,90.66,WhatsApp,20,92.5,7.3,84,5173.51,1563.12
R01585,2024-08-19,L4,98,20.3,0.00,Sem divulgação,5,97.7,9.1,37,2473.20,911.01
R01586,2024-08-19,L8,114,28.3,0.00,Sem divulgação,15,95.6,7.8,42,2263.33,787.94
R01587,2024-08-19,L2,99,34.4,0.00,Sem divulgação,20,95.1,6.6,46,2978.64,830.49
R01588,2024-08-19,L1,149,32.6,118.78,WhatsApp,15,96.3,9.2,34,1942.61,695.16
R01589,2024-08-19,L7,188,42.0,137.45,Mídia local,15,94.4,6.5,77,6347.89,1918.15
R01590,2024-08-19,L6,165,44.6,137.19,Mídia local,10,95.3,6.7,52,4077.87,1433.74
R01591,2024-08-19,L3,173,40.0,0.00,Sem divulgação,0,95.7,10.5,30,2296.49,779.01
R01592,2024-08-19,L5,185,39.7,0.00,Sem divulgação,5,93.7,9.2,40,3339.39,1278.33
R01593,2024-08-20,L4,64,29.2,0.00,Sem divulgação,0,96.1,4.6,28,1915.19,728.81
R01594,2024-08-20,L8,96,23.0,0.00,Sem divulgação,0,96.2,8.1,32,2576.75,1026.92
R01595,2024-08-20,L2,90,27.0,0.00,Sem divulgação,5,96.2,7.6,28,1967.30,700.46
R01596,2024-08-20,L1,141,31.0,0.00,Sem divulgação,20,94.1,9.9,40,2447.72,785.69
R01597,2024-08-20,L7,177,45.8,197.09,Redes sociais,15,96.2,9.3,52,3267.35,1023.25
R01598,2024-08-20,L6,186,39.8,0.00,Sem divulgação,10,94.5,9.5,60,4029.95,1388.94
R01599,2024-08-20,L3,263,40.9,185.81,Redes sociais,0,95.7,15.5,25,1797.63,629.21
R01600,2024-08-20,L5,165,45.3,0.00,Sem divulgação,0,96.9,9.0,44,3500.25,1327.00
R01601,2024-08-21,L4,82,24.0,0.00,Sem divulgação,15,98.1,5.4,42,2903.63,949.88
R01602,2024-08-21,L8,138,31.1,68.90,WhatsApp,5,96.7,8.5,43,2979.35,1129.62
R01603,2024-08-21,L2,109,36.2,0.00,Sem divulgação,0,97.8,5.8,49,3764.36,1445.95
R01604,2024-08-21,L1,188,38.2,70.71,Mídia local,5,96.6,10.1,35,1979.72,813.34
R01605,2024-08-21,L7,170,40.2,0.00,Sem divulgação,0,92.9,8.7,42,3107.31,1152.54
R01606,2024-08-21,L6,201,40.1,83.62,Redes sociais,0,95.0,10.9,58,3976.74,1549.34
R01607,2024-08-21,L3,236,45.8,176.48,Redes sociais,5,92.6,12.2,26,2097.56,715.84
R01608,2024-08-21,L5,232,43.1,103.13,Redes sociais,0,97.2,12.0,50,3888.46,1471.08
R01609,2024-08-22,L4,162,36.0,97.57,Redes sociais,15,96.9,6.8,75,5558.74,1843.66
R01610,2024-08-22,L8,126,29.2,0.00,Sem divulgação,0,96.5,7.5,39,2196.00,852.98
R01611,2024-08-22,L2,178,28.0,100.09,WhatsApp,10,97.6,12.6,35,2165.51,727.87
R01612,2024-08-22,L1,193,33.2,148.05,WhatsApp,10,99.3,11.6,59,4214.08,1668.95
R01613,2024-08-22,L7,192,39.2,74.76,Redes sociais,0,97.7,10.3,40,2766.70,1012.47
R01614,2024-08-22,L6,222,40.0,133.59,WhatsApp,0,94.6,12.1,55,4237.68,1600.24
R01615,2024-08-22,L3,215,47.6,91.72,Redes sociais,5,98.2,8.1,80,6643.53,2200.74
R01616,2024-08-22,L5,236,44.8,64.73,Redes sociais,15,97.1,11.0,63,4403.46,1444.70
R01617,2024-08-23,L4,160,35.5,99.31,Redes sociais,0,98.1,8.5,58,3737.67,1393.54
R01618,2024-08-23,L8,145,32.6,0.00,Sem divulgação,10,96.7,7.9,59,4265.53,1507.80
R01619,2024-08-23,L2,162,36.6,0.00,Sem divulgação,10,94.7,8.5,58,3781.25,1212.47
R01620,2024-08-23,L1,214,39.8,79.75,Redes sociais,15,97.3,10.9,59,2961.68,1100.16
R01621,2024-08-23,L7,197,34.5,0.00,Sem divulgação,10,94.3,12.0,46,3476.96,1167.78
R01622,2024-08-23,L6,225,38.1,0.00,Sem divulgação,15,96.9,13.0,71,4494.66,1467.99
R01623,2024-08-23,L3,218,50.1,0.00,Sem divulgação,0,98.0,9.6,36,2810.86,1000.31
R01624,2024-08-23,L5,287,52.2,170.42,Redes sociais,5,96.8,11.6,54,4004.63,1458.11
R01625,2024-08-24,L4,138,32.8,62.90,WhatsApp,0,95.8,7.4,56,4060.42,1542.81
R01626,2024-08-24,L8,132,30.0,91.87,Mídia local,0,95.3,8.8,40,2914.83,1119.43
R01627,2024-08-24,L2,198,37.8,135.75,WhatsApp,10,94.4,10.2,74,5064.01,1605.54
R01628,2024-08-24,L1,166,37.9,0.00,Sem divulgação,5,97.3,9.9,54,3350.08,1338.67
R01629,2024-08-24,L7,187,43.0,111.36,Redes sociais,10,92.6,9.0,43,3030.32,947.03
R01630,2024-08-24,L6,151,33.8,0.00,Sem divulgação,0,97.0,9.1,37,2260.77,896.47
R01631,2024-08-24,L3,212,40.7,0.00,Sem divulgação,0,94.5,10.8,36,2727.90,975.52
R01632,2024-08-24,L5,300,45.4,150.49,Redes sociais,15,92.7,15.8,53,3743.16,1237.15
R01633,2024-08-26,L4,120,24.6,73.11,Redes sociais,0,97.1,9.3,31,2000.12,793.21
R01634,2024-08-26,L8,176,31.4,91.50,Redes sociais,0,96.9,11.6,47,3446.08,1337.61
R01635,2024-08-26,L2,93,28.8,0.00,Sem divulgação,15,95.0,6.5,39,2164.39,642.97
R01636,2024-08-26,L1,177,42.3,157.32,Redes sociais,0,97.0,8.4,64,4073.07,1620.62
R01637,2024-08-26,L7,140,38.9,171.55,Mídia local,0,99.8,8.0,39,3244.98,1160.91
R01638,2024-08-26,L6,169,32.7,0.00,Sem divulgação,10,96.1,11.1,47,2861.10,983.24
R01639,2024-08-26,L3,207,39.6,82.55,WhatsApp,15,94.8,10.6,41,3227.04,915.10
R01640,2024-08-26,L5,169,39.8,0.00,Sem divulgação,0,95.4,7.4,33,2398.50,968.11
R01641,2024-08-27,L4,115,36.1,74.57,Redes sociais,0,97.5,5.6,39,3586.62,1364.00
R01642,2024-08-27,L8,117,28.2,0.00,Sem divulgação,5,96.8,9.2,27,1803.16,673.34
R01643,2024-08-27,L2,197,32.5,128.48,Redes sociais,10,96.6,12.5,52,4018.60,1405.78
R01644,2024-08-27,L1,109,39.1,0.00,Sem divulgação,10,96.0,6.0,39,2328.42,865.04
R01645,2024-08-27,L7,163,32.1,0.00,Sem divulgação,0,94.1,10.1,31,2410.73,802.76
R01646,2024-08-27,L6,141,37.4,0.00,Sem divulgação,5,92.6,8.6,29,2154.75,794.74
R01647,2024-08-27,L3,213,42.0,81.81,WhatsApp,5,99.5,10.3,54,4003.58,1275.66
R01648,2024-08-27,L5,267,44.2,66.03,WhatsApp,0,93.8,14.6,29,2481.59,980.42
R01649,2024-08-28,L4,148,34.3,92.80,Redes sociais,0,96.1,7.2,60,4969.24,1978.61
R01650,2024-08-28,L8,133,32.6,151.64,WhatsApp,0,94.9,6.9,47,2583.33,1017.79
R01651,2024-08-28,L2,165,37.1,37.67,Redes sociais,0,95.4,8.0,43,2817.86,1058.17
R01652,2024-08-28,L1,145,27.1,0.00,Sem divulgação,20,99.2,9.9,54,3087.82,1074.74
R01653,2024-08-28,L7,184,37.8,114.65,Redes sociais,20,95.2,9.6,52,4105.69,1217.26
R01654,2024-08-28,L6,237,38.2,188.36,Mídia local,0,95.3,13.1,56,4437.41,1744.14
R01655,2024-08-28,L3,183,37.6,0.00,Sem divulgação,0,80.8,10.5,19,1676.17,584.93
R01656,2024-08-28,L5,191,46.1,0.00,Sem divulgação,0,93.6,7.9,38,3641.28,1441.01
R01657,2024-08-29,L4,124,33.5,131.73,Mídia local,0,97.8,6.0,67,4475.91,1743.32
R01658,2024-08-29,L8,132,24.1,0.00,Sem divulgação,5,98.1,10.1,50,3599.73,1372.94
R01659,2024-08-29,L2,134,26.3,0.00,Sem divulgação,0,98.2,8.9,45,3134.98,1161.80
R01660,2024-08-29,L1,179,31.8,0.00,Sem divulgação,0,95.2,9.5,39,2568.88,1066.77
R01661,2024-08-29,L7,137,30.5,0.00,Sem divulgação,0,92.5,10.0,32,2277.03,812.36
R01662,2024-08-29,L6,150,41.8,0.00,Sem divulgação,0,94.3,7.0,63,3659.28,1372.73
R01663,2024-08-29,L3,184,49.3,170.08,Redes sociais,0,96.2,8.2,39,3391.97,1183.10
R01664,2024-08-29,L5,235,48.9,60.23,Redes sociais,0,93.2,10.6,39,2892.62,1111.59
R01665,2024-08-30,L4,166,33.9,119.50,Redes sociais,0,96.1,10.9,47,3217.51,1204.33
R01666,2024-08-30,L8,105,29.3,0.00,Sem divulgação,5,98.0,7.5,40,2787.22,1043.09
R01667,2024-08-30,L2,172,31.5,44.82,Mídia local,0,95.0,10.0,36,2769.61,996.45
R01668,2024-08-30,L1,154,33.5,0.00,Sem divulgação,10,97.0,8.6,46,2984.45,1124.67
R01669,2024-08-30,L7,160,32.5,0.00,Sem divulgação,10,95.5,10.2,37,2739.48,926.92
R01670,2024-08-30,L6,156,43.0,0.00,Sem divulgação,5,96.1,6.9,36,2589.34,910.01
R01671,2024-08-30,L3,241,44.7,63.13,Mídia local,0,96.5,11.6,33,2670.48,922.11
R01672,2024-08-30,L5,199,39.1,0.00,Sem divulgação,20,97.0,11.0,47,3148.94,992.27
R01673,2024-08-31,L4,159,36.5,219.03,WhatsApp,15,97.5,7.7,54,3456.97,1107.25
R01674,2024-08-31,L8,164,34.1,72.31,Mídia local,5,94.9,9.3,56,4048.74,1496.61
R01675,2024-08-31,L2,139,33.6,0.00,Sem divulgação,15,85.6,7.4,19,1517.97,485.37
R01676,2024-08-31,L1,194,40.8,159.67,Mídia local,15,99.3,9.4,77,4326.12,1591.86
R01677,2024-08-31,L7,155,35.3,0.00,Sem divulgação,10,97.9,9.9,40,2873.45,958.98
R01678,2024-08-31,L6,244,47.2,137.68,Redes sociais,0,93.0,11.2,67,5470.12,2099.67
R01679,2024-08-31,L3,265,49.8,164.33,Redes sociais,20,96.0,12.6,45,3164.39,831.27
R01680,2024-08-31,L5,338,48.7,65.67,Mídia local,15,91.9,16.7,31,2159.35,712.33
R01681,2024-09-02,L4,96,23.8,0.00,Sem divulgação,10,91.0,7.2,39,2579.83,843.76
R01682,2024-09-02,L8,112,23.9,58.29,Mídia local,0,87.8,8.5,30,2208.21,870.21
R01683,2024-09-02,L2,115,31.1,0.00,Sem divulgação,15,93.0,7.8,38,2284.63,661.34
R01684,2024-09-02,L1,134,27.7,0.00,Sem divulgação,5,94.6,10.8,42,2019.59,784.18
R01685,2024-09-02,L7,180,40.2,67.78,Redes sociais,0,94.0,8.6,29,2051.27,768.38
R01686,2024-09-02,L6,205,43.4,161.52,WhatsApp,10,96.7,9.2,41,2438.09,783.98
R01687,2024-09-02,L3,128,38.3,0.00,Sem divulgação,20,99.1,7.8,49,3781.02,1029.55
R01688,2024-09-02,L5,194,41.9,0.00,Sem divulgação,10,95.7,9.1,37,2673.95,941.96
R01689,2024-09-03,L4,72,20.9,0.00,Sem divulgação,5,98.0,8.0,28,1879.00,723.65
R01690,2024-09-03,L8,142,29.8,187.41,WhatsApp,0,96.7,9.7,50,3452.50,1388.55
R01691,2024-09-03,L2,117,29.6,0.00,Sem divulgação,0,92.8,6.7,37,3005.48,1110.16
R01692,2024-09-03,L1,178,35.6,85.91,Mídia local,15,98.2,9.7,53,2939.25,1003.18
R01693,2024-09-03,L7,207,27.9,66.00,Mídia local,0,94.9,17.3,18,1353.75,478.63
R01694,2024-09-03,L6,117,29.8,0.00,Sem divulgação,0,93.8,7.3,20,1287.04,494.39
R01695,2024-09-03,L3,187,33.5,37.95,WhatsApp,5,96.6,11.6,31,2612.08,871.03
R01696,2024-09-03,L5,175,37.0,0.00,Sem divulgação,0,94.3,9.9,35,2353.27,918.25
R01697,2024-09-04,L4,126,39.6,94.23,WhatsApp,0,98.0,6.6,45,3169.39,1261.47
R01698,2024-09-04,L8,94,22.7,0.00,Sem divulgação,0,95.7,8.2,32,2318.85,927.82
R01699,2024-09-04,L2,123,36.2,52.95,Redes sociais,5,96.8,5.6,44,3645.66,1282.84
R01700,2024-09-04,L1,173,42.0,119.85,Redes sociais,0,94.0,7.7,43,2624.89,1036.52
R01701,2024-09-04,L7,194,42.9,180.05,Mídia local,0,96.3,8.6,52,3762.12,1362.01
R01702,2024-09-04,L6,160,35.0,0.00,Sem divulgação,0,96.0,9.9,30,1905.75,738.51
R01703,2024-09-04,L3,198,50.7,134.68,Mídia local,10,94.7,9.3,45,3997.90,1268.12
R01704,2024-09-04,L5,237,40.7,0.00,Sem divulgação,15,96.1,12.8,47,2954.60,966.76
R01705,2024-09-05,L4,86,27.5,0.00,Sem divulgação,5,96.1,5.2,38,2972.65,1138.26
R01706,2024-09-05,L8,141,39.2,77.53,Redes sociais,0,95.6,7.3,46,3508.94,1382.70
R01707,2024-09-05,L2,183,37.1,63.36,Redes sociais,5,93.7,10.8,32,2127.62,750.50
R01708,2024-09-05,L1,179,39.1,107.26,Mídia local,15,97.3,9.4,58,3134.81,1097.08
R01709,2024-09-05,L7,234,37.0,0.00,Sem divulgação,0,93.3,14.6,30,1821.32,658.93
R01710,2024-09-05,L6,202,35.4,0.00,Sem divulgação,10,93.6,11.5,45,2860.42,941.03
R01711,2024-09-05,L3,205,46.0,112.16,Mídia local,20,97.0,10.8,49,3977.94,1118.25
R01712,2024-09-05,L5,213,39.5,0.00,Sem divulgação,0,92.7,12.6,32,2311.77,889.81
R01713,2024-09-06,L4,103,39.0,76.62,Mídia local,15,89.0,3.1,53,3182.20,1061.94
R01714,2024-09-06,L8,106,28.3,0.00,Sem divulgação,0,96.6,6.4,35,2713.59,1087.98
R01715,2024-09-06,L2,188,30.0,0.00,Sem divulgação,0,94.8,12.8,26,1872.42,700.18
R01716,2024-09-06,L1,179,30.3,0.00,Sem divulgação,5,96.8,11.4,48,2843.50,1103.65
R01717,2024-09-06,L7,164,43.9,65.84,Redes sociais,15,95.0,7.4,49,3805.18,1159.62
R01718,2024-09-06,L6,167,38.7,0.00,Sem divulgação,10,94.2,9.2,57,3522.89,1265.73
R01719,2024-09-06,L3,207,44.4,60.75,Redes sociais,0,94.3,9.9,33,2656.11,977.43
R01720,2024-09-06,L5,232,48.6,100.60,WhatsApp,20,95.9,11.1,75,4068.78,1356.83
R01721,2024-09-07,L4,175,39.9,220.94,Mídia local,5,96.6,6.6,67,4739.34,1881.31
R01722,2024-09-07,L8,148,30.1,0.00,Sem divulgação,10,94.9,9.4,48,2901.83,1019.11
R01723,2024-09-07,L2,183,26.2,0.00,Sem divulgação,5,97.5,14.3,33,2743.34,940.60
R01724,2024-09-07,L1,193,33.3,0.00,Sem divulgação,10,95.9,10.8,59,3261.41,1261.92
R01725,2024-09-07,L7,215,41.9,122.73,Redes sociais,15,97.4,11.5,55,4904.58,1603.43
R01726,2024-09-07,L6,162,42.6,0.00,Sem divulgação,10,95.7,7.9,54,3265.36,1116.77
R01727,2024-09-07,L3,223,41.6,0.00,Sem divulgação,15,95.1,12.8,56,3849.84,1108.56
R01728,2024-09-07,L5,323,51.2,190.62,Redes sociais,10,94.1,14.3,54,3874.50,1381.79
R01729,2024-09-09,L4,74,27.2,0.00,Sem divulgação,0,98.4,5.7,31,2408.10,929.55
R01730,2024-09-09,L8,141,35.3,111.47,Mídia local,20,93.3,7.6,46,2491.04,923.03
R01731,2024-09-09,L2,148,39.9,111.90,WhatsApp,15,95.5,7.7,51,3313.21,1001.88
R01732,2024-09-09,L1,206,37.7,146.71,Mídia local,0,96.8,10.5,53,3172.04,1285.95
R01733,2024-09-09,L7,209,39.1,88.10,Redes sociais,0,94.4,11.6,31,2302.67,826.96
R01734,2024-09-09,L6,187,32.5,0.00,Sem divulgação,15,94.8,12.2,53,3421.99,1104.80
R01735,2024-09-09,L3,224,47.9,119.64,Redes sociais,5,94.8,9.4,34,2277.53,776.37
R01736,2024-09-09,L5,238,45.6,144.14,Mídia local,0,92.7,9.9,57,4482.20,1761.77
R01737,2024-09-10,L4,125,31.2,86.97,Mídia local,0,97.8,6.2,44,3531.79,1398.23
R01738,2024-09-10,L8,124,31.8,87.95,WhatsApp,10,94.9,7.1,45,3290.98,1235.41
R01739,2024-09-10,L2,220,33.6,68.22,Mídia local,5,95.3,15.0,39,3111.73,1099.19
R01740,2024-09-10,L1,134,32.0,0.00,Sem divulgação,0,97.2,10.1,32,2045.69,819.26
R01741,2024-09-10,L7,166,35.4,99.79,WhatsApp,0,96.0,9.3,39,3346.58,1151.88
R01742,2024-09-10,L6,207,33.8,90.46,Mídia local,5,94.7,11.8,33,2594.92,952.65
R01743,2024-09-10,L3,151,35.1,0.00,Sem divulgação,0,95.8,9.9,25,1981.68,705.57
R01744,2024-09-10,L5,219,42.3,90.19,Redes sociais,10,93.7,11.5,57,3500.00,1277.92
R01745,2024-09-11,L4,154,29.4,98.02,Redes sociais,10,95.3,9.8,38,2650.45,985.39
R01746,2024-09-11,L8,97,27.6,0.00,Sem divulgação,0,92.1,7.4,25,2163.43,863.90
R01747,2024-09-11,L2,119,28.7,0.00,Sem divulgação,10,96.1,8.6,45,3155.49,1084.06
R01748,2024-09-11,L1,147,29.8,48.01,Redes sociais,0,98.7,9.4,38,2359.83,980.86
R01749,2024-09-11,L7,152,36.0,0.00,Sem divulgação,0,97.0,8.5,37,2544.79,900.33
R01750,2024-09-11,L6,190,46.0,218.30,Redes sociais,0,92.8,8.1,42,3183.75,1201.77
R01751,2024-09-11,L3,268,48.9,218.33,WhatsApp,0,95.1,12.1,32,2519.24,893.36
R01752,2024-09-11,L5,169,39.2,0.00,Sem divulgação,0,95.1,10.1,27,1850.50,715.38
R01753,2024-09-12,L4,132,34.3,59.91,Redes sociais,0,94.9,7.0,47,3269.72,1232.83
R01754,2024-09-12,L8,178,38.7,118.90,WhatsApp,20,96.8,8.1,78,4934.71,1647.18
R01755,2024-09-12,L2,131,26.0,0.00,Sem divulgação,0,97.1,9.5,37,2866.89,1045.99
R01756,2024-09-12,L1,155,39.4,111.10,Redes sociais,0,95.1,7.0,33,2066.20,850.54
R01757,2024-09-12,L7,212,50.3,175.17,Redes sociais,15,96.6,8.6,66,4295.91,1349.11
R01758,2024-09-12,L6,227,42.1,194.21,Redes sociais,0,96.5,11.2,51,3483.23,1330.08
R01759,2024-09-12,L3,244,49.1,180.24,Redes sociais,10,98.6,11.3,70,4872.94,1481.56
R01760,2024-09-12,L5,161,42.7,92.51,Redes sociais,15,92.1,9.4,27,1949.70,691.39
R01761,2024-09-13,L4,130,36.8,116.25,WhatsApp,0,98.9,6.9,51,3807.73,1456.86
R01762,2024-09-13,L8,108,31.9,0.00,Sem divulgação,0,97.8,6.5,52,3376.33,1348.63
R01763,2024-09-13,L2,167,37.8,110.82,WhatsApp,20,96.0,9.2,55,3977.67,1135.87
R01764,2024-09-13,L1,158,34.1,0.00,Sem divulgação,15,96.8,9.1,58,3714.48,1397.49
R01765,2024-09-13,L7,169,35.6,0.00,Sem divulgação,0,93.4,8.8,29,2585.92,959.63
R01766,2024-09-13,L6,187,38.1,0.00,Sem divulgação,0,96.4,11.9,51,3685.80,1406.22
R01767,2024-09-13,L3,169,42.5,0.00,Sem divulgação,0,94.1,7.6,33,2903.59,988.12
R01768,2024-09-13,L5,220,39.7,0.00,Sem divulgação,0,95.2,13.1,57,4440.08,1660.10
R01769,2024-09-14,L4,93,23.9,0.00,Sem divulgação,10,100.0,7.2,50,3801.37,1349.18
R01770,2024-09-14,L8,131,26.8,0.00,Sem divulgação,20,98.0,11.1,46,2283.96,711.40
R01771,2024-09-14,L2,172,31.1,0.00,Sem divulgação,15,95.6,8.3,55,3357.38,984.64
R01772,2024-09-14,L1,171,38.8,0.00,Sem divulgação,10,98.7,8.3,72,4605.06,1672.61
R01773,2024-09-14,L7,229,40.1,169.12,WhatsApp,15,94.5,12.1,53,3383.58,982.16
R01774,2024-09-14,L6,207,40.2,0.00,Sem divulgação,20,92.9,10.6,69,4852.70,1367.93
R01775,2024-09-14,L3,231,44.1,0.00,Sem divulgação,15,96.9,10.3,78,6491.95,1911.99
R01776,2024-09-14,L5,309,50.7,91.21,Mídia local,0,93.6,12.5,38,2955.13,1148.75
R01777,2024-09-16,L4,119,28.3,114.44,Redes sociais,0,97.5,6.8,53,3454.36,1404.42
R01778,2024-09-16,L8,131,28.9,167.16,Redes sociais,15,97.5,8.6,47,3097.78,1040.10
R01779,2024-09-16,L2,127,27.9,77.34,WhatsApp,0,94.5,10.7,24,1834.56,674.73
R01780,2024-09-16,L1,186,31.0,199.76,WhatsApp,10,96.7,11.9,57,3316.28,1317.76
R01781,2024-09-16,L7,178,32.6,167.77,Redes sociais,0,96.6,11.6,39,2971.75,1047.47
R01782,2024-09-16,L6,153,35.2,0.00,Sem divulgação,0,92.0,9.6,40,3012.62,1131.58
R01783,2024-09-16,L3,150,34.4,0.00,Sem divulgação,5,93.7,10.9,20,1536.25,512.65
R01784,2024-09-16,L5,202,40.5,118.35,Mídia local,0,94.9,10.2,32,2577.23,1002.00
R01785,2024-09-17,L4,79,23.5,0.00,Sem divulgação,5,97.2,,36,2636.98,988.53
R01786,2024-09-17,L8,138,27.1,76.38,Mídia local,0,97.7,,29,1811.48,738.04
R01787,2024-09-17,L2,111,27.8,94.82,Redes sociais,0,83.4,,22,1754.95,652.77
R01788,2024-09-17,L1,212,36.5,149.04,WhatsApp,10,95.3,,42,2392.11,901.06
R01789,2024-09-17,L7,136,32.1,0.00,Sem divulgação,0,95.7,,33,2228.92,825.52
R01790,2024-09-17,L6,171,33.1,104.64,Redes sociais,0,94.7,,37,2799.21,1033.70
R01791,2024-09-17,L3,212,32.8,0.00,Sem divulgação,20,94.3,,30,2252.89,536.27
R01792,2024-09-17,L5,204,44.5,180.90,WhatsApp,15,95.3,,49,3470.75,1122.77
R01793,2024-09-18,L4,150,30.8,147.33,Redes sociais,0,97.5,7.5,45,3164.09,1202.86
R01794,2024-09-18,L8,134,34.6,99.10,Redes sociais,10,92.5,6.8,53,3597.63,1314.20
R01795,2024-09-18,L2,110,23.1,0.00,Sem divulgação,15,95.6,8.9,34,2346.03,749.51
R01796,2024-09-18,L1,184,35.6,84.50,WhatsApp,20,96.5,10.1,71,3791.76,1256.32
R01797,2024-09-18,L7,155,34.6,0.00,Sem divulgação,0,95.7,10.2,40,3261.35,1205.63
R01798,2024-09-18,L6,184,38.3,0.00,Sem divulgação,5,95.4,9.6,47,2854.98,1016.15
R01799,2024-09-18,L3,188,39.7,57.97,Redes sociais,0,96.8,10.8,28,2348.45,807.45
R01800,2024-09-18,L5,269,40.7,90.30,Mídia local,5,84.2,14.2,41,2848.20,1052.73
R01801,2024-09-19,L4,145,32.8,80.92,Redes sociais,10,99.8,7.8,62,4471.95,1582.11
R01802,2024-09-19,L8,135,27.3,0.00,Sem divulgação,20,98.9,9.8,49,3168.00,1083.94
R01803,2024-09-19,L2,199,35.9,172.81,Mídia local,0,96.4,10.7,49,3790.92,1444.86
R01804,2024-09-19,L1,118,37.1,0.00,Sem divulgação,5,96.1,7.3,39,2246.89,878.91
R01805,2024-09-19,L7,179,36.8,0.00,Sem divulgação,0,94.8,10.5,22,1943.60,723.38
R01806,2024-09-19,L6,202,41.0,112.02,Redes sociais,0,95.7,9.7,37,2842.29,1069.08
R01807,2024-09-19,L3,230,45.3,163.05,Redes sociais,0,96.5,11.1,58,5243.84,1867.64
R01808,2024-09-19,L5,239,54.8,100.24,Redes sociais,10,95.5,8.5,39,2695.28,900.07
R01809,2024-09-20,L4,141,38.2,129.73,Redes sociais,5,97.4,6.7,59,4167.66,1481.94
R01810,2024-09-20,L8,118,26.1,0.00,Sem divulgação,0,95.7,8.6,23,1386.71,547.24
R01811,2024-09-20,L2,124,29.2,0.00,Sem divulgação,20,92.9,8.9,37,2397.84,671.37
R01812,2024-09-20,L1,166,36.2,127.12,Redes sociais,5,100.0,8.4,47,3205.86,1256.55
R01813,2024-09-20,L7,221,40.5,211.81,Redes sociais,10,96.7,11.5,55,4101.89,1336.68
R01814,2024-09-20,L6,176,38.0,0.00,Sem divulgação,15,94.3,8.5,74,4826.24,1540.39
R01815,2024-09-20,L3,145,36.0,0.00,Sem divulgação,5,98.4,7.3,46,4222.25,1449.56
R01816,2024-09-20,L5,290,49.3,225.81,Redes sociais,0,93.7,13.1,31,2255.97,860.27
R01817,2024-09-21,L4,134,37.7,85.04,WhatsApp,15,96.8,6.8,72,4546.72,1484.25
R01818,2024-09-21,L8,170,40.9,222.23,WhatsApp,15,95.2,7.6,77,4732.84,1582.14
R01819,2024-09-21,L2,127,28.9,0.00,Sem divulgação,0,94.1,7.9,29,1948.29,749.87
R01820,2024-09-21,L1,234,50.2,259.31,Redes sociais,5,97.0,10.0,69,3757.66,1418.67
R01821,2024-09-21,L7,197,38.3,106.53,WhatsApp,15,94.3,8.7,60,4319.43,1396.03
R01822,2024-09-21,L6,213,40.5,95.63,Redes sociais,0,92.8,11.4,53,3672.64,1434.53
R01823,2024-09-21,L3,205,43.2,0.00,Sem divulgação,5,96.3,9.7,52,3920.62,1319.29
R01824,2024-09-21,L5,232,40.1,0.00,Sem divulgação,15,93.3,14.7,39,2509.82,854.61
R01825,2024-09-23,L4,126,28.9,79.44,Redes sociais,0,98.8,9.3,49,4082.43,1584.51
R01826,2024-09-23,L8,146,42.2,141.46,Mídia local,10,95.8,6.2,58,3873.59,1413.76
R01827,2024-09-23,L2,180,33.3,133.80,Redes sociais,5,98.0,10.2,53,4782.36,1720.48
R01828,2024-09-23,L1,159,25.7,0.00,Sem divulgação,15,97.6,11.8,49,2989.67,1043.33
R01829,2024-09-23,L7,150,36.5,0.00,Sem divulgação,5,97.0,8.5,69,5275.84,1745.63
R01830,2024-09-23,L6,173,49.1,111.93,Redes sociais,15,78.5,8.8,27,1665.59,518.82
R01831,2024-09-23,L3,224,43.2,106.54,Mídia local,0,95.0,11.8,38,2953.01,1028.41
R01832,2024-09-23,L5,187,40.8,0.00,Sem divulgação,20,93.6,8.2,58,3757.81,1186.83
R01833,2024-09-24,L4,88,26.9,0.00,Sem divulgação,0,96.6,5.8,40,3832.39,1489.16
R01834,2024-09-24,L8,90,27.1,0.00,Sem divulgação,5,97.3,6.9,35,2136.80,829.51
R01835,2024-09-24,L2,185,37.1,155.78,WhatsApp,0,93.1,9.7,53,3943.50,1513.96
R01836,2024-09-24,L1,134,39.0,307.71,Redes sociais,20,95.5,7.8,49,2946.49,1046.34
R01837,2024-09-24,L7,227,44.3,230.84,Redes sociais,20,95.7,11.5,54,3447.86,920.91
R01838,2024-09-24,L6,164,36.9,0.00,Sem divulgação,0,96.1,9.5,56,3425.10,1298.57
R01839,2024-09-24,L3,181,38.3,141.30,WhatsApp,0,94.1,11.2,28,2430.79,844.58
R01840,2024-09-24,L5,204,45.3,92.80,Redes sociais,0,93.1,9.5,21,1780.24,704.34
R01841,2024-09-25,L4,135,33.9,162.49,WhatsApp,20,97.8,7.2,73,4562.21,1417.68
R01842,2024-09-25,L8,165,41.0,344.28,Mídia local,5,94.0,8.0,65,4525.44,1752.20
R01843,2024-09-25,L2,122,32.7,44.97,Mídia local,5,94.3,7.4,38,2867.40,1009.80
R01844,2024-09-25,L1,171,41.7,129.66,Redes sociais,0,97.7,8.3,44,2407.38,970.14
R01845,2024-09-25,L7,192,36.2,77.51,Mídia local,0,94.9,10.4,33,2865.41,1058.77
R01846,2024-09-25,L6,170,36.7,104.21,WhatsApp,0,96.5,9.9,32,2099.72,840.09
R01847,2024-09-25,L3,215,47.0,163.77,WhatsApp,10,94.6,10.1,41,3693.33,1146.31
R01848,2024-09-25,L5,193,46.5,0.00,Sem divulgação,15,93.1,10.5,32,2335.50,816.94
R01849,2024-09-26,L4,101,18.3,0.00,Sem divulgação,5,100.0,10.1,31,2178.39,834.67
R01850,2024-09-26,L8,130,34.5,88.70,WhatsApp,0,93.2,6.2,47,2671.08,1103.64
R01851,2024-09-26,L2,128,25.6,0.00,Sem divulgação,0,94.7,10.4,26,1792.63,652.85
R01852,2024-09-26,L1,119,26.3,0.00,Sem divulgação,5,97.8,9.1,43,2739.39,1100.99
R01853,2024-09-26,L7,234,42.8,100.52,WhatsApp,5,94.6,11.0,56,4125.76,1356.86
R01854,2024-09-26,L6,225,38.7,120.68,WhatsApp,0,96.5,12.1,57,4251.95,1609.48
R01855,2024-09-26,L3,218,46.3,173.23,Redes sociais,0,96.8,9.2,50,4341.52,1548.34
R01856,2024-09-26,L5,204,48.5,109.89,Redes sociais,10,94.4,9.8,38,2322.63,855.68
R01857,2024-09-27,L4,118,27.0,0.00,Sem divulgação,0,100.0,8.0,39,2616.31,982.11
R01858,2024-09-27,L8,170,36.2,110.23,WhatsApp,10,98.4,8.0,52,4090.00,1462.24
R01859,2024-09-27,L2,134,32.7,0.00,Sem divulgação,0,94.1,7.6,43,3500.88,1267.19
R01860,2024-09-27,L1,213,41.5,103.74,Mídia local,5,94.1,10.5,58,3913.28,1520.81
R01861,2024-09-27,L7,275,50.6,141.84,Redes sociais,5,94.9,10.9,54,4332.87,1435.71
R01862,2024-09-27,L6,168,38.2,0.00,Sem divulgação,10,93.9,8.2,41,2424.73,807.67
R01863,2024-09-27,L3,182,42.8,0.00,Sem divulgação,5,98.1,8.8,40,3117.69,1007.41
R01864,2024-09-27,L5,284,43.6,0.00,Sem divulgação,0,94.2,14.7,27,2028.71,781.33
R01865,2024-09-28,L4,195,38.5,275.29,WhatsApp,10,97.6,10.8,71,4552.57,1591.65
R01866,2024-09-28,L8,210,33.1,89.06,WhatsApp,0,97.4,12.4,44,2896.72,1141.66
R01867,2024-09-28,L2,135,32.7,0.00,Sem divulgação,10,95.4,7.4,58,3899.15,1290.37
R01868,2024-09-28,L1,181,38.2,75.85,WhatsApp,20,98.3,10.3,57,3037.21,965.56
R01869,2024-09-28,L7,198,39.9,0.00,Sem divulgação,0,96.1,10.7,42,3050.59,1127.54
R01870,2024-09-28,L6,229,46.4,105.77,Redes sociais,10,92.9,9.3,48,3269.78,1096.11
R01871,2024-09-28,L3,219,43.6,0.00,Sem divulgação,10,96.9,12.2,38,3029.21,913.78
R01872,2024-09-28,L5,247,56.4,197.80,Mídia local,0,93.9,9.4,29,2057.53,763.08
R01873,2024-09-30,L4,109,28.3,80.53,Redes sociais,10,98.6,7.7,37,2284.88,821.46
R01874,2024-09-30,L8,114,22.2,0.00,Sem divulgação,0,95.3,9.4,34,1869.35,756.82
R01875,2024-09-30,L2,102,32.1,101.47,Mídia local,0,95.1,5.6,42,3518.89,1309.59
R01876,2024-09-30,L1,141,37.0,141.98,Redes sociais,5,95.2,8.2,39,2529.47,975.37
R01877,2024-09-30,L7,165,31.0,174.60,Mídia local,0,95.8,10.6,35,2793.40,1025.77
R01878,2024-09-30,L6,149,32.1,0.00,Sem divulgação,20,96.6,9.0,38,2240.54,653.68
R01879,2024-09-30,L3,200,40.4,48.45,Redes sociais,20,95.5,9.5,51,4114.09,1043.58
R01880,2024-09-30,L5,164,44.1,52.14,WhatsApp,15,93.2,8.3,39,2336.10,787.38
R01881,2024-10-01,L4,99,29.7,56.47,WhatsApp,15,89.9,5.6,37,2663.93,856.17
R01882,2024-10-01,L8,146,33.4,183.65,Mídia local,0,95.9,8.2,50,3466.27,1394.55
R01883,2024-10-01,L2,139,32.5,105.07,WhatsApp,5,95.2,8.4,53,4390.45,1431.55
R01884,2024-10-01,L1,127,27.0,0.00,Sem divulgação,15,95.3,9.5,37,2338.56,839.77
R01885,2024-10-01,L7,110,33.1,0.00,Sem divulgação,10,93.9,6.3,31,2207.23,742.09
R01886,2024-10-01,L6,134,34.2,0.00,Sem divulgação,0,95.0,8.6,30,2455.06,950.68
R01887,2024-10-01,L3,236,39.5,120.03,WhatsApp,10,96.2,14.3,25,1786.77,539.46
R01888,2024-10-01,L5,202,41.9,0.00,Sem divulgação,5,94.1,10.0,33,2565.01,963.94
R01889,2024-10-02,L4,113,33.3,127.94,WhatsApp,0,93.7,6.0,34,2472.77,939.60
R01890,2024-10-02,L8,146,30.9,150.41,WhatsApp,5,97.9,10.4,50,3175.32,1247.33
R01891,2024-10-02,L2,207,36.3,100.01,Redes sociais,0,96.0,11.6,39,2856.20,1064.92
R01892,2024-10-02,L1,194,43.0,134.01,Redes sociais,20,86.8,9.4,56,2839.02,989.39
R01893,2024-10-02,L7,229,42.4,111.87,Redes sociais,0,94.4,12.4,36,2623.29,962.61
R01894,2024-10-02,L6,187,45.0,121.42,Redes sociais,20,95.7,8.8,56,3121.87,901.20
R01895,2024-10-02,L3,164,33.9,0.00,Sem divulgação,10,92.7,10.9,25,2073.55,647.45
R01896,2024-10-02,L5,279,44.7,199.23,WhatsApp,0,97.5,14.4,32,2594.97,993.99
R01897,2024-10-03,L4,110,31.8,69.74,Redes sociais,5,98.5,6.7,45,2795.06,1056.29
R01898,2024-10-03,L8,96,29.6,0.00,Sem divulgação,5,96.4,6.8,30,2205.48,896.33
R01899,2024-10-03,L2,183,31.4,87.25,WhatsApp,0,94.1,12.0,36,2070.75,780.15
R01900,2024-10-03,L1,155,36.1,0.00,Sem divulgação,0,96.2,9.0,37,2171.99,872.84
R01901,2024-10-03,L7,213,39.6,169.02,WhatsApp,0,97.1,11.2,42,3546.62,1229.20
R01902,2024-10-03,L6,167,41.3,0.00,Sem divulgação,5,81.9,9.5,19,1169.04,410.90
R01903,2024-10-03,L3,228,44.2,117.85,Redes sociais,0,95.5,10.5,42,3069.32,1077.21
R01904,2024-10-03,L5,248,51.6,134.01,Redes sociais,0,91.7,9.8,29,2012.35,781.08
R01905,2024-10-04,L4,161,33.2,105.53,Redes sociais,0,97.1,10.4,54,3929.95,1481.30
R01906,2024-10-04,L8,117,37.2,0.00,Sem divulgação,10,96.2,5.6,39,2411.99,899.81
R01907,2024-10-04,L2,181,36.3,60.18,Redes sociais,0,98.6,8.3,51,3189.19,1192.73
R01908,2024-10-04,L1,181,35.5,89.99,WhatsApp,10,97.6,8.7,63,3973.90,1457.12
R01909,2024-10-04,L7,189,34.5,0.00,Sem divulgação,15,96.9,13.0,59,4182.60,1257.50
R01910,2024-10-04,L6,200,44.0,100.63,Mídia local,15,93.5,10.6,55,2833.24,919.84
R01911,2024-10-04,L3,185,41.5,0.00,Sem divulgação,0,94.1,10.9,27,2203.41,780.19
R01912,2024-10-04,L5,250,47.4,0.00,Sem divulgação,10,96.0,11.9,64,4113.29,1452.05
R01913,2024-10-05,L4,136,34.2,122.63,WhatsApp,10,100.0,8.3,47,3185.14,1118.79
R01914,2024-10-05,L8,211,40.8,81.80,Mídia local,0,98.4,9.9,70,5186.20,2027.13
R01915,2024-10-05,L2,192,40.0,91.33,Redes sociais,10,99.2,8.4,84,5780.44,2010.24
R01916,2024-10-05,L1,178,38.5,0.00,Sem divulgação,0,98.4,10.6,42,2924.00,1182.72
R01917,2024-10-05,L7,209,44.2,75.95,Redes sociais,20,98.2,10.1,71,4958.07,1522.81
R01918,2024-10-05,L6,241,41.4,135.77,WhatsApp,20,94.2,12.5,75,5284.07,1512.37
R01919,2024-10-05,L3,260,48.1,138.97,Redes sociais,10,96.3,12.6,46,3967.99,1337.65
R01920,2024-10-05,L5,299,56.6,148.48,Mídia local,0,93.1,11.6,54,3616.02,1367.47
R01921,2024-10-07,L4,155,36.0,219.46,Redes sociais,0,96.4,7.2,55,4026.96,1580.10
R01922,2024-10-07,L8,154,31.6,90.10,Redes sociais,0,91.5,8.2,53,3142.81,1246.38
R01923,2024-10-07,L2,188,34.2,63.29,Redes sociais,0,96.8,11.7,54,4342.85,1611.54
R01924,2024-10-07,L1,141,31.7,108.92,Redes sociais,0,95.1,8.7,35,2549.91,1048.05
R01925,2024-10-07,L7,191,38.8,200.69,Redes sociais,0,96.3,11.8,48,3808.03,1377.84
R01926,2024-10-07,L6,195,43.3,231.68,Redes sociais,0,94.0,9.4,43,3069.68,1155.07
R01927,2024-10-07,L3,239,38.5,150.27,Mídia local,0,95.6,13.5,27,2260.48,788.49
R01928,2024-10-07,L5,212,42.4,0.00,Sem divulgação,20,95.8,10.6,55,3912.36,1302.81
R01929,2024-10-08,L4,149,33.7,147.53,Redes sociais,0,96.9,9.1,43,2826.04,1100.56
R01930,2024-10-08,L8,145,29.5,0.00,Sem divulgação,0,96.3,9.7,49,3411.80,1281.59
R01931,2024-10-08,L2,178,26.4,0.00,Sem divulgação,0,97.3,14.9,48,3704.60,1368.54
R01932,2024-10-08,L1,218,33.5,164.38,Redes sociais,10,96.5,13.7,48,2939.53,1095.66
R01933,2024-10-08,L7,126,31.2,0.00,Sem divulgação,5,96.4,8.1,32,2544.30,831.84
R01934,2024-10-08,L6,257,45.6,132.40,Mídia local,0,94.7,12.2,34,1960.93,732.69
R01935,2024-10-08,L3,252,48.3,246.93,WhatsApp,0,96.5,11.8,41,3649.29,1249.31
R01936,2024-10-08,L5,193,43.7,0.00,Sem divulgação,0,97.9,9.9,51,4235.56,1624.95
R01937,2024-10-09,L4,106,21.3,0.00,Sem divulgação,0,96.2,10.9,33,2198.09,847.56
R01938,2024-10-09,L8,126,32.3,122.68,WhatsApp,0,94.3,6.0,51,3337.22,1316.72
R01939,2024-10-09,L2,108,33.6,68.49,WhatsApp,0,97.9,3.8,50,3561.95,1333.25
R01940,2024-10-09,L1,116,31.1,0.00,Sem divulgação,0,96.5,7.7,25,1563.82,646.97
R01941,2024-10-09,L7,183,43.2,109.17,Mídia local,15,96.4,8.8,74,5426.15,1638.31
R01942,2024-10-09,L6,170,40.3,0.00,Sem divulgação,0,93.9,9.0,52,3131.40,1243.76
R01943,2024-10-09,L3,243,43.3,138.78,WhatsApp,0,94.8,11.8,44,3385.28,1187.39
R01944,2024-10-09,L5,241,48.2,56.34,Redes sociais,20,93.9,10.3,55,3264.09,1023.91
R01945,2024-10-10,L4,140,34.6,162.66,WhatsApp,5,97.9,7.9,40,2438.84,915.51
R01946,2024-10-10,L8,209,39.6,195.16,WhatsApp,0,96.7,8.5,65,4583.57,1815.08
R01947,2024-10-10,L2,163,34.5,157.17,Redes sociais,5,97.2,9.6,64,4416.24,1628.99
R01948,2024-10-10,L1,200,41.7,198.64,Mídia local,5,99.5,9.8,65,3592.32,1405.78
R01949,2024-10-10,L7,223,46.3,145.86,WhatsApp,20,94.5,10.6,47,3301.65,992.11
R01950,2024-10-10,L6,190,42.8,0.00,Sem divulgação,15,92.9,10.4,54,3328.80,1072.06
R01951,2024-10-10,L3,176,40.0,0.00,Sem divulgação,0,99.6,9.4,38,3227.43,1170.35
R01952,2024-10-10,L5,199,37.0,0.00,Sem divulgação,10,94.5,11.8,29,2377.62,825.27
R01953,2024-10-11,L4,159,33.4,106.46,Mídia local,0,97.3,8.9,68,4842.60,1905.27
R01954,2024-10-11,L8,142,33.9,0.00,Sem divulgação,20,97.2,7.5,63,3988.73,1345.32
R01955,2024-10-11,L2,192,40.4,72.32,Redes sociais,15,92.4,9.0,65,4771.51,1518.99
R01956,2024-10-11,L1,165,42.0,103.07,WhatsApp,20,97.1,8.0,50,2830.71,849.61
R01957,2024-10-11,L7,142,33.9,0.00,Sem divulgação,20,92.8,9.6,46,3747.56,1154.02
R01958,2024-10-11,L6,188,44.1,90.37,WhatsApp,0,96.6,8.8,39,2728.13,1051.81
R01959,2024-10-11,L3,204,34.7,0.00,Sem divulgação,15,98.1,13.3,36,2760.24,813.84
R01960,2024-10-11,L5,249,45.8,65.56,Redes sociais,15,95.7,13.2,51,3751.22,1341.78
R01961,2024-10-12,L4,141,30.4,74.51,Mídia local,10,95.6,7.4,57,3890.57,1330.63
R01962,2024-10-12,L8,145,36.9,138.98,WhatsApp,0,99.1,7.6,58,4027.47,1671.46
R01963,2024-10-12,L2,151,40.8,169.82,Mídia local,5,95.9,6.2,48,3498.87,1246.70
R01964,2024-10-12,L1,137,39.4,52.43,Redes sociais,15,95.4,7.7,54,3102.24,1056.20
R01965,2024-10-12,L7,217,43.5,0.00,Sem divulgação,10,97.8,9.6,62,4571.87,1496.05
R01966,2024-10-12,L6,208,42.4,0.00,Sem divulgação,0,97.1,11.5,42,2769.86,1048.63
R01967,2024-10-12,L3,325,47.0,119.27,WhatsApp,5,94.5,15.4,33,2857.68,982.47
R01968,2024-10-12,L5,253,57.8,159.84,Mídia local,0,95.2,9.7,60,3681.85,1453.59
R01969,2024-10-14,L4,78,21.0,0.00,Sem divulgação,5,98.1,7.0,27,2063.76,771.68
R01970,2024-10-14,L8,127,32.7,159.53,Redes sociais,0,98.0,7.3,39,2885.27,1152.05
R01971,2024-10-14,L2,124,20.2,0.00,Sem divulgação,0,96.6,11.7,29,2357.37,837.56
R01972,2024-10-14,L1,115,34.4,57.79,Redes sociais,0,94.9,9.5,20,1349.38,553.97
R01973,2024-10-14,L7,137,32.3,0.00,Sem divulgação,0,96.9,7.8,25,1785.30,632.09
R01974,2024-10-14,L6,228,40.8,103.28,WhatsApp,15,93.7,12.4,65,4257.54,1469.98
R01975,2024-10-14,L3,194,39.7,0.00,Sem divulgação,10,95.3,10.7,24,1476.09,462.74
R01976,2024-10-14,L5,164,33.3,0.00,Sem divulgação,0,93.9,10.0,29,2419.29,980.63
R01977,2024-10-15,L4,88,27.2,0.00,Sem divulgação,0,97.5,5.9,24,2045.77,803.75
R01978,2024-10-15,L8,140,35.2,142.85,Mídia local,15,98.5,6.1,58,3851.21,1380.15
R01979,2024-10-15,L2,137,38.4,130.94,Mídia local,10,94.7,8.6,46,4040.50,1404.60
R01980,2024-10-15,L1,150,26.8,0.00,Sem divulgação,15,99.6,10.1,56,3513.21,1236.07
R01981,2024-10-15,L7,188,43.2,108.57,Redes sociais,5,94.4,8.5,42,3289.12,1126.15
R01982,2024-10-15,L6,161,34.4,0.00,Sem divulgação,5,94.2,11.0,39,2940.13,1053.33
R01983,2024-10-15,L3,171,44.3,0.00,Sem divulgação,0,91.6,7.7,31,2660.20,919.49
R01984,2024-10-15,L5,181,43.6,0.00,Sem divulgação,15,93.6,9.7,25,1563.40,469.46
R01985,2024-10-16,L4,102,30.7,67.71,Redes sociais,0,97.4,5.9,35,2609.77,1018.95
R01986,2024-10-16,L8,116,30.4,87.63,WhatsApp,0,95.4,6.9,31,2323.70,960.78
R01987,2024-10-16,L2,193,37.1,180.36,WhatsApp,0,94.4,10.2,45,3296.04,1185.14
R01988,2024-10-16,L1,120,31.2,0.00,Sem divulgação,10,96.6,7.6,32,1874.00,689.04
R01989,2024-10-16,L7,195,36.5,60.17,Redes sociais,10,97.2,10.5,52,4570.42,1478.65
R01990,2024-10-16,L6,134,33.2,0.00,Sem divulgação,0,91.7,8.1,31,2326.22,914.90
R01991,2024-10-16,L3,106,34.7,0.00,Sem divulgação,20,96.2,6.5,40,2585.41,634.75
R01992,2024-10-16,L5,215,43.4,0.00,Sem divulgação,0,96.9,10.5,50,4082.71,1598.79
R01993,2024-10-17,L4,115,32.1,0.00,Sem divulgação,0,95.4,5.9,32,2070.75,809.77
R01994,2024-10-17,L8,102,30.4,0.00,Sem divulgação,0,94.7,6.6,38,2631.60,1053.80
R01995,2024-10-17,L2,180,36.0,71.57,WhatsApp,10,95.6,9.1,41,2626.15,812.60
R01996,2024-10-17,L1,135,38.7,0.00,Sem divulgação,10,96.9,7.6,41,2222.07,796.57
R01997,2024-10-17,L7,213,34.9,0.00,Sem divulgação,5,95.7,11.6,38,3185.06,1029.99
R01998,2024-10-17,L6,182,37.2,0.00,Sem divulgação,0,94.3,12.3,41,2656.29,1081.91
R01999,2024-10-17,L3,259,46.4,195.54,Mídia local,0,97.4,11.6,63,5106.85,1767.10
R02000,2024-10-17,L5,202,43.5,0.00,Sem divulgação,0,95.6,9.2,37,2942.11,1152.59
R02001,2024-10-18,L4,124,32.4,98.40,Redes sociais,15,96.5,5.6,42,2894.01,950.54
R02002,2024-10-18,L8,150,35.4,73.74,Mídia local,10,88.0,9.0,35,2053.91,745.42
R02003,2024-10-18,L2,198,37.1,227.73,Redes sociais,20,94.7,10.3,76,5490.65,1724.34
R02004,2024-10-18,L1,164,32.1,0.00,Sem divulgação,15,94.3,10.2,51,2944.05,1054.95
R02005,2024-10-18,L7,177,38.8,0.00,Sem divulgação,0,96.1,7.5,34,2505.67,876.83
R02006,2024-10-18,L6,208,39.3,106.66,Redes sociais,20,93.9,11.3,36,2236.39,725.68
R02007,2024-10-18,L3,246,47.5,59.97,WhatsApp,0,82.8,11.0,22,1917.64,667.22
R02008,2024-10-18,L5,220,44.3,0.00,Sem divulgação,0,94.4,10.6,39,2865.05,1088.34
R02009,2024-10-19,L4,152,30.0,118.83,Redes sociais,20,96.6,11.0,62,3436.46,976.52
R02010,2024-10-19,L8,183,36.0,0.00,Sem divulgação,20,97.6,8.1,71,5321.64,1764.27
R02011,2024-10-19,L2,161,41.0,98.25,Redes sociais,20,97.6,8.4,58,4015.71,1102.95
R02012,2024-10-19,L1,225,41.7,0.00,Sem divulgação,20,94.8,12.2,82,4500.41,1446.66
R02013,2024-10-19,L7,228,43.4,113.57,Redes sociais,10,94.1,10.7,76,6200.20,2016.91
R02014,2024-10-19,L6,237,46.8,175.52,Redes sociais,10,94.1,11.8,59,3301.06,1106.34
R02015,2024-10-19,L3,315,52.1,130.07,Redes sociais,0,97.3,11.8,52,3836.08,1325.37
R02016,2024-10-19,L5,254,52.1,82.99,WhatsApp,20,95.8,10.2,85,5597.70,1844.95
R02017,2024-10-21,L4,77,27.2,46.92,WhatsApp,15,97.6,4.9,30,2156.49,770.51
R02018,2024-10-21,L8,120,32.0,30.25,WhatsApp,0,96.3,6.2,50,3818.51,1536.38
R02019,2024-10-21,L2,103,32.3,95.52,Redes sociais,15,95.2,5.1,53,3158.54,1073.43
R02020,2024-10-21,L1,127,32.3,0.00,Sem divulgação,20,97.2,8.5,36,2040.84,707.98
R02021,2024-10-21,L7,138,34.8,99.36,Redes sociais,10,94.4,7.9,39,2963.47,992.81
R02022,2024-10-21,L6,172,37.3,86.28,Redes sociais,5,95.6,8.4,56,3915.26,1411.47
R02023,2024-10-21,L3,211,37.9,0.00,Sem divulgação,10,97.0,11.8,53,4343.82,1290.90
R02024,2024-10-21,L5,242,46.7,144.04,Redes sociais,5,94.5,11.4,35,2647.72,1004.77
R02025,2024-10-22,L4,150,34.0,203.43,WhatsApp,15,98.7,8.6,52,3295.76,1020.96
R02026,2024-10-22,L8,111,27.7,0.00,Sem divulgação,0,96.0,8.4,28,1914.04,746.24
R02027,2024-10-22,L2,92,29.8,0.00,Sem divulgação,10,97.0,5.9,35,2432.85,803.09
R02028,2024-10-22,L1,138,32.2,0.00,Sem divulgação,0,97.9,9.4,27,1716.98,699.76
R02029,2024-10-22,L7,166,35.4,91.18,WhatsApp,0,96.0,11.5,37,3071.45,1100.91
R02030,2024-10-22,L6,209,40.1,140.14,Redes sociais,5,92.7,11.8,33,2251.83,801.49
R02031,2024-10-22,L3,164,35.1,0.00,Sem divulgação,10,95.4,10.5,31,2644.56,850.34
R02032,2024-10-22,L5,245,49.1,86.47,Redes sociais,10,96.7,9.9,51,4367.21,1460.28
R02033,2024-10-23,L4,92,25.0,0.00,Sem divulgação,10,97.4,6.0,48,2567.15,826.52
R02034,2024-10-23,L8,148,28.0,46.22,Redes sociais,10,95.3,9.4,45,2973.40,1118.05
R02035,2024-10-23,L2,115,30.1,0.00,Sem divulgação,5,95.0,7.2,47,2928.42,1001.98
R02036,2024-10-23,L1,120,35.3,0.00,Sem divulgação,0,97.5,6.3,40,2601.17,1076.31
R02037,2024-10-23,L7,202,42.8,111.30,Mídia local,0,93.7,8.8,43,3241.51,1219.03
R02038,2024-10-23,L6,187,32.4,101.36,Mídia local,5,95.2,13.8,22,1517.02,553.81
R02039,2024-10-23,L3,259,42.4,109.21,WhatsApp,0,96.5,12.2,47,3730.81,1258.17
R02040,2024-10-23,L5,272,49.9,182.69,WhatsApp,10,94.8,13.0,46,2890.69,1042.66
R02041,2024-10-24,L4,90,25.3,0.00,Sem divulgação,15,97.3,6.4,48,3299.03,1099.93
R02042,2024-10-24,L8,172,34.1,169.63,WhatsApp,10,95.6,10.2,56,3362.68,1265.19
R02043,2024-10-24,L2,172,35.2,47.43,Mídia local,5,95.6,9.4,57,4352.34,1646.07
R02044,2024-10-24,L1,138,33.1,0.00,Sem divulgação,10,98.0,7.1,59,3002.07,1159.64
R02045,2024-10-24,L7,189,37.2,90.39,Mídia local,5,98.9,12.4,48,3831.15,1308.43
R02046,2024-10-24,L6,135,35.6,0.00,Sem divulgação,15,92.2,6.6,53,2911.15,949.65
R02047,2024-10-24,L3,247,41.9,98.88,Mídia local,0,98.8,12.3,50,4001.79,1404.27
R02048,2024-10-24,L5,237,42.6,85.26,WhatsApp,20,94.2,11.8,46,3245.04,1034.66
R02049,2024-10-25,L4,158,29.9,120.17,WhatsApp,0,99.8,10.2,52,4163.13,1659.96
R02050,2024-10-25,L8,131,27.7,0.00,Sem divulgação,10,95.8,10.1,36,2813.54,1045.34
R02051,2024-10-25,L2,167,37.6,151.23,WhatsApp,20,94.9,9.4,57,4019.21,1194.38
R02052,2024-10-25,L1,172,37.3,109.89,WhatsApp,10,98.7,9.3,50,2812.12,1044.45
R02053,2024-10-25,L7,192,44.8,96.32,Redes sociais,0,95.8,10.8,45,3796.74,1361.13
R02054,2024-10-25,L6,177,38.6,0.00,Sem divulgação,5,92.8,9.5,29,2204.23,795.51
R02055,2024-10-25,L3,234,48.5,68.24,Redes sociais,15,97.0,11.5,41,3012.16,879.71
R02056,2024-10-25,L5,246,50.0,79.21,Redes sociais,0,93.0,10.4,31,2180.97,834.22
R02057,2024-10-26,L4,225,38.8,149.62,Mídia local,5,99.0,11.1,88,5790.57,2082.34
R02058,2024-10-26,L8,151,35.4,118.30,Mídia local,15,98.6,9.3,51,3325.29,1190.91
R02059,2024-10-26,L2,189,38.1,0.00,Sem divulgação,10,94.8,9.7,59,4296.55,1381.96
R02060,2024-10-26,L1,218,41.5,60.94,Redes sociais,5,95.7,10.1,53,3410.34,1343.90
R02061,2024-10-26,L7,205,41.5,0.00,Sem divulgação,5,94.0,8.9,49,3734.95,1294.49
R02062,2024-10-26,L6,194,46.4,0.00,Sem divulgação,20,93.2,7.1,51,2977.44,928.73
R02063,2024-10-26,L3,331,49.6,97.08,Redes sociais,10,95.6,14.7,49,4420.08,1314.23
R02064,2024-10-26,L5,306,49.9,53.69,Redes sociais,15,92.1,13.6,63,4573.45,1442.14
R02065,2024-10-28,L4,120,31.8,82.05,Mídia local,15,93.9,7.0,48,2889.24,993.26
R02066,2024-10-28,L8,166,33.5,127.57,WhatsApp,10,98.1,10.7,67,4092.62,1506.82
R02067,2024-10-28,L2,91,26.8,0.00,Sem divulgação,10,96.3,6.6,31,2209.52,774.07
R02068,2024-10-28,L1,147,30.1,0.00,Sem divulgação,10,95.2,10.5,36,2094.20,765.93
R02069,2024-10-28,L7,162,39.7,120.66,WhatsApp,10,95.4,11.1,42,3036.30,990.95
R02070,2024-10-28,L6,143,34.5,0.00,Sem divulgação,5,92.9,6.6,24,1698.44,605.28
R02071,2024-10-28,L3,143,33.4,0.00,Sem divulgação,10,95.1,9.8,26,2117.58,672.14
R02072,2024-10-28,L5,158,36.9,0.00,Sem divulgação,0,95.0,9.3,30,2274.59,885.32
R02073,2024-10-29,L4,71,18.0,0.00,Sem divulgação,5,98.9,6.4,29,1887.01,723.96
R02074,2024-10-29,L8,81,31.4,0.00,Sem divulgação,0,95.5,4.2,35,2187.83,875.03
R02075,2024-10-29,L2,134,33.9,143.34,Redes sociais,0,95.0,6.1,46,3484.82,1244.16
R02076,2024-10-29,L1,167,37.6,137.67,WhatsApp,0,95.7,10.0,33,1855.19,749.13
R02077,2024-10-29,L7,153,30.5,0.00,Sem divulgação,10,94.4,10.0,33,2360.21,764.14
R02078,2024-10-29,L6,180,40.2,82.80,Mídia local,20,94.0,9.0,42,2478.28,767.82
R02079,2024-10-29,L3,154,35.6,0.00,Sem divulgação,15,96.1,9.7,46,3346.29,1009.77
R02080,2024-10-29,L5,210,41.8,144.42,WhatsApp,0,95.5,10.9,31,2525.80,1009.51
R02081,2024-10-30,L4,95,28.0,0.00,Sem divulgação,0,98.7,5.1,26,2293.04,920.22
R02082,2024-10-30,L8,85,28.7,0.00,Sem divulgação,10,99.5,5.6,41,2785.71,968.53
R02083,2024-10-30,L2,102,28.1,0.00,Sem divulgação,5,95.6,7.6,34,2390.81,854.22
R02084,2024-10-30,L1,123,32.3,0.00,Sem divulgação,0,95.3,7.4,38,2567.24,1068.42
R02085,2024-10-30,L7,171,38.3,71.04,Redes sociais,0,96.2,9.8,48,3541.15,1294.69
R02086,2024-10-30,L6,232,39.7,134.77,Redes sociais,15,94.6,12.3,49,2689.37,853.69
R02087,2024-10-30,L3,149,39.5,0.00,Sem divulgação,10,96.6,8.3,41,3219.26,1051.28
R02088,2024-10-30,L5,174,43.6,0.00,Sem divulgação,10,92.7,7.9,39,2945.26,993.29
R02089,2024-10-31,L4,101,26.0,0.00,Sem divulgação,0,96.8,5.7,36,2584.88,1025.42
R02090,2024-10-31,L8,157,33.5,86.95,WhatsApp,5,94.8,8.1,51,2982.57,1199.36
R02091,2024-10-31,L2,102,25.8,0.00,Sem divulgação,0,96.9,7.9,26,1820.99,665.15
R02092,2024-10-31,L1,170,39.6,100.12,Redes sociais,5,97.6,8.2,48,2678.22,1057.87
R02093,2024-10-31,L7,161,36.1,0.00,Sem divulgação,0,85.6,9.8,30,2262.01,838.29
R02094,2024-10-31,L6,145,39.3,0.00,Sem divulgação,15,86.4,8.0,47,2893.31,884.96
R02095,2024-10-31,L3,208,47.9,127.87,Redes sociais,0,95.2,9.6,30,2956.70,1061.42
R02096,2024-10-31,L5,211,42.9,87.02,Redes sociais,10,96.5,10.1,53,4188.92,1572.27
R02097,2024-11-01,L4,126,28.6,0.00,Sem divulgação,10,98.4,7.6,55,3606.57,1271.96
R02098,2024-11-01,L8,166,36.6,104.32,Redes sociais,5,98.7,9.4,39,2741.18,1046.10
R02099,2024-11-01,L2,207,41.3,420.00,WhatsApp,15,96.3,9.7,70,4789.35,1435.96
R02100,2024-11-01,L1,223,42.2,173.90,Redes sociais,0,97.2,11.0,56,3395.32,1389.99
R02101,2024-11-01,L7,237,44.4,132.83,Redes sociais,5,96.1,10.5,67,4806.50,1639.84
R02102,2024-11-01,L6,235,51.6,227.65,WhatsApp,5,94.4,9.2,50,3019.32,1028.66
R02103,2024-11-01,L3,272,53.9,228.98,Redes sociais,15,93.6,9.9,64,4894.43,1396.75
R02104,2024-11-01,L5,237,49.6,92.62,Redes sociais,15,94.4,11.4,47,3384.28,1134.52
R02105,2024-11-02,L4,124,36.0,43.69,Redes sociais,0,95.6,6.4,50,4022.24,1503.07
R02106,2024-11-02,L8,165,38.1,148.31,Redes sociais,15,98.7,7.9,66,4171.16,1444.40
R02107,2024-11-02,L2,103,35.3,0.00,Sem divulgação,10,96.5,6.3,35,2595.36,855.31
R02108,2024-11-02,L1,218,39.9,105.47,Redes sociais,0,97.5,10.6,64,4146.39,1708.92
R02109,2024-11-02,L7,215,32.2,0.00,Sem divulgação,0,99.1,14.5,50,4037.23,1513.03
R02110,2024-11-02,L6,201,45.3,0.00,Sem divulgação,15,95.0,8.5,68,4138.12,1363.02
R02111,2024-11-02,L3,316,58.0,183.29,WhatsApp,10,97.7,13.0,62,4585.85,1368.01
R02112,2024-11-02,L5,315,57.2,234.57,Mídia local,15,94.6,13.0,55,3259.72,1027.39
R02113,2024-11-04,L4,136,27.6,132.81,Redes sociais,10,96.9,10.2,42,2766.71,1008.37
R02114,2024-11-04,L8,171,34.0,109.00,Redes sociais,0,98.4,9.3,61,4270.78,1693.47
R02115,2024-11-04,L2,129,29.9,0.00,Sem divulgação,20,93.8,8.3,37,2268.57,637.28
R02116,2024-11-04,L1,182,44.7,98.15,Mídia local,0,97.6,8.2,40,2658.79,1072.62
R02117,2024-11-04,L7,233,35.8,195.25,Mídia local,0,93.4,13.5,23,2303.53,840.36
R02118,2024-11-04,L6,181,37.0,0.00,Sem divulgação,15,93.0,11.0,40,2399.39,814.25
R02119,2024-11-04,L3,231,46.6,137.60,Redes sociais,0,93.9,11.0,41,3902.31,1393.04
R02120,2024-11-04,L5,196,40.3,0.00,Sem divulgação,20,95.0,10.7,52,3325.08,1081.63
R02121,2024-11-05,L4,112,33.0,0.00,Sem divulgação,10,95.5,5.3,45,3263.66,1182.14
R02122,2024-11-05,L8,127,27.3,0.00,Sem divulgação,15,95.8,9.7,52,3016.57,1074.31
R02123,2024-11-05,L2,108,32.6,0.00,Sem divulgação,0,94.4,6.0,46,2912.24,1075.09
R02124,2024-11-05,L1,170,40.9,146.81,Mídia local,5,94.9,8.2,57,3402.93,1339.33
R02125,2024-11-05,L7,153,39.3,0.00,Sem divulgação,5,94.2,8.3,41,2905.05,967.73
R02126,2024-11-05,L6,200,41.5,164.93,WhatsApp,10,95.8,10.3,58,3768.35,1275.16
R02127,2024-11-05,L3,190,38.2,0.00,Sem divulgação,5,96.3,9.8,27,1868.14,631.80
R02128,2024-11-05,L5,229,47.8,0.00,Sem divulgação,15,96.8,10.0,48,3383.58,1066.05
R02129,2024-11-06,L4,186,39.3,181.56,Redes sociais,0,93.7,8.7,60,4426.46,1752.69
R02130,2024-11-06,L8,128,32.0,0.00,Sem divulgação,20,92.3,5.5,51,3344.31,1117.35
R02131,2024-11-06,L2,106,31.4,0.00,Sem divulgação,5,93.8,5.7,34,2515.82,902.48
R02132,2024-11-06,L1,183,48.1,285.49,Redes sociais,0,97.8,8.3,63,3740.79,1535.15
R02133,2024-11-06,L7,251,41.1,114.40,Redes sociais,5,94.6,12.2,60,4628.28,1538.04
R02134,2024-11-06,L6,207,43.9,65.71,Redes sociais,15,95.3,9.0,59,3701.63,1120.02
R02135,2024-11-06,L3,280,56.2,183.61,WhatsApp,5,93.3,10.1,42,3347.19,1081.24
R02136,2024-11-06,L5,251,43.8,0.00,Sem divulgação,0,95.3,12.1,31,2078.17,833.82
R02137,2024-11-07,L4,116,31.1,0.00,Sem divulgação,0,97.2,5.8,48,3025.47,1191.56
R02138,2024-11-07,L8,121,32.1,0.00,Sem divulgação,20,98.4,6.6,50,2816.20,939.33
R02139,2024-11-07,L2,161,44.7,146.70,Mídia local,0,98.3,7.6,58,4466.55,1604.73
R02140,2024-11-07,L1,159,32.8,0.00,Sem divulgação,5,94.0,8.9,39,2373.95,926.51
R02141,2024-11-07,L7,128,32.8,0.00,Sem divulgação,5,95.4,8.5,37,2925.40,974.84
R02142,2024-11-07,L6,213,46.5,284.11,Redes sociais,5,90.5,10.7,34,2360.72,836.20
R02143,2024-11-07,L3,242,43.9,82.69,Mídia local,20,97.0,11.5,53,4119.98,1230.71
R02144,2024-11-07,L5,218,50.8,102.35,Mídia local,0,95.4,9.7,28,2271.71,877.73
R02145,2024-11-08,L4,180,36.4,184.03,Redes sociais,15,97.9,8.6,82,5715.21,1792.84
R02146,2024-11-08,L8,173,39.0,128.15,Mídia local,0,97.4,7.8,60,3675.89,1483.78
R02147,2024-11-08,L2,205,41.5,125.05,Redes sociais,15,96.8,10.1,70,5185.29,1689.89
R02148,2024-11-08,L1,204,42.8,167.66,Redes sociais,0,97.4,8.9,51,3567.08,1417.34
R02149,2024-11-08,L7,253,46.8,200.86,WhatsApp,0,82.6,10.2,26,1895.63,704.44
R02150,2024-11-08,L6,263,47.4,51.42,Redes sociais,5,94.2,12.0,55,3256.25,1204.43
R02151,2024-11-08,L3,258,54.9,150.00,WhatsApp,10,94.0,10.6,50,3552.77,1151.39
R02152,2024-11-08,L5,281,52.6,100.17,WhatsApp,0,92.5,12.4,39,3867.41,1480.83
R02153,2024-11-09,L4,195,33.4,176.72,Mídia local,5,95.7,11.6,76,5560.75,2041.42
R02154,2024-11-09,L8,120,34.4,0.00,Sem divulgação,0,97.4,7.5,39,2442.36,965.82
R02155,2024-11-09,L2,183,42.9,137.13,WhatsApp,15,98.6,8.7,68,4624.18,1430.67
R02156,2024-11-09,L1,228,40.2,122.02,Redes sociais,0,97.2,13.4,52,3595.41,1447.58
R02157,2024-11-09,L7,237,47.9,224.00,Mídia local,5,96.7,10.8,70,6021.29,2057.46
R02158,2024-11-09,L6,266,45.7,97.49,Mídia local,5,96.4,12.4,36,2530.30,854.19
R02159,2024-11-09,L3,285,49.8,158.16,Mídia local,20,97.1,12.3,74,5302.14,1522.05
R02160,2024-11-09,L5,252,51.2,0.00,Sem divulgação,0,94.2,11.4,40,3614.94,1414.53
R02161,2024-11-11,L4,140,30.0,85.02,Redes sociais,0,99.3,8.4,52,4117.46,1607.11
R02162,2024-11-11,L8,132,34.6,159.75,Mídia local,0,97.3,8.3,61,3808.14,1536.28
R02163,2024-11-11,L2,113,31.5,0.00,Sem divulgação,10,99.1,5.9,58,4313.84,1480.49
R02164,2024-11-11,L1,149,41.3,96.93,WhatsApp,0,99.5,6.3,38,2355.28,976.05
R02165,2024-11-11,L7,251,41.5,163.03,Mídia local,0,94.0,12.0,28,2212.80,774.08
R02166,2024-11-11,L6,190,42.2,121.76,Redes sociais,0,93.7,10.0,39,3109.64,1204.03
R02167,2024-11-11,L3,163,46.5,52.88,WhatsApp,0,94.5,7.9,37,2938.56,1065.84
R02168,2024-11-11,L5,215,44.7,89.43,Redes sociais,0,93.7,10.5,36,2765.30,1065.27
R02169,2024-11-12,L4,84,25.0,0.00,Sem divulgação,5,99.1,6.9,35,2584.55,971.56
R02170,2024-11-12,L8,144,31.8,130.47,Mídia local,20,97.5,8.7,45,2365.38,821.99
R02171,2024-11-12,L2,139,38.4,77.27,Redes sociais,0,93.8,8.2,41,3409.43,1224.52
R02172,2024-11-12,L1,143,34.1,0.00,Sem divulgação,0,97.6,7.7,39,2068.04,816.29
R02173,2024-11-12,L7,210,44.4,95.97,Mídia local,5,95.5,10.4,47,3786.13,1318.22
R02174,2024-11-12,L6,175,30.6,0.00,Sem divulgação,0,93.6,13.0,23,1936.82,711.90
R02175,2024-11-12,L3,221,45.3,121.60,WhatsApp,10,97.7,7.6,67,5395.28,1646.09
R02176,2024-11-12,L5,227,46.3,230.46,Redes sociais,0,95.1,10.6,52,4113.81,1581.86
R02177,2024-11-13,L4,122,29.3,0.00,Sem divulgação,10,99.7,6.8,46,3022.95,1058.77
R02178,2024-11-13,L8,155,41.1,170.61,Redes sociais,15,96.3,7.4,70,4731.13,1732.83
R02179,2024-11-13,L2,140,35.2,0.00,Sem divulgação,15,92.9,6.6,65,4682.70,1399.06
R02180,2024-11-13,L1,153,39.2,0.00,Sem divulgação,0,97.7,6.6,40,2862.31,1130.29
R02181,2024-11-13,L7,245,45.3,148.07,Mídia local,0,94.5,10.8,44,3558.54,1287.98
R02182,2024-11-13,L6,249,46.3,248.99,WhatsApp,10,92.7,12.2,52,3013.06,1122.81
R02183,2024-11-13,L3,223,50.9,0.00,Sem divulgação,0,99.2,9.9,48,5276.96,1879.86
R02184,2024-11-13,L5,264,60.6,87.93,Redes sociais,0,84.4,10.2,25,1980.27,768.22
R02185,2024-11-14,L4,120,24.4,0.00,Sem divulgação,0,96.4,9.2,40,2455.14,954.74
R02186,2024-11-14,L8,198,42.2,420.00,WhatsApp,15,95.7,8.0,73,4666.91,1660.92
R02187,2024-11-14,L2,169,32.0,82.43,Redes sociais,15,99.2,10.4,70,4680.39,1486.59
R02188,2024-11-14,L1,178,37.5,116.36,Redes sociais,0,98.5,9.3,51,3665.09,1467.53
R02189,2024-11-14,L7,172,39.8,0.00,Sem divulgação,10,94.5,7.6,58,4017.68,1288.87
R02190,2024-11-14,L6,157,36.5,0.00,Sem divulgação,5,97.2,9.2,47,3217.43,1161.68
R02191,2024-11-14,L3,217,42.5,0.00,Sem divulgação,10,94.6,11.2,39,2641.94,903.16
R02192,2024-11-14,L5,267,53.2,122.53,Mídia local,15,94.8,11.6,61,3559.66,1174.11
R02193,2024-11-15,L4,125,26.4,88.29,WhatsApp,5,97.8,9.5,32,1788.36,685.35
R02194,2024-11-15,L8,100,27.2,0.00,Sem divulgação,5,97.3,6.7,44,2763.96,1070.50
R02195,2024-11-15,L2,127,36.5,98.90,WhatsApp,0,97.1,6.9,34,2943.80,1057.56
R02196,2024-11-15,L1,203,36.0,122.78,Redes sociais,0,98.3,10.8,43,2757.09,1111.56
R02197,2024-11-15,L7,244,39.5,108.72,Redes sociais,5,96.1,14.3,47,3440.65,1171.23
R02198,2024-11-15,L6,213,45.5,133.35,Redes sociais,5,92.0,10.1,44,3152.31,1175.91
R02199,2024-11-15,L3,195,49.2,76.75,WhatsApp,5,96.4,7.8,56,5377.44,1757.43
R02200,2024-11-15,L5,250,47.6,78.14,Redes sociais,5,96.9,10.9,54,3917.41,1443.12
R02201,2024-11-16,L4,78,28.5,0.00,Sem divulgação,10,97.0,3.9,44,2724.45,971.84
R02202,2024-11-16,L8,210,38.2,169.72,Redes sociais,5,97.1,11.5,65,4858.22,1789.74
R02203,2024-11-16,L2,143,34.1,0.00,Sem divulgação,10,95.4,7.3,61,4951.71,1805.23
R02204,2024-11-16,L1,168,34.2,0.00,Sem divulgação,15,100.0,9.0,52,3324.80,1234.08
R02205,2024-11-16,L7,218,43.2,0.00,Sem divulgação,0,83.8,12.4,19,1729.93,640.56
R02206,2024-11-16,L6,245,38.1,0.00,Sem divulgação,5,94.3,14.9,34,2408.48,890.70
R02207,2024-11-16,L3,271,53.4,139.86,WhatsApp,15,95.9,11.3,54,3871.06,1226.62
R02208,2024-11-16,L5,220,40.9,0.00,Sem divulgação,0,96.3,10.5,43,3814.41,1521.49
R02209,2024-11-18,L4,137,31.3,259.79,Mídia local,0,96.0,7.6,40,2669.98,1046.95
R02210,2024-11-18,L8,102,29.8,0.00,Sem divulgação,0,94.6,6.4,23,1524.57,584.72
R02211,2024-11-18,L2,199,35.7,252.80,WhatsApp,10,92.8,11.2,61,4205.70,1406.26
R02212,2024-11-18,L1,187,40.7,141.29,WhatsApp,20,95.2,9.7,52,2993.43,1076.44
R02213,2024-11-18,L7,162,32.9,0.00,Sem divulgação,0,92.9,9.7,30,2487.74,887.43
R02214,2024-11-18,L6,163,42.3,159.35,Mídia local,15,95.1,8.8,29,1998.77,690.40
R02215,2024-11-18,L3,193,51.0,170.11,WhatsApp,0,95.3,9.7,34,2254.19,807.85
R02216,2024-11-18,L5,276,48.4,296.78,Redes sociais,0,93.3,11.4,27,1824.01,705.63
R02217,2024-11-19,L4,92,25.2,0.00,Sem divulgação,5,96.8,6.4,33,2305.71,858.29
R02218,2024-11-19,L8,185,34.9,140.94,Redes sociais,5,98.0,10.7,60,3223.48,1202.49
R02219,2024-11-19,L2,181,40.7,166.91,WhatsApp,0,96.4,8.8,57,4953.10,1824.27
R02220,2024-11-19,L1,248,44.7,155.33,Mídia local,0,100.0,12.2,58,4008.79,1619.34
R02221,2024-11-19,L7,245,47.3,158.25,Redes sociais,0,94.8,10.0,55,4212.87,1544.34
R02222,2024-11-19,L6,222,45.4,98.04,WhatsApp,10,94.7,10.0,76,4579.12,1545.45
R02223,2024-11-19,L3,277,44.3,105.98,Redes sociais,15,97.1,16.0,40,3338.54,979.52
R02224,2024-11-19,L5,232,41.3,0.00,Sem divulgação,15,92.8,12.8,31,2036.16,646.15
R02225,2024-11-20,L4,92,27.1,0.00,Sem divulgação,0,97.8,6.2,31,2601.04,1018.55
R02226,2024-11-20,L8,126,32.1,0.00,Sem divulgação,10,96.7,8.2,53,2944.88,1105.25
R02227,2024-11-20,L2,141,29.0,0.00,Sem divulgação,20,93.8,9.7,50,3972.93,1148.13
R02228,2024-11-20,L1,241,40.1,246.76,Mídia local,10,97.4,11.1,75,5049.39,1925.71
R02229,2024-11-20,L7,215,45.7,318.27,WhatsApp,0,95.2,10.7,39,3396.48,1180.09
R02230,2024-11-20,L6,209,44.3,123.89,WhatsApp,15,94.4,10.7,53,3334.43,1079.90
R02231,2024-11-20,L3,177,42.5,0.00,Sem divulgação,20,96.8,8.5,65,4880.45,1352.30
R02232,2024-11-20,L5,184,40.0,0.00,Sem divulgação,15,93.8,9.5,30,2163.23,762.20
R02233,2024-11-21,L4,192,31.4,46.78,WhatsApp,0,99.6,11.3,61,3916.98,1507.95
R02234,2024-11-21,L8,156,32.6,85.78,Redes sociais,20,96.9,9.5,68,3817.93,1187.73
R02235,2024-11-21,L2,186,42.9,166.27,WhatsApp,5,96.1,9.1,51,3327.18,1138.95
R02236,2024-11-21,L1,204,41.5,147.28,Redes sociais,10,97.0,9.4,53,2917.30,1076.58
R02237,2024-11-21,L7,215,42.9,82.77,Mídia local,5,94.2,10.1,51,3430.14,1183.77
R02238,2024-11-21,L6,188,32.6,0.00,Sem divulgação,10,91.1,12.7,55,3230.21,1077.11
R02239,2024-11-21,L3,273,50.3,220.23,WhatsApp,10,92.4,11.9,39,2993.08,957.19
R02240,2024-11-21,L5,305,52.3,159.83,Redes sociais,10,95.3,13.2,44,2538.63,938.70
R02241,2024-11-22,L4,161,32.6,127.92,Redes sociais,20,96.6,9.8,65,4180.90,1138.85
R02242,2024-11-22,L8,155,36.5,130.03,Mídia local,15,94.1,8.9,48,3352.97,1224.71
R02243,2024-11-22,L2,166,35.4,90.81,Redes sociais,10,96.0,7.9,49,3108.60,1058.53
R02244,2024-11-22,L1,230,46.5,133.82,Redes sociais,5,95.0,10.3,59,3917.01,1583.52
R02245,2024-11-22,L7,206,42.9,190.77,Mídia local,0,94.3,9.0,38,2781.84,985.92
R02246,2024-11-22,L6,221,47.4,74.54,WhatsApp,0,95.1,9.7,45,3511.89,1361.68
R02247,2024-11-22,L3,249,43.9,161.89,WhatsApp,15,94.5,12.8,46,3642.19,1103.79
R02248,2024-11-22,L5,252,41.3,0.00,Sem divulgação,10,96.4,12.9,76,5958.05,2097.99
R02249,2024-11-23,L4,115,26.9,55.71,Redes sociais,10,95.1,7.0,46,3285.03,1106.77
R02250,2024-11-23,L8,147,32.0,181.33,WhatsApp,15,98.2,7.7,59,3725.35,1319.50
R02251,2024-11-23,L2,124,38.9,0.00,Sem divulgação,0,96.6,7.2,39,3049.85,1153.53
R02252,2024-11-23,L1,243,48.8,183.63,WhatsApp,0,96.6,10.1,48,3426.39,1393.43
R02253,2024-11-23,L7,242,38.9,113.58,Redes sociais,15,94.6,14.2,46,3390.29,1033.41
R02254,2024-11-23,L6,259,45.7,127.14,Mídia local,0,94.9,12.6,43,2699.46,1046.14
R02255,2024-11-23,L3,313,51.6,93.69,Redes sociais,10,94.5,14.2,38,2961.89,902.47
R02256,2024-11-23,L5,269,53.0,86.41,WhatsApp,0,96.4,11.6,58,4921.65,1933.06
R02257,2024-11-25,L4,93,19.2,0.00,Sem divulgação,15,99.8,9.0,37,2064.77,691.48
R02258,2024-11-25,L8,184,35.4,277.86,WhatsApp,5,95.8,11.9,42,2992.03,1198.87
R02259,2024-11-25,L2,103,21.7,0.00,Sem divulgação,0,93.9,9.1,32,2251.66,863.34
R02260,2024-11-25,L1,157,35.4,232.68,WhatsApp,0,95.5,9.1,37,2257.75,930.30
R02261,2024-11-25,L7,131,35.9,0.00,Sem divulgação,20,93.2,8.7,38,2663.54,735.12
R02262,2024-11-25,L6,144,34.3,0.00,Sem divulgação,10,95.0,8.2,39,2588.79,878.18
R02263,2024-11-25,L3,197,43.8,116.38,WhatsApp,10,95.6,8.4,43,3627.48,1133.06
R02264,2024-11-25,L5,152,36.4,0.00,Sem divulgação,15,96.7,10.3,17,1170.23,407.04
R02265,2024-11-26,L4,87,20.3,0.00,Sem divulgação,5,94.5,6.4,27,1881.77,675.28
R02266,2024-11-26,L8,154,28.7,222.40,WhatsApp,15,98.2,11.8,49,3485.52,1238.90
R02267,2024-11-26,L2,219,46.5,304.87,WhatsApp,0,97.3,9.5,48,3331.22,1221.71
R02268,2024-11-26,L1,202,46.6,180.07,WhatsApp,5,98.5,7.6,77,4609.40,1807.91
R02269,2024-11-26,L7,170,35.1,0.00,Sem divulgação,15,94.1,10.7,47,3007.02,910.71
R02270,2024-11-26,L6,232,40.3,115.59,WhatsApp,10,95.1,11.3,65,4169.27,1387.79
R02271,2024-11-26,L3,240,44.1,72.10,Redes sociais,5,96.3,12.3,41,3425.09,1144.10
R02272,2024-11-26,L5,230,34.4,0.00,Sem divulgação,5,94.2,15.0,28,2013.92,734.88
R02273,2024-11-27,L4,114,23.3,0.00,Sem divulgação,10,99.4,8.8,48,3577.04,1250.38
R02274,2024-11-27,L8,139,35.3,110.20,WhatsApp,0,98.1,7.5,50,3381.89,1391.75
R02275,2024-11-27,L2,159,37.9,185.44,Redes sociais,5,94.5,8.2,41,2794.53,1025.45
R02276,2024-11-27,L1,204,44.8,138.99,Redes sociais,20,97.8,10.1,74,3761.08,1340.41
R02277,2024-11-27,L7,137,34.9,0.00,Sem divulgação,0,97.2,7.0,37,3109.29,1072.88
R02278,2024-11-27,L6,211,43.1,208.19,Redes sociais,15,92.4,11.5,46,2384.64,738.91
R02279,2024-11-27,L3,207,46.5,308.98,Mídia local,0,95.6,10.1,42,3367.91,1152.16
R02280,2024-11-27,L5,214,37.5,0.00,Sem divulgação,0,95.1,12.0,23,1698.04,653.97
R02281,2024-11-28,L4,169,40.4,207.06,WhatsApp,10,100.0,7.6,84,6694.75,2579.91
R02282,2024-11-28,L8,129,30.3,0.00,Sem divulgação,5,95.8,6.5,40,2749.90,1040.52
R02283,2024-11-28,L2,159,30.9,97.70,WhatsApp,5,94.9,9.0,49,3316.40,1128.67
R02284,2024-11-28,L1,175,36.4,65.88,Mídia local,10,97.1,9.2,54,2669.63,999.87
R02285,2024-11-28,L7,200,44.1,102.37,WhatsApp,0,96.3,9.3,58,4718.32,1619.67
R02286,2024-11-28,L6,186,40.3,0.00,Sem divulgação,0,96.4,11.3,28,2117.37,787.56
R02287,2024-11-28,L3,252,44.3,217.29,Redes sociais,5,96.0,13.1,25,1847.88,623.83
R02288,2024-11-28,L5,214,36.3,0.00,Sem divulgação,10,95.1,14.2,29,2043.52,751.22
R02289,2024-11-29,L4,182,35.8,136.89,Mídia local,5,100.0,9.3,81,6075.33,2266.21
R02290,2024-11-29,L8,185,36.6,102.91,Redes sociais,0,95.7,10.6,45,2897.47,1212.96
R02291,2024-11-29,L2,144,32.7,0.00,Sem divulgação,5,94.8,8.8,56,4588.17,1576.44
R02292,2024-11-29,L1,129,36.3,0.00,Sem divulgação,0,85.0,6.3,21,1542.97,607.93
R02293,2024-11-29,L7,181,42.9,0.00,Sem divulgação,5,92.8,8.5,46,3450.23,1191.32
R02294,2024-11-29,L6,215,38.4,0.00,Sem divulgação,0,93.6,13.5,47,3070.09,1172.77
R02295,2024-11-29,L3,258,49.0,154.27,Mídia local,0,95.0,11.3,38,3473.86,1195.49
R02296,2024-11-29,L5,232,41.6,0.00,Sem divulgação,0,96.0,13.4,36,2993.77,1220.66
R02297,2024-11-30,L4,124,26.4,0.00,Sem divulgação,5,97.9,8.0,51,3671.46,1397.28
R02298,2024-11-30,L8,115,24.8,0.00,Sem divulgação,10,98.1,8.2,41,2763.52,987.32
R02299,2024-11-30,L2,182,42.0,66.91,Redes sociais,0,95.7,9.8,54,4744.52,1726.88
R02300,2024-11-30,L1,170,43.4,90.75,Redes sociais,0,94.6,9.1,45,3039.83,1243.55
R02301,2024-11-30,L7,226,44.6,97.61,WhatsApp,15,94.4,11.6,78,5434.93,1608.56
R02302,2024-11-30,L6,196,42.4,0.00,Sem divulgação,15,93.7,10.4,53,3867.59,1291.97
R02303,2024-11-30,L3,294,52.2,107.25,Redes sociais,10,92.7,11.9,48,3295.90,974.82
R02304,2024-11-30,L5,324,60.4,216.86,Redes sociais,10,94.8,11.3,74,4243.63,1574.50
R02305,2024-12-02,L4,79,28.1,0.00,Sem divulgação,10,95.4,4.1,38,2387.70,866.30
R02306,2024-12-02,L8,91,23.8,0.00,Sem divulgação,15,95.4,7.4,34,2108.72,751.64
R02307,2024-12-02,L2,122,26.2,0.00,Sem divulgação,5,94.0,9.7,34,2431.78,842.14
R02308,2024-12-02,L1,111,29.6,0.00,Sem divulgação,5,97.0,5.7,28,1875.60,726.42
R02309,2024-12-02,L7,189,38.9,81.68,WhatsApp,5,94.7,9.3,27,1718.26,578.28
R02310,2024-12-02,L6,131,33.1,0.00,Sem divulgação,10,94.6,8.0,33,2361.05,815.81
R02311,2024-12-02,L3,222,37.8,119.60,WhatsApp,0,98.0,11.7,43,4042.50,1440.14
R02312,2024-12-02,L5,231,38.8,58.58,WhatsApp,5,94.2,12.8,43,3295.74,1206.59
R02313,2024-12-03,L4,145,35.5,192.11,WhatsApp,5,94.9,7.6,54,3690.15,1395.28
R02314,2024-12-03,L8,160,30.3,114.98,Redes sociais,15,98.1,9.4,49,3106.68,1116.48
R02315,2024-12-03,L2,186,34.3,108.00,Redes sociais,0,95.6,10.0,45,3444.94,1273.03
R02316,2024-12-03,L1,191,36.3,97.52,WhatsApp,5,96.5,9.9,60,4256.12,1702.58
R02317,2024-12-03,L7,165,27.7,0.00,Sem divulgação,0,96.0,14.5,20,1655.91,600.05
R02318,2024-12-03,L6,173,41.6,83.67,Redes sociais,0,93.2,8.4,33,2232.79,885.73
R02319,2024-12-03,L3,235,39.2,132.70,Redes sociais,15,98.7,12.7,40,2965.35,848.78
R02320,2024-12-03,L5,217,47.1,143.27,Redes sociais,0,91.7,9.3,30,2562.18,1018.32
R02321,2024-12-04,L4,134,31.1,117.04,Redes sociais,10,97.7,7.1,49,3345.07,1187.02
R02322,2024-12-04,L8,117,23.4,0.00,Sem divulgação,5,94.1,10.6,21,1533.02,581.90
R02323,2024-12-04,L2,222,34.9,188.21,Redes sociais,0,95.2,13.7,41,2978.14,1108.88
R02324,2024-12-04,L1,146,31.9,0.00,Sem divulgação,10,99.9,9.0,67,4814.95,1834.24
R02325,2024-12-04,L7,252,42.5,159.82,Redes sociais,20,97.0,12.4,73,6758.94,1929.84
R02326,2024-12-04,L6,181,41.8,42.93,Redes sociais,0,95.1,8.3,57,4157.53,1531.60
R02327,2024-12-04,L3,215,41.7,0.00,Sem divulgação,0,95.5,10.6,43,4041.50,1461.31
R02328,2024-12-04,L5,229,48.2,123.40,Redes sociais,10,85.6,9.9,32,2350.36,831.00
R02329,2024-12-05,L4,118,25.9,0.00,Sem divulgação,0,96.4,8.4,36,2551.73,1005.10
R02330,2024-12-05,L8,106,20.0,0.00,Sem divulgação,0,94.4,11.0,34,2227.72,876.57
R02331,2024-12-05,L2,122,27.2,0.00,Sem divulgação,0,95.1,9.5,30,2294.03,841.04
R02332,2024-12-05,L1,159,26.0,0.00,Sem divulgação,0,95.6,11.3,29,2000.85,833.86
R02333,2024-12-05,L7,158,43.3,92.83,Redes sociais,20,98.7,7.3,73,4752.90,1357.75
R02334,2024-12-05,L6,169,36.3,0.00,Sem divulgação,5,96.7,9.3,50,3446.85,1329.39
R02335,2024-12-05,L3,230,48.0,226.15,Mídia local,0,94.5,11.2,34,3243.67,1137.26
R02336,2024-12-05,L5,247,48.8,293.74,Redes sociais,5,94.2,9.6,40,3250.38,1223.69
R02337,2024-12-06,L4,95,26.9,0.00,Sem divulgação,5,85.1,6.6,18,1282.54,482.92
R02338,2024-12-06,L8,125,32.7,52.96,Redes sociais,10,95.9,8.1,40,2651.43,957.57
R02339,2024-12-06,L2,157,41.5,90.65,Redes sociais,5,93.2,7.2,48,3735.49,1232.09
R02340,2024-12-06,L1,204,40.7,81.32,Mídia local,0,97.8,10.8,50,2899.05,1242.38
R02341,2024-12-06,L7,182,43.1,96.30,WhatsApp,0,93.0,7.8,47,4155.63,1474.35
R02342,2024-12-06,L6,181,44.1,0.00,Sem divulgação,5,95.0,9.2,62,4393.80,1547.33
R02343,2024-12-06,L3,236,39.5,0.00,Sem divulgação,0,99.1,12.3,26,2145.14,749.21
R02344,2024-12-06,L5,263,49.3,90.37,Redes sociais,0,98.6,12.1,70,5754.55,2305.51
R02345,2024-12-07,L4,124,33.3,0.00,Sem divulgação,0,96.7,6.7,52,5186.45,2090.49
R02346,2024-12-07,L8,146,31.0,0.00,Sem divulgação,0,97.1,9.7,35,2587.02,1048.15
R02347,2024-12-07,L2,145,38.4,0.00,Sem divulgação,0,93.6,7.3,63,4702.54,1750.19
R02348,2024-12-07,L1,272,46.4,199.18,Redes sociais,0,97.6,12.8,54,3123.70,1274.54
R02349,2024-12-07,L7,285,47.6,156.06,WhatsApp,15,95.1,11.7,68,4142.48,1228.70
R02350,2024-12-07,L6,290,52.5,136.04,Mídia local,15,96.8,11.2,86,5033.71,1530.34
R02351,2024-12-07,L3,224,52.4,98.24,Redes sociais,0,94.8,11.3,41,3294.35,1164.09
R02352,2024-12-07,L5,298,56.8,0.00,Sem divulgação,0,92.4,10.6,63,5061.77,2056.46
R02353,2024-12-09,L4,99,26.5,66.37,Redes sociais,10,97.2,6.2,42,2828.48,1009.61
R02354,2024-12-09,L8,99,21.2,0.00,Sem divulgação,0,93.6,10.4,21,1258.16,494.12
R02355,2024-12-09,L2,106,32.6,0.00,Sem divulgação,0,96.9,6.1,33,2821.79,1063.64
R02356,2024-12-09,L1,163,40.4,160.34,Redes sociais,0,95.5,8.5,48,2822.11,1148.18
R02357,2024-12-09,L7,143,40.6,93.07,WhatsApp,15,94.1,7.9,41,2787.69,772.77
R02358,2024-12-09,L6,169,36.5,115.52,Mídia local,10,96.5,9.9,54,3829.99,1279.45
R02359,2024-12-09,L3,145,38.9,0.00,Sem divulgação,0,94.3,8.2,36,2845.26,978.61
R02360,2024-12-09,L5,151,40.1,142.36,WhatsApp,10,95.5,8.2,25,1803.88,640.85
R02361,2024-12-10,L4,134,33.9,126.58,Redes sociais,10,96.7,6.5,68,4888.98,1733.36
R02362,2024-12-10,L8,98,30.1,0.00,Sem divulgação,5,96.4,6.6,33,2349.31,924.90
R02363,2024-12-10,L2,108,33.9,46.90,WhatsApp,0,97.8,6.1,42,3629.16,1361.17
R02364,2024-12-10,L1,173,36.4,133.83,Redes sociais,0,98.9,8.8,59,3328.73,1357.26
R02365,2024-12-10,L7,165,35.8,48.60,WhatsApp,20,96.4,9.3,44,3134.47,907.46
R02366,2024-12-10,L6,210,46.1,87.95,WhatsApp,10,95.6,8.5,61,4205.04,1413.63
R02367,2024-12-10,L3,200,43.8,171.92,Redes sociais,0,100.0,9.6,38,3135.11,1111.00
R02368,2024-12-10,L5,211,42.5,123.33,Mídia local,0,97.1,9.8,43,3378.00,1374.70
R02369,2024-12-11,L4,73,23.9,0.00,Sem divulgação,0,96.1,5.3,30,1886.48,728.68
R02370,2024-12-11,L8,138,37.2,76.33,Mídia local,10,96.4,5.8,55,3371.19,1206.69
R02371,2024-12-11,L2,122,32.8,0.00,Sem divulgação,0,97.9,8.2,30,2298.06,818.12
R02372,2024-12-11,L1,159,32.5,0.00,Sem divulgação,0,94.1,8.9,44,3285.19,1383.71
R02373,2024-12-11,L7,157,41.0,0.00,Sem divulgação,0,97.0,7.8,56,4851.47,1809.77
R02374,2024-12-11,L6,217,39.8,165.89,WhatsApp,0,93.8,11.7,31,1986.44,783.24
R02375,2024-12-11,L3,185,36.0,0.00,Sem divulgação,15,94.7,11.4,39,2784.08,851.66
R02376,2024-12-11,L5,224,45.8,75.28,WhatsApp,20,90.7,10.9,44,3614.21,1094.78
R02377,2024-12-12,L4,172,30.8,137.08,WhatsApp,10,97.5,10.8,64,4538.36,1683.46
R02378,2024-12-12,L8,125,23.6,0.00,Sem divulgação,10,99.0,9.4,48,2554.60,956.53
R02379,2024-12-12,L2,139,31.5,0.00,Sem divulgação,10,96.6,9.5,43,3184.75,1070.52
R02380,2024-12-12,L1,160,35.1,0.00,Sem divulgação,10,97.5,8.9,46,2798.19,992.95
R02381,2024-12-12,L7,184,37.2,0.00,Sem divulgação,0,93.7,10.5,40,2794.60,1004.46
R02382,2024-12-12,L6,185,36.2,0.00,Sem divulgação,0,95.0,9.5,58,3984.07,1484.04
R02383,2024-12-12,L3,281,49.2,141.50,Mídia local,10,92.6,12.0,57,3719.89,1076.96
R02384,2024-12-12,L5,240,50.3,112.66,Redes sociais,0,94.1,10.1,41,3718.99,1421.13
R02385,2024-12-13,L4,169,30.8,62.48,Redes sociais,0,97.1,9.8,54,3977.20,1485.36
R02386,2024-12-13,L8,165,37.1,130.78,Redes sociais,0,94.1,7.2,50,3044.99,1208.06
R02387,2024-12-13,L2,159,34.2,0.00,Sem divulgação,5,95.2,8.9,35,2394.23,838.14
R02388,2024-12-13,L1,229,44.2,140.14,WhatsApp,5,96.2,10.7,58,3565.56,1379.03
R02389,2024-12-13,L7,273,35.5,0.00,Sem divulgação,5,93.2,16.9,31,2135.60,725.02
R02390,2024-12-13,L6,205,48.0,67.04,Redes sociais,10,95.9,8.7,72,4404.71,1556.41
R02391,2024-12-13,L3,254,50.4,148.33,Redes sociais,20,96.8,11.6,60,4700.36,1158.87
R02392,2024-12-13,L5,269,47.2,0.00,Sem divulgação,0,96.0,13.2,52,4373.01,1696.63
R02393,2024-12-14,L4,131,39.6,77.40,Redes sociais,20,96.9,6.4,55,3175.51,1002.48
R02394,2024-12-14,L8,132,31.9,0.00,Sem divulgação,10,95.1,8.8,51,3275.79,1150.25
R02395,2024-12-14,L2,134,40.1,0.00,Sem divulgação,0,95.6,7.3,38,2860.83,1041.85
R02396,2024-12-14,L1,240,43.8,210.33,Redes sociais,5,96.3,13.1,62,3902.52,1588.07
R02397,2024-12-14,L7,257,37.2,82.88,Mídia local,15,94.1,13.0,52,3719.93,1127.72
R02398,2024-12-14,L6,221,40.9,0.00,Sem divulgação,15,93.5,11.5,78,5091.20,1702.63
R02399,2024-12-14,L3,191,34.8,0.00,Sem divulgação,15,96.8,12.1,21,1441.54,437.73
R02400,2024-12-14,L5,265,55.8,132.83,WhatsApp,0,91.9,11.0,39,3541.54,1390.55
R02401,2024-12-16,L4,78,24.3,0.00,Sem divulgação,10,98.3,4.2,38,2361.53,825.56
R02402,2024-12-16,L8,117,26.9,0.00,Sem divulgação,0,94.6,7.7,38,2444.81,1006.46
R02403,2024-12-16,L2,145,36.2,170.76,Redes sociais,20,95.3,8.3,47,2897.85,810.28
R02404,2024-12-16,L1,168,34.8,0.00,Sem divulgação,20,95.6,11.0,47,2689.00,903.40
R02405,2024-12-16,L7,166,36.3,83.58,Mídia local,10,96.1,9.4,54,3840.37,1198.45
R02406,2024-12-16,L6,141,40.1,0.00,Sem divulgação,0,95.6,8.2,32,2038.08,751.53
R02407,2024-12-16,L3,176,46.8,149.27,Redes sociais,0,97.8,8.7,38,3142.44,1113.40
R02408,2024-12-16,L5,216,48.1,0.00,Sem divulgação,5,92.7,9.0,33,2246.81,837.61
R02409,2024-12-17,L4,158,28.4,150.72,Redes sociais,0,95.6,9.2,55,4218.27,1713.17
R02410,2024-12-17,L8,114,26.0,0.00,Sem divulgação,15,99.7,8.2,44,2694.68,925.43
R02411,2024-12-17,L2,172,36.9,102.90,WhatsApp,5,97.3,10.4,36,2134.59,743.66
R02412,2024-12-17,L1,220,42.7,258.81,Redes sociais,10,94.8,10.3,65,3658.72,1345.74
R02413,2024-12-17,L7,161,39.5,75.31,Redes sociais,10,96.4,7.4,42,3472.74,1107.23
R02414,2024-12-17,L6,186,42.1,196.18,WhatsApp,0,95.8,10.4,40,2549.10,917.83
R02415,2024-12-17,L3,176,43.4,179.84,Redes sociais,0,92.3,9.3,28,2554.67,865.70
R02416,2024-12-17,L5,130,34.7,0.00,Sem divulgação,15,92.9,7.5,26,1830.24,616.57
R02417,2024-12-18,L4,95,28.8,0.00,Sem divulgação,0,97.0,4.8,38,2819.62,1091.99
R02418,2024-12-18,L8,120,25.4,0.00,Sem divulgação,0,96.7,9.5,39,2522.41,994.13
R02419,2024-12-18,L2,208,33.0,141.56,Redes sociais,0,93.6,12.1,40,2995.44,1093.73
R02420,2024-12-18,L1,179,39.1,58.57,Redes sociais,20,97.9,10.6,61,3170.90,1094.62
R02421,2024-12-18,L7,125,26.3,0.00,Sem divulgação,20,96.9,9.4,37,2742.55,843.19
R02422,2024-12-18,L6,185,39.9,0.00,Sem divulgação,0,98.1,10.7,45,3617.17,1379.75
R02423,2024-12-18,L3,208,43.0,0.00,Sem divulgação,0,91.8,10.4,28,2388.03,834.63
R02424,2024-12-18,L5,223,38.8,0.00,Sem divulgação,15,94.3,13.9,48,3663.80,1204.68
R02425,2024-12-19,L4,165,37.0,92.37,Redes sociais,0,98.1,7.6,56,4239.28,1662.81
R02426,2024-12-19,L8,139,29.7,0.00,Sem divulgação,5,96.9,9.2,47,2848.63,1076.24
R02427,2024-12-19,L2,197,42.1,108.03,WhatsApp,5,96.7,8.9,52,3195.09,1126.56
R02428,2024-12-19,L1,188,41.1,136.46,Redes sociais,5,98.1,7.9,69,4496.75,1852.06
R02429,2024-12-19,L7,233,46.3,179.81,Redes sociais,0,95.0,10.0,46,3814.50,1397.81
R02430,2024-12-19,L6,194,41.5,0.00,Sem divulgação,5,96.9,10.2,61,4279.90,1521.88
R02431,2024-12-19,L3,216,50.3,120.05,Redes sociais,15,96.8,8.6,55,3613.56,968.49
R02432,2024-12-19,L5,191,43.7,0.00,Sem divulgação,0,96.1,9.0,44,3876.57,1534.63
R02433,2024-12-20,L4,152,38.6,154.99,Redes sociais,15,99.0,7.9,55,3725.33,1288.38
R02434,2024-12-20,L8,208,41.0,207.64,Mídia local,0,94.4,11.2,50,3448.52,1341.74
R02435,2024-12-20,L2,166,31.1,0.00,Sem divulgação,10,94.5,9.6,42,2690.70,848.50
R02436,2024-12-20,L1,152,35.0,114.75,Mídia local,0,94.6,9.5,41,2593.27,1072.80
R02437,2024-12-20,L7,185,41.5,48.71,WhatsApp,5,98.5,9.5,48,3025.61,1026.15
R02438,2024-12-20,L6,157,36.0,0.00,Sem divulgação,20,94.8,10.3,47,2965.79,887.05
R02439,2024-12-20,L3,248,49.9,164.59,WhatsApp,5,95.7,10.5,42,3339.75,1104.36
R02440,2024-12-20,L5,226,51.5,255.87,Redes sociais,0,91.7,10.7,28,2091.60,802.61
R02441,2024-12-21,L4,176,36.0,107.03,Redes sociais,10,98.6,10.6,65,4546.19,1492.81
R02442,2024-12-21,L8,125,33.9,0.00,Sem divulgação,0,96.5,7.3,41,2752.96,1090.44
R02443,2024-12-21,L2,124,35.8,0.00,Sem divulgação,5,94.0,7.2,35,2450.06,858.69
R02444,2024-12-21,L1,200,36.2,0.00,Sem divulgação,10,96.3,10.3,69,4323.03,1591.09
R02445,2024-12-21,L7,174,39.8,0.00,Sem divulgação,15,92.9,8.8,42,3191.57,1035.50
R02446,2024-12-21,L6,210,37.8,0.00,Sem divulgação,15,92.8,11.3,44,2839.88,847.86
R02447,2024-12-21,L3,250,51.2,172.00,Mídia local,20,96.8,12.7,56,3967.65,1056.93
R02448,2024-12-21,L5,245,49.0,0.00,Sem divulgação,0,92.7,10.7,23,1640.20,648.50
R02449,2024-12-23,L4,85,24.8,0.00,Sem divulgação,0,97.4,6.0,34,2620.29,1057.88
R02450,2024-12-23,L8,168,30.5,0.00,Sem divulgação,0,96.7,9.9,34,2459.80,996.79
R02451,2024-12-23,L2,125,32.6,0.00,Sem divulgação,10,96.9,6.8,55,3710.43,1252.93
R02452,2024-12-23,L1,112,28.7,0.00,Sem divulgação,20,96.7,7.8,39,2014.93,655.33
R02453,2024-12-23,L7,178,33.6,0.00,Sem divulgação,20,92.8,9.8,49,2925.74,802.89
R02454,2024-12-23,L6,256,42.1,197.10,Mídia local,0,95.4,13.5,39,2366.98,876.65
R02455,2024-12-23,L3,219,50.6,97.71,Redes sociais,0,95.5,9.8,34,2931.80,1014.10
R02456,2024-12-23,L5,238,47.1,0.00,Sem divulgação,20,93.1,11.6,41,2967.61,842.80
R02457,2024-12-24,L4,84,25.5,0.00,Sem divulgação,10,97.6,6.2,40,2709.05,981.17
R02458,2024-12-24,L8,157,34.4,118.95,Redes sociais,5,97.2,9.5,41,2355.90,935.35
R02459,2024-12-24,L2,169,40.1,245.95,WhatsApp,15,97.3,7.7,75,4522.24,1283.52
R02460,2024-12-24,L1,138,40.8,57.61,Redes sociais,0,96.8,6.9,44,2539.86,1038.87
R02461,2024-12-24,L7,145,41.7,131.65,Mídia local,0,95.1,8.2,29,2094.13,745.94
R02462,2024-12-24,L6,203,41.5,82.58,WhatsApp,0,97.6,11.6,59,4398.49,1721.02
R02463,2024-12-24,L3,268,48.1,147.89,Redes sociais,0,95.2,11.3,37,3247.01,1156.16
R02464,2024-12-24,L5,207,41.5,0.00,Sem divulgação,0,92.0,10.7,31,2314.13,884.15
R02473,2024-12-26,L4,130,34.3,241.29,Redes sociais,0,98.0,7.7,42,2609.04,1034.43
R02474,2024-12-26,L8,128,31.6,0.00,Sem divulgação,0,95.5,6.7,46,3251.30,1260.80
R02475,2024-12-26,L2,140,35.0,104.53,Mídia local,10,97.2,8.2,59,3859.47,1259.47
R02476,2024-12-26,L1,211,36.6,64.76,WhatsApp,5,97.1,12.5,48,3034.84,1190.37
R02477,2024-12-26,L7,200,43.3,69.94,WhatsApp,0,94.7,10.0,40,3062.89,1097.91
R02478,2024-12-26,L6,233,34.9,0.00,Sem divulgação,10,94.7,14.5,48,2957.90,990.82
R02479,2024-12-26,L3,184,45.0,84.56,Redes sociais,5,95.1,9.2,37,2801.52,920.68
R02480,2024-12-26,L5,204,47.6,0.00,Sem divulgação,15,84.8,9.7,24,1693.27,545.12
R02481,2024-12-27,L4,169,40.2,67.54,Redes sociais,15,98.7,7.5,83,5495.95,1780.13
R02482,2024-12-27,L8,131,32.1,0.00,Sem divulgação,0,93.9,9.0,42,2625.87,1079.25
R02483,2024-12-27,L2,170,27.9,0.00,Sem divulgação,10,99.9,14.0,49,3797.83,1291.60
R02484,2024-12-27,L1,237,39.3,105.54,Redes sociais,10,95.5,12.3,58,3866.48,1447.57
R02485,2024-12-27,L7,177,39.7,0.00,Sem divulgação,0,98.1,7.7,48,3457.90,1269.23
R02486,2024-12-27,L6,258,48.5,61.42,Mídia local,5,96.1,11.1,51,4636.59,1712.38
R02487,2024-12-27,L3,265,49.5,159.58,Mídia local,10,97.3,11.9,43,3252.31,1004.62
R02488,2024-12-27,L5,305,46.3,72.91,WhatsApp,5,95.8,14.9,41,2582.10,940.05
R02489,2024-12-28,L4,146,39.4,116.79,Redes sociais,5,96.7,6.0,57,3920.61,1435.69
R02490,2024-12-28,L8,207,36.9,178.55,Redes sociais,5,95.8,11.3,54,3665.51,1390.55
R02491,2024-12-28,L2,137,37.2,0.00,Sem divulgação,0,84.8,4.5,28,2524.34,925.79
R02492,2024-12-28,L1,190,33.0,0.00,Sem divulgação,5,99.2,10.9,50,2680.87,1064.17
R02493,2024-12-28,L7,236,49.0,139.41,Redes sociais,5,95.9,10.0,67,4828.31,1636.47
R02494,2024-12-28,L6,263,47.8,129.71,Redes sociais,10,93.5,11.1,73,4736.65,1753.63
R02495,2024-12-28,L3,246,48.6,80.22,WhatsApp,10,95.8,10.3,62,4900.29,1571.04
R02496,2024-12-28,L5,221,49.8,0.00,Sem divulgação,15,93.4,8.4,55,4404.72,1405.26
R02497,2024-12-30,L4,77,22.9,0.00,Sem divulgação,0,97.9,6.5,29,2205.22,874.78
R02498,2024-12-30,L8,93,27.1,0.00,Sem divulgação,0,93.4,6.7,29,1800.89,730.04
R02499,2024-12-30,L2,158,34.9,145.33,WhatsApp,10,95.1,9.0,49,3591.66,1219.60
R02500,2024-12-30,L1,202,32.9,125.18,Redes sociais,20,97.0,13.5,40,2393.18,813.57
R02501,2024-12-30,L7,149,36.8,0.00,Sem divulgação,0,93.5,7.9,36,3457.02,1236.39
R02502,2024-12-30,L6,137,35.9,0.00,Sem divulgação,10,96.5,7.7,41,2911.71,1000.74
R02503,2024-12-30,L3,189,36.8,0.00,Sem divulgação,5,97.6,11.5,23,1729.30,583.74
R02504,2024-12-30,L5,161,37.8,0.00,Sem divulgação,15,97.3,9.9,60,4146.39,1387.35
R02505,2024-12-31,L4,80,22.1,0.00,Sem divulgação,20,96.9,6.6,38,1991.04,635.97
R02506,2024-12-31,L8,162,30.4,82.99,Mídia local,10,95.8,10.7,59,3885.87,1348.59
R02507,2024-12-31,L2,114,27.7,0.00,Sem divulgação,0,96.2,8.1,42,2800.68,1065.55
R02508,2024-12-31,L1,166,35.4,98.93,Redes sociais,0,98.5,10.8,41,2811.75,1121.79
R02509,2024-12-31,L7,166,34.6,130.92,Redes sociais,0,94.5,10.9,39,3209.24,1145.38
R02510,2024-12-31,L6,199,35.7,65.32,Mídia local,0,93.7,10.9,41,3151.76,1285.51
R02511,2024-12-31,L3,158,39.8,61.55,Redes sociais,0,95.0,8.8,38,3204.81,1084.23
R02512,2024-12-31,L5,196,36.8,0.00,Sem divulgação,0,92.8,10.0,38,2898.34,1160.93
R02521,2025-01-02,L4,140,38.3,70.70,Redes sociais,5,98.0,7.7,62,5132.74,1899.80
R02522,2025-01-02,L8,225,42.0,254.40,WhatsApp,0,95.8,9.1,82,5310.48,2159.71
R02523,2025-01-02,L2,252,45.4,239.59,Redes sociais,0,97.9,10.9,108,7182.36,2693.34
R02524,2025-01-02,L1,210,46.4,68.10,Redes sociais,20,96.2,8.2,79,4104.64,1453.04
R02525,2025-01-02,L7,236,50.1,116.40,Mídia local,5,96.0,10.4,54,4099.25,1450.76
R02526,2025-01-02,L6,264,57.7,84.05,Mídia local,0,94.4,9.6,37,2704.40,1042.47
R02527,2025-01-02,L3,330,60.8,218.54,Redes sociais,20,95.7,10.9,74,5092.06,1269.79
R02528,2025-01-02,L5,332,56.7,173.01,Mídia local,10,94.7,12.8,53,4044.86,1408.41
R02529,2025-01-03,L4,139,38.2,144.38,WhatsApp,5,97.4,6.1,46,2920.67,1106.36
R02530,2025-01-03,L8,183,41.3,85.84,WhatsApp,0,96.4,8.1,47,3072.87,1239.50
R02531,2025-01-03,L2,186,38.3,0.00,Sem divulgação,0,92.9,10.2,37,2440.04,868.82
R02532,2025-01-03,L1,239,53.6,299.30,Redes sociais,0,93.7,7.9,72,4107.00,1690.30
R02533,2025-01-03,L7,275,40.0,0.00,Sem divulgação,0,97.5,14.1,38,3108.15,1096.87
R02534,2025-01-03,L6,246,49.4,0.00,Sem divulgação,0,93.3,11.6,48,3108.92,1183.17
R02535,2025-01-03,L3,284,54.8,73.21,WhatsApp,0,95.4,10.7,45,3772.89,1320.34
R02536,2025-01-03,L5,449,60.5,112.10,WhatsApp,10,97.1,17.0,79,6420.64,2309.76
R02537,2025-01-04,L4,189,36.7,128.09,WhatsApp,20,91.6,7.8,63,4221.27,1409.32
R02538,2025-01-04,L8,194,43.5,93.74,WhatsApp,15,95.9,8.1,87,5457.81,1807.20
R02539,2025-01-04,L2,274,46.8,231.35,WhatsApp,15,94.5,10.5,105,8868.20,2550.44
R02540,2025-01-04,L1,216,47.6,106.62,Mídia local,20,95.2,11.0,68,3686.83,1250.74
R02541,2025-01-04,L7,320,37.4,0.00,Sem divulgação,10,95.2,19.0,40,2999.38,984.32
R02542,2025-01-04,L6,241,49.7,0.00,Sem divulgação,15,94.7,9.8,72,4796.07,1533.79
R02543,2025-01-04,L3,381,59.9,154.70,Redes sociais,20,94.8,14.2,75,5710.03,1502.77
R02544,2025-01-04,L5,380,62.0,113.23,Redes sociais,0,95.5,13.7,58,4498.63,1764.33
R02545,2025-01-06,L4,153,40.4,227.95,Mídia local,5,97.8,5.8,70,4287.32,1630.23
R02546,2025-01-06,L8,129,38.0,88.64,Mídia local,0,96.2,5.9,58,4003.33,1546.68
R02547,2025-01-06,L2,146,42.9,184.38,Redes sociais,0,95.2,6.6,50,3861.78,1450.45
R02548,2025-01-06,L1,152,41.1,0.00,Sem divulgação,0,94.4,7.0,39,2398.94,986.28
R02549,2025-01-06,L7,270,43.0,136.16,Redes sociais,0,94.8,13.3,44,4129.33,1409.25
R02550,2025-01-06,L6,220,37.5,0.00,Sem divulgação,15,91.8,13.1,47,3477.19,1185.05
R02551,2025-01-06,L3,219,52.3,121.70,WhatsApp,15,94.9,8.3,63,5989.45,1793.83
R02552,2025-01-06,L5,204,53.8,143.15,WhatsApp,0,95.3,5.8,46,3650.98,1357.91
R02553,2025-01-07,L4,128,36.0,0.00,Sem divulgação,5,97.8,6.1,38,2834.04,1034.34
R02554,2025-01-07,L8,189,37.2,165.21,WhatsApp,15,95.3,11.9,51,3446.51,1197.58
R02555,2025-01-07,L2,206,44.2,143.61,WhatsApp,10,95.2,8.8,72,4604.54,1649.27
R02556,2025-01-07,L1,129,35.1,0.00,Sem divulgação,5,94.8,6.6,35,2335.48,909.22
R02557,2025-01-07,L7,230,49.8,168.18,Mídia local,15,95.9,10.0,64,4774.44,1511.70
R02558,2025-01-07,L6,257,47.9,124.39,WhatsApp,10,91.6,10.4,42,2783.08,940.70
R02559,2025-01-07,L3,188,51.1,41.29,WhatsApp,15,96.4,7.3,56,5077.40,1475.90
R02560,2025-01-07,L5,246,58.4,0.00,Sem divulgação,0,94.3,9.3,36,3132.53,1268.73
R02561,2025-01-08,L4,149,37.3,155.64,Mídia local,20,96.8,6.9,57,3228.99,993.54
R02562,2025-01-08,L8,138,34.2,0.00,Sem divulgação,5,96.3,7.2,53,3042.92,1242.71
R02563,2025-01-08,L2,155,43.1,113.26,Redes sociais,10,95.9,7.7,56,3848.41,1321.04
R02564,2025-01-08,L1,242,36.6,95.31,Redes sociais,0,98.5,13.3,43,3283.88,1356.05
R02565,2025-01-08,L7,262,48.4,222.17,Mídia local,5,93.9,11.9,42,2816.16,990.93
R02566,2025-01-08,L6,230,38.6,0.00,Sem divulgação,0,92.8,12.3,37,2941.82,1169.75
R02567,2025-01-08,L3,235,49.8,143.74,Redes sociais,5,97.6,9.3,71,5257.93,1657.13
R02568,2025-01-08,L5,331,53.3,133.05,Mídia local,10,94.6,12.8,55,4536.88,1559.40
R02569,2025-01-09,L4,111,39.6,180.68,WhatsApp,0,97.8,3.8,40,3117.23,1233.85
R02570,2025-01-09,L8,171,44.0,100.29,Redes sociais,10,95.0,7.3,60,3576.29,1369.87
R02571,2025-01-09,L2,192,43.0,159.11,Mídia local,5,96.6,9.8,51,3689.51,1328.18
R02572,2025-01-09,L1,229,46.7,149.45,Redes sociais,0,93.2,9.4,71,4442.57,1732.92
R02573,2025-01-09,L7,260,50.5,148.63,Mídia local,5,94.0,10.4,53,4245.63,1379.65
R02574,2025-01-09,L6,299,53.7,226.87,WhatsApp,0,94.4,11.0,72,4789.15,1813.70
R02575,2025-01-09,L3,332,62.0,196.94,Redes sociais,0,95.4,9.0,60,4847.63,1739.37
R02576,2025-01-09,L5,244,52.1,0.00,Sem divulgação,20,95.2,12.3,60,3448.29,964.09
R02577,2025-01-10,L4,122,39.6,70.39,Mídia local,0,96.7,4.2,50,4048.56,1570.45
R02578,2025-01-10,L8,205,43.2,101.18,WhatsApp,5,96.1,8.6,75,4138.88,1519.53
R02579,2025-01-10,L2,253,50.6,239.39,Redes sociais,0,93.4,10.0,65,4722.23,1732.33
R02580,2025-01-10,L1,274,56.0,381.29,WhatsApp,5,97.4,9.8,90,5758.38,2256.00
R02581,2025-01-10,L7,209,47.3,0.00,Sem divulgação,5,97.0,7.7,63,4590.31,1554.30
R02582,2025-01-10,L6,227,46.3,0.00,Sem divulgação,10,94.3,10.8,61,4133.58,1401.81
R02583,2025-01-10,L3,299,59.5,78.18,Redes sociais,20,95.7,11.1,63,4359.02,1280.07
R02584,2025-01-10,L5,267,58.5,177.71,WhatsApp,0,95.6,10.6,84,7685.32,2983.14
R02585,2025-01-11,L4,110,32.3,0.00,Sem divulgação,5,95.5,6.1,57,3709.27,1393.82
R02586,2025-01-11,L8,221,36.9,147.00,Redes sociais,10,97.3,11.7,70,5261.13,1868.37
R02587,2025-01-11,L2,188,37.2,0.00,Sem divulgação,0,93.9,10.3,32,2336.22,852.95
R02588,2025-01-11,L1,240,48.1,236.31,Mídia local,5,95.6,10.0,66,4240.88,1688.29
R02589,2025-01-11,L7,333,53.0,195.38,Redes sociais,5,95.2,13.9,53,4143.96,1394.31
R02590,2025-01-11,L6,196,48.9,0.00,Sem divulgação,15,93.6,9.1,58,3959.81,1212.66
R02591,2025-01-11,L3,296,49.8,0.00,Sem divulgação,0,97.9,13.4,36,3303.99,1088.05
R02592,2025-01-11,L5,309,59.7,306.05,WhatsApp,10,94.5,12.6,76,4745.66,1648.98
R02593,2025-01-13,L4,119,39.0,167.40,Redes sociais,0,97.0,4.5,48,3455.57,1300.53
R02594,2025-01-13,L8,135,40.2,0.00,Sem divulgação,5,96.8,6.1,53,2684.43,1014.71
R02595,2025-01-13,L2,146,38.5,81.34,Mídia local,20,98.5,5.3,70,3975.58,1197.11
R02596,2025-01-13,L1,154,35.6,0.00,Sem divulgação,15,95.6,8.4,62,4266.02,1490.46
R02597,2025-01-13,L7,169,47.5,139.04,Redes sociais,0,95.9,6.2,60,4794.10,1740.08
R02598,2025-01-13,L6,241,41.4,0.00,Sem divulgação,0,97.1,11.6,43,2932.66,1081.91
R02599,2025-01-13,L3,191,39.6,0.00,Sem divulgação,20,94.9,10.3,47,3742.32,895.46
R02600,2025-01-13,L5,243,52.9,158.86,Redes sociais,20,96.8,10.0,70,5210.49,1609.75
R02601,2025-01-14,L4,149,33.9,0.00,Sem divulgação,5,94.4,7.1,62,4403.72,1679.23
R02602,2025-01-14,L8,83,34.3,0.00,Sem divulgação,10,94.2,5.5,36,2842.16,1030.67
R02603,2025-01-14,L2,149,39.7,0.00,Sem divulgação,0,94.5,6.9,52,4518.79,1668.43
R02604,2025-01-14,L1,171,51.4,54.25,Mídia local,10,97.6,6.8,73,3708.29,1380.36
R02605,2025-01-14,L7,246,44.6,148.20,Redes sociais,5,91.2,9.9,43,3475.65,1155.56
R02606,2025-01-14,L6,251,45.1,110.35,Redes sociais,10,96.2,11.0,58,3504.91,1147.28
R02607,2025-01-14,L3,275,56.8,116.33,Redes sociais,10,97.8,11.2,65,5247.81,1684.69
R02608,2025-01-14,L5,238,46.2,0.00,Sem divulgação,5,95.0,12.1,55,4523.28,1639.65
R02609,2025-01-15,L4,157,32.2,143.51,Mídia local,0,96.1,8.9,37,2527.73,964.99
R02610,2025-01-15,L8,188,46.7,338.82,Redes sociais,0,97.9,9.2,61,3967.94,1622.99
R02611,2025-01-15,L2,195,32.0,0.00,Sem divulgação,5,96.4,11.9,54,3439.11,1170.06
R02612,2025-01-15,L1,234,48.3,163.58,Redes sociais,10,86.6,9.1,74,5023.81,1907.53
R02613,2025-01-15,L7,200,35.5,0.00,Sem divulgação,0,96.6,12.0,41,2948.90,1065.53
R02614,2025-01-15,L6,305,43.7,89.47,Redes sociais,10,93.6,14.3,55,3531.47,1203.54
R02615,2025-01-15,L3,214,50.6,0.00,Sem divulgação,5,96.2,10.5,42,3525.94,1143.27
R02616,2025-01-15,L5,296,53.2,133.19,WhatsApp,10,94.2,12.0,48,3574.49,1308.43
R02617,2025-01-16,L4,168,38.4,136.14,WhatsApp,0,97.5,6.7,60,5426.18,2112.48
R02618,2025-01-16,L8,214,36.3,100.61,Redes sociais,10,94.5,11.4,59,3385.24,1230.39
R02619,2025-01-16,L2,167,42.1,0.00,Sem divulgação,20,96.1,6.2,72,4137.34,1218.90
R02620,2025-01-16,L1,246,50.7,55.64,WhatsApp,0,98.1,10.0,41,2675.85,1171.24
R02621,2025-01-16,L7,289,46.3,41.72,WhatsApp,0,92.3,12.9,45,3628.22,1289.26
R02622,2025-01-16,L6,237,53.1,167.68,WhatsApp,10,91.6,9.7,55,3217.43,1084.91
R02623,2025-01-16,L3,300,59.6,269.98,Mídia local,20,98.7,11.2,58,4579.38,1109.07
R02624,2025-01-16,L5,305,60.9,158.80,Redes sociais,0,95.8,12.0,62,4689.76,1803.28
R02625,2025-01-17,L4,133,41.5,185.05,WhatsApp,0,97.9,5.2,60,4598.79,1839.28
R02626,2025-01-17,L8,198,42.5,100.86,WhatsApp,10,95.8,9.2,70,4363.09,1613.05
R02627,2025-01-17,L2,253,51.4,420.00,Redes sociais,5,96.5,10.8,67,5061.45,1786.96
R02628,2025-01-17,L1,307,50.4,234.53,Redes sociais,20,96.7,11.9,101,6934.79,2452.55
R02629,2025-01-17,L7,221,47.4,0.00,Sem divulgação,0,93.4,9.0,67,5965.30,2181.33
R02630,2025-01-17,L6,283,45.6,139.68,Mídia local,10,96.2,12.7,73,4730.27,1656.93
R02631,2025-01-17,L3,214,48.8,0.00,Sem divulgação,10,93.7,9.4,38,2998.78,949.59
R02632,2025-01-17,L5,273,55.6,103.40,Mídia local,5,81.9,12.0,30,1742.86,650.20
R02633,2025-01-18,L4,195,41.1,75.02,WhatsApp,0,96.5,8.5,73,5144.37,1937.45
R02634,2025-01-18,L8,269,41.6,122.07,Redes sociais,15,96.8,12.3,79,4770.41,1547.65
R02635,2025-01-18,L2,236,40.9,0.00,Sem divulgação,10,93.7,11.9,50,4058.51,1354.30
R02636,2025-01-18,L1,236,47.7,58.19,Redes sociais,0,95.9,10.4,43,2754.95,1112.97
R02637,2025-01-18,L7,311,53.1,58.91,WhatsApp,0,96.2,11.9,52,3843.02,1378.62
R02638,2025-01-18,L6,296,58.0,167.31,WhatsApp,5,95.7,10.0,79,5449.48,1930.35
R02639,2025-01-18,L3,392,61.4,93.71,Redes sociais,20,96.3,14.8,68,4575.45,1273.96
R02640,2025-01-18,L5,384,62.0,136.92,Mídia local,15,95.1,13.1,74,5711.30,1927.51
R02641,2025-01-20,L4,184,40.9,322.37,Redes sociais,0,94.9,9.0,42,2828.42,1128.22
R02642,2025-01-20,L8,161,30.6,0.00,Sem divulgação,15,85.4,11.8,28,1596.01,580.61
R02643,2025-01-20,L2,195,42.3,205.95,WhatsApp,15,97.3,9.0,73,5762.80,1781.45
R02644,2025-01-20,L1,209,40.4,115.45,Mídia local,15,96.7,11.0,60,3992.00,1413.44
R02645,2025-01-20,L7,237,47.9,172.16,Redes sociais,5,96.5,9.2,76,4984.48,1734.54
R02646,2025-01-20,L6,209,43.9,0.00,Sem divulgação,15,97.6,10.1,71,4025.88,1230.04
R02647,2025-01-20,L3,213,45.5,0.00,Sem divulgação,20,96.4,9.6,58,3828.49,1143.13
R02648,2025-01-20,L5,378,54.0,420.00,WhatsApp,0,96.3,15.0,34,2288.64,868.84
R02649,2025-01-21,L4,116,28.7,0.00,Sem divulgação,10,97.1,6.9,59,3449.81,1186.71
R02650,2025-01-21,L8,164,38.2,91.08,Redes sociais,0,97.4,7.3,46,3653.90,1438.37
R02651,2025-01-21,L2,233,34.0,64.06,Mídia local,0,97.2,13.8,28,2124.57,757.50
R02652,2025-01-21,L1,204,43.9,104.59,Redes sociais,0,96.3,10.4,43,2548.96,1067.64
R02653,2025-01-21,L7,244,43.7,167.41,Redes sociais,0,93.6,12.0,34,2832.70,1011.31
R02654,2025-01-21,L6,253,49.1,164.53,Mídia local,15,82.2,10.2,55,4078.73,1297.95
R02655,2025-01-21,L3,281,50.1,63.73,Redes sociais,0,95.4,11.3,48,3941.81,1374.29
R02656,2025-01-21,L5,317,55.0,186.06,Mídia local,15,96.0,12.4,83,5908.99,1941.67
R02657,2025-01-22,L4,151,42.0,183.01,Mídia local,5,96.9,4.1,61,3750.97,1453.77
R02658,2025-01-22,L8,115,35.0,0.00,Sem divulgação,5,96.7,7.0,55,4073.08,1551.16
R02659,2025-01-22,L2,166,31.1,0.00,Sem divulgação,5,95.4,10.1,46,3438.62,1209.14
R02660,2025-01-22,L1,188,38.1,65.56,Mídia local,5,83.7,10.0,33,1720.62,682.85
R02661,2025-01-22,L7,158,41.7,0.00,Sem divulgação,20,93.8,7.2,52,3322.47,879.63
R02662,2025-01-22,L6,226,49.3,119.95,Redes sociais,0,95.4,10.4,64,4790.42,1863.19
R02663,2025-01-22,L3,244,53.5,184.32,Redes sociais,0,95.6,8.5,56,5478.81,1833.67
R02664,2025-01-22,L5,271,49.0,0.00,Sem divulgação,5,95.9,13.3,39,3354.40,1233.42
R02665,2025-01-23,L4,105,31.5,0.00,Sem divulgação,0,97.4,6.7,38,3193.19,1221.02
R02666,2025-01-23,L8,125,26.7,0.00,Sem divulgação,15,90.1,7.9,32,1906.22,651.75
R02667,2025-01-23,L2,202,43.6,241.05,Mídia local,15,100.0,9.0,78,5171.45,1779.03
R02668,2025-01-23,L1,233,41.4,143.35,WhatsApp,0,96.9,11.8,51,3416.83,1400.37
R02669,2025-01-23,L7,207,39.8,145.07,Redes sociais,20,97.0,10.0,72,5010.43,1361.99
R02670,2025-01-23,L6,190,39.1,0.00,Sem divulgação,5,96.2,9.6,59,4409.52,1626.35
R02671,2025-01-23,L3,234,53.4,196.24,Redes sociais,10,93.8,9.6,48,3943.06,1269.04
R02672,2025-01-23,L5,290,51.3,169.73,WhatsApp,0,94.7,11.6,49,3399.16,1323.36
R02673,2025-01-24,L4,163,41.3,130.28,Mídia local,10,96.1,7.8,71,4792.93,1689.39
R02674,2025-01-24,L8,162,41.2,0.00,Sem divulgação,15,97.7,7.9,71,4475.71,1503.46
R02675,2025-01-24,L2,234,47.3,311.81,Redes sociais,5,96.3,9.5,60,4305.78,1486.48
R02676,2025-01-24,L1,191,43.7,0.00,Sem divulgação,15,97.1,8.2,60,2900.13,1003.73
R02677,2025-01-24,L7,309,53.3,188.02,Redes sociais,10,94.9,12.2,81,6352.93,1977.01
R02678,2025-01-24,L6,251,53.6,64.59,Mídia local,0,93.8,10.8,33,2404.26,924.19
R02679,2025-01-24,L3,279,61.1,198.01,WhatsApp,0,94.9,11.0,40,4121.92,1332.52
R02680,2025-01-24,L5,304,55.4,0.00,Sem divulgação,0,94.1,11.8,80,6406.82,2517.44
R02681,2025-01-25,L4,177,42.9,77.97,WhatsApp,0,99.0,6.4,53,3583.52,1428.20
R02682,2025-01-25,L8,192,42.6,111.88,WhatsApp,5,98.0,10.2,74,4945.08,1811.51
R02683,2025-01-25,L2,161,40.8,0.00,Sem divulgação,0,95.0,6.9,66,5569.24,2067.30
R02684,2025-01-25,L1,267,50.5,145.78,Mídia local,0,96.6,11.3,77,5780.59,2266.47
R02685,2025-01-25,L7,257,50.5,93.25,Redes sociais,0,93.9,10.8,44,3159.95,1162.28
R02686,2025-01-25,L6,310,53.3,168.41,WhatsApp,15,95.3,12.5,84,5093.49,1570.49
R02687,2025-01-25,L3,286,58.1,177.58,Redes sociais,5,80.2,9.9,30,3000.79,1021.30
R02688,2025-01-25,L5,335,55.5,149.14,WhatsApp,10,92.0,13.5,46,3549.51,1244.03
R02689,2025-01-27,L4,158,37.1,110.39,WhatsApp,0,96.9,6.9,55,3481.08,1352.57
R02690,2025-01-27,L8,154,32.0,78.07,WhatsApp,15,96.1,9.5,61,3655.14,1217.69
R02691,2025-01-27,L2,221,40.1,199.23,Redes sociais,15,96.0,11.5,66,4427.93,1305.22
R02692,2025-01-27,L1,217,46.8,132.62,Redes sociais,15,96.0,7.8,83,5146.02,1761.79
R02693,2025-01-27,L7,251,46.2,184.89,Redes sociais,0,95.7,10.3,36,3050.30,1095.70
R02694,2025-01-27,L6,258,46.6,66.68,Redes sociais,0,93.5,11.6,39,2819.49,1087.91
R02695,2025-01-27,L3,282,47.2,78.75,Redes sociais,0,94.4,13.5,24,1842.38,638.83
R02696,2025-01-27,L5,179,50.8,0.00,Sem divulgação,15,95.8,8.8,49,3081.04,1055.76
R02697,2025-01-28,L4,180,35.7,220.59,Mídia local,0,99.1,7.9,71,5321.10,2120.77
R02698,2025-01-28,L8,130,32.2,0.00,Sem divulgação,10,95.0,8.3,40,3087.97,1164.49
R02699,2025-01-28,L2,165,33.1,0.00,Sem divulgação,15,96.0,11.0,46,2875.63,895.30
R02700,2025-01-28,L1,194,36.3,0.00,Sem divulgação,20,95.2,10.8,56,3399.05,1096.74
R02701,2025-01-28,L7,206,41.1,0.00,Sem divulgação,15,95.5,9.6,77,5494.60,1751.99
R02702,2025-01-28,L6,274,50.2,130.98,Redes sociais,0,97.6,12.8,48,3725.71,1432.81
R02703,2025-01-28,L3,218,46.4,116.59,Redes sociais,15,95.8,9.5,64,4721.42,1285.74
R02704,2025-01-28,L5,353,55.7,308.45,Redes sociais,0,93.3,15.0,54,4555.47,1729.00
R02705,2025-01-29,L4,142,32.2,75.33,Mídia local,15,99.8,8.5,61,3775.04,1352.68
R02706,2025-01-29,L8,151,37.2,83.91,WhatsApp,5,96.5,8.5,67,4391.07,1730.79
R02707,2025-01-29,L2,239,41.9,178.48,Redes sociais,0,96.9,12.0,60,3955.82,1395.25
R02708,2025-01-29,L1,173,41.5,0.00,Sem divulgação,0,94.9,9.2,37,2191.63,870.32
R02709,2025-01-29,L7,260,48.3,93.39,Redes sociais,5,96.1,10.2,56,3982.29,1328.78
R02710,2025-01-29,L6,253,48.6,71.86,WhatsApp,0,94.8,10.9,44,3015.19,1183.54
R02711,2025-01-29,L3,274,59.4,111.03,Mídia local,15,96.5,10.2,81,5578.99,1745.19
R02712,2025-01-29,L5,286,45.0,0.00,Sem divulgação,10,92.9,14.9,40,2473.16,870.04
R02713,2025-01-30,L4,174,35.8,91.25,Mídia local,0,98.8,8.4,60,3860.21,1571.56
R02714,2025-01-30,L8,181,39.0,100.71,WhatsApp,0,98.7,8.2,63,4146.53,1678.82
R02715,2025-01-30,L2,293,38.2,135.77,WhatsApp,5,96.0,16.8,32,2647.53,896.45
R02716,2025-01-30,L1,237,40.4,119.64,Redes sociais,20,93.9,13.9,56,3802.85,1300.58
R02717,2025-01-30,L7,173,39.8,0.00,Sem divulgação,10,93.5,9.9,33,2219.42,721.03
R02718,2025-01-30,L6,240,51.3,175.10,WhatsApp,10,95.7,10.5,76,5172.80,1832.99
R02719,2025-01-30,L3,329,48.2,100.06,WhatsApp,15,94.6,13.7,64,4541.70,1315.19
R02720,2025-01-30,L5,243,61.2,110.45,Redes sociais,0,95.3,10.3,46,3406.45,1333.59
R02721,2025-01-31,L4,148,30.7,0.00,Sem divulgação,0,97.7,7.3,47,3947.02,1543.76
R02722,2025-01-31,L8,187,39.0,118.13,WhatsApp,0,96.1,8.0,47,3269.27,1339.41
R02723,2025-01-31,L2,201,37.9,0.00,Sem divulgação,0,95.5,9.3,54,4081.73,1563.89
R02724,2025-01-31,L1,287,46.3,124.75,WhatsApp,10,99.3,12.4,76,4062.99,1514.38
R02725,2025-01-31,L7,199,49.1,0.00,Sem divulgação,0,95.3,9.1,53,4420.38,1535.60
R02726,2025-01-31,L6,345,57.6,198.01,Redes sociais,10,97.6,14.1,88,6425.25,2289.13
R02727,2025-01-31,L3,306,56.5,91.09,Redes sociais,15,94.9,11.4,60,3795.51,1125.12
R02728,2025-01-31,L5,391,62.0,155.05,Redes sociais,5,94.4,13.4,88,7741.10,2883.24
R02729,2025-02-01,L4,189,42.0,389.69,Mídia local,15,97.4,9.1,85,5758.55,1898.61
R02730,2025-02-01,L8,222,44.5,160.31,Redes sociais,0,95.2,10.1,66,4443.18,1825.33
R02731,2025-02-01,L2,147,37.1,0.00,Sem divulgação,0,97.7,8.2,50,3127.98,1162.34
R02732,2025-02-01,L1,237,47.8,167.43,WhatsApp,0,95.7,8.9,73,4616.88,1834.62
R02733,2025-02-01,L7,272,52.6,247.32,Redes sociais,10,96.4,12.3,69,5056.07,1678.83
R02734,2025-02-01,L6,254,49.3,0.00,Sem divulgação,15,96.2,10.4,83,5211.77,1594.95
R02735,2025-02-01,L3,253,54.6,90.00,WhatsApp,15,94.8,10.0,55,3616.30,1085.19
R02736,2025-02-01,L5,346,55.8,48.86,WhatsApp,0,93.3,15.5,41,3318.99,1284.04
R02737,2025-02-03,L4,79,19.8,0.00,Sem divulgação,5,98.7,7.2,28,1944.40,739.85
R02738,2025-02-03,L8,170,40.6,135.53,Redes sociais,5,97.0,8.4,63,4479.93,1735.58
R02739,2025-02-03,L2,207,45.6,169.93,Redes sociais,15,97.5,8.6,70,4371.43,1451.46
R02740,2025-02-03,L1,205,49.6,298.72,Redes sociais,10,98.0,9.0,57,3176.16,1206.18
R02741,2025-02-03,L7,224,45.0,188.68,Mídia local,0,94.5,10.9,40,2998.81,1056.25
R02742,2025-02-03,L6,187,46.8,0.00,Sem divulgação,5,94.7,7.7,63,5615.37,2110.10
R02743,2025-02-03,L3,224,39.1,0.00,Sem divulgação,15,95.9,12.7,38,2531.63,749.34
R02744,2025-02-03,L5,338,51.8,226.42,WhatsApp,5,82.2,13.8,27,1782.55,658.47
R02745,2025-02-04,L4,152,39.0,166.65,Redes sociais,0,97.8,6.2,70,5068.50,1899.18
R02746,2025-02-04,L8,186,36.0,209.51,Mídia local,20,96.4,11.0,63,3550.67,1157.53
R02747,2025-02-04,L2,99,38.9,0.00,Sem divulgação,0,94.4,5.7,27,2125.40,767.70
R02748,2025-02-04,L1,216,39.5,127.98,Redes sociais,15,94.7,10.7,75,4642.65,1681.79
R02749,2025-02-04,L7,211,41.7,95.53,WhatsApp,5,86.9,11.0,37,3192.80,1107.01
R02750,2025-02-04,L6,190,38.5,0.00,Sem divulgação,20,93.7,11.0,52,3459.48,1122.11
R02751,2025-02-04,L3,182,45.6,0.00,Sem divulgação,5,95.9,8.9,50,4084.85,1345.63
R02752,2025-02-04,L5,235,46.5,0.00,Sem divulgação,20,93.7,10.5,57,3605.98,1174.28
R02753,2025-02-05,L4,122,38.4,113.30,WhatsApp,15,97.9,4.4,67,3912.64,1304.37
R02754,2025-02-05,L8,151,30.2,0.00,Sem divulgação,15,94.4,10.3,42,3105.96,1134.13
R02755,2025-02-05,L2,140,29.6,0.00,Sem divulgação,0,96.5,9.0,30,2305.02,862.44
R02756,2025-02-05,L1,151,33.4,0.00,Sem divulgação,20,98.8,8.1,70,3449.91,1081.33
R02757,2025-02-05,L7,167,39.1,0.00,Sem divulgação,10,94.2,9.5,41,2828.94,883.45
R02758,2025-02-05,L6,219,44.9,148.40,Redes sociais,15,97.9,9.2,67,4430.76,1466.08
R02759,2025-02-05,L3,176,46.5,124.90,Mídia local,0,92.6,7.0,47,3843.90,1349.94
R02760,2025-02-05,L5,322,48.6,231.15,WhatsApp,20,94.4,15.7,48,3992.89,1298.12
R02761,2025-02-06,L4,133,38.9,90.96,Redes sociais,0,97.3,8.5,48,4121.33,1690.70
R02762,2025-02-06,L8,125,28.5,0.00,Sem divulgação,0,95.2,7.7,35,2537.31,984.23
R02763,2025-02-06,L2,145,41.1,73.57,Redes sociais,15,96.8,6.2,60,4365.35,1306.09
R02764,2025-02-06,L1,212,40.9,185.21,Mídia local,0,97.4,10.4,44,2459.04,998.04
R02765,2025-02-06,L7,236,42.7,91.80,Redes sociais,10,94.2,11.2,48,3534.15,1188.84
R02766,2025-02-06,L6,181,38.8,0.00,Sem divulgação,15,93.4,9.6,38,2251.37,704.07
R02767,2025-02-06,L3,237,53.0,227.22,Mídia local,0,93.5,7.9,50,4395.90,1596.75
R02768,2025-02-06,L5,246,53.8,240.48,WhatsApp,20,96.3,11.2,43,2981.77,886.21
R02769,2025-02-07,L4,156,26.6,0.00,Sem divulgação,10,99.9,11.0,51,3231.77,1223.53
R02770,2025-02-07,L8,203,33.3,111.08,WhatsApp,15,95.8,11.1,61,3624.17,1252.55
R02771,2025-02-07,L2,217,50.7,192.80,Redes sociais,5,94.9,7.2,84,7174.51,2572.27
R02772,2025-02-07,L1,213,41.8,96.91,WhatsApp,0,98.7,10.7,52,2875.78,1184.90
R02773,2025-02-07,L7,232,45.7,54.38,Redes sociais,15,93.6,8.3,59,4328.50,1298.41
R02774,2025-02-07,L6,126,49.6,0.00,Sem divulgação,0,91.7,4.7,27,1979.75,779.33
R02775,2025-02-07,L3,270,50.4,94.79,Redes sociais,5,96.6,11.9,32,2127.72,663.86
R02776,2025-02-07,L5,230,49.8,0.00,Sem divulgação,15,93.4,10.1,48,3182.24,1112.56
R02777,2025-02-08,L4,152,32.7,118.41,Redes sociais,5,86.2,9.0,30,2172.99,823.79
R02778,2025-02-08,L8,191,43.7,269.04,WhatsApp,10,94.4,7.1,87,5226.80,2003.35
R02779,2025-02-08,L2,194,45.1,142.31,Redes sociais,10,96.7,8.0,72,4804.05,1599.09
R02780,2025-02-08,L1,235,46.2,227.72,Mídia local,0,96.5,9.9,57,3823.99,1547.00
R02781,2025-02-08,L7,187,40.0,0.00,Sem divulgação,10,96.3,10.3,41,2529.22,783.39
R02782,2025-02-08,L6,202,43.0,0.00,Sem divulgação,10,97.7,9.3,65,4286.65,1538.75
R02783,2025-02-08,L3,323,47.9,115.68,Redes sociais,0,99.1,14.4,53,4182.93,1495.64
R02784,2025-02-08,L5,367,61.2,218.07,Redes sociais,15,97.1,12.1,98,7700.10,2641.40
R02785,2025-02-10,L4,97,28.4,0.00,Sem divulgação,10,95.3,6.2,43,3293.00,1132.71
R02786,2025-02-10,L8,133,32.6,105.39,WhatsApp,5,97.1,7.8,51,3794.03,1421.91
R02787,2025-02-10,L2,194,41.2,127.93,Mídia local,10,96.5,10.5,67,4142.01,1328.89
R02788,2025-02-10,L1,231,43.9,324.57,Mídia local,5,96.0,11.2,50,2449.78,949.74
R02789,2025-02-10,L7,173,39.8,0.00,Sem divulgação,15,94.0,9.9,40,3166.44,955.12
R02790,2025-02-10,L6,242,45.0,189.66,Redes sociais,5,93.6,10.5,42,3274.32,1124.30
R02791,2025-02-10,L3,243,41.9,0.00,Sem divulgação,15,96.9,12.9,36,2423.99,734.73
R02792,2025-02-10,L5,334,50.6,139.32,Redes sociais,0,94.7,14.4,47,3732.17,1429.71
R02793,2025-02-11,L4,143,41.6,163.67,Redes sociais,0,95.3,7.6,58,3707.82,1432.05
R02794,2025-02-11,L8,110,31.1,0.00,Sem divulgação,0,95.1,7.1,28,2001.70,798.71
R02795,2025-02-11,L2,200,36.9,123.61,WhatsApp,15,98.2,11.3,55,3803.47,1217.88
R02796,2025-02-11,L1,220,38.6,179.66,WhatsApp,15,95.4,11.8,66,3512.76,1271.35
R02797,2025-02-11,L7,195,41.4,170.08,Mídia local,10,96.1,9.2,39,2958.58,951.68
R02798,2025-02-11,L6,190,41.3,0.00,Sem divulgação,10,96.3,11.1,52,4290.79,1419.65
R02799,2025-02-11,L3,192,37.7,0.00,Sem divulgação,0,93.6,11.8,23,1611.62,547.06
R02800,2025-02-11,L5,271,48.3,146.01,WhatsApp,15,95.4,12.4,67,5715.76,1882.92
R02801,2025-02-12,L4,157,40.5,98.36,Redes sociais,5,95.1,7.5,60,5062.17,1964.46
R02802,2025-02-12,L8,121,34.7,0.00,Sem divulgação,0,94.2,7.1,36,2347.51,940.86
R02803,2025-02-12,L2,230,47.5,170.86,WhatsApp,5,94.9,9.6,65,4622.35,1608.62
R02804,2025-02-12,L1,239,48.0,97.09,Mídia local,0,98.3,10.2,59,3764.15,1541.08
R02805,2025-02-12,L7,224,44.9,128.15,WhatsApp,15,92.9,10.0,46,3911.48,1213.38
R02806,2025-02-12,L6,170,44.9,0.00,Sem divulgação,10,98.2,6.8,61,3865.22,1347.50
R02807,2025-02-12,L3,297,53.1,141.89,WhatsApp,10,98.7,12.2,61,5158.79,1615.27
R02808,2025-02-12,L5,253,51.8,0.00,Sem divulgação,0,92.8,10.6,38,2795.72,1079.22
R02809,2025-02-13,L4,104,24.3,0.00,Sem divulgação,0,98.2,7.2,41,3009.51,1172.71
R02810,2025-02-13,L8,125,34.7,0.00,Sem divulgação,10,96.5,7.4,48,2474.57,899.13
R02811,2025-02-13,L2,159,42.4,125.52,Redes sociais,10,83.6,7.2,35,2506.44,810.48
R02812,2025-02-13,L1,193,37.3,0.00,Sem divulgação,15,97.1,8.8,73,3727.15,1358.33
R02813,2025-02-13,L7,199,48.2,143.89,Redes sociais,10,96.8,8.0,75,6259.55,1925.05
R02814,2025-02-13,L6,237,48.8,165.21,Mídia local,10,93.8,10.9,65,4017.84,1366.24
R02815,2025-02-13,L3,310,43.0,203.77,Mídia local,10,97.5,16.3,40,3308.41,1087.19
R02816,2025-02-13,L5,150,42.1,0.00,Sem divulgação,0,93.0,8.8,28,2152.34,832.45
R02817,2025-02-14,L4,100,29.6,0.00,Sem divulgação,0,98.0,6.3,42,3064.30,1223.08
R02818,2025-02-14,L8,217,33.9,137.73,Redes sociais,5,94.8,14.3,43,3056.84,1194.84
R02819,2025-02-14,L2,204,35.4,55.39,Redes sociais,20,94.7,13.2,60,3821.75,1097.49
R02820,2025-02-14,L1,181,48.9,183.25,Redes sociais,15,95.3,8.2,73,4520.92,1607.77
R02821,2025-02-14,L7,193,37.9,0.00,Sem divulgação,0,93.9,9.1,44,3238.21,1146.44
R02822,2025-02-14,L6,252,44.9,132.67,Mídia local,10,94.1,11.7,64,3996.89,1406.22
R02823,2025-02-14,L3,276,53.0,136.59,Mídia local,0,94.1,11.3,27,2085.15,708.10
R02824,2025-02-14,L5,352,55.8,109.22,Redes sociais,0,97.1,15.5,35,2425.61,955.13
R02825,2025-02-15,L4,169,34.8,91.61,WhatsApp,5,94.5,9.6,62,3904.98,1354.83
R02826,2025-02-15,L8,147,31.7,0.00,Sem divulgação,10,96.0,7.4,71,4314.27,1614.24
R02827,2025-02-15,L2,184,32.5,0.00,Sem divulgação,20,96.2,11.3,70,4773.07,1393.42
R02828,2025-02-15,L1,193,39.5,0.00,Sem divulgação,0,99.6,9.0,68,3783.13,1580.79
R02829,2025-02-15,L7,280,51.1,320.20,WhatsApp,15,93.7,12.0,47,3309.43,970.25
R02830,2025-02-15,L6,308,52.8,195.56,Redes sociais,10,94.8,12.1,81,5558.63,1879.31
R02831,2025-02-15,L3,265,46.8,0.00,Sem divulgação,5,84.4,12.9,23,1949.96,636.38
R02832,2025-02-15,L5,290,46.7,0.00,Sem divulgação,0,93.5,14.7,38,3094.38,1148.50
R02833,2025-02-17,L4,151,35.4,176.75,Redes sociais,0,98.0,6.0,56,3623.38,1357.31
R02834,2025-02-17,L8,195,33.4,273.55,WhatsApp,5,97.9,11.6,52,2920.32,1111.24
R02835,2025-02-17,L2,187,40.5,138.04,WhatsApp,0,94.6,8.4,49,3427.29,1283.24
R02836,2025-02-17,L1,220,37.7,0.00,Sem divulgação,5,99.2,11.7,64,4019.09,1572.42
R02837,2025-02-17,L7,224,45.3,218.84,Redes sociais,0,95.0,11.0,39,3589.19,1260.49
R02838,2025-02-17,L6,271,41.4,86.53,Redes sociais,10,95.7,13.3,70,3847.14,1356.07
R02839,2025-02-17,L3,281,52.4,96.84,Redes sociais,0,94.7,12.3,36,2442.41,856.59
R02840,2025-02-17,L5,309,58.0,172.68,Mídia local,0,92.6,10.8,46,3402.47,1309.68
R02841,2025-02-18,L4,188,38.8,329.22,Redes sociais,15,98.3,9.2,84,4620.71,1478.71
R02842,2025-02-18,L8,141,35.2,109.81,Redes sociais,0,95.7,7.4,44,3366.05,1340.74
R02843,2025-02-18,L2,159,33.0,0.00,Sem divulgação,5,95.3,9.8,35,2748.95,993.07
R02844,2025-02-18,L1,207,42.0,118.73,WhatsApp,10,96.9,9.4,63,3963.65,1493.22
R02845,2025-02-18,L7,242,46.3,123.64,Mídia local,5,84.1,12.6,24,1723.41,603.91
R02846,2025-02-18,L6,182,43.3,55.13,WhatsApp,10,95.4,9.2,45,2978.69,1036.26
R02847,2025-02-18,L3,266,43.0,139.40,WhatsApp,5,87.2,12.8,36,2919.79,979.20
R02848,2025-02-18,L5,218,50.1,0.00,Sem divulgação,15,93.7,10.3,50,3872.08,1316.25
R02849,2025-02-19,L4,203,40.2,297.95,Mídia local,0,96.7,8.5,65,3225.53,1231.78
R02850,2025-02-19,L8,191,32.4,221.02,Redes sociais,10,95.8,11.0,60,4449.67,1667.07
R02851,2025-02-19,L2,117,36.4,0.00,Sem divulgação,0,95.0,6.1,37,2931.95,1119.27
R02852,2025-02-19,L1,202,45.2,122.46,Mídia local,20,98.7,8.2,62,3190.24,1106.11
R02853,2025-02-19,L7,197,36.4,0.00,Sem divulgação,0,97.4,11.9,42,2870.14,1030.32
R02854,2025-02-19,L6,203,39.7,0.00,Sem divulgação,10,95.9,9.9,58,4046.29,1421.99
R02855,2025-02-19,L3,228,47.9,67.17,Redes sociais,5,97.0,9.8,54,4698.92,1543.29
R02856,2025-02-19,L5,274,45.7,0.00,Sem divulgação,10,95.4,14.4,40,2588.45,909.57
R02857,2025-02-20,L4,137,36.3,103.92,Redes sociais,0,96.0,6.8,52,3873.53,1498.54
R02858,2025-02-20,L8,162,32.4,83.47,Redes sociais,0,99.3,10.3,44,3221.77,1267.65
R02859,2025-02-20,L2,216,37.5,163.43,Mídia local,10,96.9,12.0,60,4368.61,1345.41
R02860,2025-02-20,L1,230,44.2,245.94,WhatsApp,15,97.6,10.6,69,4320.14,1549.72
R02861,2025-02-20,L7,171,43.9,92.34,Mídia local,5,93.4,7.8,43,3320.18,1197.45
R02862,2025-02-20,L6,275,50.9,147.47,WhatsApp,15,93.5,11.6,76,4454.56,1480.08
R02863,2025-02-20,L3,258,51.6,147.21,Mídia local,5,93.4,11.5,39,3285.45,1055.14
R02864,2025-02-20,L5,201,45.9,0.00,Sem divulgação,15,92.5,8.0,44,3355.96,1042.23
R02865,2025-02-21,L4,128,26.3,0.00,Sem divulgação,10,98.2,8.2,57,4036.89,1422.54
R02866,2025-02-21,L8,141,33.9,90.68,Mídia local,5,95.4,7.7,55,3923.45,1517.47
R02867,2025-02-21,L2,148,41.0,0.00,Sem divulgação,20,94.5,7.4,48,3314.37,986.15
R02868,2025-02-21,L1,265,36.7,230.59,Redes sociais,5,98.4,15.1,42,2524.78,958.83
R02869,2025-02-21,L7,205,43.4,72.17,WhatsApp,10,97.4,11.4,58,4141.74,1443.61
R02870,2025-02-21,L6,247,47.1,121.52,Mídia local,15,95.1,10.1,49,2791.95,885.73
R02871,2025-02-21,L3,200,59.2,136.54,Redes sociais,5,97.5,6.8,57,4848.97,1609.61
R02872,2025-02-21,L5,262,44.1,0.00,Sem divulgação,15,86.8,13.3,37,2368.06,854.32
R02873,2025-02-22,L4,118,29.0,0.00,Sem divulgação,15,96.8,8.9,46,2679.93,875.24
R02874,2025-02-22,L8,216,35.8,134.19,Redes sociais,0,95.5,12.2,54,3881.30,1562.57
R02875,2025-02-22,L2,221,46.9,215.38,Redes sociais,15,97.5,11.0,90,6213.20,2040.40
R02876,2025-02-22,L1,243,50.9,134.80,Redes sociais,0,95.6,10.1,74,4228.86,1675.87
R02877,2025-02-22,L7,192,38.8,0.00,Sem divulgação,0,97.0,10.5,55,3945.58,1434.45
R02878,2025-02-22,L6,274,50.4,251.44,Mídia local,0,95.1,11.0,59,3773.65,1381.70
R02879,2025-02-22,L3,287,54.0,175.84,Mídia local,15,91.1,11.6,40,2724.50,756.29
R02880,2025-02-22,L5,218,59.6,50.29,Redes sociais,0,93.6,7.2,40,2974.23,1189.18
R02881,2025-02-24,L4,160,39.0,169.89,Redes sociais,15,96.7,6.2,59,3619.06,1182.65
R02882,2025-02-24,L8,185,39.2,232.99,Mídia local,10,95.8,8.6,63,3705.35,1288.19
R02883,2025-02-24,L2,137,29.6,0.00,Sem divulgação,10,94.8,9.1,42,2824.73,908.45
R02884,2025-02-24,L1,176,36.6,0.00,Sem divulgação,15,96.9,8.7,59,3306.28,1107.80
R02885,2025-02-24,L7,204,38.8,0.00,Sem divulgação,0,97.5,11.6,43,3318.52,1179.90
R02886,2025-02-24,L6,219,50.5,182.55,WhatsApp,0,96.3,9.2,39,3300.32,1293.09
R02887,2025-02-24,L3,254,54.3,141.06,Redes sociais,5,96.4,10.6,41,3369.50,1115.25
R02888,2025-02-24,L5,336,56.3,155.26,Mídia local,20,95.3,12.3,67,4021.01,1251.43
R02889,2025-02-25,L4,128,24.4,0.00,Sem divulgação,10,99.5,8.4,57,3741.46,1294.78
R02890,2025-02-25,L8,147,38.2,160.62,Redes sociais,10,95.9,7.1,51,3204.93,1163.27
R02891,2025-02-25,L2,183,37.2,133.89,WhatsApp,5,91.5,7.5,52,3860.13,1341.46
R02892,2025-02-25,L1,221,41.6,167.58,WhatsApp,5,97.3,10.5,60,3296.72,1297.70
R02893,2025-02-25,L7,155,36.9,0.00,Sem divulgação,20,84.7,9.6,22,1497.57,387.03
R02894,2025-02-25,L6,263,44.4,165.79,WhatsApp,10,94.0,12.2,76,5890.99,2110.95
R02895,2025-02-25,L3,199,46.0,0.00,Sem divulgação,10,96.2,9.7,33,2369.05,737.91
R02896,2025-02-25,L5,269,50.6,208.71,Redes sociais,0,94.2,11.5,34,2875.33,1136.09
R02897,2025-02-26,L4,137,34.0,0.00,Sem divulgação,20,95.7,6.3,59,4805.10,1559.43
R02898,2025-02-26,L8,207,40.3,167.85,WhatsApp,0,96.3,11.5,50,3318.50,1307.83
R02899,2025-02-26,L2,223,37.2,171.52,WhatsApp,0,96.6,11.6,48,3296.29,1237.87
R02900,2025-02-26,L1,179,42.4,94.84,Mídia local,0,96.5,9.2,50,3046.60,1212.71
R02901,2025-02-26,L7,222,43.5,88.96,Redes sociais,15,92.6,9.4,65,5057.18,1564.78
R02902,2025-02-26,L6,214,49.8,219.29,WhatsApp,5,93.9,11.0,47,2964.15,1070.11
R02903,2025-02-26,L3,204,50.3,0.00,Sem divulgação,0,96.0,8.1,58,5088.41,1700.05
R02904,2025-02-26,L5,264,43.9,0.00,Sem divulgação,0,94.0,14.5,53,3553.31,1351.39
R02905,2025-02-27,L4,156,40.0,300.21,WhatsApp,10,96.9,6.7,53,3650.52,1235.78
R02906,2025-02-27,L8,165,43.7,105.18,Mídia local,15,97.8,7.9,61,4108.22,1449.66
R02907,2025-02-27,L2,203,41.4,82.54,Redes sociais,0,94.4,8.6,55,4786.67,1710.83
R02908,2025-02-27,L1,146,37.8,0.00,Sem divulgação,15,99.0,7.3,58,2929.10,1017.46
R02909,2025-02-27,L7,195,45.6,228.98,Redes sociais,5,94.9,8.8,42,3156.95,1071.92
R02910,2025-02-27,L6,192,42.4,0.00,Sem divulgação,15,96.6,8.0,52,3423.24,1061.46
R02911,2025-02-27,L3,297,53.2,193.84,WhatsApp,10,96.0,11.2,40,3245.94,1023.76
R02912,2025-02-27,L5,346,51.0,93.94,Redes sociais,0,95.1,15.0,34,2652.55,1032.61
R02913,2025-02-28,L4,134,33.0,109.32,WhatsApp,10,98.5,6.5,56,4198.50,1434.46
R02914,2025-02-28,L8,198,37.5,141.70,Mídia local,5,83.6,12.5,27,1708.14,648.16
R02915,2025-02-28,L2,215,34.7,204.69,WhatsApp,10,95.6,13.6,48,3446.68,1185.41
R02916,2025-02-28,L1,185,39.6,0.00,Sem divulgação,10,95.4,9.6,77,5399.01,2043.90
R02917,2025-02-28,L7,219,47.2,174.23,Redes sociais,20,93.3,9.4,77,4677.11,1433.08
R02918,2025-02-28,L6,266,49.1,150.82,Redes sociais,10,93.5,13.6,29,1764.46,589.79
R02919,2025-02-28,L3,298,54.4,235.74,Redes sociais,10,99.2,11.9,63,4973.05,1516.96
R02920,2025-02-28,L5,277,51.5,111.08,Redes sociais,15,95.8,12.0,53,3496.83,1129.91
R02921,2025-03-01,L4,176,35.9,176.97,Redes sociais,5,96.9,9.4,65,4900.84,1803.65
R02922,2025-03-01,L8,201,40.1,124.39,Redes sociais,5,99.5,9.3,79,5500.10,2145.41
R02923,2025-03-01,L2,141,33.1,0.00,Sem divulgação,0,94.2,8.3,36,2921.63,1147.04
R02924,2025-03-01,L1,211,39.2,82.00,Redes sociais,10,95.6,10.1,72,3826.76,1440.34
R02925,2025-03-01,L7,181,41.3,0.00,Sem divulgação,5,95.8,8.7,46,3497.42,1207.60
R02926,2025-03-01,L6,225,47.7,0.00,Sem divulgação,0,94.6,11.4,67,4772.19,1720.49
R02927,2025-03-01,L3,231,44.4,0.00,Sem divulgação,10,95.7,10.8,42,3748.01,1195.93
R02928,2025-03-01,L5,272,47.3,0.00,Sem divulgação,15,96.1,12.8,64,4409.23,1480.90
R02929,2025-03-03,L4,60,24.6,0.00,Sem divulgação,20,94.6,4.2,29,1765.24,565.26
R02930,2025-03-03,L8,127,30.5,118.14,Redes sociais,5,95.7,9.6,40,2573.81,1018.57
R02931,2025-03-03,L2,138,31.4,124.51,WhatsApp,0,97.2,8.1,48,3272.42,1221.54
R02932,2025-03-03,L1,135,25.9,0.00,Sem divulgação,10,97.3,10.2,37,2209.67,846.38
R02933,2025-03-03,L7,155,31.4,150.04,Mídia local,15,94.0,9.4,45,3796.12,1147.19
R02934,2025-03-03,L6,139,32.5,0.00,Sem divulgação,10,94.6,8.8,31,2003.74,671.91
R02935,2025-03-03,L3,199,44.7,140.97,WhatsApp,15,99.0,10.2,33,2362.34,721.73
R02936,2025-03-03,L5,224,45.4,59.61,Redes sociais,0,94.8,11.0,20,1735.62,706.00
R02937,2025-03-04,L4,114,33.0,110.50,Redes sociais,0,98.6,5.7,38,2690.54,1042.15
R02938,2025-03-04,L8,145,29.1,131.15,Redes sociais,5,95.0,8.9,41,2551.04,981.85
R02939,2025-03-04,L2,149,26.8,53.93,Redes sociais,0,96.9,12.9,34,2247.63,874.90
R02940,2025-03-04,L1,160,32.4,139.22,Redes sociais,0,95.5,11.2,37,2529.09,1033.10
R02941,2025-03-04,L7,159,38.6,138.52,Mídia local,10,96.5,7.7,43,2858.91,966.19
R02942,2025-03-04,L6,187,39.7,137.37,WhatsApp,0,92.8,9.3,45,3739.80,1395.45
R02943,2025-03-04,L3,198,40.4,119.58,WhatsApp,0,95.3,10.5,45,3974.46,1433.10
R02944,2025-03-04,L5,199,36.6,73.40,Mídia local,15,97.0,11.7,42,2750.02,913.71
R02945,2025-03-05,L4,134,35.8,55.96,Redes sociais,0,95.9,7.3,55,3885.78,1449.69
R02946,2025-03-05,L8,158,40.0,76.11,Redes sociais,0,98.3,8.9,48,2842.36,1120.78
R02947,2025-03-05,L2,199,37.2,194.67,Mídia local,5,85.4,11.5,24,1671.52,587.32
R02948,2025-03-05,L1,159,45.1,77.26,Mídia local,20,95.3,7.5,56,3471.94,1113.84
R02949,2025-03-05,L7,164,33.2,0.00,Sem divulgação,5,92.6,10.6,28,2674.23,948.18
R02950,2025-03-05,L6,246,48.8,211.06,WhatsApp,0,83.9,10.6,28,1681.01,631.40
R02951,2025-03-05,L3,241,47.5,69.34,Redes sociais,5,96.5,11.0,62,5212.31,1792.87
R02952,2025-03-05,L5,240,44.0,0.00,Sem divulgação,5,96.4,11.9,45,3853.56,1412.05
R02953,2025-03-06,L4,116,27.7,0.00,Sem divulgação,20,95.9,8.1,51,3005.12,872.50
R02954,2025-03-06,L8,154,30.8,84.25,Redes sociais,10,96.1,9.0,46,2788.68,1007.00
R02955,2025-03-06,L2,108,26.6,0.00,Sem divulgação,0,95.4,6.4,32,2418.99,870.79
R02956,2025-03-06,L1,197,37.1,147.37,Redes sociais,0,96.5,10.1,47,2847.62,1164.87
R02957,2025-03-06,L7,170,30.6,0.00,Sem divulgação,10,97.1,11.0,39,3019.79,957.11
R02958,2025-03-06,L6,181,41.0,0.00,Sem divulgação,0,97.8,8.1,56,3326.30,1233.38
R02959,2025-03-06,L3,205,41.8,0.00,Sem divulgação,0,97.8,9.3,29,2718.17,962.99
R02960,2025-03-06,L5,223,45.9,198.08,Mídia local,0,92.3,11.0,26,1823.22,713.50
R02961,2025-03-07,L4,163,33.8,131.02,Redes sociais,5,96.5,8.0,58,3957.09,1400.53
R02962,2025-03-07,L8,133,28.7,62.21,Redes sociais,5,96.9,8.4,43,3132.41,1217.63
R02963,2025-03-07,L2,158,36.1,83.77,Redes sociais,5,96.3,8.4,50,3499.20,1235.41
R02964,2025-03-07,L1,174,35.5,96.12,Redes sociais,5,97.7,10.0,46,3039.41,1205.03
R02965,2025-03-07,L7,168,42.4,100.64,Mídia local,20,92.5,7.9,50,2935.14,791.99
R02966,2025-03-07,L6,240,49.5,78.62,WhatsApp,0,93.9,10.4,45,3294.81,1217.34
R02967,2025-03-07,L3,240,36.8,0.00,Sem divulgação,5,97.6,14.6,41,2791.78,942.10
R02968,2025-03-07,L5,245,54.9,176.89,WhatsApp,15,96.3,9.0,73,4519.23,1436.51
R02969,2025-03-08,L4,101,30.4,0.00,Sem divulgação,5,94.4,5.3,39,2567.49,962.38
R02970,2025-03-08,L8,136,25.4,0.00,Sem divulgação,15,97.5,10.9,47,2890.33,1019.65
R02971,2025-03-08,L2,176,38.8,51.46,Redes sociais,10,96.4,8.3,57,3959.19,1284.44
R02972,2025-03-08,L1,207,38.6,0.00,Sem divulgação,15,97.9,13.1,77,4439.43,1603.67
R02973,2025-03-08,L7,178,43.9,79.42,Redes sociais,0,89.9,8.5,37,3909.29,1378.22
R02974,2025-03-08,L6,216,44.1,75.78,Redes sociais,0,92.0,11.1,37,2305.38,869.04
R02975,2025-03-08,L3,334,51.5,120.05,Mídia local,10,93.2,14.4,43,3060.26,953.57
R02976,2025-03-08,L5,274,50.5,0.00,Sem divulgação,0,97.7,10.3,56,5022.68,2008.88
R02977,2025-03-10,L4,107,28.3,0.00,Sem divulgação,0,96.3,5.3,40,3268.35,1284.56
R02978,2025-03-10,L8,151,30.9,68.48,Redes sociais,5,95.5,8.7,58,4029.84,1650.27
R02979,2025-03-10,L2,163,40.5,126.94,Redes sociais,0,94.8,7.3,40,3259.22,1215.92
R02980,2025-03-10,L1,165,29.0,0.00,Sem divulgação,0,97.0,10.4,39,2720.34,1139.68
R02981,2025-03-10,L7,181,36.4,73.19,WhatsApp,5,96.0,12.1,34,2521.88,854.75
R02982,2025-03-10,L6,173,30.8,0.00,Sem divulgação,0,97.3,11.8,26,1640.16,624.96
R02983,2025-03-10,L3,152,37.3,0.00,Sem divulgação,5,98.1,8.1,45,3263.79,1074.66
R02984,2025-03-10,L5,236,45.4,266.75,Redes sociais,10,92.6,10.6,48,3583.78,1287.50
R02985,2025-03-11,L4,71,24.1,0.00,Sem divulgação,20,97.1,5.0,36,2127.71,708.25
R02986,2025-03-11,L8,137,27.8,0.00,Sem divulgação,0,96.4,10.1,44,2779.80,1113.25
R02987,2025-03-11,L2,123,33.9,0.00,Sem divulgação,0,94.7,7.1,36,2606.04,925.95
R02988,2025-03-11,L1,150,32.1,0.00,Sem divulgação,0,96.6,10.8,32,2132.33,859.70
R02989,2025-03-11,L7,175,34.7,90.63,WhatsApp,0,96.2,11.0,33,2569.91,934.35
R02990,2025-03-11,L6,224,44.9,126.39,WhatsApp,0,95.1,10.4,46,2833.18,1092.46
R02991,2025-03-11,L3,193,38.9,0.00,Sem divulgação,5,95.8,10.4,32,2333.03,806.80
R02992,2025-03-11,L5,252,44.8,59.68,Redes sociais,0,96.4,11.7,54,4190.16,1676.74
R02993,2025-03-12,L4,137,29.3,69.75,Redes sociais,5,99.2,8.8,65,4148.41,1542.19
R02994,2025-03-12,L8,161,38.1,144.62,Mídia local,0,98.4,7.8,40,2955.76,1261.25
R02995,2025-03-12,L2,152,29.8,122.36,WhatsApp,5,83.0,9.6,18,1190.40,430.02
R02996,2025-03-12,L1,129,35.2,0.00,Sem divulgação,10,99.0,7.2,40,2485.96,964.64
R02997,2025-03-12,L7,118,36.2,0.00,Sem divulgação,5,99.1,7.2,37,2826.62,972.71
R02998,2025-03-12,L6,144,29.5,0.00,Sem divulgação,0,95.3,10.9,41,3212.74,1311.06
R02999,2025-03-12,L3,145,42.1,0.00,Sem divulgação,5,98.9,8.8,25,1824.98,590.25
R03000,2025-03-12,L5,230,41.0,120.27,Redes sociais,5,93.5,12.8,25,1889.26,684.55
R03001,2025-03-13,L4,168,35.1,116.24,Redes sociais,10,99.2,9.3,67,4370.53,1530.44
R03002,2025-03-13,L8,125,30.4,0.00,Sem divulgação,0,93.3,8.2,22,1345.93,544.41
R03003,2025-03-13,L2,235,43.3,257.05,WhatsApp,5,94.9,10.6,65,4512.37,1538.00
R03004,2025-03-13,L1,176,36.1,0.00,Sem divulgação,0,94.5,9.1,45,2634.66,1078.09
R03005,2025-03-13,L7,179,38.4,0.00,Sem divulgação,0,93.3,10.7,26,2084.26,761.92
R03006,2025-03-13,L6,255,43.6,0.00,Sem divulgação,10,92.9,11.5,45,2462.95,821.73
R03007,2025-03-13,L3,281,51.8,138.18,Mídia local,0,96.5,11.8,56,4106.80,1358.19
R03008,2025-03-13,L5,292,52.5,96.93,Mídia local,0,93.8,12.3,44,3644.27,1389.57
R03009,2025-03-14,L4,126,19.4,0.00,Sem divulgação,15,94.3,12.3,37,2284.28,754.56
R03010,2025-03-14,L8,167,36.6,103.91,Redes sociais,10,95.8,9.4,63,3915.42,1458.52
R03011,2025-03-14,L2,237,30.1,148.69,WhatsApp,0,93.1,17.4,18,1348.16,495.69
R03012,2025-03-14,L1,146,28.7,0.00,Sem divulgação,5,97.0,10.9,34,2009.27,822.54
R03013,2025-03-14,L7,189,38.8,91.82,Redes sociais,10,92.7,9.9,49,3727.81,1267.36
R03014,2025-03-14,L6,257,49.3,106.99,Redes sociais,10,96.1,11.0,48,3584.89,1267.13
R03015,2025-03-14,L3,241,49.3,137.97,Redes sociais,20,96.9,11.8,59,4537.16,1200.42
R03016,2025-03-14,L5,275,54.3,203.93,Redes sociais,0,97.2,11.0,63,4370.32,1720.06
R03017,2025-03-15,L4,197,41.5,131.53,Mídia local,0,96.3,8.9,81,5695.20,2286.80
R03018,2025-03-15,L8,142,33.9,0.00,Sem divulgação,5,97.8,7.2,58,3678.93,1386.80
R03019,2025-03-15,L2,235,35.0,83.85,WhatsApp,0,96.0,13.2,47,3501.17,1278.18
R03020,2025-03-15,L1,237,47.5,107.19,WhatsApp,10,95.3,11.2,44,2614.24,947.57
R03021,2025-03-15,L7,217,46.2,105.51,Redes sociais,5,98.3,10.1,56,4853.78,1618.94
R03022,2025-03-15,L6,286,59.7,250.65,Mídia local,15,92.7,10.3,75,4878.42,1618.69
R03023,2025-03-15,L3,279,49.3,0.00,Sem divulgação,20,95.8,13.8,39,2772.12,717.02
R03024,2025-03-15,L5,279,47.2,0.00,Sem divulgação,0,93.9,12.3,60,5381.76,2029.65
R03025,2025-03-17,L4,145,30.8,62.94,WhatsApp,0,83.1,7.3,21,1347.21,522.69
R03026,2025-03-17,L8,161,26.9,90.63,Redes sociais,0,94.2,12.5,24,1330.78,526.37
R03027,2025-03-17,L2,197,37.1,170.19,Redes sociais,0,94.1,11.6,46,3399.09,1266.84
R03028,2025-03-17,L1,194,35.1,168.19,Redes sociais,15,100.0,10.4,70,3773.62,1380.36
R03029,2025-03-17,L7,174,37.0,102.00,Redes sociais,10,93.1,11.2,31,2468.08,815.40
R03030,2025-03-17,L6,184,38.5,82.02,Mídia local,10,97.5,11.8,73,4947.89,1633.25
R03031,2025-03-17,L3,196,43.4,61.59,Mídia local,0,95.4,10.0,36,2706.03,919.10
R03032,2025-03-17,L5,264,45.5,178.99,Mídia local,10,95.2,11.7,41,2958.55,1017.97
R03033,2025-03-18,L4,132,30.8,63.82,Redes sociais,15,98.8,5.3,56,3756.70,1268.43
R03034,2025-03-18,L8,136,37.3,79.16,Mídia local,10,95.0,7.3,54,2971.59,1078.12
R03035,2025-03-18,L2,123,30.6,0.00,Sem divulgação,0,93.7,7.2,37,2455.21,906.00
R03036,2025-03-18,L1,179,31.0,0.00,Sem divulgação,0,98.5,11.6,40,2570.60,1104.18
R03037,2025-03-18,L7,206,40.3,132.21,Redes sociais,5,95.3,9.7,56,4646.29,1620.62
R03038,2025-03-18,L6,231,43.3,87.92,Mídia local,10,95.1,13.4,58,4370.89,1556.09
R03039,2025-03-18,L3,228,43.5,159.42,WhatsApp,0,94.2,11.8,31,2522.17,868.45
R03040,2025-03-18,L5,298,51.9,190.40,Mídia local,0,97.2,13.4,44,2891.70,1111.17
R03041,2025-03-19,L4,150,38.2,150.62,Redes sociais,10,97.4,6.6,66,4192.23,1470.77
R03042,2025-03-19,L8,125,31.8,111.49,Redes sociais,15,95.2,7.2,50,2951.87,1015.55
R03043,2025-03-19,L2,131,35.0,0.00,Sem divulgação,10,97.5,7.6,44,3448.22,1173.36
R03044,2025-03-19,L1,205,43.3,223.65,Mídia local,0,95.3,9.0,51,3034.71,1263.10
R03045,2025-03-19,L7,157,36.5,130.90,Redes sociais,5,95.4,9.8,38,2832.47,969.58
R03046,2025-03-19,L6,143,34.7,0.00,Sem divulgação,0,94.5,9.1,31,2492.42,968.33
R03047,2025-03-19,L3,146,36.2,0.00,Sem divulgação,0,94.6,9.1,24,17974.07,5710.31
R03048,2025-03-19,L5,241,44.6,85.98,WhatsApp,0,85.8,11.3,27,1821.39,705.69
R03049,2025-03-20,L4,116,28.3,0.00,Sem divulgação,5,97.5,7.4,42,3152.37,1216.99
R03050,2025-03-20,L8,120,30.2,0.00,Sem divulgação,15,97.5,8.3,50,3074.25,1098.20
R03051,2025-03-20,L2,161,28.8,0.00,Sem divulgação,0,98.8,11.6,37,2652.26,1004.33
R03052,2025-03-20,L1,112,40.9,0.00,Sem divulgação,0,97.4,5.7,25,1700.29,726.49
R03053,2025-03-20,L7,164,34.6,0.00,Sem divulgação,5,98.0,8.9,52,3940.81,1304.39
R03054,2025-03-20,L6,235,45.2,94.80,Redes sociais,15,92.7,11.9,56,3459.55,1155.68
R03055,2025-03-20,L3,196,38.4,0.00,Sem divulgação,0,95.5,11.9,27,2264.78,800.88
R03056,2025-03-20,L5,222,44.8,0.00,Sem divulgação,0,93.9,11.9,23,1785.11,721.17
R03057,2025-03-21,L4,142,30.1,105.43,Mídia local,0,96.5,8.1,40,2335.21,889.94
R03058,2025-03-21,L8,181,29.3,125.84,Redes sociais,0,97.9,12.6,46,3104.50,1245.60
R03059,2025-03-21,L2,105,35.7,0.00,Sem divulgação,10,96.9,5.6,46,3340.24,1078.28
R03060,2025-03-21,L1,211,41.2,40.38,WhatsApp,15,97.2,11.1,53,3117.44,1103.15
R03061,2025-03-21,L7,236,46.1,78.59,WhatsApp,0,95.3,10.1,37,3013.65,1101.53
R03062,2025-03-21,L6,258,49.2,82.55,Redes sociais,10,94.7,11.1,63,3662.40,1236.25
R03063,2025-03-21,L3,190,49.1,104.95,Redes sociais,0,97.6,8.6,54,5095.70,1753.18
R03064,2025-03-21,L5,310,45.6,92.85,Redes sociais,0,92.6,13.9,28,2259.97,864.85
R03065,2025-03-22,L4,200,37.9,129.21,WhatsApp,10,97.8,11.2,68,3940.44,1377.57
R03066,2025-03-22,L8,178,36.2,87.72,Redes sociais,10,97.1,8.9,64,4042.22,1362.17
R03067,2025-03-22,L2,124,33.2,0.00,Sem divulgação,0,96.2,6.7,41,3194.24,1151.92
R03068,2025-03-22,L1,231,41.8,129.85,Mídia local,20,98.5,12.8,79,4214.49,1365.76
R03069,2025-03-22,L7,252,48.8,113.23,WhatsApp,5,95.3,9.6,62,4352.22,1476.08
R03070,2025-03-22,L6,252,49.1,113.19,Redes sociais,0,95.1,11.4,63,5286.95,2002.96
R03071,2025-03-22,L3,207,48.0,112.94,Redes sociais,10,95.4,9.3,44,4070.81,1297.47
R03072,2025-03-22,L5,249,44.6,0.00,Sem divulgação,0,95.1,13.0,59,4359.00,1660.54
R03073,2025-03-24,L4,87,28.2,66.17,WhatsApp,5,96.4,4.7,36,2474.06,908.62
R03074,2025-03-24,L8,179,38.0,131.38,Redes sociais,5,96.5,9.3,44,3046.97,1196.16
R03075,2025-03-24,L2,103,30.1,0.00,Sem divulgação,5,95.5,7.2,27,2121.94,735.38
R03076,2025-03-24,L1,117,27.5,0.00,Sem divulgação,0,99.3,8.8,32,2059.61,856.31
R03077,2025-03-24,L7,145,30.5,0.00,Sem divulgação,0,93.3,9.5,40,3166.13,1114.98
R03078,2025-03-24,L6,204,40.1,78.90,Redes sociais,0,97.9,10.3,53,3813.90,1391.06
R03079,2025-03-24,L3,154,32.2,0.00,Sem divulgação,10,86.4,10.0,32,2501.39,731.47
R03080,2025-03-24,L5,252,43.1,218.88,WhatsApp,0,96.1,12.0,44,3427.40,1329.44
R03081,2025-03-25,L4,82,24.5,0.00,Sem divulgação,10,96.4,6.6,39,2587.17,926.49
R03082,2025-03-25,L8,112,25.1,0.00,Sem divulgação,10,99.1,6.8,56,3292.24,1188.25
R03083,2025-03-25,L2,169,38.4,231.38,Mídia local,15,92.2,8.1,62,3736.30,1120.58
R03084,2025-03-25,L1,219,41.8,315.49,Redes sociais,10,84.4,11.7,36,2398.63,876.84
R03085,2025-03-25,L7,195,46.3,104.37,Redes sociais,15,92.6,9.1,45,3671.79,1090.38
R03086,2025-03-25,L6,197,36.1,0.00,Sem divulgação,0,93.9,12.2,29,2171.57,842.79
R03087,2025-03-25,L3,210,42.2,25.00,Redes sociais,5,97.6,11.2,41,3180.62,1091.32
R03088,2025-03-25,L5,216,49.9,94.42,Redes sociais,5,96.8,9.3,39,2652.93,1033.15
R03089,2025-03-26,L4,130,26.5,149.36,Redes sociais,10,98.7,9.4,52,3165.99,1106.19
R03090,2025-03-26,L8,137,35.4,103.89,Mídia local,5,97.9,8.0,47,3466.78,1385.44
R03091,2025-03-26,L2,124,29.8,0.00,Sem divulgação,0,97.5,8.9,26,1894.86,732.43
R03092,2025-03-26,L1,138,37.4,51.40,Redes sociais,20,98.4,8.5,52,2939.87,1034.60
R03093,2025-03-26,L7,153,38.9,59.77,Mídia local,0,93.7,7.9,32,2069.38,773.67
R03094,2025-03-26,L6,149,41.0,95.72,WhatsApp,0,91.9,8.0,27,1826.46,706.96
R03095,2025-03-26,L3,148,34.8,0.00,Sem divulgação,5,92.8,8.7,24,2049.16,676.32
R03096,2025-03-26,L5,200,48.1,199.51,Mídia local,0,97.2,9.6,37,2727.49,1075.04
R03097,2025-03-27,L4,119,27.9,0.00,Sem divulgação,10,93.5,7.0,40,2740.92,937.97
R03098,2025-03-27,L8,134,29.5,0.00,Sem divulgação,5,92.9,8.6,40,3300.35,1238.80
R03099,2025-03-27,L2,164,33.5,120.40,WhatsApp,0,95.6,9.2,67,4599.99,1699.05
R03100,2025-03-27,L1,171,37.9,106.16,Redes sociais,0,95.0,8.2,47,3024.69,1267.96
R03101,2025-03-27,L7,206,39.2,96.46,Redes sociais,10,93.3,11.4,45,3319.55,1062.07
R03102,2025-03-27,L6,265,40.4,195.13,Redes sociais,5,93.5,13.9,37,2916.52,1077.41
R03103,2025-03-27,L3,164,40.0,48.18,Redes sociais,15,98.7,7.9,50,3586.32,1006.45
R03104,2025-03-27,L5,260,51.7,151.43,Mídia local,0,93.7,10.4,56,3892.21,1478.12
R03105,2025-03-28,L4,178,30.7,80.97,WhatsApp,5,98.3,12.6,56,4205.46,1543.93
R03106,2025-03-28,L8,136,27.1,0.00,Sem divulgação,0,98.9,10.7,47,3040.35,1275.33
R03107,2025-03-28,L2,130,33.5,0.00,Sem divulgação,5,94.9,7.5,42,3627.83,1280.40
R03108,2025-03-28,L1,192,32.7,0.00,Sem divulgação,5,97.7,11.7,42,3023.93,1183.31
R03109,2025-03-28,L7,227,49.1,108.32,Redes sociais,10,95.8,8.1,66,4116.12,1323.64
R03110,2025-03-28,L6,227,40.5,0.00,Sem divulgação,10,93.6,12.3,49,3176.53,1078.46
R03111,2025-03-28,L3,293,48.3,64.24,Redes sociais,0,96.6,12.8,35,3438.63,1161.95
R03112,2025-03-28,L5,289,51.3,198.53,Mídia local,0,94.4,12.4,41,3250.40,1293.18
R03113,2025-03-29,L4,153,25.3,0.00,Sem divulgação,15,98.7,12.4,60,4254.51,1461.64
R03114,2025-03-29,L8,149,30.4,0.00,Sem divulgação,0,97.1,10.2,44,3414.85,1400.83
R03115,2025-03-29,L2,187,38.7,72.65,WhatsApp,15,93.9,10.5,63,4169.56,1288.41
R03116,2025-03-29,L1,183,34.2,0.00,Sem divulgação,15,99.1,11.2,62,3596.79,1332.69
R03117,2025-03-29,L7,226,37.5,0.00,Sem divulgação,15,95.0,12.5,59,4767.14,1503.84
R03118,2025-03-29,L6,201,44.2,0.00,Sem divulgação,0,96.7,10.4,46,3244.43,1225.22
R03119,2025-03-29,L3,265,52.7,223.91,WhatsApp,0,94.4,8.8,35,2958.21,1035.74
R03120,2025-03-29,L5,334,54.4,275.40,Redes sociais,10,95.1,14.5,66,3886.12,1384.92
R03121,2025-03-31,L4,115,28.6,79.49,Mídia local,0,97.2,6.4,59,3853.58,1495.30
R03122,2025-03-31,L8,157,32.8,91.34,Redes sociais,10,96.6,8.7,47,2798.38,1004.54
R03123,2025-03-31,L2,152,33.1,87.12,Mídia local,5,96.3,8.5,53,3270.37,1145.26
R03124,2025-03-31,L1,146,32.8,63.68,WhatsApp,10,98.0,9.3,46,2263.91,844.17
R03125,2025-03-31,L7,173,39.4,205.86,Redes sociais,15,95.6,9.4,46,3186.51,935.42
R03126,2025-03-31,L6,212,41.3,224.25,Redes sociais,10,94.9,10.9,62,3833.63,1273.69
R03127,2025-03-31,L3,165,41.2,123.93,WhatsApp,5,96.5,8.1,31,2475.27,782.44
R03128,2025-03-31,L5,178,37.4,0.00,Sem divulgação,0,97.1,10.7,31,2421.73,945.11
R03129,2025-04-01,L4,108,30.3,74.15,WhatsApp,0,94.7,7.7,36,2600.09,975.03
R03130,2025-04-01,L8,137,32.6,53.01,Redes sociais,0,97.0,7.4,41,2721.25,1107.77
R03131,2025-04-01,L2,113,34.2,0.00,Sem divulgação,0,96.3,7.1,37,2578.49,973.48
R03132,2025-04-01,L1,204,38.0,177.01,Redes sociais,10,95.5,12.6,51,2812.90,1105.47
R03133,2025-04-01,L7,113,30.5,0.00,Sem divulgação,0,96.5,8.3,28,1928.78,693.74
R03134,2025-04-01,L6,201,33.3,0.00,Sem divulgação,15,94.5,12.4,51,3088.91,1010.20
R03135,2025-04-01,L3,196,42.0,0.00,Sem divulgação,0,96.8,10.5,31,2920.88,1040.08
R03136,2025-04-01,L5,210,38.7,77.82,WhatsApp,5,94.4,11.6,21,1269.06,468.73
R03137,2025-04-02,L4,168,32.5,112.26,WhatsApp,0,97.0,10.5,49,3512.97,1356.25
R03138,2025-04-02,L8,158,32.5,85.63,Mídia local,10,97.0,9.6,60,4334.50,1659.17
R03139,2025-04-02,L2,138,38.0,124.14,WhatsApp,0,96.5,6.5,64,4778.18,1827.10
R03140,2025-04-02,L1,174,36.4,68.34,Mídia local,5,93.6,9.5,35,2049.42,802.83
R03141,2025-04-02,L7,184,39.8,104.60,Mídia local,10,92.4,8.9,40,2810.67,889.31
R03142,2025-04-02,L6,254,47.2,181.57,Redes sociais,10,94.5,10.9,68,4325.17,1507.02
R03143,2025-04-02,L3,233,52.1,123.74,Redes sociais,0,93.8,8.9,41,3559.64,1214.64
R03144,2025-04-02,L5,287,48.6,79.86,WhatsApp,10,97.3,12.8,46,2976.32,1027.49
R03145,2025-04-03,L4,86,29.4,0.00,Sem divulgação,0,93.6,5.7,26,1937.43,726.41
R03146,2025-04-03,L8,151,43.5,69.40,Redes sociais,10,95.2,7.9,48,2642.48,960.25
R03147,2025-04-03,L2,135,23.2,0.00,Sem divulgação,0,96.5,11.0,30,2288.61,835.51
R03148,2025-04-03,L1,202,40.0,108.70,Mídia local,5,95.2,9.3,60,3672.68,1408.36
R03149,2025-04-03,L7,200,46.4,152.29,Redes sociais,10,94.1,8.0,66,4224.92,1400.67
R03150,2025-04-03,L6,198,40.4,38.82,Redes sociais,5,93.3,11.3,38,3076.51,1126.34
R03151,2025-04-03,L3,215,43.6,133.58,WhatsApp,0,97.5,10.6,59,5032.32,1787.51
R03152,2025-04-03,L5,241,41.8,0.00,Sem divulgação,15,93.9,12.1,43,3264.12,1150.59
R03153,2025-04-04,L4,93,24.1,0.00,Sem divulgação,5,96.9,6.6,32,2038.97,757.97
R03154,2025-04-04,L8,167,30.5,49.71,Redes sociais,10,99.9,11.4,52,3360.84,1259.41
R03155,2025-04-04,L2,175,34.8,138.38,WhatsApp,0,95.5,11.6,37,3346.76,1172.36
R03156,2025-04-04,L1,138,28.8,0.00,Sem divulgação,0,98.7,10.4,43,2598.21,1035.66
R03157,2025-04-04,L7,200,42.7,252.70,Redes sociais,5,95.2,10.1,52,4129.14,1430.37
R03158,2025-04-04,L6,177,41.5,32.93,Mídia local,10,93.6,8.6,28,2022.26,673.23
R03159,2025-04-04,L3,264,43.2,169.83,WhatsApp,20,82.2,12.8,27,1979.66,493.35
R03160,2025-04-04,L5,188,51.2,122.26,Redes sociais,0,93.7,8.6,36,2831.50,1154.86
R03161,2025-04-05,L4,114,33.6,58.69,WhatsApp,15,97.3,6.2,56,3359.68,1172.96
R03162,2025-04-05,L8,121,30.0,0.00,Sem divulgação,0,95.2,8.8,26,1681.19,679.86
R03163,2025-04-05,L2,159,36.4,71.21,WhatsApp,0,95.9,9.3,35,2332.37,839.14
R03164,2025-04-05,L1,221,43.3,105.44,Redes sociais,15,99.1,11.6,86,4965.21,1716.16
R03165,2025-04-05,L7,236,44.4,168.61,Redes sociais,15,95.0,11.0,74,5681.00,1826.56
R03166,2025-04-05,L6,228,43.0,50.59,Redes sociais,0,95.0,11.6,42,3225.41,1193.76
R03167,2025-04-05,L3,320,49.1,145.07,WhatsApp,0,93.2,14.5,32,3053.41,1081.94
R03168,2025-04-05,L5,208,46.7,122.17,Mídia local,0,93.5,9.5,49,4000.53,1573.64
R03169,2025-04-07,L4,129,31.0,125.41,Redes sociais,10,98.3,7.4,54,3564.94,1225.52
R03170,2025-04-07,L8,128,36.2,94.99,WhatsApp,10,95.9,5.8,40,2518.51,910.23
R03171,2025-04-07,L2,90,35.0,0.00,Sem divulgação,20,95.8,5.6,42,2713.85,787.26
R03172,2025-04-07,L1,193,36.4,211.66,Mídia local,10,97.6,10.2,59,3351.35,1274.25
R03173,2025-04-07,L7,165,41.5,95.42,Redes sociais,5,95.1,7.9,51,4463.90,1609.87
R03174,2025-04-07,L6,204,39.6,127.18,Redes sociais,0,93.7,11.2,44,3354.23,1296.50
R03175,2025-04-07,L3,157,38.7,0.00,Sem divulgação,15,94.0,9.0,50,4944.91,1441.93
R03176,2025-04-07,L5,239,38.8,0.00,Sem divulgação,0,92.7,13.6,27,1987.95,801.88
R03177,2025-04-08,L4,130,36.5,206.91,WhatsApp,5,98.0,7.3,59,3671.86,1395.30
R03178,2025-04-08,L8,85,32.6,128.70,WhatsApp,10,97.9,4.9,43,2336.86,827.23
R03179,2025-04-08,L2,111,29.0,0.00,Sem divulgação,15,97.4,7.0,47,3813.62,1183.32
R03180,2025-04-08,L1,182,37.4,134.06,WhatsApp,5,97.9,10.2,45,2808.06,1133.75
R03181,2025-04-08,L7,168,33.5,0.00,Sem divulgação,0,95.5,10.1,21,1561.48,581.80
R03182,2025-04-08,L6,215,39.8,178.18,WhatsApp,0,92.7,9.7,41,2987.93,1150.47
R03183,2025-04-08,L3,175,36.1,0.00,Sem divulgação,0,97.4,10.0,47,3632.77,1267.60
R03184,2025-04-08,L5,232,37.5,64.96,Redes sociais,0,96.5,12.5,46,4122.54,1654.50
R03185,2025-04-09,L4,120,33.2,71.10,Redes sociais,0,95.8,4.4,41,3427.87,1339.09
R03186,2025-04-09,L8,119,34.3,121.59,Mídia local,0,99.7,6.4,47,3323.01,1333.75
R03187,2025-04-09,L2,153,31.7,58.01,Redes sociais,5,95.9,10.0,35,2589.80,875.62
R03188,2025-04-09,L1,186,35.9,98.61,WhatsApp,20,98.0,10.3,63,3928.55,1276.54
R03189,2025-04-09,L7,156,39.9,74.45,WhatsApp,15,94.0,5.8,45,3440.47,1048.23
R03190,2025-04-09,L6,228,38.9,186.22,WhatsApp,0,97.2,13.3,59,3917.54,1486.06
R03191,2025-04-09,L3,209,44.6,91.22,Redes sociais,0,95.7,11.5,23,1946.80,678.32
R03192,2025-04-09,L5,196,47.8,123.91,Redes sociais,10,96.9,10.0,57,3855.61,1396.03
R03193,2025-04-10,L4,111,28.3,0.00,Sem divulgação,5,98.8,7.5,44,2755.32,1054.91
R03194,2025-04-10,L8,152,26.6,74.94,Mídia local,5,96.0,12.2,40,2607.09,1011.38
R03195,2025-04-10,L2,157,33.4,181.59,Redes sociais,0,97.0,9.4,39,3618.06,1302.03
R03196,2025-04-10,L1,178,35.6,0.00,Sem divulgação,10,94.7,10.1,43,2639.08,971.74
R03197,2025-04-10,L7,196,46.3,84.57,Redes sociais,0,95.1,7.4,55,3952.82,1394.88
R03198,2025-04-10,L6,235,45.2,103.53,Redes sociais,0,97.3,11.0,40,2769.11,1090.02
R03199,2025-04-10,L3,256,48.1,52.71,WhatsApp,0,97.3,11.2,48,4107.67,1438.81
R03200,2025-04-10,L5,246,46.0,83.68,Mídia local,0,93.2,11.8,34,2403.23,915.11
R03201,2025-04-11,L4,143,38.3,82.31,WhatsApp,5,85.4,6.7,31,2095.06,820.92
R03202,2025-04-11,L8,135,27.3,0.00,Sem divulgação,5,98.5,9.1,48,2941.13,1080.90
R03203,2025-04-11,L2,194,37.5,213.60,WhatsApp,15,97.9,9.4,58,4428.01,1373.44
R03204,2025-04-11,L1,184,39.8,106.91,Mídia local,5,98.4,8.9,37,2351.75,942.68
R03205,2025-04-11,L7,229,47.6,220.42,Redes sociais,0,92.1,9.3,28,2207.27,783.13
R03206,2025-04-11,L6,228,40.3,72.85,Mídia local,15,97.7,12.9,65,4784.30,1578.85
R03207,2025-04-11,L3,252,51.3,165.51,Redes sociais,15,93.3,11.0,60,4437.61,1233.86
R03208,2025-04-11,L5,250,45.5,62.50,Redes sociais,0,97.6,12.4,47,3605.65,1394.44
R03209,2025-04-12,L4,133,33.3,113.21,Mídia local,5,98.8,7.3,65,4647.94,1670.19
R03210,2025-04-12,L8,80,33.5,0.00,Sem divulgação,0,95.1,3.8,34,2927.44,1126.39
R03211,2025-04-12,L2,125,38.8,0.00,Sem divulgação,0,95.1,7.1,39,2574.38,966.46
R03212,2025-04-12,L1,179,49.4,177.01,WhatsApp,0,98.6,8.7,52,3459.28,1396.28
R03213,2025-04-12,L7,173,35.3,0.00,Sem divulgação,0,93.3,12.0,30,2563.99,891.42
R03214,2025-04-12,L6,247,45.1,135.30,Mídia local,0,95.1,9.7,63,5387.74,2087.78
R03215,2025-04-12,L3,264,42.9,66.28,WhatsApp,0,96.2,13.3,40,3524.25,1313.57
R03216,2025-04-12,L5,275,39.8,0.00,Sem divulgação,0,93.0,14.8,59,4355.63,1726.94
R03217,2025-04-14,L4,87,27.9,0.00,Sem divulgação,0,97.4,5.6,35,2421.58,966.95
R03218,2025-04-14,L8,76,31.9,0.00,Sem divulgação,10,93.6,4.3,31,1768.60,662.15
R03219,2025-04-14,L2,170,36.7,239.37,WhatsApp,10,96.0,8.9,51,4053.32,1415.73
R03220,2025-04-14,L1,153,27.5,141.95,Mídia local,20,96.9,11.4,44,2498.59,855.07
R03221,2025-04-14,L7,138,36.9,275.37,Redes sociais,10,93.5,7.7,36,2262.40,768.92
R03222,2025-04-14,L6,154,30.1,72.77,Mídia local,0,96.8,11.6,43,3271.02,1245.84
R03223,2025-04-14,L3,162,34.8,0.00,Sem divulgação,5,95.5,10.3,34,2903.32,927.34
R03224,2025-04-14,L5,194,41.9,85.62,Redes sociais,10,92.7,11.6,42,2457.04,855.85
R03225,2025-04-15,L4,72,27.8,0.00,Sem divulgação,10,99.8,3.2,38,2541.65,916.06
R03226,2025-04-15,L8,149,33.1,68.99,Mídia local,10,96.5,8.3,51,3432.62,1319.13
R03227,2025-04-15,L2,172,37.5,127.70,Mídia local,0,96.2,8.3,51,4479.49,1647.98
R03228,2025-04-15,L1,188,40.9,95.26,Redes sociais,0,95.1,9.8,39,2281.95,904.43
R03229,2025-04-15,L7,170,35.4,48.48,Redes sociais,0,95.0,10.6,28,2059.95,736.67
R03230,2025-04-15,L6,175,38.3,0.00,Sem divulgação,10,92.8,10.3,51,3761.08,1255.71
R03231,2025-04-15,L3,199,41.1,0.00,Sem divulgação,0,96.7,10.5,31,2650.51,947.50
R03232,2025-04-15,L5,299,48.9,164.75,Redes sociais,0,94.0,13.8,42,2658.99,999.00
R03233,2025-04-16,L4,59,20.5,0.00,Sem divulgação,5,97.6,4.6,28,1848.78,644.00
R03234,2025-04-16,L8,98,19.4,0.00,Sem divulgação,10,94.4,10.6,36,2356.67,893.53
R03235,2025-04-16,L2,194,35.0,223.37,Redes sociais,0,93.7,11.8,41,3186.82,1160.17
R03236,2025-04-16,L1,186,34.7,78.00,WhatsApp,0,98.3,11.6,42,2315.46,953.44
R03237,2025-04-16,L7,125,34.3,0.00,Sem divulgação,0,92.4,6.5,34,2835.48,1052.16
R03238,2025-04-16,L6,203,35.9,118.43,Redes sociais,5,96.0,11.5,55,3320.08,1171.13
R03239,2025-04-16,L3,200,37.3,53.36,WhatsApp,15,98.3,11.9,55,3866.33,1033.82
R03240,2025-04-16,L5,236,48.6,196.23,Mídia local,15,96.3,11.7,42,2647.78,843.42
R03241,2025-04-17,L4,89,23.3,0.00,Sem divulgação,5,96.8,7.2,36,2385.47,878.76
R03242,2025-04-17,L8,96,28.9,0.00,Sem divulgação,0,94.8,5.5,36,2084.49,825.83
R03243,2025-04-17,L2,166,40.0,232.23,WhatsApp,0,98.7,8.7,62,4407.20,1612.11
R03244,2025-04-17,L1,168,38.3,139.52,Mídia local,5,97.7,8.5,50,3137.58,1248.97
R03245,2025-04-17,L7,165,32.0,0.00,Sem divulgação,0,96.0,10.7,32,2673.95,926.25
R03246,2025-04-17,L6,211,44.9,91.03,WhatsApp,0,94.6,10.2,49,3953.14,1502.36
R03247,2025-04-17,L3,210,41.0,74.23,WhatsApp,10,93.6,12.6,30,2552.26,822.56
R03248,2025-04-17,L5,288,47.8,137.95,Mídia local,0,92.4,13.3,36,2624.11,1006.65
R03249,2025-04-18,L4,146,34.2,170.76,Redes sociais,0,99.6,9.5,40,2734.03,1080.41
R03250,2025-04-18,L8,119,30.6,0.00,Sem divulgação,10,95.4,8.5,54,3901.64,1369.19
R03251,2025-04-18,L2,149,30.0,0.00,Sem divulgação,10,95.8,10.3,46,3311.98,1056.29
R03252,2025-04-18,L1,214,40.3,134.72,Redes sociais,0,96.6,10.6,54,3384.48,1403.11
R03253,2025-04-18,L7,185,45.9,96.98,WhatsApp,0,92.5,8.2,43,3011.50,1078.46
R03254,2025-04-18,L6,175,37.2,0.00,Sem divulgação,5,97.1,9.5,53,3539.22,1273.90
R03255,2025-04-18,L3,211,38.8,0.00,Sem divulgação,20,93.7,12.0,53,4204.92,1113.40
R03256,2025-04-18,L5,212,40.4,0.00,Sem divulgação,0,93.4,10.8,28,2017.55,781.07
R03257,2025-04-19,L4,145,32.5,146.49,Redes sociais,0,96.0,8.7,42,2771.80,1076.91
R03258,2025-04-19,L8,130,33.6,0.00,Sem divulgação,0,96.2,6.7,41,2781.67,1112.31
R03259,2025-04-19,L2,184,38.5,0.00,Sem divulgação,20,97.0,9.2,84,5825.82,1586.17
R03260,2025-04-19,L1,181,32.3,0.00,Sem divulgação,15,97.1,10.6,59,3454.27,1273.34
R03261,2025-04-19,L7,214,44.1,94.58,WhatsApp,0,94.7,10.3,47,4176.65,1490.41
R03262,2025-04-19,L6,227,46.2,92.24,Redes sociais,0,94.5,10.7,62,4267.24,1604.62
R03263,2025-04-19,L3,231,55.2,78.41,Redes sociais,15,97.1,8.8,71,5241.85,1711.90
R03264,2025-04-19,L5,271,51.3,53.64,Redes sociais,10,92.6,11.8,62,4285.20,1443.33
R03265,2025-04-21,L4,134,34.8,196.32,WhatsApp,10,94.7,7.7,41,3055.18,1015.65
R03266,2025-04-21,L8,70,27.3,0.00,Sem divulgação,5,97.2,4.6,34,2186.03,822.86
R03267,2025-04-21,L2,141,33.4,93.91,WhatsApp,0,86.7,8.2,43,3325.95,1261.30
R03268,2025-04-21,L1,115,30.9,0.00,Sem divulgação,20,97.4,6.2,53,3051.43,1055.08
R03269,2025-04-21,L7,181,37.2,93.48,Redes sociais,15,97.4,10.4,58,4339.19,1376.51
R03270,2025-04-21,L6,187,34.9,63.73,Mídia local,0,95.2,10.5,33,2342.76,926.10
R03271,2025-04-21,L3,231,36.6,171.14,Mídia local,15,95.3,13.5,46,3185.09,888.19
R03272,2025-04-21,L5,206,44.8,127.19,Redes sociais,0,95.1,9.3,47,3742.01,1464.59
R03273,2025-04-22,L4,144,28.4,109.22,WhatsApp,0,97.6,9.6,42,3485.30,1410.62
R03274,2025-04-22,L8,95,33.5,0.00,Sem divulgação,0,99.6,6.4,35,2597.50,1042.72
R03275,2025-04-22,L2,114,38.4,0.00,Sem divulgação,0,95.6,5.6,42,3051.86,1154.77
R03276,2025-04-22,L1,179,41.0,79.55,WhatsApp,0,97.2,8.2,43,2747.65,1144.39
R03277,2025-04-22,L7,142,31.7,0.00,Sem divulgação,0,96.7,8.3,31,2231.08,824.64
R03278,2025-04-22,L6,157,39.0,59.93,WhatsApp,20,93.1,9.3,38,2531.46,858.58
R03279,2025-04-22,L3,128,35.5,0.00,Sem divulgação,0,97.9,7.2,35,2999.26,1036.38
R03280,2025-04-22,L5,228,44.7,90.13,WhatsApp,0,96.3,10.8,59,4415.32,1698.72
R03281,2025-04-23,L4,141,31.6,125.68,Redes sociais,15,98.3,9.9,61,3757.65,1306.67
R03282,2025-04-23,L8,92,25.5,0.00,Sem divulgação,5,95.2,6.9,38,2763.50,1059.85
R03283,2025-04-23,L2,154,31.9,0.00,Sem divulgação,0,93.8,9.3,37,2705.56,1016.41
R03284,2025-04-23,L1,171,37.3,145.41,Redes sociais,15,95.5,8.7,49,3113.81,1100.72
R03285,2025-04-23,L7,226,44.3,206.52,Redes sociais,15,95.9,9.2,74,4834.84,1460.03
R03286,2025-04-23,L6,232,38.7,57.94,Redes sociais,0,93.1,13.0,42,2693.90,1048.94
R03287,2025-04-23,L3,214,47.8,0.00,Sem divulgação,0,97.1,9.8,32,2396.30,839.21
R03288,2025-04-23,L5,180,36.9,0.00,Sem divulgação,0,94.1,10.7,20,1515.79,560.90
R03289,2025-04-24,L4,122,25.1,0.00,Sem divulgação,5,96.5,9.7,30,1993.74,789.79
R03290,2025-04-24,L8,143,35.1,147.81,Redes sociais,10,95.2,8.6,57,3885.45,1340.35
R03291,2025-04-24,L2,165,36.3,132.01,Mídia local,0,96.9,11.1,24,1836.27,668.65
R03292,2025-04-24,L1,164,44.0,74.28,Redes sociais,5,97.9,7.6,50,3252.94,1227.59
R03293,2025-04-24,L7,165,40.0,0.00,Sem divulgação,15,86.9,7.9,41,2924.35,899.30
R03294,2025-04-24,L6,182,33.3,0.00,Sem divulgação,10,97.1,12.4,36,2408.93,812.58
R03295,2025-04-24,L3,239,38.0,50.89,Mídia local,0,94.5,14.2,30,2863.71,1055.57
R03296,2025-04-24,L5,257,36.3,0.00,Sem divulgação,15,94.3,15.6,34,2443.57,857.60
R03297,2025-04-25,L4,179,31.6,151.32,Redes sociais,5,97.1,11.7,49,3890.57,1400.11
R03298,2025-04-25,L8,148,32.0,74.68,WhatsApp,5,97.8,7.8,59,3783.23,1415.19
R03299,2025-04-25,L2,177,38.6,109.52,WhatsApp,20,96.3,9.4,57,3891.87,1106.18
R03300,2025-04-25,L1,161,31.2,62.71,WhatsApp,10,97.6,11.5,48,2771.37,1065.77
R03301,2025-04-25,L7,158,33.5,86.44,WhatsApp,0,96.9,9.8,24,2015.59,751.81
R03302,2025-04-25,L6,254,42.9,216.29,WhatsApp,5,96.2,13.4,65,4866.44,1748.06
R03303,2025-04-25,L3,134,36.6,0.00,Sem divulgação,5,97.0,7.0,27,2473.21,824.13
R03304,2025-04-25,L5,176,40.3,0.00,Sem divulgação,15,93.6,8.8,44,3191.17,1057.79
R03305,2025-04-26,L4,104,28.8,0.00,Sem divulgação,15,98.8,4.2,60,4546.54,1563.36
R03306,2025-04-26,L8,96,32.8,0.00,Sem divulgação,15,97.5,7.3,47,2786.18,989.37
R03307,2025-04-26,L2,181,43.9,192.64,Redes sociais,15,96.0,8.0,71,5744.30,1877.75
R03308,2025-04-26,L1,178,40.9,115.76,WhatsApp,10,95.8,10.5,50,2853.73,1070.81
R03309,2025-04-26,L7,186,38.3,0.00,Sem divulgação,20,94.7,10.1,45,3148.60,882.15
R03310,2025-04-26,L6,193,35.8,0.00,Sem divulgação,5,96.7,11.1,51,3040.14,1111.32
R03311,2025-04-26,L3,301,48.4,127.42,WhatsApp,20,95.4,13.3,57,3996.88,1079.93
R03312,2025-04-26,L5,249,55.1,170.45,Mídia local,10,95.1,9.8,68,5529.74,2085.60
R03313,2025-04-28,L4,108,31.0,111.30,WhatsApp,0,97.6,6.5,44,4102.39,1630.66
R03314,2025-04-28,L8,135,34.8,103.00,WhatsApp,0,97.0,7.0,49,3206.01,1280.75
R03315,2025-04-28,L2,161,31.3,182.92,Mídia local,0,96.7,9.5,42,3056.33,1131.82
R03316,2025-04-28,L1,115,24.6,0.00,Sem divulgação,20,93.7,9.9,45,2428.60,799.28
R03317,2025-04-28,L7,112,25.1,0.00,Sem divulgação,0,92.6,9.0,15,1080.42,377.55
R03318,2025-04-28,L6,176,39.4,179.55,Redes sociais,0,94.7,9.1,42,2705.41,1019.57
R03319,2025-04-28,L3,177,37.1,110.00,WhatsApp,0,96.7,8.7,36,3474.85,1272.33
R03320,2025-04-28,L5,200,45.7,372.95,WhatsApp,0,85.4,10.7,33,2450.42,1020.58
R03321,2025-04-29,L4,70,21.1,0.00,Sem divulgação,10,94.7,5.7,28,2089.41,727.07
R03322,2025-04-29,L8,171,33.2,119.25,Redes sociais,5,99.1,10.3,70,5102.76,1929.24
R03323,2025-04-29,L2,144,34.4,41.75,Redes sociais,5,95.8,8.4,37,2874.55,1062.18
R03324,2025-04-29,L1,120,22.8,0.00,Sem divulgação,0,97.2,10.0,22,1192.45,474.59
R03325,2025-04-29,L7,88,37.4,0.00,Sem divulgação,0,95.1,4.5,34,2343.52,869.67
R03326,2025-04-29,L6,215,42.3,116.69,Redes sociais,10,95.6,10.9,60,3946.93,1298.99
R03327,2025-04-29,L3,198,38.8,86.02,Redes sociais,10,96.0,10.3,40,3016.66,957.23
R03328,2025-04-29,L5,157,37.8,0.00,Sem divulgação,0,92.2,9.9,17,1356.00,509.32
R03329,2025-04-30,L4,91,22.7,0.00,Sem divulgação,10,99.7,7.9,38,2823.80,976.90
R03330,2025-04-30,L8,116,29.1,131.03,Mídia local,0,96.6,5.9,38,2914.89,1150.96
R03331,2025-04-30,L2,176,27.3,298.16,Redes sociais,0,99.2,13.9,33,2436.85,874.21
R03332,2025-04-30,L1,135,35.7,59.71,Mídia local,15,96.9,7.5,51,3183.76,1118.70
R03333,2025-04-30,L7,134,35.2,0.00,Sem divulgação,0,93.9,7.6,26,2247.41,807.33
R03334,2025-04-30,L6,167,36.4,0.00,Sem divulgação,0,93.3,10.9,33,2408.80,923.60
R03335,2025-04-30,L3,168,38.4,60.80,WhatsApp,0,94.9,9.4,23,2290.74,819.88
R03336,2025-04-30,L5,197,40.8,114.70,Redes sociais,20,93.0,10.2,50,3549.17,1120.72
R03337,2025-05-01,L4,185,36.8,220.23,Mídia local,0,96.2,8.8,53,3911.89,1464.21
R03338,2025-05-01,L8,154,35.7,194.39,WhatsApp,0,96.4,7.5,54,3761.78,1533.61
R03339,2025-05-01,L2,97,29.3,0.00,Sem divulgação,20,93.9,5.5,41,2893.40,871.88
R03340,2025-05-01,L1,168,34.5,0.00,Sem divulgação,20,97.1,10.8,52,2244.18,798.96
R03341,2025-05-01,L7,229,36.6,86.86,WhatsApp,0,95.1,12.0,54,4139.15,1503.14
R03342,2025-05-01,L6,210,39.2,101.08,Redes sociais,0,95.6,10.2,49,3057.87,1160.46
R03343,2025-05-01,L3,252,46.0,149.75,WhatsApp,5,95.4,12.0,46,3286.61,1068.84
R03344,2025-05-01,L5,236,39.4,0.00,Sem divulgação,0,94.5,11.2,30,2148.43,832.82
R03345,2025-05-02,L4,104,21.3,0.00,Sem divulgação,10,97.7,7.8,39,2618.86,936.39
R03346,2025-05-02,L8,195,35.7,167.59,Redes sociais,0,93.9,10.7,40,2538.90,979.27
R03347,2025-05-02,L2,151,29.3,0.00,Sem divulgação,0,95.6,10.4,37,2458.10,924.83
R03348,2025-05-02,L1,175,43.5,123.15,WhatsApp,15,87.7,7.8,47,2815.68,928.74
R03349,2025-05-02,L7,203,52.2,126.23,Redes sociais,15,97.8,7.0,79,6159.17,1979.59
R03350,2025-05-02,L6,205,44.0,57.12,Redes sociais,5,94.7,9.2,66,5035.37,1884.45
R03351,2025-05-02,L3,277,50.0,144.95,Redes sociais,0,92.9,11.4,52,4685.17,1683.66
R03352,2025-05-02,L5,191,53.9,71.18,WhatsApp,5,94.9,6.2,54,3304.10,1242.59
R03353,2025-05-03,L4,101,29.5,50.94,Redes sociais,0,98.9,5.7,27,1775.10,679.99
R03354,2025-05-03,L8,142,34.3,56.17,Redes sociais,20,95.5,8.0,60,4351.34,1322.33
R03355,2025-05-03,L2,187,43.9,374.17,WhatsApp,15,94.0,8.9,57,3658.20,1086.66
R03356,2025-05-03,L1,175,28.8,0.00,Sem divulgação,10,97.8,12.5,48,3182.53,1181.23
R03357,2025-05-03,L7,126,33.6,0.00,Sem divulgação,0,96.3,6.3,35,2846.46,1057.77
R03358,2025-05-03,L6,204,43.8,188.84,Redes sociais,20,95.5,8.5,79,4662.04,1384.71
R03359,2025-05-03,L3,210,44.1,129.51,Redes sociais,0,95.1,11.2,37,3520.84,1199.54
R03360,2025-05-03,L5,164,36.0,0.00,Sem divulgação,0,97.0,10.1,25,1981.62,754.08
R03361,2025-05-05,L4,100,28.3,79.63,Redes sociais,0,97.1,5.2,21,1376.03,527.44
R03362,2025-05-05,L8,140,37.0,187.85,Redes sociais,0,93.8,7.1,51,3650.40,1458.24
R03363,2025-05-05,L2,131,28.9,0.00,Sem divulgação,5,91.7,8.9,27,1821.59,638.21
R03364,2025-05-05,L1,138,27.9,0.00,Sem divulgação,0,98.0,11.5,33,1596.30,655.96
R03365,2025-05-05,L7,141,29.0,0.00,Sem divulgação,10,96.0,10.6,30,2240.38,753.31
R03366,2025-05-05,L6,133,38.2,0.00,Sem divulgação,0,94.5,5.9,24,1679.02,664.88
R03367,2025-05-05,L3,159,40.0,167.58,WhatsApp,0,94.9,10.8,35,2878.87,1010.52
R03368,2025-05-05,L5,209,45.2,130.48,Redes sociais,15,94.7,10.8,40,2766.84,855.77
R03369,2025-05-06,L4,128,29.9,74.69,Redes sociais,15,96.6,7.8,56,3592.22,1189.55
R03370,2025-05-06,L8,123,36.2,90.08,WhatsApp,10,98.9,6.7,50,2833.61,1029.47
R03371,2025-05-06,L2,173,37.4,247.01,Redes sociais,0,96.1,10.3,39,3059.58,1109.73
R03372,2025-05-06,L1,136,27.0,60.43,WhatsApp,0,98.1,9.7,34,2576.83,1061.86
R03373,2025-05-06,L7,128,30.1,0.00,Sem divulgação,15,97.7,8.1,56,4158.28,1218.85
R03374,2025-05-06,L6,225,39.7,110.58,Mídia local,0,95.3,11.3,62,4760.73,1789.05
R03375,2025-05-06,L3,213,43.6,65.97,Mídia local,10,96.5,9.4,56,4325.76,1317.67
R03376,2025-05-06,L5,219,47.7,84.79,Redes sociais,0,93.9,9.4,44,3999.90,1612.18
R03377,2025-05-07,L4,105,26.7,93.11,WhatsApp,0,96.6,7.2,38,3151.56,1238.50
R03378,2025-05-07,L8,160,30.2,106.44,WhatsApp,0,95.3,12.1,33,2364.11,959.26
R03379,2025-05-07,L2,80,29.2,0.00,Sem divulgação,10,95.4,6.0,30,2181.01,699.21
R03380,2025-05-07,L1,157,34.8,190.02,Mídia local,0,98.8,7.9,46,3127.51,1303.77
R03381,2025-05-07,L7,153,33.5,0.00,Sem divulgação,0,93.9,8.9,20,1830.15,665.70
R03382,2025-05-07,L6,147,34.9,0.00,Sem divulgação,0,94.2,10.2,42,3074.60,1128.19
R03383,2025-05-07,L3,115,35.5,0.00,Sem divulgação,0,96.8,7.8,19,1699.26,572.96
R03384,2025-05-07,L5,183,32.3,0.00,Sem divulgação,10,94.9,11.2,37,2408.59,822.72
R03385,2025-05-08,L4,100,27.9,0.00,Sem divulgação,10,94.1,,41,2827.94,1011.33
R03386,2025-05-08,L8,173,38.9,181.15,Redes sociais,20,95.1,,84,5122.38,1708.28
R03387,2025-05-08,L2,140,38.2,87.31,Mídia local,15,96.7,,59,4327.41,1472.61
R03388,2025-05-08,L1,197,40.5,106.90,WhatsApp,10,94.7,,62,3728.23,1442.12
R03389,2025-05-08,L7,190,35.6,85.60,Redes sociais,0,93.2,,31,2192.14,807.01
R03390,2025-05-08,L6,214,47.8,87.07,Redes sociais,0,92.5,,38,3012.74,1097.13
R03391,2025-05-08,L3,271,51.8,140.78,WhatsApp,0,96.0,,56,5354.23,1869.47
R03392,2025-05-08,L5,219,39.6,0.00,Sem divulgação,10,92.9,,45,3950.77,1406.78
R03393,2025-05-09,L4,149,34.1,251.36,WhatsApp,0,96.3,6.4,44,3152.75,1247.53
R03394,2025-05-09,L8,116,32.0,196.93,WhatsApp,0,97.6,6.4,46,3338.50,1337.51
R03395,2025-05-09,L2,150,26.9,0.00,Sem divulgação,0,94.5,12.7,30,2126.00,750.54
R03396,2025-05-09,L1,191,26.3,107.01,Mídia local,5,99.1,15.7,54,3190.87,1232.70
R03397,2025-05-09,L7,134,30.8,0.00,Sem divulgação,0,83.9,8.6,27,2321.21,850.01
R03398,2025-05-09,L6,104,35.2,0.00,Sem divulgação,15,93.0,6.7,29,1628.04,511.00
R03399,2025-05-09,L3,243,48.9,161.69,Redes sociais,0,95.4,11.1,45,4369.20,1541.01
R03400,2025-05-09,L5,215,43.0,141.21,WhatsApp,10,92.8,11.5,45,2936.14,1087.29
R03401,2025-05-10,L4,144,30.8,118.34,Redes sociais,5,97.7,9.2,45,2731.82,1019.74
R03402,2025-05-10,L8,123,22.5,0.00,Sem divulgação,0,95.9,11.2,33,2454.82,984.65
R03403,2025-05-10,L2,165,35.9,71.76,WhatsApp,0,95.6,8.6,47,3028.71,1141.32
R03404,2025-05-10,L1,126,36.6,0.00,Sem divulgação,0,98.8,6.7,41,2199.94,875.58
R03405,2025-05-10,L7,209,41.3,109.70,WhatsApp,5,96.3,10.1,58,3948.37,1344.61
R03406,2025-05-10,L6,199,45.4,81.38,WhatsApp,0,93.4,8.7,48,3824.38,1498.72
R03407,2025-05-10,L3,210,45.2,0.00,Sem divulgação,5,97.1,9.9,42,3299.73,1079.78
R03408,2025-05-10,L5,260,49.3,128.52,WhatsApp,0,94.5,11.9,46,3013.95,1171.70
R03409,2025-05-12,L4,83,22.0,0.00,Sem divulgação,10,95.8,5.8,23,1440.01,528.76
R03410,2025-05-12,L8,141,39.0,267.99,Redes sociais,0,100.0,6.5,65,4785.45,1924.06
R03411,2025-05-12,L2,89,25.6,0.00,Sem divulgação,0,96.4,7.6,26,1856.96,668.86
R03412,2025-05-12,L1,188,35.8,289.64,Redes sociais,0,97.9,10.6,51,3324.50,1353.49
R03413,2025-05-12,L7,107,26.8,0.00,Sem divulgação,5,94.0,9.4,27,2315.08,774.45
R03414,2025-05-12,L6,136,37.8,0.00,Sem divulgação,0,97.1,7.2,44,2453.11,902.74
R03415,2025-05-12,L3,112,33.2,0.00,Sem divulgação,5,96.4,8.3,25,1889.64,643.71
R03416,2025-05-12,L5,164,38.7,0.00,Sem divulgação,0,92.1,8.1,38,2666.47,1048.61
R03417,2025-05-13,L4,121,35.6,78.53,WhatsApp,0,98.2,5.8,46,3055.98,1196.02
R03418,2025-05-13,L8,137,33.8,75.95,Mídia local,15,99.6,9.3,63,3704.51,1304.30
R03419,2025-05-13,L2,129,32.6,122.48,WhatsApp,10,96.7,6.7,58,3285.02,1088.60
R03420,2025-05-13,L1,205,43.2,204.83,Redes sociais,0,82.1,9.0,36,2023.18,799.78
R03421,2025-05-13,L7,195,35.7,81.10,WhatsApp,10,80.9,11.4,12,826.18,270.43
R03422,2025-05-13,L6,189,43.0,157.59,Redes sociais,20,94.8,9.3,56,3134.01,1013.59
R03423,2025-05-13,L3,145,40.5,0.00,Sem divulgação,0,95.2,8.6,35,2666.25,917.60
R03424,2025-05-13,L5,185,35.7,0.00,Sem divulgação,0,99.2,12.4,28,2150.34,825.78
R03425,2025-05-14,L4,114,23.3,0.00,Sem divulgação,0,94.6,9.1,41,2826.10,1125.79
R03426,2025-05-14,L8,150,29.8,83.16,Mídia local,0,94.5,9.4,32,1964.87,800.79
R03427,2025-05-14,L2,119,24.1,0.00,Sem divulgação,0,96.9,9.9,31,2371.32,883.52
R03428,2025-05-14,L1,127,31.2,0.00,Sem divulgação,10,100.0,8.6,46,2610.58,994.51
R03429,2025-05-14,L7,161,30.4,93.21,Mídia local,0,96.1,10.0,32,2607.59,939.62
R03430,2025-05-14,L6,153,30.9,0.00,Sem divulgação,0,92.5,10.3,41,2514.00,923.50
R03431,2025-05-14,L3,121,40.8,76.26,WhatsApp,5,97.0,8.0,36,2665.79,892.27
R03432,2025-05-14,L5,153,36.9,0.00,Sem divulgação,15,95.1,10.1,40,2188.67,746.76
R03433,2025-05-15,L4,141,32.5,137.64,Redes sociais,0,95.9,8.0,44,2849.25,1124.31
R03434,2025-05-15,L8,170,28.8,160.48,WhatsApp,0,98.3,12.7,38,2376.52,913.30
R03435,2025-05-15,L2,123,29.8,0.00,Sem divulgação,10,96.9,8.8,45,3157.52,1077.26
R03436,2025-05-15,L1,224,44.4,182.27,Redes sociais,5,96.9,10.3,58,4082.51,1678.91
R03437,2025-05-15,L7,219,44.5,86.48,Mídia local,0,94.5,11.0,47,3460.31,1242.16
R03438,2025-05-15,L6,230,41.6,0.00,Sem divulgação,0,94.6,13.8,44,3023.80,1174.83
R03439,2025-05-15,L3,185,42.6,0.00,Sem divulgação,0,98.3,8.9,39,3059.38,1054.66
R03440,2025-05-15,L5,265,52.8,113.83,Redes sociais,0,94.4,10.0,65,4571.03,1744.83
R03441,2025-05-16,L4,136,31.0,118.97,WhatsApp,10,94.2,8.6,53,3456.67,1207.78
R03442,2025-05-16,L8,159,35.2,252.05,WhatsApp,10,94.8,10.1,44,2961.81,1075.39
R03443,2025-05-16,L2,199,36.6,78.43,WhatsApp,0,94.5,10.5,39,2731.74,1056.94
R03444,2025-05-16,L1,196,38.8,114.20,Redes sociais,10,95.4,10.2,63,3623.12,1395.39
R03445,2025-05-16,L7,156,34.6,0.00,Sem divulgação,5,96.6,9.0,42,2670.20,955.05
R03446,2025-05-16,L6,233,39.8,261.30,WhatsApp,0,92.4,12.8,37,2281.02,874.81
R03447,2025-05-16,L3,146,34.6,0.00,Sem divulgação,10,95.4,9.4,36,2886.18,858.42
R03448,2025-05-16,L5,229,46.5,66.91,Redes sociais,5,86.8,11.1,31,2841.21,1074.51
R03449,2025-05-17,L4,139,30.9,54.13,Redes sociais,0,96.3,8.8,43,2979.71,1160.09
R03450,2025-05-17,L8,144,33.7,0.00,Sem divulgação,0,98.4,7.5,45,3619.69,1407.95
R03451,2025-05-17,L2,114,24.9,0.00,Sem divulgação,15,94.4,8.8,34,2346.34,780.59
R03452,2025-05-17,L1,171,37.1,79.72,Redes sociais,10,96.7,9.7,47,2709.49,1056.21
R03453,2025-05-17,L7,190,39.0,0.00,Sem divulgação,0,96.2,12.0,35,2599.77,1001.05
R03454,2025-05-17,L6,150,42.1,0.00,Sem divulgação,5,96.6,6.9,55,4266.45,1531.04
R03455,2025-05-17,L3,247,47.8,104.82,WhatsApp,10,97.2,10.8,53,4281.59,1398.17
R03456,2025-05-17,L5,288,48.6,210.44,WhatsApp,10,96.6,14.0,54,3877.71,1403.89
R03457,2025-05-19,L4,118,29.7,132.90,WhatsApp,15,99.0,6.4,53,3036.84,989.75
R03458,2025-05-19,L8,137,28.2,65.87,Redes sociais,15,98.2,9.0,65,3707.74,1325.73
R03459,2025-05-19,L2,126,33.1,0.00,Sem divulgação,10,95.0,8.7,44,2477.40,847.56
R03460,2025-05-19,L1,126,30.0,0.00,Sem divulgação,15,96.0,8.4,50,2853.81,1047.63
R03461,2025-05-19,L7,132,32.3,0.00,Sem divulgação,5,87.7,8.9,24,1812.40,660.51
R03462,2025-05-19,L6,139,31.5,0.00,Sem divulgação,0,93.9,10.1,25,1596.84,620.91
R03463,2025-05-19,L3,160,33.8,0.00,Sem divulgação,15,96.7,9.0,64,5095.37,1580.38
R03464,2025-05-19,L5,246,44.8,155.90,Redes sociais,0,93.2,10.6,40,3440.92,1277.41
R03465,2025-05-20,L4,139,26.6,204.79,Mídia local,20,97.5,9.8,48,2512.11,735.35
R03466,2025-05-20,L8,135,27.5,58.57,Mídia local,5,95.9,9.8,51,3454.08,1289.98
R03467,2025-05-20,L2,145,35.0,106.55,WhatsApp,15,97.9,7.8,61,3867.28,1285.07
R03468,2025-05-20,L1,142,32.1,89.56,Mídia local,0,96.1,8.0,32,2090.10,846.31
R03469,2025-05-20,L7,184,44.4,144.95,Mídia local,15,97.3,7.5,61,4424.66,1317.87
R03470,2025-05-20,L6,192,43.1,169.28,Redes sociais,15,93.8,10.0,49,3263.21,969.76
R03471,2025-05-20,L3,220,43.7,144.41,WhatsApp,20,97.9,10.5,69,4812.17,1221.16
R03472,2025-05-20,L5,274,43.7,70.90,Redes sociais,0,97.1,13.2,49,4943.94,1833.48
R03473,2025-05-21,L4,110,29.3,140.19,Mídia local,0,95.1,6.9,31,2305.21,911.28
R03474,2025-05-21,L8,95,29.8,0.00,Sem divulgação,15,95.7,6.5,37,2012.39,681.59
R03475,2025-05-21,L2,141,35.2,0.00,Sem divulgação,0,95.8,6.2,58,3495.61,1277.98
R03476,2025-05-21,L1,159,34.1,0.00,Sem divulgação,15,97.5,10.9,44,2376.53,889.96
R03477,2025-05-21,L7,202,43.2,215.53,Redes sociais,5,96.0,10.4,37,2915.65,1047.96
R03478,2025-05-21,L6,224,43.1,153.60,Redes sociais,0,98.2,11.6,40,3205.83,1245.64
R03479,2025-05-21,L3,221,40.0,0.00,Sem divulgação,0,97.0,12.8,30,2893.31,995.03
R03480,2025-05-21,L5,302,48.7,204.81,Mídia local,5,91.7,15.0,45,3266.49,1266.03
R03481,2025-05-22,L4,153,36.4,110.76,WhatsApp,5,99.0,7.9,61,3911.91,1466.35
R03482,2025-05-22,L8,81,28.1,0.00,Sem divulgação,10,94.3,4.6,35,2746.43,1052.56
R03483,2025-05-22,L2,131,39.9,140.66,Redes sociais,10,97.9,6.5,55,3425.08,1128.98
R03484,2025-05-22,L1,173,40.6,70.38,WhatsApp,5,98.6,8.8,67,4105.03,1617.74
R03485,2025-05-22,L7,223,44.0,175.67,Mídia local,0,94.1,10.4,47,3740.81,1392.57
R03486,2025-05-22,L6,166,38.1,0.00,Sem divulgação,5,95.2,8.5,26,1750.42,641.64
R03487,2025-05-22,L3,221,42.1,290.62,WhatsApp,0,97.8,13.1,26,2327.46,799.48
R03488,2025-05-22,L5,233,47.8,210.54,Mídia local,0,93.2,9.9,38,2836.56,1123.93
R03489,2025-05-23,L4,84,23.8,0.00,Sem divulgação,5,96.0,7.8,37,2362.55,884.59
R03490,2025-05-23,L8,142,32.3,85.67,WhatsApp,20,95.4,8.3,47,2961.64,932.84
R03491,2025-05-23,L2,129,26.9,0.00,Sem divulgação,15,94.5,9.4,44,2828.37,887.79
R03492,2025-05-23,L1,188,34.8,91.55,Mídia local,10,99.4,11.5,43,2678.36,993.87
R03493,2025-05-23,L7,187,35.7,0.00,Sem divulgação,10,97.9,11.1,49,3559.62,1123.78
R03494,2025-05-23,L6,215,50.8,87.91,WhatsApp,0,82.4,8.8,31,2142.43,834.04
R03495,2025-05-23,L3,174,36.0,0.00,Sem divulgação,0,94.4,9.4,33,2508.73,890.58
R03496,2025-05-23,L5,246,44.8,0.00,Sem divulgação,15,93.9,12.1,40,3381.26,1196.85
R03497,2025-05-24,L4,162,38.8,242.76,Redes sociais,10,98.5,8.2,72,5131.82,1808.80
R03498,2025-05-24,L8,128,24.3,0.00,Sem divulgação,15,97.0,9.9,45,2620.29,852.62
R03499,2025-05-24,L2,189,36.5,177.53,WhatsApp,0,97.0,8.9,57,3594.38,1343.92
R03500,2025-05-24,L1,258,44.9,353.74,WhatsApp,5,97.5,12.0,71,4244.67,1606.03
R03501,2025-05-24,L7,177,38.3,0.00,Sem divulgação,0,97.8,9.9,46,3195.58,1129.43
R03502,2025-05-24,L6,255,44.7,130.40,Redes sociais,15,96.6,12.7,68,3568.22,1172.24
R03503,2025-05-24,L3,253,53.0,161.19,WhatsApp,20,94.4,10.6,76,5196.11,1408.48
R03504,2025-05-24,L5,299,50.0,101.59,Redes sociais,0,95.5,13.8,35,2840.22,1124.28
R03505,2025-05-26,L4,153,31.0,196.51,Redes sociais,10,98.5,9.8,64,4801.05,1682.83
R03506,2025-05-26,L8,93,22.9,0.00,Sem divulgação,0,97.2,8.6,35,2732.32,1081.96
R03507,2025-05-26,L2,142,30.3,123.36,Redes sociais,5,95.9,9.0,38,2578.19,905.34
R03508,2025-05-26,L1,105,35.0,0.00,Sem divulgação,0,96.1,5.9,40,2478.20,1050.59
R03509,2025-05-26,L7,121,32.3,0.00,Sem divulgação,0,97.1,7.8,33,2777.38,1015.68
R03510,2025-05-26,L6,184,40.9,133.29,WhatsApp,20,92.7,8.3,67,4059.76,1165.35
R03511,2025-05-26,L3,204,32.2,0.00,Sem divulgação,15,97.8,14.0,37,3061.70,868.83
R03512,2025-05-26,L5,196,47.2,251.21,Redes sociais,10,97.4,9.6,43,3104.13,1096.01
R03513,2025-05-27,L4,127,28.1,150.57,WhatsApp,0,97.2,8.6,48,3373.46,1318.01
R03514,2025-05-27,L8,121,31.9,126.76,Mídia local,5,93.5,6.0,29,1988.67,782.97
R03515,2025-05-27,L2,114,28.9,0.00,Sem divulgação,0,93.7,7.5,29,1986.93,748.67
R03516,2025-05-27,L1,105,31.2,0.00,Sem divulgação,0,93.4,6.0,33,1854.66,766.27
R03517,2025-05-27,L7,202,42.3,190.77,WhatsApp,0,95.5,9.5,60,4776.48,1714.81
R03518,2025-05-27,L6,179,38.4,93.80,Mídia local,0,93.8,9.6,30,1812.76,689.13
R03519,2025-05-27,L3,192,42.1,73.76,Redes sociais,5,96.2,8.6,49,4564.50,1499.90
R03520,2025-05-27,L5,167,37.6,0.00,Sem divulgação,0,91.6,9.0,34,2397.80,958.54
R03521,2025-05-28,L4,80,27.4,0.00,Sem divulgação,10,98.8,4.8,48,3183.40,1072.89
R03522,2025-05-28,L8,180,34.4,93.76,WhatsApp,0,96.7,10.4,39,2505.62,1007.20
R03523,2025-05-28,L2,167,35.4,245.14,WhatsApp,0,97.2,8.5,34,2425.54,860.25
R03524,2025-05-28,L1,123,28.4,0.00,Sem divulgação,15,97.3,9.2,32,1997.92,720.30
R03525,2025-05-28,L7,136,32.7,0.00,Sem divulgação,15,95.9,8.0,46,3168.13,903.43
R03526,2025-05-28,L6,150,33.6,0.00,Sem divulgação,5,90.5,9.3,29,2137.92,783.09
R03527,2025-05-28,L3,203,43.0,128.08,WhatsApp,0,84.4,9.6,30,2708.03,950.03
R03528,2025-05-28,L5,176,38.5,0.00,Sem divulgação,5,93.8,9.2,35,2902.02,1079.63
R03529,2025-05-29,L4,95,27.1,0.00,Sem divulgação,15,97.6,6.0,40,2747.73,971.30
R03530,2025-05-29,L8,149,36.3,130.18,Redes sociais,0,96.8,9.1,44,3364.38,1337.80
R03531,2025-05-29,L2,171,28.7,0.00,Sem divulgação,0,96.3,10.5,47,2676.21,1004.79
R03532,2025-05-29,L1,137,30.5,0.00,Sem divulgação,15,97.1,9.6,43,2629.89,877.87
R03533,2025-05-29,L7,150,33.7,0.00,Sem divulgação,10,96.3,11.3,28,2310.82,794.65
R03534,2025-05-29,L6,235,43.6,84.39,Redes sociais,0,95.5,12.7,51,3496.92,1328.75
R03535,2025-05-29,L3,179,40.2,0.00,Sem divulgação,0,96.9,9.0,45,3741.12,1336.30
R03536,2025-05-29,L5,237,34.8,0.00,Sem divulgação,5,96.5,15.8,42,2726.86,1012.31
R03537,2025-05-30,L4,89,31.4,27.30,Mídia local,0,95.9,5.4,36,2732.44,1054.69
R03538,2025-05-30,L8,132,26.2,0.00,Sem divulgação,0,96.1,12.6,42,2801.27,1145.00
R03539,2025-05-30,L2,138,31.4,0.00,Sem divulgação,15,95.9,9.9,42,2679.04,844.30
R03540,2025-05-30,L1,186,36.7,0.00,Sem divulgação,0,88.5,11.0,47,3082.07,1239.99
R03541,2025-05-30,L7,171,44.2,73.71,Redes sociais,10,94.8,8.2,46,3655.67,1291.73
R03542,2025-05-30,L6,209,44.7,80.46,WhatsApp,10,92.2,9.3,48,2628.68,936.67
R03543,2025-05-30,L3,233,45.1,86.22,Mídia local,0,94.1,12.8,31,2469.11,825.19
R03544,2025-05-30,L5,229,43.6,0.00,Sem divulgação,10,94.9,11.5,67,4252.53,1491.26
R03545,2025-05-31,L4,157,30.3,134.57,Mídia local,0,97.4,10.1,51,4015.93,1548.06
R03546,2025-05-31,L8,161,38.9,124.06,Redes sociais,20,96.8,7.2,60,3624.52,1089.66
R03547,2025-05-31,L2,163,44.6,220.83,Redes sociais,0,97.0,7.6,47,3178.44,1129.12
R03548,2025-05-31,L1,179,38.2,170.76,WhatsApp,5,96.0,8.1,52,3159.31,1205.21
R03549,2025-05-31,L7,212,33.0,0.00,Sem divulgação,0,97.2,14.2,33,2366.43,879.79
R03550,2025-05-31,L6,188,37.4,0.00,Sem divulgação,10,94.0,9.3,46,2557.81,921.05
R03551,2025-05-31,L3,204,38.0,0.00,Sem divulgação,10,98.4,12.5,38,2905.06,994.79
R03552,2025-05-31,L5,186,50.9,112.57,WhatsApp,20,96.5,8.8,69,4770.99,1538.77
R03553,2025-06-02,L4,92,19.1,0.00,Sem divulgação,0,95.4,9.5,25,1771.93,702.18
R03554,2025-06-02,L8,130,33.9,130.27,Redes sociais,15,95.5,8.8,43,2608.97,886.55
R03555,2025-06-02,L2,136,31.9,56.59,Redes sociais,0,94.7,7.8,38,2422.24,888.85
R03556,2025-06-02,L1,135,33.5,0.00,Sem divulgação,15,94.8,7.9,39,2257.07,800.29
R03557,2025-06-02,L7,183,33.1,77.24,Mídia local,15,96.4,11.9,49,3303.11,916.88
R03558,2025-06-02,L6,194,35.9,163.08,WhatsApp,0,95.8,10.8,43,2887.50,1110.73
R03559,2025-06-02,L3,150,40.3,101.17,Redes sociais,0,96.9,7.8,22,2038.07,732.53
R03560,2025-06-02,L5,224,39.6,98.92,Mídia local,10,95.6,13.1,37,2365.26,863.67
R03561,2025-06-03,L4,152,26.3,99.17,Redes sociais,0,94.3,11.0,43,3369.77,1366.80
R03562,2025-06-03,L8,117,29.9,120.82,Mídia local,10,97.3,6.2,54,3558.77,1231.15
R03563,2025-06-03,L2,121,38.1,88.72,Redes sociais,0,93.6,5.4,37,2368.66,895.99
R03564,2025-06-03,L1,179,37.7,133.46,WhatsApp,0,93.1,8.3,42,2535.92,1053.98
R03565,2025-06-03,L7,104,36.1,0.00,Sem divulgação,20,97.0,6.4,35,2155.45,625.61
R03566,2025-06-03,L6,194,43.2,376.44,Mídia local,0,93.2,8.5,72,5806.51,2212.67
R03567,2025-06-03,L3,165,34.3,0.00,Sem divulgação,5,96.6,9.4,38,3232.87,1055.61
R03568,2025-06-03,L5,207,39.7,157.67,WhatsApp,10,92.6,11.8,44,3542.89,1283.23
R03569,2025-06-04,L4,172,27.9,121.84,Redes sociais,0,97.9,12.3,42,2680.24,1018.77
R03570,2025-06-04,L8,123,27.6,0.00,Sem divulgação,5,93.3,7.6,38,2325.59,886.44
R03571,2025-06-04,L2,190,43.0,267.27,Redes sociais,5,95.3,9.9,48,3708.13,1313.45
R03572,2025-06-04,L1,159,40.2,48.62,Redes sociais,5,82.9,7.1,33,1694.65,650.35
R03573,2025-06-04,L7,189,46.8,114.43,WhatsApp,5,94.1,10.5,30,2951.20,1003.66
R03574,2025-06-04,L6,186,40.3,0.00,Sem divulgação,5,92.4,9.0,26,1869.92,662.28
R03575,2025-06-04,L3,194,37.8,0.00,Sem divulgação,10,96.1,10.3,34,2905.92,951.65
R03576,2025-06-04,L5,280,43.9,83.19,Redes sociais,0,92.3,15.9,31,2387.19,916.89
R03577,2025-06-05,L4,124,29.1,154.05,Mídia local,5,98.2,8.2,37,2849.45,1070.72
R03578,2025-06-05,L8,82,24.3,0.00,Sem divulgação,0,97.0,6.1,27,1717.27,678.30
R03579,2025-06-05,L2,126,27.8,0.00,Sem divulgação,5,95.1,8.9,41,2759.22,977.84
R03580,2025-06-05,L1,169,32.1,105.64,WhatsApp,10,94.1,11.7,34,2245.68,842.29
R03581,2025-06-05,L7,181,37.2,111.07,Mídia local,0,96.9,9.2,53,4456.15,1561.27
R03582,2025-06-05,L6,225,40.4,164.59,Mídia local,0,97.6,13.1,47,2881.04,1090.82
R03583,2025-06-05,L3,215,43.7,60.08,WhatsApp,0,95.2,10.4,38,3330.78,1198.56
R03584,2025-06-05,L5,279,40.5,0.00,Sem divulgação,0,93.7,14.9,29,2109.93,837.26
R03585,2025-06-06,L4,150,33.1,176.89,Redes sociais,15,96.7,8.1,72,3804.84,1183.57
R03586,2025-06-06,L8,162,38.1,117.68,WhatsApp,0,96.8,7.9,53,4319.25,1749.50
R03587,2025-06-06,L2,175,37.7,123.85,WhatsApp,5,96.5,8.4,60,4542.36,1579.47
R03588,2025-06-06,L1,235,37.7,186.50,Mídia local,5,95.2,13.4,51,3033.71,1125.61
R03589,2025-06-06,L7,178,43.1,0.00,Sem divulgação,0,95.1,7.6,45,3410.18,1232.32
R03590,2025-06-06,L6,224,40.4,64.65,Redes sociais,15,95.5,11.9,63,4253.04,1433.54
R03591,2025-06-06,L3,230,44.9,123.34,WhatsApp,20,95.9,9.4,65,4436.30,1103.84
R03592,2025-06-06,L5,216,45.7,0.00,Sem divulgação,0,95.7,10.0,48,3645.72,1359.82
R03593,2025-06-07,L4,141,30.6,117.87,Redes sociais,5,96.1,9.0,47,3305.16,1195.30
R03594,2025-06-07,L8,166,36.6,117.95,Redes sociais,5,96.4,7.4,60,4175.61,1574.27
R03595,2025-06-07,L2,210,39.3,134.25,WhatsApp,0,96.1,11.0,44,3270.22,1209.65
R03596,2025-06-07,L1,165,36.2,0.00,Sem divulgação,0,99.3,8.0,59,3703.50,1527.84
R03597,2025-06-07,L7,128,33.4,0.00,Sem divulgação,20,94.3,8.1,39,3399.88,960.43
R03598,2025-06-07,L6,248,42.0,76.50,Mídia local,0,92.8,13.8,35,2260.67,861.11
R03599,2025-06-07,L3,270,51.2,123.35,WhatsApp,20,87.3,12.6,41,2987.40,878.91
R03600,2025-06-07,L5,288,53.1,149.78,Redes sociais,5,94.9,12.5,54,4048.89,1550.79
R03601,2025-06-09,L4,75,27.3,0.00,Sem divulgação,0,98.0,6.0,33,2949.66,1160.72
R03602,2025-06-09,L8,106,26.9,61.55,Redes sociais,0,96.3,7.3,43,2995.71,1211.79
R03603,2025-06-09,L2,153,37.4,128.88,WhatsApp,0,98.7,7.6,46,4428.66,1621.06
R03604,2025-06-09,L1,156,26.9,0.00,Sem divulgação,0,96.9,11.4,35,2299.91,928.17
R03605,2025-06-09,L7,160,27.8,0.00,Sem divulgação,0,92.8,11.6,24,2169.56,791.88
R03606,2025-06-09,L6,154,39.1,0.00,Sem divulgação,5,95.2,7.6,49,3681.10,1329.51
R03607,2025-06-09,L3,162,35.1,0.00,Sem divulgação,15,97.8,10.5,49,3820.48,1068.42
R03608,2025-06-09,L5,204,42.4,0.00,Sem divulgação,0,92.6,11.8,32,2804.34,1099.38
R03609,2025-06-10,L4,133,27.4,110.45,WhatsApp,5,100.0,9.8,40,2617.73,966.46
R03610,2025-06-10,L8,146,32.5,117.18,WhatsApp,0,97.4,10.0,47,2619.97,1006.07
R03611,2025-06-10,L2,164,38.5,164.37,WhatsApp,0,95.7,7.2,50,3812.93,1411.04
R03612,2025-06-10,L1,147,38.6,136.48,WhatsApp,0,96.0,6.4,46,2804.08,1158.69
R03613,2025-06-10,L7,205,40.1,219.70,Redes sociais,5,94.2,10.1,43,3839.48,1326.98
R03614,2025-06-10,L6,149,29.0,0.00,Sem divulgação,5,95.0,10.7,46,3241.44,1175.46
R03615,2025-06-10,L3,207,44.0,230.40,Redes sociais,0,94.3,9.1,35,3294.90,1168.67
R03616,2025-06-10,L5,202,40.3,76.88,WhatsApp,10,92.9,11.7,36,2849.14,1033.31
R03617,2025-06-11,L4,66,28.4,0.00,Sem divulgação,0,96.8,3.5,34,2661.43,996.36
R03618,2025-06-11,L8,141,38.7,151.63,Redes sociais,20,95.5,6.1,60,3713.29,1215.37
R03619,2025-06-11,L2,181,42.3,110.29,Redes sociais,0,95.0,8.2,58,4194.05,1581.42
R03620,2025-06-11,L1,163,33.2,95.49,WhatsApp,0,98.3,10.6,33,2066.71,840.40
R03621,2025-06-11,L7,136,35.2,95.50,Mídia local,5,95.4,10.0,38,2825.11,990.98
R03622,2025-06-11,L6,140,38.1,0.00,Sem divulgação,0,96.6,6.9,41,2409.51,892.38
R03623,2025-06-11,L3,158,34.7,0.00,Sem divulgação,10,98.1,9.7,27,2494.16,837.49
R03624,2025-06-11,L5,286,40.0,183.64,WhatsApp,0,94.5,17.8,29,2199.55,863.09
R03625,2025-06-12,L4,128,32.6,87.73,Redes sociais,0,97.4,5.9,40,2916.52,1147.04
R03626,2025-06-12,L8,128,34.0,217.32,WhatsApp,0,95.7,6.0,45,3402.45,1357.00
R03627,2025-06-12,L2,183,32.1,103.05,Mídia local,0,94.1,12.0,22,1764.71,647.42
R03628,2025-06-12,L1,196,37.8,123.65,Mídia local,0,96.1,10.9,40,2912.92,1211.50
R03629,2025-06-12,L7,142,34.1,0.00,Sem divulgação,20,94.9,9.1,50,3746.18,906.14
R03630,2025-06-12,L6,200,48.7,101.10,WhatsApp,15,95.8,6.7,52,3297.56,1036.50
R03631,2025-06-12,L3,224,44.7,74.05,WhatsApp,0,97.4,10.4,41,3076.87,1057.47
R03632,2025-06-12,L5,237,48.9,133.06,Redes sociais,15,94.8,9.9,53,3131.42,1049.77
R03633,2025-06-13,L4,110,33.3,113.79,WhatsApp,5,95.4,5.8,45,3483.90,1251.36
R03634,2025-06-13,L8,122,33.2,162.16,Redes sociais,0,97.2,5.2,49,3285.34,1358.20
R03635,2025-06-13,L2,146,40.7,111.06,WhatsApp,0,98.0,6.6,60,4202.40,1607.62
R03636,2025-06-13,L1,155,31.1,0.00,Sem divulgação,20,96.5,11.2,64,3288.95,1072.50
R03637,2025-06-13,L7,137,38.3,0.00,Sem divulgação,20,96.6,7.1,64,4526.75,1279.07
R03638,2025-06-13,L6,146,39.8,0.00,Sem divulgação,10,94.3,6.5,41,3237.71,1152.12
R03639,2025-06-13,L3,233,41.9,94.33,WhatsApp,10,93.7,12.5,37,2732.93,843.40
R03640,2025-06-13,L5,280,47.8,246.20,Redes sociais,5,93.8,11.5,37,2823.48,1066.39
R03641,2025-06-14,L4,162,37.4,187.26,WhatsApp,5,97.2,8.0,62,4687.38,1776.27
R03642,2025-06-14,L8,129,27.1,0.00,Sem divulgação,5,95.4,8.3,48,3091.51,1213.31
R03643,2025-06-14,L2,180,37.2,0.00,Sem divulgação,5,94.6,10.0,39,2531.32,864.00
R03644,2025-06-14,L1,202,42.7,80.00,Redes sociais,0,96.1,9.4,57,3295.83,1310.11
R03645,2025-06-14,L7,195,45.5,119.14,Redes sociais,0,96.2,9.6,67,5008.51,1843.48
R03646,2025-06-14,L6,238,45.8,99.08,WhatsApp,0,91.9,11.3,56,4553.10,1694.48
R03647,2025-06-14,L3,327,52.3,78.01,WhatsApp,10,94.9,12.3,56,3600.09,1081.85
R03648,2025-06-14,L5,229,51.2,0.00,Sem divulgação,0,94.4,10.3,32,2568.27,988.01
R03649,2025-06-16,L4,133,33.8,154.74,WhatsApp,0,99.5,5.8,48,3298.82,1268.09
R03650,2025-06-16,L8,118,33.9,92.44,Mídia local,0,97.7,4.9,49,3683.30,1464.53
R03651,2025-06-16,L2,129,25.9,0.00,Sem divulgação,0,93.7,11.4,31,2281.36,846.70
R03652,2025-06-16,L1,141,29.0,0.00,Sem divulgação,0,97.7,9.6,30,2422.62,971.13
R03653,2025-06-16,L7,136,36.5,0.00,Sem divulgação,5,93.4,8.3,43,3100.47,1071.58
R03654,2025-06-16,L6,154,36.5,79.70,WhatsApp,0,94.8,10.7,31,2141.15,846.58
R03655,2025-06-16,L3,279,45.2,258.64,Redes sociais,0,92.3,12.8,29,2583.15,920.49
R03656,2025-06-16,L5,203,39.4,0.00,Sem divulgação,0,97.5,12.6,41,3140.79,1215.25
R03657,2025-06-17,L4,113,27.6,76.07,Redes sociais,5,97.8,7.8,38,3148.76,1165.43
R03658,2025-06-17,L8,115,25.6,0.00,Sem divulgação,0,95.0,8.0,46,3982.01,1568.96
R03659,2025-06-17,L2,86,25.4,0.00,Sem divulgação,5,95.4,6.3,34,2880.13,983.07
R03660,2025-06-17,L1,148,31.0,92.65,WhatsApp,10,97.4,9.2,45,2964.06,1140.49
R03661,2025-06-17,L7,135,33.7,0.00,Sem divulgação,20,93.0,8.0,42,2901.46,827.04
R03662,2025-06-17,L6,162,35.3,57.73,Mídia local,10,93.1,8.9,40,2935.96,997.62
R03663,2025-06-17,L3,204,41.6,242.19,WhatsApp,15,96.6,11.3,51,3869.75,1068.52
R03664,2025-06-17,L5,140,36.2,0.00,Sem divulgação,5,94.1,8.5,38,3090.10,1131.41
R03665,2025-06-18,L4,121,28.2,100.74,Redes sociais,5,95.9,7.9,49,3520.61,1290.25
R03666,2025-06-18,L8,93,27.1,0.00,Sem divulgação,10,93.4,6.3,36,2621.61,990.53
R03667,2025-06-18,L2,180,33.4,218.76,WhatsApp,5,95.7,12.6,40,3017.21,1033.79
R03668,2025-06-18,L1,181,44.7,373.25,Redes sociais,15,98.2,9.7,64,3630.90,1393.09
R03669,2025-06-18,L7,129,32.7,0.00,Sem divulgação,0,94.8,8.4,30,2509.37,944.24
R03670,2025-06-18,L6,199,41.4,179.47,Redes sociais,10,94.1,10.7,55,3745.10,1307.32
R03671,2025-06-18,L3,203,46.8,420.00,Redes sociais,0,97.0,9.9,31,2992.80,1046.40
R03672,2025-06-18,L5,176,38.7,0.00,Sem divulgação,0,86.3,9.3,15,1290.94,498.07
R03673,2025-06-19,L4,103,22.9,0.00,Sem divulgação,0,97.5,8.4,45,3546.87,1340.04
R03674,2025-06-19,L8,173,35.2,193.47,Redes sociais,10,95.0,8.8,68,4836.38,1780.87
R03675,2025-06-19,L2,119,33.0,64.41,Redes sociais,10,93.0,7.1,26,2161.46,724.93
R03676,2025-06-19,L1,145,26.7,0.00,Sem divulgação,5,95.2,12.0,32,1772.12,689.06
R03677,2025-06-19,L7,149,35.3,0.00,Sem divulgação,0,93.9,9.0,33,2932.22,1058.11
R03678,2025-06-19,L6,156,36.6,0.00,Sem divulgação,0,94.6,9.5,43,2768.05,1083.09
R03679,2025-06-19,L3,158,33.0,0.00,Sem divulgação,15,94.2,10.8,31,1856.81,519.73
R03680,2025-06-19,L5,241,47.4,147.55,Redes sociais,0,92.1,10.2,30,2366.65,946.88
R03681,2025-06-20,L4,163,38.9,188.87,WhatsApp,5,95.1,8.0,58,3477.56,1324.92
R03682,2025-06-20,L8,146,45.0,103.57,Redes sociais,10,95.0,5.4,61,4095.32,1472.73
R03683,2025-06-20,L2,112,26.3,0.00,Sem divulgação,10,95.9,6.7,34,2837.55,988.23
R03684,2025-06-20,L1,141,32.4,0.00,Sem divulgação,0,97.2,7.5,39,2100.54,846.33
R03685,2025-06-20,L7,170,40.6,167.14,Redes sociais,0,94.4,7.9,42,3416.54,1209.13
R03686,2025-06-20,L6,162,40.6,0.00,Sem divulgação,20,95.5,9.2,55,3630.55,1127.14
R03687,2025-06-20,L3,225,45.0,128.55,Mídia local,0,93.1,11.8,30,2418.17,807.79
R03688,2025-06-20,L5,187,44.7,0.00,Sem divulgação,0,93.5,9.8,40,2309.80,923.49
R03689,2025-06-21,L4,126,32.7,0.00,Sem divulgação,15,98.6,6.8,48,3222.28,1130.47
R03690,2025-06-21,L8,158,37.0,63.00,WhatsApp,0,93.8,8.1,34,2488.38,982.28
R03691,2025-06-21,L2,183,41.2,149.57,Redes sociais,5,94.7,6.8,56,4421.20,1669.81
R03692,2025-06-21,L1,135,37.7,0.00,Sem divulgação,20,95.6,7.5,35,1878.00,642.40
R03693,2025-06-21,L7,205,48.8,146.52,Redes sociais,20,94.8,10.0,67,4208.33,1150.21
R03694,2025-06-21,L6,288,56.3,268.66,WhatsApp,5,96.0,10.4,54,3441.73,1242.81
R03695,2025-06-21,L3,284,55.2,158.56,Redes sociais,15,94.1,10.3,61,5421.36,1544.77
R03696,2025-06-21,L5,296,49.3,81.50,WhatsApp,0,92.7,15.7,43,3036.23,1184.74
R03697,2025-06-23,L4,113,24.2,89.85,Mídia local,20,96.3,8.4,43,2692.13,883.81
R03698,2025-06-23,L8,73,26.1,0.00,Sem divulgação,10,92.6,4.7,36,2003.90,765.91
R03699,2025-06-23,L2,127,32.3,63.27,Redes sociais,0,96.0,6.1,40,2560.12,938.98
R03700,2025-06-23,L1,122,23.0,0.00,Sem divulgação,5,97.2,11.2,47,2796.94,1068.35
R03701,2025-06-23,L7,188,39.2,216.18,Redes sociais,5,93.3,9.6,45,3823.19,1310.42
R03702,2025-06-23,L6,158,32.9,85.24,Redes sociais,0,95.3,9.3,35,2590.47,973.23
R03703,2025-06-23,L3,152,37.9,0.00,Sem divulgação,5,95.1,8.6,28,2232.06,757.83
R03704,2025-06-23,L5,223,34.4,108.45,WhatsApp,5,85.3,15.4,23,1429.10,528.42
R03705,2025-06-24,L4,89,27.2,0.00,Sem divulgação,5,96.8,5.5,35,2226.72,837.90
R03706,2025-06-24,L8,132,32.3,144.46,WhatsApp,10,96.8,7.7,52,3506.20,1180.87
R03707,2025-06-24,L2,161,37.0,122.43,WhatsApp,15,95.1,9.0,46,3273.28,1122.69
R03708,2025-06-24,L1,175,26.1,89.88,WhatsApp,0,99.4,14.5,34,2457.16,1001.99
R03709,2025-06-24,L7,207,45.4,177.65,Redes sociais,0,93.7,8.8,53,4477.55,1607.99
R03710,2025-06-24,L6,152,36.1,0.00,Sem divulgação,0,94.6,10.3,36,2614.85,1016.94
R03711,2025-06-24,L3,158,35.9,0.00,Sem divulgação,0,97.1,10.5,28,2460.27,872.94
R03712,2025-06-24,L5,204,48.4,129.52,WhatsApp,15,94.1,8.8,61,5111.65,1730.06
R03713,2025-06-25,L4,98,26.0,0.00,Sem divulgação,0,99.6,7.1,45,3237.95,1243.49
R03714,2025-06-25,L8,144,32.0,126.44,Redes sociais,15,98.2,8.8,55,3015.76,1098.45
R03715,2025-06-25,L2,130,30.8,0.00,Sem divulgação,0,96.0,7.1,42,2853.57,1033.52
R03716,2025-06-25,L1,133,32.3,0.00,Sem divulgação,0,93.0,8.3,26,1435.92,592.69
R03717,2025-06-25,L7,188,38.0,109.22,Mídia local,0,95.6,10.1,42,2875.93,1070.91
R03718,2025-06-25,L6,224,42.4,170.01,Redes sociais,0,94.8,10.3,58,4405.58,1696.95
R03719,2025-06-25,L3,222,45.6,103.74,Redes sociais,0,93.8,10.8,38,3107.98,1072.81
R03720,2025-06-25,L5,236,47.3,48.58,WhatsApp,5,98.3,10.1,38,2878.47,1090.39
R03721,2025-06-26,L4,80,24.5,0.00,Sem divulgação,0,98.7,5.3,23,1517.82,597.84
R03722,2025-06-26,L8,83,25.3,0.00,Sem divulgação,10,93.3,6.7,35,2424.77,853.37
R03723,2025-06-26,L2,160,36.8,71.21,Redes sociais,0,96.1,8.9,48,3490.08,1235.93
R03724,2025-06-26,L1,193,40.5,264.80,Mídia local,0,97.0,10.0,46,2895.98,1199.21
R03725,2025-06-26,L7,127,31.2,0.00,Sem divulgação,0,94.0,9.0,30,2770.22,1012.76
R03726,2025-06-26,L6,210,41.0,153.70,WhatsApp,5,96.0,9.7,57,4169.89,1504.54
R03727,2025-06-26,L3,234,47.4,169.60,Mídia local,10,97.6,11.1,43,3783.68,1221.65
R03728,2025-06-26,L5,213,39.2,63.40,Redes sociais,0,96.4,13.1,41,3307.10,1279.71
R03729,2025-06-27,L4,125,39.9,0.00,Sem divulgação,10,97.3,5.0,68,4559.02,1620.24
R03730,2025-06-27,L8,174,36.8,95.67,WhatsApp,20,95.4,8.0,72,4636.10,1469.07
R03731,2025-06-27,L2,177,29.9,0.00,Sem divulgação,0,97.1,11.4,34,2190.15,809.37
R03732,2025-06-27,L1,170,35.1,0.00,Sem divulgação,10,96.9,9.3,65,4401.90,1601.20
R03733,2025-06-27,L7,235,45.7,100.64,WhatsApp,0,98.9,11.9,48,3737.36,1274.55
R03734,2025-06-27,L6,298,54.6,345.34,Mídia local,0,93.9,11.4,98,7295.55,2733.65
R03735,2025-06-27,L3,288,56.4,106.37,WhatsApp,10,96.3,11.5,63,5615.38,1780.06
R03736,2025-06-27,L5,297,52.3,58.11,Redes sociais,10,96.7,11.2,50,4323.81,1549.18
R03737,2025-06-28,L4,145,26.8,0.00,Sem divulgação,10,96.2,10.3,58,4199.92,1497.16
R03738,2025-06-28,L8,193,33.8,112.53,Mídia local,10,92.0,12.1,34,2217.96,824.93
R03739,2025-06-28,L2,139,41.0,164.10,WhatsApp,5,94.1,7.9,37,2627.19,911.20
R03740,2025-06-28,L1,215,43.5,115.38,Mídia local,0,96.3,9.5,51,3254.72,1318.67
R03741,2025-06-28,L7,321,47.9,182.94,Redes sociais,15,95.4,13.7,75,5895.11,1606.15
R03742,2025-06-28,L6,206,45.5,0.00,Sem divulgação,0,93.2,9.4,59,4481.05,1702.85
R03743,2025-06-28,L3,261,46.3,110.58,Mídia local,5,95.2,12.6,28,2552.84,836.56
R03744,2025-06-28,L5,221,47.3,0.00,Sem divulgação,0,95.6,12.0,26,2083.95,762.85
R03745,2025-06-30,L4,72,25.2,0.00,Sem divulgação,0,97.3,4.2,32,2073.56,819.11
R03746,2025-06-30,L8,140,27.4,80.06,WhatsApp,15,98.2,10.6,44,2751.96,1008.93
R03747,2025-06-30,L2,119,28.2,0.00,Sem divulgação,0,97.7,7.3,44,3245.32,1202.28
R03748,2025-06-30,L1,155,36.4,110.83,Redes sociais,10,97.3,8.9,56,3276.82,1219.61
R03749,2025-06-30,L7,203,37.3,139.81,Redes sociais,0,95.5,11.0,35,3105.15,1141.19
R03750,2025-06-30,L6,164,28.4,0.00,Sem divulgação,0,94.2,11.6,31,2073.73,772.11
R03751,2025-06-30,L3,149,35.3,0.00,Sem divulgação,0,96.5,9.1,31,2619.02,928.34
R03752,2025-06-30,L5,150,40.2,0.00,Sem divulgação,15,93.7,7.6,35,2399.77,783.57
R03753,2025-07-01,L4,132,36.9,200.10,WhatsApp,0,98.9,5.9,46,3129.82,1271.44
R03754,2025-07-01,L8,150,35.9,89.96,Redes sociais,0,93.8,7.8,41,3044.41,1194.47
R03755,2025-07-01,L2,169,37.4,207.07,Mídia local,0,94.6,8.9,49,4374.08,1621.74
R03756,2025-07-01,L1,113,28.8,0.00,Sem divulgação,15,96.2,7.5,49,2150.76,793.40
R03757,2025-07-01,L7,177,43.6,84.22,WhatsApp,10,93.5,8.5,50,3479.79,1105.62
R03758,2025-07-01,L6,241,45.9,131.96,Redes sociais,5,93.9,12.1,60,4607.52,1690.52
R03759,2025-07-01,L3,257,46.8,91.78,WhatsApp,0,96.2,10.7,47,4146.86,1422.13
R03760,2025-07-01,L5,244,48.2,95.39,WhatsApp,0,96.3,11.0,49,3297.02,1321.20
R03761,2025-07-02,L4,176,37.6,270.32,Mídia local,15,96.5,8.4,72,5268.01,1793.06
R03762,2025-07-02,L8,183,36.7,138.80,WhatsApp,0,92.9,10.3,41,2875.27,1135.21
R03763,2025-07-02,L2,173,35.5,122.40,Mídia local,0,95.6,9.8,45,3831.39,1486.53
R03764,2025-07-02,L1,220,38.3,75.33,WhatsApp,5,96.0,12.5,48,2864.50,1114.55
R03765,2025-07-02,L7,236,45.4,169.38,Mídia local,10,95.8,10.3,72,5364.33,1747.64
R03766,2025-07-02,L6,159,47.4,0.00,Sem divulgação,0,96.3,7.3,42,3400.11,1273.14
R03767,2025-07-02,L3,282,45.9,154.36,Redes sociais,0,95.1,15.1,29,2585.65,912.59
R03768,2025-07-02,L5,267,51.1,131.41,Mídia local,5,95.8,11.5,41,3406.04,1289.06
R03769,2025-07-03,L4,101,25.7,0.00,Sem divulgação,0,94.4,5.9,32,2213.55,876.89
R03770,2025-07-03,L8,165,37.7,121.06,Redes sociais,0,93.9,8.9,34,2008.50,802.34
R03771,2025-07-03,L2,145,31.0,0.00,Sem divulgação,15,94.0,8.7,50,4074.12,1245.54
R03772,2025-07-03,L1,167,38.4,0.00,Sem divulgação,0,95.6,8.5,47,2986.92,1242.18
R03773,2025-07-03,L7,218,39.4,62.83,Redes sociais,5,93.7,10.2,43,3215.18,1123.81
R03774,2025-07-03,L6,189,40.5,90.16,WhatsApp,10,96.6,9.5,51,3365.22,1263.03
R03775,2025-07-03,L3,245,51.4,171.55,Redes sociais,5,97.6,9.9,50,3942.19,1318.86
R03776,2025-07-03,L5,236,50.9,145.16,Redes sociais,0,93.2,10.5,38,2644.11,1027.17
R03777,2025-07-04,L4,96,32.5,0.00,Sem divulgação,5,100.0,5.5,45,2962.40,1089.01
R03778,2025-07-04,L8,127,31.6,0.00,Sem divulgação,0,95.0,6.7,55,4826.96,1934.31
R03779,2025-07-04,L2,235,36.7,105.86,WhatsApp,0,96.3,12.9,36,2944.63,1081.01
R03780,2025-07-04,L1,158,33.9,0.00,Sem divulgação,10,98.1,9.1,49,2907.76,1049.70
R03781,2025-07-04,L7,238,44.4,113.52,WhatsApp,0,93.9,11.0,35,3031.31,1115.27
R03782,2025-07-04,L6,180,46.0,0.00,Sem divulgação,0,92.2,8.8,47,3440.67,1276.11
R03783,2025-07-04,L3,197,41.1,0.00,Sem divulgação,15,92.5,11.0,49,3297.46,1005.06
R03784,2025-07-04,L5,250,50.1,0.00,Sem divulgação,5,92.6,10.5,29,2206.01,805.42
R03785,2025-07-05,L4,140,28.6,62.96,Mídia local,20,96.4,9.7,64,3835.19,1139.23
R03786,2025-07-05,L8,179,32.9,83.86,Mídia local,5,97.1,9.8,51,3266.91,1258.62
R03787,2025-07-05,L2,114,33.8,0.00,Sem divulgação,5,96.6,5.9,35,2855.88,1053.21
R03788,2025-07-05,L1,211,46.2,92.08,Mídia local,5,97.2,9.2,77,4904.11,1938.81
R03789,2025-07-05,L7,177,39.3,0.00,Sem divulgação,10,95.7,9.3,40,2940.73,947.27
R03790,2025-07-05,L6,193,34.2,0.00,Sem divulgação,15,92.7,13.1,47,2611.12,829.28
R03791,2025-07-05,L3,244,57.8,113.13,Redes sociais,0,94.1,9.0,32,2609.83,919.85
R03792,2025-07-05,L5,278,50.2,151.26,Redes sociais,0,93.3,12.9,27,1961.57,784.76
R03793,2025-07-07,L4,165,34.0,230.38,Mídia local,0,93.7,8.6,69,4731.54,1857.11
R03794,2025-07-07,L8,80,27.7,0.00,Sem divulgação,10,97.1,5.5,35,2267.15,872.57
R03795,2025-07-07,L2,130,25.8,0.00,Sem divulgação,5,98.8,10.0,49,3601.84,1259.67
R03796,2025-07-07,L1,169,33.8,41.71,Redes sociais,0,95.2,9.9,26,1643.51,667.80
R03797,2025-07-07,L7,165,28.1,0.00,Sem divulgação,0,96.7,13.0,27,2040.65,744.58
R03798,2025-07-07,L6,199,42.1,97.54,WhatsApp,5,94.2,10.5,37,2783.60,998.40
R03799,2025-07-07,L3,117,37.2,0.00,Sem divulgação,0,97.5,7.3,28,2359.05,833.59
R03800,2025-07-07,L5,276,47.0,200.44,Redes sociais,0,93.2,15.0,37,2868.27,1124.05
R03801,2025-07-08,L4,127,31.8,82.16,WhatsApp,10,98.2,5.8,53,3270.41,1137.76
R03802,2025-07-08,L8,103,28.2,0.00,Sem divulgação,0,93.4,6.7,36,2596.81,1058.96
R03803,2025-07-08,L2,128,30.2,0.00,Sem divulgação,0,94.6,8.7,31,2539.66,912.09
R03804,2025-07-08,L1,173,41.4,148.36,Mídia local,5,94.9,7.5,50,3123.61,1210.94
R03805,2025-07-08,L7,155,38.3,0.00,Sem divulgação,0,95.0,7.2,40,3932.78,1442.02
R03806,2025-07-08,L6,202,44.3,95.09,Mídia local,0,92.8,9.9,31,2035.61,752.22
R03807,2025-07-08,L3,257,46.5,122.19,WhatsApp,5,96.3,11.5,43,3342.96,1138.33
R03808,2025-07-08,L5,222,38.9,0.00,Sem divulgação,5,96.5,12.4,45,3543.08,1317.58
R03809,2025-07-09,L4,165,34.7,158.21,Redes sociais,0,95.8,8.7,41,2620.46,956.86
R03810,2025-07-09,L8,105,28.2,0.00,Sem divulgação,10,96.6,7.3,40,2577.53,935.84
R03811,2025-07-09,L2,125,36.1,116.55,Mídia local,20,94.0,7.7,43,3132.86,859.43
R03812,2025-07-09,L1,198,44.5,230.91,Redes sociais,5,96.1,8.0,56,3439.64,1372.89
R03813,2025-07-09,L7,235,43.4,145.01,Redes sociais,10,94.1,9.5,48,3968.70,1265.69
R03814,2025-07-09,L6,201,47.8,173.04,WhatsApp,20,96.6,8.7,64,4808.33,1406.50
R03815,2025-07-09,L3,201,39.3,65.32,Redes sociais,0,95.0,10.4,28,2147.64,745.06
R03816,2025-07-09,L5,221,47.4,79.74,Mídia local,0,96.0,9.9,55,4566.98,1768.37
R03817,2025-07-10,L4,164,43.0,255.35,WhatsApp,0,96.9,6.9,55,3940.47,1538.40
R03818,2025-07-10,L8,107,34.0,0.00,Sem divulgação,5,98.7,6.8,43,2818.70,1073.48
R03819,2025-07-10,L2,192,39.3,134.11,Redes sociais,0,92.4,8.8,49,3854.88,1449.28
R03820,2025-07-10,L1,194,44.8,115.24,Mídia local,10,87.9,8.0,46,2716.03,997.26
R03821,2025-07-10,L7,180,41.7,68.61,Mídia local,10,91.3,8.9,39,2838.61,962.53
R03822,2025-07-10,L6,240,49.1,136.29,Redes sociais,0,95.1,11.7,62,5197.24,1985.29
R03823,2025-07-10,L3,275,47.6,299.69,Redes sociais,5,96.9,12.5,41,2912.62,998.95
R03824,2025-07-10,L5,288,43.8,91.03,Redes sociais,15,93.7,15.1,34,2255.33,743.25
R03825,2025-07-11,L4,159,34.9,51.83,Mídia local,10,95.4,8.7,62,4642.43,1638.73
R03826,2025-07-11,L8,190,34.9,79.36,WhatsApp,0,95.1,11.5,52,3500.11,1408.69
R03827,2025-07-11,L2,197,45.3,212.84,Redes sociais,10,96.8,7.4,79,6137.45,2048.65
R03828,2025-07-11,L1,132,30.9,0.00,Sem divulgação,0,87.5,10.3,19,1181.73,480.06
R03829,2025-07-11,L7,229,48.7,176.14,Mídia local,15,93.5,10.7,67,5430.74,1660.49
R03830,2025-07-11,L6,233,41.6,0.00,Sem divulgação,0,92.7,12.7,60,4080.86,1529.03
R03831,2025-07-11,L3,225,46.2,0.00,Sem divulgação,10,98.3,11.1,52,4746.30,1392.09
R03832,2025-07-11,L5,308,51.9,121.51,WhatsApp,0,95.1,13.5,47,3492.95,1372.32
R03833,2025-07-12,L4,146,34.4,114.38,Mídia local,0,97.2,8.4,50,3579.86,1402.65
R03834,2025-07-12,L8,144,34.8,0.00,Sem divulgação,0,97.2,8.5,49,3801.32,1577.07
R03835,2025-07-12,L2,153,34.9,0.00,Sem divulgação,10,97.2,8.9,53,3595.38,1207.12
R03836,2025-07-12,L1,215,37.8,95.85,Redes sociais,0,97.8,12.5,51,3420.05,1387.31
R03837,2025-07-12,L7,227,45.2,147.74,Mídia local,5,94.2,8.8,57,4640.26,1570.74
R03838,2025-07-12,L6,255,47.2,158.71,Mídia local,0,96.0,12.4,73,5006.24,1911.39
R03839,2025-07-12,L3,304,51.2,151.05,Mídia local,0,93.6,12.8,28,1986.50,689.92
R03840,2025-07-12,L5,356,52.0,181.46,Redes sociais,10,95.6,16.6,50,3709.61,1299.56
R03841,2025-07-14,L4,99,28.8,0.00,Sem divulgação,5,96.9,6.3,40,2659.27,972.19
R03842,2025-07-14,L8,106,30.3,0.00,Sem divulgação,5,97.9,7.7,39,2246.41,853.54
R03843,2025-07-14,L2,170,36.0,170.97,WhatsApp,0,97.2,10.1,44,2930.07,1066.46
R03844,2025-07-14,L1,188,33.2,126.43,Redes sociais,0,96.7,11.5,52,3399.86,1404.25
R03845,2025-07-14,L7,156,33.5,0.00,Sem divulgação,5,94.9,8.4,35,2898.17,1006.40
R03846,2025-07-14,L6,207,34.4,0.00,Sem divulgação,10,94.5,12.3,41,2949.25,1025.76
R03847,2025-07-14,L3,250,42.2,108.56,WhatsApp,15,95.4,13.2,35,2405.46,727.33
R03848,2025-07-14,L5,174,42.3,0.00,Sem divulgação,10,95.5,8.8,39,3013.52,1011.36
R03849,2025-07-15,L4,88,28.8,0.00,Sem divulgação,0,96.7,4.9,39,2921.67,1119.45
R03850,2025-07-15,L8,111,25.8,0.00,Sem divulgação,20,95.1,7.3,45,2814.94,953.61
R03851,2025-07-15,L2,130,23.7,0.00,Sem divulgação,5,95.8,11.1,34,2476.02,895.02
R03852,2025-07-15,L1,233,40.5,139.26,WhatsApp,5,97.6,11.2,60,3937.46,1572.14
R03853,2025-07-15,L7,180,41.1,0.00,Sem divulgação,5,92.9,10.2,43,3436.79,1190.17
R03854,2025-07-15,L6,136,38.6,0.00,Sem divulgação,0,94.4,7.4,32,2379.13,871.64
R03855,2025-07-15,L3,210,50.5,143.91,Redes sociais,5,94.2,9.2,37,2961.22,954.93
R03856,2025-07-15,L5,178,39.9,0.00,Sem divulgação,0,95.5,9.9,44,3617.35,1427.03
R03857,2025-07-16,L4,114,27.3,0.00,Sem divulgação,15,99.2,7.4,56,4489.16,1407.19
R03858,2025-07-16,L8,168,32.9,178.74,Redes sociais,0,94.9,9.6,44,3087.61,1234.03
R03859,2025-07-16,L2,144,31.0,0.00,Sem divulgação,0,94.2,7.6,51,4054.49,1515.85
R03860,2025-07-16,L1,142,29.0,0.00,Sem divulgação,0,95.2,8.8,47,3074.66,1262.58
R03861,2025-07-16,L7,252,33.4,140.06,Mídia local,0,95.7,16.3,31,1964.60,712.92
R03862,2025-07-16,L6,203,40.4,128.99,Redes sociais,10,93.8,12.4,53,3702.88,1320.89
R03863,2025-07-16,L3,180,40.1,0.00,Sem divulgação,0,95.9,7.6,42,2824.34,1001.85
R03864,2025-07-16,L5,286,42.2,61.24,Redes sociais,0,92.5,14.0,42,3357.46,1303.15
R03865,2025-07-17,L4,142,34.7,53.90,WhatsApp,0,95.4,7.8,42,3291.73,1275.82
R03866,2025-07-17,L8,135,32.6,0.00,Sem divulgação,15,96.0,9.0,52,3791.10,1261.40
R03867,2025-07-17,L2,148,31.9,0.00,Sem divulgação,10,95.5,8.9,41,2502.37,848.94
R03868,2025-07-17,L1,187,31.8,0.00,Sem divulgação,0,96.4,12.5,51,3780.97,1511.30
R03869,2025-07-17,L7,234,42.7,135.02,Redes sociais,0,95.6,11.6,58,4467.83,1675.58
R03870,2025-07-17,L6,191,39.2,0.00,Sem divulgação,0,95.2,11.5,53,3172.74,1211.22
R03871,2025-07-17,L3,230,44.9,123.18,WhatsApp,5,96.3,10.7,57,4270.14,1438.67
R03872,2025-07-17,L5,290,45.6,100.37,WhatsApp,0,99.1,13.4,64,4437.23,1731.79
R03873,2025-07-18,L4,176,39.8,184.42,Redes sociais,0,95.7,10.2,56,3696.76,1449.68
R03874,2025-07-18,L8,158,35.6,0.00,Sem divulgação,10,98.2,9.4,75,4536.63,1689.15
R03875,2025-07-18,L2,212,46.2,142.84,Redes sociais,0,96.7,8.5,59,4753.73,1762.05
R03876,2025-07-18,L1,263,47.0,157.42,Mídia local,10,96.0,11.7,76,4745.12,1710.47
R03877,2025-07-18,L7,217,50.1,98.08,WhatsApp,0,96.6,9.5,49,3532.58,1295.16
R03878,2025-07-18,L6,161,42.3,0.00,Sem divulgação,0,95.9,9.4,34,2154.96,820.50
R03879,2025-07-18,L3,217,53.3,0.00,Sem divulgação,15,97.4,8.3,63,5575.52,1556.05
R03880,2025-07-18,L5,279,46.4,0.00,Sem divulgação,0,95.4,12.5,40,2746.51,1074.36
R03881,2025-07-19,L4,154,38.2,55.31,Redes sociais,15,95.7,7.5,57,3718.43,1225.20
R03882,2025-07-19,L8,176,42.8,170.71,WhatsApp,15,97.4,7.9,79,4425.64,1502.38
R03883,2025-07-19,L2,238,33.6,164.97,Redes sociais,20,93.9,15.5,35,2485.23,796.34
R03884,2025-07-19,L1,140,42.3,0.00,Sem divulgação,0,96.2,7.3,38,2280.97,930.33
R03885,2025-07-19,L7,201,44.3,98.38,Redes sociais,0,92.9,9.8,53,4372.99,1494.17
R03886,2025-07-19,L6,192,43.1,0.00,Sem divulgação,15,93.6,8.7,59,3335.66,1100.43
R03887,2025-07-19,L3,291,49.6,33.60,Redes sociais,0,95.0,13.6,40,3187.10,1090.72
R03888,2025-07-19,L5,284,48.4,56.05,Redes sociais,0,96.6,12.2,30,3044.37,1197.71
R03889,2025-07-21,L4,119,34.0,95.50,Redes sociais,10,97.1,6.4,58,3685.74,1375.38
R03890,2025-07-21,L8,140,36.6,117.37,Mídia local,15,96.9,7.4,63,3965.32,1347.14
R03891,2025-07-21,L2,159,37.5,161.49,WhatsApp,0,93.7,7.2,59,4536.19,1651.70
R03892,2025-07-21,L1,154,33.3,88.49,WhatsApp,0,98.7,9.4,21,1268.73,529.78
R03893,2025-07-21,L7,132,39.4,0.00,Sem divulgação,0,94.3,7.0,27,2441.49,904.74
R03894,2025-07-21,L6,199,36.3,105.73,WhatsApp,0,95.5,10.6,39,2558.42,964.93
R03895,2025-07-21,L3,209,39.5,0.00,Sem divulgação,5,94.4,12.3,35,2920.97,999.31
R03896,2025-07-21,L5,316,45.9,207.61,Redes sociais,0,93.5,16.1,34,2780.40,1073.80
R03897,2025-07-22,L4,135,30.8,117.73,WhatsApp,5,95.9,8.3,60,4097.31,1582.94
R03898,2025-07-22,L8,158,25.8,0.00,Sem divulgação,0,99.2,13.1,35,2406.79,1021.48
R03899,2025-07-22,L2,130,35.4,0.00,Sem divulgação,15,96.6,6.9,53,3346.16,1078.24
R03900,2025-07-22,L1,161,29.5,0.00,Sem divulgação,10,98.8,10.4,41,2638.95,979.10
R03901,2025-07-22,L7,217,40.0,83.56,Redes sociais,5,95.9,10.3,50,4604.65,1530.28
R03902,2025-07-22,L6,211,38.7,107.79,Redes sociais,15,93.7,12.4,48,3427.01,1085.97
R03903,2025-07-22,L3,181,41.7,0.00,Sem divulgação,5,93.9,9.7,35,2704.33,847.49
R03904,2025-07-22,L5,155,40.9,0.00,Sem divulgação,15,95.4,8.4,40,3379.53,1160.52
R03905,2025-07-23,L4,120,30.6,58.32,Mídia local,15,100.0,6.5,50,3658.35,1150.17
R03906,2025-07-23,L8,163,40.0,134.96,Redes sociais,10,98.3,8.0,58,4286.37,1596.63
R03907,2025-07-23,L2,165,41.9,157.25,Redes sociais,0,96.2,8.5,59,4050.24,1612.71
R03908,2025-07-23,L1,182,39.0,49.04,Mídia local,0,95.3,9.5,46,2783.54,1152.08
R03909,2025-07-23,L7,203,45.4,95.83,Redes sociais,15,97.5,9.1,67,5053.79,1537.29
R03910,2025-07-23,L6,181,35.0,0.00,Sem divulgação,20,94.2,11.1,55,3340.91,1073.66
R03911,2025-07-23,L3,115,45.3,0.00,Sem divulgação,10,97.3,6.9,31,2415.66,755.80
R03912,2025-07-23,L5,258,48.6,82.34,WhatsApp,0,94.5,12.2,31,2122.22,849.94
R03913,2025-07-24,L4,144,34.8,180.79,Mídia local,0,97.5,5.9,57,3955.87,1515.67
R03914,2025-07-24,L8,208,40.1,91.30,Redes sociais,0,97.2,10.3,68,5088.02,1990.09
R03915,2025-07-24,L2,129,29.0,0.00,Sem divulgação,0,95.4,7.9,30,2126.76,804.35
R03916,2025-07-24,L1,172,33.8,0.00,Sem divulgação,5,99.0,12.2,42,2706.98,1094.04
R03917,2025-07-24,L7,213,36.5,0.00,Sem divulgação,0,94.6,11.3,29,2036.34,720.47
R03918,2025-07-24,L6,216,43.0,240.72,WhatsApp,0,94.3,10.1,64,4066.70,1576.05
R03919,2025-07-24,L3,226,48.4,80.10,Mídia local,15,98.7,10.8,44,3271.63,931.40
R03920,2025-07-24,L5,297,51.8,129.31,WhatsApp,5,93.9,11.4,58,4178.70,1547.68
R03921,2025-07-25,L4,102,23.3,0.00,Sem divulgação,15,98.9,7.7,46,2982.87,1016.64
R03922,2025-07-25,L8,122,26.7,0.00,Sem divulgação,5,94.5,9.1,33,1998.51,795.46
R03923,2025-07-25,L2,166,33.6,98.54,Mídia local,15,95.2,9.1,52,3759.40,1080.76
R03924,2025-07-25,L1,145,32.6,0.00,Sem divulgação,0,96.9,8.4,40,2632.10,1052.19
R03925,2025-07-25,L7,185,40.2,87.64,Redes sociais,20,93.4,10.0,60,4771.26,1275.32
R03926,2025-07-25,L6,223,49.3,233.51,Mídia local,0,95.7,9.5,46,3482.20,1295.86
R03927,2025-07-25,L3,167,41.7,0.00,Sem divulgação,0,97.5,7.6,53,4566.24,1636.93
R03928,2025-07-25,L5,245,45.6,110.70,Mídia local,10,94.5,11.4,67,4680.89,1675.85
R03929,2025-07-26,L4,120,33.8,0.00,Sem divulgação,5,97.8,5.5,34,2304.03,860.90
R03930,2025-07-26,L8,161,40.6,309.72,Redes sociais,15,97.1,7.5,78,4429.50,1578.78
R03931,2025-07-26,L2,215,35.1,0.00,Sem divulgação,10,94.5,11.9,44,3043.86,1023.13
R03932,2025-07-26,L1,279,45.1,191.00,WhatsApp,0,97.0,12.5,74,4297.58,1792.09
R03933,2025-07-26,L7,282,45.5,70.46,Mídia local,0,93.7,13.6,40,3054.95,1054.64
R03934,2025-07-26,L6,217,41.6,0.00,Sem divulgação,10,94.0,12.5,43,2766.78,955.26
R03935,2025-07-26,L3,235,46.5,0.00,Sem divulgação,0,96.4,10.5,43,3391.92,1165.77
R03936,2025-07-26,L5,291,52.9,0.00,Sem divulgação,15,95.4,12.7,69,3988.60,1335.12
R03937,2025-07-28,L4,99,26.5,0.00,Sem divulgação,0,96.8,6.2,46,3463.38,1370.21
R03938,2025-07-28,L8,178,39.9,212.81,Redes sociais,5,96.7,8.7,60,4034.70,1516.45
R03939,2025-07-28,L2,213,40.7,292.13,Redes sociais,15,96.7,10.7,54,3998.79,1277.09
R03940,2025-07-28,L1,128,33.0,0.00,Sem divulgação,0,96.7,6.8,36,2222.84,897.18
R03941,2025-07-28,L7,176,42.2,68.77,Mídia local,0,96.9,9.2,59,5605.95,1988.23
R03942,2025-07-28,L6,159,34.7,0.00,Sem divulgação,15,92.1,9.2,48,3373.31,1084.94
R03943,2025-07-28,L3,205,44.0,0.00,Sem divulgação,0,97.6,9.7,40,3754.37,1365.11
R03944,2025-07-28,L5,220,45.7,139.35,Mídia local,0,95.4,10.1,43,3449.54,1404.39
R03945,2025-07-29,L4,186,40.7,195.16,WhatsApp,0,96.4,8.7,60,4487.87,1655.09
R03946,2025-07-29,L8,108,25.8,0.00,Sem divulgação,10,92.9,6.7,44,2224.49,813.68
R03947,2025-07-29,L2,166,37.1,96.10,Redes sociais,10,95.8,8.9,55,3653.62,1292.65
R03948,2025-07-29,L1,132,32.2,0.00,Sem divulgação,5,97.4,9.0,43,2735.15,1077.08
R03949,2025-07-29,L7,157,37.6,0.00,Sem divulgação,10,95.9,9.5,42,2802.26,909.16
R03950,2025-07-29,L6,186,38.6,0.00,Sem divulgação,5,96.7,9.1,64,4595.69,1727.19
R03951,2025-07-29,L3,201,45.7,0.00,Sem divulgação,0,95.1,10.2,24,1796.05,644.84
R03952,2025-07-29,L5,293,44.5,0.00,Sem divulgação,5,96.2,14.9,47,3107.98,1136.77
R03953,2025-07-30,L4,154,38.5,221.50,Mídia local,10,98.2,7.7,78,5926.00,2027.89
R03954,2025-07-30,L8,129,28.8,0.00,Sem divulgação,10,97.9,8.0,61,3809.06,1441.23
R03955,2025-07-30,L2,181,33.6,146.60,WhatsApp,0,96.3,11.8,44,2792.57,993.71
R03956,2025-07-30,L1,134,36.5,0.00,Sem divulgação,0,97.6,7.1,49,3529.75,1445.60
R03957,2025-07-30,L7,168,33.1,0.00,Sem divulgação,10,96.1,11.4,41,2767.77,926.07
R03958,2025-07-30,L6,204,38.7,76.81,Redes sociais,0,94.9,11.7,39,3054.30,1152.67
R03959,2025-07-30,L3,172,41.7,0.00,Sem divulgação,5,95.1,8.8,35,3183.67,1023.17
R03960,2025-07-30,L5,267,51.5,153.15,WhatsApp,10,97.2,12.4,63,4462.28,1639.66
R03961,2025-07-31,L4,155,34.5,100.32,Redes sociais,0,97.1,7.9,62,4782.33,1895.90
R03962,2025-07-31,L8,172,38.8,87.90,Mídia local,5,95.4,8.1,69,5264.45,2071.88
R03963,2025-07-31,L2,178,28.8,0.00,Sem divulgação,0,94.8,13.1,27,2539.23,936.35
R03964,2025-07-31,L1,214,40.3,62.58,WhatsApp,10,98.0,12.1,62,3428.99,1277.02
R03965,2025-07-31,L7,192,42.7,77.63,WhatsApp,5,95.9,8.4,59,5334.03,1825.87
R03966,2025-07-31,L6,242,48.1,215.03,WhatsApp,15,95.8,9.0,67,4171.42,1346.68
R03967,2025-07-31,L3,278,48.9,253.98,Redes sociais,10,96.0,11.0,69,4992.03,1695.88
R03968,2025-07-31,L5,276,50.0,0.00,Sem divulgação,0,95.8,11.9,37,3245.96,1216.63
R03969,2025-08-01,L4,87,25.4,0.00,Sem divulgação,0,99.0,8.4,29,2047.49,832.35
R03970,2025-08-01,L8,121,28.9,0.00,Sem divulgação,5,98.0,9.1,40,3044.06,1206.60
R03971,2025-08-01,L2,200,38.9,162.04,WhatsApp,20,95.3,10.2,68,5200.90,1487.76
R03972,2025-08-01,L1,131,38.3,0.00,Sem divulgação,15,96.2,6.5,52,3283.09,1148.33
R03973,2025-08-01,L7,243,44.5,100.00,WhatsApp,0,95.4,11.5,46,3659.27,1299.01
R03974,2025-08-01,L6,166,33.2,0.00,Sem divulgação,0,95.9,10.6,40,3582.98,1363.62
R03975,2025-08-01,L3,185,42.3,0.00,Sem divulgação,0,97.7,8.6,45,4082.33,1469.99
R03976,2025-08-01,L5,263,45.2,0.00,Sem divulgação,0,94.1,13.1,34,2642.63,1009.46
R03977,2025-08-02,L4,141,37.2,143.39,Redes sociais,15,95.0,8.1,60,3416.63,1238.55
R03978,2025-08-02,L8,113,36.0,0.00,Sem divulgação,15,95.8,5.3,66,4053.48,1404.38
R03979,2025-08-02,L2,149,39.7,53.92,Mídia local,10,97.4,7.0,65,5227.51,1751.62
R03980,2025-08-02,L1,196,39.6,103.99,Redes sociais,0,97.7,11.2,46,2529.10,1028.77
R03981,2025-08-02,L7,168,44.7,109.55,Redes sociais,0,93.5,7.2,33,2858.18,1050.28
R03982,2025-08-02,L6,191,38.5,56.70,Mídia local,0,96.1,11.6,26,1877.67,718.09
R03983,2025-08-02,L3,262,45.4,123.84,Redes sociais,5,88.5,12.2,34,2672.77,880.74
R03984,2025-08-02,L5,275,50.6,165.93,Mídia local,10,97.1,14.0,56,3690.94,1331.49
R03985,2025-08-04,L4,150,28.6,97.57,WhatsApp,15,94.6,10.9,58,3939.65,1195.33
R03986,2025-08-04,L8,153,28.6,102.31,Redes sociais,0,95.8,10.8,37,2453.32,983.05
R03987,2025-08-04,L2,149,36.4,135.99,Redes sociais,5,95.2,8.4,41,3093.44,1084.63
R03988,2025-08-04,L1,200,35.4,67.14,WhatsApp,0,96.0,12.3,47,3050.09,1272.93
R03989,2025-08-04,L7,169,40.6,80.21,WhatsApp,0,94.8,9.1,33,2804.65,984.73
R03990,2025-08-04,L6,163,33.3,0.00,Sem divulgação,5,97.0,9.6,37,2683.47,928.15
R03991,2025-08-04,L3,172,34.7,0.00,Sem divulgação,0,95.3,10.9,32,2498.58,830.25
R03992,2025-08-04,L5,235,47.5,142.00,WhatsApp,10,95.4,11.0,38,2348.02,894.83
R03993,2025-08-05,L4,117,31.0,68.04,Redes sociais,0,97.3,7.7,40,3065.97,1216.57
R03994,2025-08-05,L8,117,29.3,0.00,Sem divulgação,0,97.8,7.8,41,2655.73,1048.58
R03995,2025-08-05,L2,144,35.0,182.81,Mídia local,0,96.6,6.6,59,5338.52,1995.38
R03996,2025-08-05,L1,153,29.7,0.00,Sem divulgação,5,95.7,9.8,47,2795.32,1085.99
R03997,2025-08-05,L7,177,36.4,0.00,Sem divulgação,15,98.2,10.7,59,4001.24,1173.82
R03998,2025-08-05,L6,252,47.6,212.82,WhatsApp,0,94.4,10.8,71,5633.24,2234.48
R03999,2025-08-05,L3,189,36.6,0.00,Sem divulgação,0,95.7,10.6,30,2257.10,786.74
R04000,2025-08-05,L5,259,47.9,221.92,Mídia local,0,96.7,11.2,37,2814.37,1117.67
R04001,2025-08-06,L4,146,29.0,82.67,Redes sociais,0,98.5,9.4,32,2033.27,759.83
R04002,2025-08-06,L8,193,45.0,328.42,WhatsApp,0,95.8,8.7,49,3433.34,1419.36
R04003,2025-08-06,L2,120,41.2,77.26,Mídia local,15,93.4,5.3,49,3120.38,1037.02
R04004,2025-08-06,L1,143,34.3,115.50,Redes sociais,0,100.0,8.3,47,2998.11,1241.89
R04005,2025-08-06,L7,195,40.6,135.48,Redes sociais,5,94.5,10.6,27,2318.89,789.64
R04006,2025-08-06,L6,209,46.4,205.46,Redes sociais,5,92.5,8.4,62,4115.21,1460.81
R04007,2025-08-06,L3,293,45.0,165.85,Redes sociais,0,96.2,13.6,39,3461.30,1237.97
R04008,2025-08-06,L5,307,49.3,155.45,Redes sociais,0,94.3,14.9,27,1957.57,763.60
R04009,2025-08-07,L4,95,27.9,0.00,Sem divulgação,5,97.7,5.8,35,2278.80,820.67
R04010,2025-08-07,L8,129,27.2,0.00,Sem divulgação,5,93.9,8.3,48,3745.24,1423.69
R04011,2025-08-07,L2,147,32.3,0.00,Sem divulgação,15,94.6,8.2,50,3938.63,1232.30
R04012,2025-08-07,L1,178,37.9,123.54,Redes sociais,10,98.9,9.3,51,3142.66,1212.03
R04013,2025-08-07,L7,228,36.5,73.78,Redes sociais,5,92.6,14.6,43,2790.34,933.35
R04014,2025-08-07,L6,205,50.7,231.65,Redes sociais,15,97.9,9.4,52,3643.56,1095.21
R04015,2025-08-07,L3,196,39.8,0.00,Sem divulgação,10,94.2,11.1,35,2663.47,846.98
R04016,2025-08-07,L5,256,37.2,0.00,Sem divulgação,0,94.4,17.7,31,2210.79,860.08
R04017,2025-08-08,L4,112,28.7,0.00,Sem divulgação,0,97.6,6.3,39,2676.53,1043.48
R04018,2025-08-08,L8,109,27.8,0.00,Sem divulgação,0,96.8,6.3,26,1816.92,708.09
R04019,2025-08-08,L2,151,38.8,105.94,Redes sociais,0,95.5,7.6,37,2588.61,939.44
R04020,2025-08-08,L1,155,40.1,0.00,Sem divulgação,10,93.2,9.1,38,2375.14,888.88
R04021,2025-08-08,L7,272,46.6,111.63,WhatsApp,15,93.3,12.0,60,4289.40,1268.80
R04022,2025-08-08,L6,297,47.9,273.92,WhatsApp,10,95.5,14.2,61,3937.70,1436.43
R04023,2025-08-08,L3,291,53.1,225.99,WhatsApp,5,96.4,11.3,63,4693.09,1554.95
R04024,2025-08-08,L5,252,55.5,117.68,Redes sociais,0,92.5,10.6,58,4410.86,1694.04
R04025,2025-08-09,L4,137,31.9,93.56,Redes sociais,5,95.4,7.9,47,3083.91,1242.86
R04026,2025-08-09,L8,179,38.8,87.80,Redes sociais,5,96.1,9.9,50,3054.61,1138.09
R04027,2025-08-09,L2,129,32.4,0.00,Sem divulgação,0,97.0,7.7,47,4038.81,1455.97
R04028,2025-08-09,L1,235,35.4,86.52,Redes sociais,10,94.6,12.9,47,2742.05,1012.52
R04029,2025-08-09,L7,197,41.5,0.00,Sem divulgação,5,95.1,10.2,51,3929.20,1286.77
R04030,2025-08-09,L6,242,44.8,53.20,Redes sociais,0,94.2,10.4,37,2361.12,923.54
R04031,2025-08-09,L3,208,44.8,56.95,WhatsApp,0,91.7,10.3,36,2812.77,1012.86
R04032,2025-08-09,L5,201,49.3,0.00,Sem divulgação,10,95.5,9.4,47,3525.24,1281.77
R04033,2025-08-11,L4,140,30.9,186.62,Mídia local,10,97.0,8.2,47,3215.39,1099.66
R04034,2025-08-11,L8,118,26.6,0.00,Sem divulgação,0,96.4,8.0,38,2655.34,1065.52
R04035,2025-08-11,L2,185,38.8,150.28,WhatsApp,10,93.7,9.8,53,3867.58,1286.25
R04036,2025-08-11,L1,167,31.0,0.00,Sem divulgação,10,96.1,9.9,45,2653.85,1006.03
R04037,2025-08-11,L7,222,38.9,75.87,Redes sociais,0,93.4,11.8,19,1716.79,628.56
R04038,2025-08-11,L6,218,45.7,111.61,Mídia local,15,98.1,9.8,68,4166.37,1364.61
R04039,2025-08-11,L3,245,36.7,122.71,Redes sociais,0,94.4,14.7,19,1478.32,534.30
R04040,2025-08-11,L5,268,50.1,171.91,Redes sociais,20,91.5,13.0,53,4092.57,1265.99
R04041,2025-08-12,L4,89,27.8,0.00,Sem divulgação,0,98.0,6.1,33,2119.36,810.09
R04042,2025-08-12,L8,122,30.0,87.12,Mídia local,20,97.3,6.6,51,3023.98,953.39
R04043,2025-08-12,L2,112,28.1,0.00,Sem divulgação,0,94.3,8.3,29,2278.62,836.86
R04044,2025-08-12,L1,150,43.7,131.24,Mídia local,0,95.3,6.2,43,2871.74,1164.87
R04045,2025-08-12,L7,193,41.6,200.83,WhatsApp,0,95.1,10.2,42,3303.83,1179.56
R04046,2025-08-12,L6,197,42.5,69.38,Redes sociais,5,97.6,10.7,58,3254.59,1165.61
R04047,2025-08-12,L3,159,35.6,0.00,Sem divulgação,5,95.6,9.4,47,4385.91,1473.63
R04048,2025-08-12,L5,183,33.7,0.00,Sem divulgação,0,94.0,12.1,30,2195.70,851.90
R04049,2025-08-13,L4,120,22.0,0.00,Sem divulgação,5,96.6,10.9,43,2771.78,1034.29
R04050,2025-08-13,L8,112,24.5,0.00,Sem divulgação,0,98.6,9.0,44,2793.38,1149.64
R04051,2025-08-13,L2,152,38.3,190.45,Redes sociais,0,96.2,6.3,46,3851.38,1387.67
R04052,2025-08-13,L1,102,30.2,0.00,Sem divulgação,5,99.3,6.7,41,2841.55,1124.15
R04053,2025-08-13,L7,150,45.5,225.11,WhatsApp,5,98.0,5.9,63,5580.56,1856.57
R04054,2025-08-13,L6,169,32.7,0.00,Sem divulgação,0,94.2,10.9,29,1689.65,651.64
R04055,2025-08-13,L3,205,45.7,143.44,WhatsApp,0,95.4,10.9,29,2687.73,921.00
R04056,2025-08-13,L5,196,44.5,0.00,Sem divulgação,5,90.9,10.3,20,1476.23,537.26
R04057,2025-08-14,L4,109,36.4,159.44,WhatsApp,5,94.7,6.9,49,3733.28,1454.65
R04058,2025-08-14,L8,171,37.2,84.77,Redes sociais,15,96.9,9.6,52,3831.25,1226.03
R04059,2025-08-14,L2,141,35.0,0.00,Sem divulgação,0,95.6,6.5,43,2899.24,1112.94
R04060,2025-08-14,L1,215,43.0,53.86,Redes sociais,10,98.2,9.7,66,3608.39,1355.06
R04061,2025-08-14,L7,147,35.6,0.00,Sem divulgação,0,96.6,7.2,48,3880.13,1397.78
R04062,2025-08-14,L6,267,42.0,62.60,Redes sociais,15,93.8,12.2,100,7881.20,2645.78
R04063,2025-08-14,L3,215,43.3,0.00,Sem divulgação,5,96.3,9.9,52,5607.61,1874.45
R04064,2025-08-14,L5,234,48.4,51.84,Redes sociais,10,98.4,10.4,51,3669.24,1332.25
R04065,2025-08-15,L4,130,26.7,0.00,Sem divulgação,5,95.7,9.9,38,2822.41,1050.89
R04066,2025-08-15,L8,122,23.1,0.00,Sem divulgação,10,96.6,11.2,34,1866.78,677.46
R04067,2025-08-15,L2,141,38.9,170.96,Redes sociais,0,95.4,6.7,33,3060.41,1101.65
R04068,2025-08-15,L1,183,43.0,0.00,Sem divulgação,15,97.0,10.9,60,3600.72,1319.07
R04069,2025-08-15,L7,254,44.5,141.96,WhatsApp,0,99.2,13.3,48,3754.15,1354.16
R04070,2025-08-15,L6,215,38.3,0.00,Sem divulgação,0,96.4,11.1,47,3309.10,1165.64
R04071,2025-08-15,L3,221,42.7,0.00,Sem divulgação,10,96.6,10.7,39,2575.52,838.34
R04072,2025-08-15,L5,301,55.0,101.25,Mídia local,5,93.6,11.7,33,2437.54,912.27
R04073,2025-08-16,L4,145,26.8,0.00,Sem divulgação,5,97.4,10.1,48,3633.39,1370.44
R04074,2025-08-16,L8,177,39.7,176.98,Mídia local,0,99.7,6.3,61,3873.28,1569.99
R04075,2025-08-16,L2,184,42.0,230.05,Redes sociais,0,94.5,7.8,52,3595.41,1387.55
R04076,2025-08-16,L1,179,37.7,94.52,Redes sociais,0,97.3,9.7,52,2962.68,1209.62
R04077,2025-08-16,L7,207,45.1,77.80,Redes sociais,10,94.9,9.0,58,4581.67,1512.90
R04078,2025-08-16,L6,203,42.3,0.00,Sem divulgação,20,94.6,9.5,55,3447.09,1065.85
R04079,2025-08-16,L3,199,38.1,0.00,Sem divulgação,0,95.7,10.5,38,2762.10,1015.83
R04080,2025-08-16,L5,324,59.0,136.04,Redes sociais,0,96.7,12.4,60,4448.41,1718.58
R04081,2025-08-18,L4,158,33.8,248.09,Mídia local,10,98.8,9.5,73,4889.18,1788.88
R04082,2025-08-18,L8,95,33.5,0.00,Sem divulgação,15,95.1,5.5,38,2251.82,790.99
R04083,2025-08-18,L2,102,29.0,0.00,Sem divulgação,5,96.5,6.7,43,3645.50,1304.45
R04084,2025-08-18,L1,186,40.2,119.19,Mídia local,20,94.6,9.4,77,4919.62,1721.68
R04085,2025-08-18,L7,155,41.5,0.00,Sem divulgação,0,96.6,7.2,58,4442.02,1554.96
R04086,2025-08-18,L6,111,31.8,0.00,Sem divulgação,0,92.3,8.6,30,2315.46,862.03
R04087,2025-08-18,L3,241,44.5,130.07,Mídia local,0,97.4,10.6,46,3796.71,1338.93
R04088,2025-08-18,L5,198,42.6,86.02,Redes sociais,15,95.9,10.4,44,3137.91,1046.09
R04089,2025-08-19,L4,136,25.4,86.06,WhatsApp,10,97.3,9.7,41,2861.94,998.93
R04090,2025-08-19,L8,137,35.0,121.83,Redes sociais,5,96.2,6.6,40,2371.62,885.56
R04091,2025-08-19,L2,149,34.7,64.78,Redes sociais,20,97.2,7.3,50,3421.92,986.96
R04092,2025-08-19,L1,171,42.4,59.92,Redes sociais,0,95.8,6.8,50,2881.35,1188.85
R04093,2025-08-19,L7,265,43.0,124.48,Mídia local,5,97.1,14.1,48,3829.12,1331.84
R04094,2025-08-19,L6,230,39.4,76.43,Redes sociais,5,94.3,13.5,50,3110.76,1101.31
R04095,2025-08-19,L3,160,35.2,0.00,Sem divulgação,10,93.1,9.7,30,2448.32,742.09
R04096,2025-08-19,L5,257,49.7,86.30,Mídia local,10,83.9,12.1,32,2442.02,898.60
R04097,2025-08-20,L4,69,27.6,0.00,Sem divulgação,15,94.5,5.0,32,1925.79,624.33
R04098,2025-08-20,L8,148,33.1,79.51,Mídia local,5,97.6,7.9,60,4123.76,1533.59
R04099,2025-08-20,L2,103,30.5,0.00,Sem divulgação,20,96.1,7.1,37,2283.35,650.91
R04100,2025-08-20,L1,195,36.8,99.51,Redes sociais,0,98.0,13.0,42,2622.43,1087.53
R04101,2025-08-20,L7,203,35.5,136.10,Redes sociais,10,94.7,12.1,32,2468.63,802.20
R04102,2025-08-20,L6,146,38.6,0.00,Sem divulgação,5,95.4,8.6,29,2154.51,803.10
R04103,2025-08-20,L3,208,35.8,0.00,Sem divulgação,0,95.5,12.4,35,3357.71,1160.10
R04104,2025-08-20,L5,226,46.0,96.28,Mídia local,0,95.8,10.4,28,2274.66,865.78
R04105,2025-08-21,L4,110,29.2,0.00,Sem divulgação,10,96.8,4.6,53,3917.52,1397.53
R04106,2025-08-21,L8,205,31.4,137.66,WhatsApp,5,99.0,13.3,59,3478.68,1327.64
R04107,2025-08-21,L2,176,32.4,174.48,WhatsApp,5,98.1,11.6,48,4352.81,1494.36
R04108,2025-08-21,L1,151,37.9,116.25,Mídia local,20,92.6,6.8,47,2548.47,900.69
R04109,2025-08-21,L7,168,32.2,0.00,Sem divulgação,5,97.2,8.7,29,2014.93,664.78
R04110,2025-08-21,L6,153,36.7,0.00,Sem divulgação,0,94.4,9.1,37,2553.20,1004.14
R04111,2025-08-21,L3,253,47.3,194.92,Mídia local,0,95.1,10.2,55,4657.26,1625.99
R04112,2025-08-21,L5,221,43.0,0.00,Sem divulgação,10,97.5,11.4,33,2217.60,872.73
R04113,2025-08-22,L4,140,24.8,0.00,Sem divulgação,0,100.0,12.8,52,3350.54,1373.80
R04114,2025-08-22,L8,189,34.1,136.15,Redes sociais,0,96.9,12.6,43,2920.42,1212.33
R04115,2025-08-22,L2,150,35.6,147.97,Redes sociais,5,96.2,8.9,38,2693.20,957.63
R04116,2025-08-22,L1,190,44.1,113.19,Redes sociais,15,99.1,8.9,68,3411.10,1233.45
R04117,2025-08-22,L7,214,46.9,84.31,Redes sociais,0,92.2,9.2,30,2229.63,832.62
R04118,2025-08-22,L6,230,39.8,0.00,Sem divulgação,0,96.3,12.3,51,3404.42,1260.13
R04119,2025-08-22,L3,247,41.6,0.00,Sem divulgação,0,83.8,11.6,26,2070.61,707.63
R04120,2025-08-22,L5,206,46.2,0.00,Sem divulgação,0,94.3,8.8,57,4710.88,1800.23
R04121,2025-08-23,L4,150,36.2,75.27,WhatsApp,15,98.1,7.4,52,3032.72,988.79
R04122,2025-08-23,L8,178,38.8,83.33,WhatsApp,0,96.5,9.7,52,2995.78,1210.33
R04123,2025-08-23,L2,211,37.5,171.93,Redes sociais,5,96.4,10.7,47,3327.99,1188.55
R04124,2025-08-23,L1,151,43.8,93.72,Mídia local,0,98.9,3.4,68,3927.11,1542.04
R04125,2025-08-23,L7,228,39.3,0.00,Sem divulgação,0,97.6,13.3,46,4141.72,1476.41
R04126,2025-08-23,L6,258,45.8,137.02,Redes sociais,5,94.6,12.0,57,3585.89,1322.86
R04127,2025-08-23,L3,241,53.2,0.00,Sem divulgação,10,93.3,10.3,44,3770.20,1216.48
R04128,2025-08-23,L5,290,43.8,0.00,Sem divulgação,15,94.7,14.6,55,3532.12,1116.82
R04129,2025-08-25,L4,61,25.0,0.00,Sem divulgação,10,96.2,4.1,24,1797.09,607.93
R04130,2025-08-25,L8,94,22.5,0.00,Sem divulgação,10,97.8,7.0,41,2040.30,736.49
R04131,2025-08-25,L2,166,34.3,190.93,Mídia local,10,96.8,11.0,44,2546.52,821.54
R04132,2025-08-25,L1,204,34.2,97.64,WhatsApp,0,97.2,14.3,28,1773.28,702.88
R04133,2025-08-25,L7,185,30.5,76.78,Redes sociais,5,95.4,12.0,44,3438.22,1131.96
R04134,2025-08-25,L6,187,35.5,0.00,Sem divulgação,20,93.9,12.9,58,3658.67,1117.12
R04135,2025-08-25,L3,159,45.6,74.16,WhatsApp,10,96.3,6.8,41,3049.80,856.78
R04136,2025-08-25,L5,228,46.5,141.28,Redes sociais,0,96.1,12.0,48,2709.31,1047.26
R04137,2025-08-26,L4,173,25.9,176.82,WhatsApp,10,99.7,13.4,51,3454.90,1207.57
R04138,2025-08-26,L8,88,20.9,0.00,Sem divulgação,15,96.1,8.3,34,2381.41,870.60
R04139,2025-08-26,L2,116,30.5,0.00,Sem divulgação,0,94.7,8.4,29,2246.57,810.16
R04140,2025-08-26,L1,145,33.2,81.45,Mídia local,0,97.6,8.7,50,3337.81,1363.51
R04141,2025-08-26,L7,138,33.7,0.00,Sem divulgação,0,97.0,7.8,39,4001.22,1446.42
R04142,2025-08-26,L6,150,42.0,105.06,WhatsApp,5,92.6,6.5,35,2355.37,836.41
R04143,2025-08-26,L3,151,26.3,0.00,Sem divulgação,0,94.6,12.2,18,1289.59,451.67
R04144,2025-08-26,L5,206,48.7,255.09,Mídia local,0,93.2,9.7,41,3173.92,1277.72
R04145,2025-08-27,L4,96,22.2,0.00,Sem divulgação,15,97.8,7.3,34,2193.17,705.42
R04146,2025-08-27,L8,90,34.2,0.00,Sem divulgação,0,95.9,4.0,33,2078.20,857.09
R04147,2025-08-27,L2,209,38.4,200.28,Redes sociais,10,96.4,11.3,58,4259.38,1384.12
R04148,2025-08-27,L1,128,28.7,0.00,Sem divulgação,20,98.8,8.8,42,2584.79,867.27
R04149,2025-08-27,L7,113,35.9,0.00,Sem divulgação,10,98.7,6.9,46,3598.52,1143.49
R04150,2025-08-27,L6,244,42.2,124.76,WhatsApp,20,94.2,11.5,43,3353.05,963.58
R04151,2025-08-27,L3,230,35.9,0.00,Sem divulgação,0,98.2,14.4,25,1932.94,663.01
R04152,2025-08-27,L5,233,44.4,0.00,Sem divulgação,15,95.4,10.6,56,4212.96,1509.02
R04153,2025-08-28,L4,83,33.2,53.24,Redes sociais,0,99.2,4.3,31,2028.98,795.97
R04154,2025-08-28,L8,122,30.8,193.36,Redes sociais,15,95.1,7.8,52,3387.99,1076.85
R04155,2025-08-28,L2,157,36.8,73.41,WhatsApp,10,97.0,10.0,51,3925.74,1324.57
R04156,2025-08-28,L1,208,45.1,119.28,Mídia local,5,97.5,8.9,65,3871.07,1532.86
R04157,2025-08-28,L7,211,40.3,108.73,Redes sociais,0,96.1,11.3,35,2198.78,830.80
R04158,2025-08-28,L6,206,41.3,89.98,Redes sociais,5,94.0,11.7,37,2517.95,944.49
R04159,2025-08-28,L3,228,44.0,94.69,Redes sociais,0,95.8,13.0,31,2491.37,867.76
R04160,2025-08-28,L5,216,38.3,0.00,Sem divulgação,0,92.9,12.0,37,2425.59,938.31
R04161,2025-08-29,L4,142,36.2,86.66,Mídia local,0,97.7,8.6,45,3274.02,1311.06
R04162,2025-08-29,L8,130,33.4,0.00,Sem divulgação,15,96.2,6.9,54,3508.66,1127.49
R04163,2025-08-29,L2,205,37.1,99.16,Mídia local,5,97.9,10.5,42,3032.10,1069.74
R04164,2025-08-29,L1,161,37.4,59.18,Redes sociais,20,96.3,8.3,44,1833.86,611.66
R04165,2025-08-29,L7,241,45.3,120.99,WhatsApp,5,97.3,9.1,66,5518.32,1898.11
R04166,2025-08-29,L6,155,41.7,0.00,Sem divulgação,5,91.2,6.2,45,3099.95,1114.06
R04167,2025-08-29,L3,241,43.4,0.00,Sem divulgação,20,96.1,12.7,49,3911.69,978.21
R04168,2025-08-29,L5,281,45.9,52.47,WhatsApp,0,96.0,13.6,49,4305.68,1647.12
R04169,2025-08-30,L4,125,29.9,0.00,Sem divulgação,0,97.6,7.1,59,4078.09,1537.47
R04170,2025-08-30,L8,165,35.1,0.00,Sem divulgação,10,93.7,9.2,53,3789.37,1427.08
R04171,2025-08-30,L2,202,39.6,62.75,Redes sociais,5,96.7,11.2,58,4701.94,1671.24
R04172,2025-08-30,L1,196,46.5,146.52,Mídia local,20,96.7,7.8,74,4590.27,1626.03
R04173,2025-08-30,L7,268,45.6,99.96,Redes sociais,15,97.2,12.4,64,4307.95,1241.68
R04174,2025-08-30,L6,229,47.6,60.42,Redes sociais,0,95.1,9.7,54,3455.54,1295.18
R04175,2025-08-30,L3,258,45.4,0.00,Sem divulgação,10,99.4,13.3,58,4548.28,1355.07
R04176,2025-08-30,L5,249,41.8,0.00,Sem divulgação,10,93.9,13.1,45,2827.45,984.26
R04177,2025-09-01,L4,76,23.2,0.00,Sem divulgação,5,93.7,5.4,19,1256.61,450.31
R04178,2025-09-01,L8,164,37.6,304.67,Redes sociais,0,95.7,9.9,48,3466.93,1355.32
R04179,2025-09-01,L2,125,31.7,69.20,WhatsApp,0,94.5,7.3,31,1784.68,663.73
R04180,2025-09-01,L1,179,37.3,163.08,Redes sociais,0,98.5,8.8,62,3949.26,1596.61
R04181,2025-09-01,L7,148,38.1,159.17,Redes sociais,0,92.4,7.1,33,2577.83,943.09
R04182,2025-09-01,L6,213,32.6,112.84,Redes sociais,20,94.6,14.9,79,5343.75,1492.18
R04183,2025-09-01,L3,245,38.5,149.83,WhatsApp,0,94.7,12.9,35,2320.16,813.15
R04184,2025-09-01,L5,178,40.6,0.00,Sem divulgação,5,93.9,9.6,30,2034.33,752.13
R04185,2025-09-02,L4,121,32.0,175.56,Redes sociais,0,94.5,6.2,47,3921.58,1484.94
R04186,2025-09-02,L8,118,32.9,0.00,Sem divulgação,15,97.3,6.5,50,3394.99,1168.98
R04187,2025-09-02,L2,142,34.7,0.00,Sem divulgação,0,93.9,8.4,43,3271.99,1217.73
R04188,2025-09-02,L1,295,43.2,355.20,WhatsApp,20,99.2,13.3,100,5497.04,1818.11
R04189,2025-09-02,L7,217,44.1,106.27,Redes sociais,0,95.8,10.3,45,4071.51,1475.34
R04190,2025-09-02,L6,167,42.5,148.21,WhatsApp,10,87.5,8.4,31,1650.22,555.94
R04191,2025-09-02,L3,219,43.1,78.57,Redes sociais,0,96.3,11.8,32,2910.55,1046.29
R04192,2025-09-02,L5,229,52.6,125.69,Redes sociais,5,92.8,9.1,55,4305.24,1583.28
R04193,2025-09-03,L4,120,29.5,45.56,Redes sociais,15,98.5,7.4,44,3635.45,1293.93
R04194,2025-09-03,L8,114,26.0,0.00,Sem divulgação,5,96.3,8.4,37,2472.41,944.28
R04195,2025-09-03,L2,185,33.2,138.61,Redes sociais,0,96.4,11.4,40,2952.92,1062.73
R04196,2025-09-03,L1,143,28.9,0.00,Sem divulgação,0,96.6,8.5,37,2088.33,850.43
R04197,2025-09-03,L7,194,37.1,95.69,WhatsApp,20,94.6,10.8,53,3892.19,1013.20
R04198,2025-09-03,L6,187,42.3,90.92,WhatsApp,0,100.0,8.4,43,2501.08,949.07
R04199,2025-09-03,L3,187,42.5,95.21,Redes sociais,0,96.4,9.9,25,2274.12,792.88
R04200,2025-09-03,L5,200,45.6,117.10,Redes sociais,0,97.9,9.9,54,3070.66,1188.25
R04201,2025-09-04,L4,124,34.1,106.96,WhatsApp,0,98.0,7.2,43,3082.34,1255.22
R04202,2025-09-04,L8,125,35.7,103.13,Mídia local,0,96.9,7.5,38,2604.49,1052.43
R04203,2025-09-04,L2,143,34.8,0.00,Sem divulgação,20,97.0,8.5,67,4314.47,1239.57
R04204,2025-09-04,L1,247,42.4,270.36,WhatsApp,20,97.0,11.6,78,4107.20,1435.89
R04205,2025-09-04,L7,178,37.3,0.00,Sem divulgação,0,94.5,10.9,40,3241.88,1167.04
R04206,2025-09-04,L6,208,44.8,0.00,Sem divulgação,0,93.2,9.8,60,4025.93,1512.91
R04207,2025-09-04,L3,212,47.2,131.53,Redes sociais,0,95.7,9.4,43,3343.72,1152.07
R04208,2025-09-04,L5,225,38.4,0.00,Sem divulgação,0,92.8,13.5,19,1487.59,577.95
R04209,2025-09-05,L4,106,27.8,98.62,Mídia local,5,96.3,7.5,41,2669.41,1039.42
R04210,2025-09-05,L8,131,29.9,0.00,Sem divulgação,5,95.8,8.1,40,2734.32,1043.33
R04211,2025-09-05,L2,129,41.2,120.43,Mídia local,15,96.9,6.4,54,3013.67,985.69
R04212,2025-09-05,L1,180,40.8,106.99,WhatsApp,0,99.7,9.2,44,3114.10,1309.67
R04213,2025-09-05,L7,213,50.5,156.27,Redes sociais,5,96.3,7.6,61,4983.24,1637.26
R04214,2025-09-05,L6,237,42.4,112.84,Redes sociais,0,92.8,12.1,53,3455.86,1362.27
R04215,2025-09-05,L3,206,47.6,120.72,Mídia local,15,95.0,8.7,52,4020.65,1269.42
R04216,2025-09-05,L5,214,46.0,0.00,Sem divulgação,5,94.0,11.2,40,3031.90,1176.36
R04217,2025-09-06,L4,156,32.8,90.40,WhatsApp,0,96.7,8.2,54,3974.06,1564.46
R04218,2025-09-06,L8,158,34.9,141.30,WhatsApp,15,95.9,8.9,74,4705.94,1633.17
R04219,2025-09-06,L2,156,29.1,0.00,Sem divulgação,0,95.6,10.7,52,3478.37,1233.79
R04220,2025-09-06,L1,152,29.9,0.00,Sem divulgação,0,95.6,9.9,43,2778.24,1130.18
R04221,2025-09-06,L7,202,34.4,0.00,Sem divulgação,0,95.0,12.9,22,1999.25,718.18
R04222,2025-09-06,L6,182,42.5,0.00,Sem divulgação,0,93.7,9.0,29,1983.72,741.81
R04223,2025-09-06,L3,274,50.8,147.47,Redes sociais,5,96.6,11.7,51,4590.45,1590.06
R04224,2025-09-06,L5,287,49.8,173.42,WhatsApp,10,95.6,11.7,67,4903.53,1788.77
R04225,2025-09-08,L4,103,24.8,0.00,Sem divulgação,5,97.7,6.9,42,2831.85,1091.51
R04226,2025-09-08,L8,165,31.4,246.49,WhatsApp,15,95.6,11.5,50,3047.68,991.17
R04227,2025-09-08,L2,106,31.5,0.00,Sem divulgação,15,97.9,5.3,58,4114.21,1242.02
R04228,2025-09-08,L1,136,32.4,45.75,Mídia local,0,96.4,8.6,38,2321.09,918.43
R04229,2025-09-08,L7,217,34.6,160.98,Redes sociais,0,96.4,13.2,31,2357.70,891.46
R04230,2025-09-08,L6,205,38.6,106.76,Mídia local,10,93.5,11.1,56,3659.49,1187.91
R04231,2025-09-08,L3,197,43.0,65.94,Redes sociais,0,97.5,10.8,31,2556.49,892.59
R04232,2025-09-08,L5,173,35.4,0.00,Sem divulgação,5,92.5,9.7,32,2320.59,859.54
R04233,2025-09-09,L4,142,29.1,116.16,Mídia local,0,95.4,9.1,24,1929.62,742.55
R04234,2025-09-09,L8,86,27.8,0.00,Sem divulgação,20,94.1,6.9,29,1877.39,649.38
R04235,2025-09-09,L2,113,32.6,0.00,Sem divulgação,0,97.3,5.9,46,3556.90,1300.39
R04236,2025-09-09,L1,134,28.1,0.00,Sem divulgação,5,95.7,9.9,30,1974.25,783.51
R04237,2025-09-09,L7,168,37.6,152.49,Redes sociais,15,96.0,9.5,69,4858.07,1476.18
R04238,2025-09-09,L6,216,44.7,136.84,WhatsApp,0,95.1,11.4,22,1497.97,559.85
R04239,2025-09-09,L3,195,45.8,145.82,Mídia local,0,96.3,9.4,28,2267.06,799.63
R04240,2025-09-09,L5,252,43.1,104.84,Mídia local,0,95.4,12.2,39,2883.01,1151.23
R04241,2025-09-10,L4,112,27.0,0.00,Sem divulgação,15,98.0,7.1,58,3967.46,1339.23
R04242,2025-09-10,L8,113,28.4,0.00,Sem divulgação,0,96.8,7.5,36,2641.47,1064.75
R04243,2025-09-10,L2,147,29.0,66.93,Mídia local,0,97.8,11.0,32,2439.82,864.33
R04244,2025-09-10,L1,167,42.2,94.06,Redes sociais,15,98.4,8.6,54,2553.44,913.19
R04245,2025-09-10,L7,109,33.2,0.00,Sem divulgação,5,95.5,7.6,27,2291.81,743.22
R04246,2025-09-10,L6,210,42.8,108.13,WhatsApp,20,96.2,11.1,64,4250.03,1312.19
R04247,2025-09-10,L3,212,41.0,37.17,Mídia local,0,97.2,11.5,26,2184.39,789.07
R04248,2025-09-10,L5,216,36.4,0.00,Sem divulgação,0,95.8,12.6,31,2670.43,1023.88
R04249,2025-09-11,L4,94,34.8,57.36,Redes sociais,0,94.8,5.5,27,2210.43,868.88
R04250,2025-09-11,L8,117,25.5,0.00,Sem divulgação,0,95.1,9.7,31,2217.81,897.66
R04251,2025-09-11,L2,130,33.6,0.00,Sem divulgação,5,97.7,9.1,41,3569.84,1237.29
R04252,2025-09-11,L1,189,39.6,102.57,Mídia local,0,98.3,9.4,55,3043.02,1248.73
R04253,2025-09-11,L7,155,32.0,0.00,Sem divulgação,5,94.5,9.9,36,2220.25,734.09
R04254,2025-09-11,L6,167,43.5,56.03,Redes sociais,0,93.6,8.1,45,3128.26,1165.14
R04255,2025-09-11,L3,298,50.7,269.30,WhatsApp,5,94.2,10.3,49,4489.76,1497.20
R04256,2025-09-11,L5,166,36.8,0.00,Sem divulgação,20,94.9,8.3,39,3167.06,1003.61
R04257,2025-09-12,L4,161,36.1,111.09,Redes sociais,10,99.2,7.8,65,4848.18,1874.39
R04258,2025-09-12,L8,126,33.1,0.00,Sem divulgação,10,97.6,6.0,48,2698.57,955.60
R04259,2025-09-12,L2,121,39.7,0.00,Sem divulgação,0,94.2,7.0,33,2491.48,966.32
R04260,2025-09-12,L1,180,45.5,157.45,Redes sociais,20,96.4,7.9,83,4438.05,1416.52
R04261,2025-09-12,L7,182,37.6,0.00,Sem divulgação,0,95.3,9.9,50,3632.03,1271.72
R04262,2025-09-12,L6,224,45.3,0.00,Sem divulgação,5,95.9,10.7,47,3301.52,1207.56
R04263,2025-09-12,L3,207,48.2,111.97,WhatsApp,10,97.4,8.5,61,5010.13,1577.82
R04264,2025-09-12,L5,266,48.9,0.00,Sem divulgação,15,95.2,12.6,70,5331.16,1716.71
R04265,2025-09-13,L4,92,24.5,0.00,Sem divulgação,0,96.3,7.4,30,2638.97,1077.47
R04266,2025-09-13,L8,167,29.4,68.20,WhatsApp,20,97.5,13.7,66,3597.67,1194.03
R04267,2025-09-13,L2,168,38.9,107.82,Redes sociais,0,95.4,8.9,56,4865.42,1819.68
R04268,2025-09-13,L1,143,32.5,0.00,Sem divulgação,15,97.8,10.4,50,2767.96,1022.93
R04269,2025-09-13,L7,133,37.4,0.00,Sem divulgação,0,97.6,8.6,36,3158.73,1155.91
R04270,2025-09-13,L6,219,40.5,125.41,WhatsApp,15,85.2,11.2,43,3068.21,995.22
R04271,2025-09-13,L3,247,48.6,220.55,Mídia local,5,97.3,10.6,47,4315.20,1409.47
R04272,2025-09-13,L5,262,53.9,118.19,Mídia local,15,94.9,8.5,65,4718.49,1557.70
R04273,2025-09-15,L4,93,32.3,148.33,Redes sociais,0,95.3,3.7,36,2889.69,1089.94
R04274,2025-09-15,L8,91,25.1,0.00,Sem divulgação,0,96.3,5.3,39,2640.74,1076.17
R04275,2025-09-15,L2,99,20.6,0.00,Sem divulgação,15,96.1,10.1,28,2147.77,641.60
R04276,2025-09-15,L1,174,38.8,164.62,WhatsApp,5,95.8,9.9,49,2538.44,979.55
R04277,2025-09-15,L7,152,33.2,68.45,Redes sociais,20,96.6,9.4,46,2815.54,740.89
R04278,2025-09-15,L6,118,34.9,0.00,Sem divulgação,0,95.9,6.5,25,1772.05,672.35
R04279,2025-09-15,L3,189,42.2,78.16,WhatsApp,0,96.4,10.8,37,3100.79,1018.82
R04280,2025-09-15,L5,174,32.0,0.00,Sem divulgação,10,96.6,11.2,47,3252.85,1115.73
R04281,2025-09-16,L4,121,37.6,172.36,WhatsApp,15,98.5,5.5,71,4628.90,1544.28
R04282,2025-09-16,L8,108,25.3,0.00,Sem divulgação,10,95.7,8.2,31,2290.68,848.42
R04283,2025-09-16,L2,132,29.3,49.14,Redes sociais,0,97.5,8.7,36,2198.62,795.90
R04284,2025-09-16,L1,205,34.4,86.36,Mídia local,10,94.9,12.7,46,2891.73,1093.51
R04285,2025-09-16,L7,146,33.2,0.00,Sem divulgação,10,93.4,8.4,43,3777.28,1272.99
R04286,2025-09-16,L6,186,38.1,112.67,WhatsApp,15,98.0,10.1,40,3030.78,973.61
R04287,2025-09-16,L3,151,39.1,0.00,Sem divulgação,5,97.9,9.6,25,1791.95,575.28
R04288,2025-09-16,L5,239,41.4,187.20,WhatsApp,10,93.8,13.7,41,2752.82,951.46
R04289,2025-09-17,L4,84,26.0,0.00,Sem divulgação,10,88.0,5.3,31,2672.65,945.96
R04290,2025-09-17,L8,98,24.5,0.00,Sem divulgação,10,98.0,8.9,40,2576.33,921.59
R04291,2025-09-17,L2,159,36.7,125.72,WhatsApp,5,96.6,7.7,57,4084.02,1499.41
R04292,2025-09-17,L1,115,30.4,0.00,Sem divulgação,0,96.2,7.6,31,2143.42,879.87
R04293,2025-09-17,L7,176,33.0,0.00,Sem divulgação,0,95.6,10.6,20,1625.66,591.08
R04294,2025-09-17,L6,242,43.8,149.16,Redes sociais,5,96.7,11.9,40,2625.85,938.14
R04295,2025-09-17,L3,211,37.6,86.03,WhatsApp,0,91.4,12.9,18,1560.61,560.32
R04296,2025-09-17,L5,182,46.7,172.42,Mídia local,10,95.2,9.3,57,3429.00,1206.19
R04297,2025-09-18,L4,89,24.8,0.00,Sem divulgação,5,100.0,6.9,34,2159.34,823.01
R04298,2025-09-18,L8,102,21.9,0.00,Sem divulgação,5,95.8,9.3,27,1800.91,723.75
R04299,2025-09-18,L2,157,41.6,152.05,Redes sociais,5,97.3,6.9,54,4585.22,1606.16
R04300,2025-09-18,L1,184,37.1,155.61,WhatsApp,5,96.7,11.1,51,3398.73,1297.19
R04301,2025-09-18,L7,207,41.4,147.39,WhatsApp,0,95.1,11.1,34,2527.26,894.61
R04302,2025-09-18,L6,223,39.2,220.44,WhatsApp,0,93.9,12.5,54,4678.93,1823.48
R04303,2025-09-18,L3,166,37.9,0.00,Sem divulgação,15,95.4,8.1,37,2798.95,756.45
R04304,2025-09-18,L5,229,43.9,0.00,Sem divulgação,0,94.5,10.9,34,2673.83,1021.32
R04305,2025-09-19,L4,155,34.2,125.69,Redes sociais,0,96.6,8.9,53,3357.23,1290.52
R04306,2025-09-19,L8,208,41.4,217.83,Redes sociais,10,93.9,8.4,61,3311.26,1184.77
R04307,2025-09-19,L2,212,39.6,141.69,Redes sociais,15,95.6,11.2,66,4575.61,1447.57
R04308,2025-09-19,L1,202,37.2,129.10,WhatsApp,0,95.7,11.4,37,2019.06,825.48
R04309,2025-09-19,L7,235,45.5,215.38,Redes sociais,0,94.3,12.6,44,3378.61,1220.73
R04310,2025-09-19,L6,188,45.0,0.00,Sem divulgação,10,94.4,8.5,44,2621.46,875.26
R04311,2025-09-19,L3,228,51.0,177.38,Redes sociais,0,94.0,8.1,47,4710.25,1632.87
R04312,2025-09-19,L5,215,49.4,166.61,Redes sociais,10,94.7,8.9,49,4466.00,1507.57
R04313,2025-09-20,L4,174,30.8,178.12,Redes sociais,10,98.5,9.9,66,4334.21,1549.83
R04314,2025-09-20,L8,136,34.2,113.48,Redes sociais,15,97.8,7.2,60,4029.31,1457.32
R04315,2025-09-20,L2,167,33.9,91.56,WhatsApp,5,95.8,9.8,43,3199.28,1166.72
R04316,2025-09-20,L1,184,34.5,110.79,Mídia local,10,92.4,11.2,46,3104.30,1177.82
R04317,2025-09-20,L7,192,45.1,75.14,Redes sociais,5,96.1,8.9,64,5229.30,1879.52
R04318,2025-09-20,L6,210,39.0,87.86,WhatsApp,15,95.3,10.7,60,3607.10,1177.28
R04319,2025-09-20,L3,192,46.6,94.60,Mídia local,15,93.3,9.2,49,3728.56,1132.18
R04320,2025-09-20,L5,214,41.0,0.00,Sem divulgação,0,95.3,13.4,37,2649.01,1015.71
R04321,2025-09-22,L4,88,28.6,51.34,WhatsApp,5,96.0,4.6,34,2837.35,997.80
R04322,2025-09-22,L8,139,31.3,83.23,Redes sociais,0,98.5,8.4,37,2749.31,1069.93
R04323,2025-09-22,L2,95,27.1,0.00,Sem divulgação,0,96.2,6.4,27,1976.62,741.83
R04324,2025-09-22,L1,142,41.6,197.46,Redes sociais,0,96.6,5.9,45,2648.38,1083.48
R04325,2025-09-22,L7,172,34.8,205.07,Redes sociais,20,95.3,10.4,60,4029.09,1177.53
R04326,2025-09-22,L6,172,33.9,105.17,Redes sociais,5,95.8,11.0,40,2839.34,1041.31
R04327,2025-09-22,L3,185,43.3,98.54,Redes sociais,0,94.7,7.9,38,2688.45,904.61
R04328,2025-09-22,L5,186,39.8,0.00,Sem divulgação,0,93.4,10.1,26,1888.43,745.16
R04329,2025-09-23,L4,93,20.3,0.00,Sem divulgação,0,94.4,8.1,32,2562.23,1008.99
R04330,2025-09-23,L8,91,20.5,0.00,Sem divulgação,0,94.8,6.4,31,1972.11,779.87
R04331,2025-09-23,L2,120,28.7,0.00,Sem divulgação,5,94.3,8.0,38,3339.80,1176.99
R04332,2025-09-23,L1,158,25.8,90.90,WhatsApp,0,98.9,12.5,34,2066.30,830.87
R04333,2025-09-23,L7,179,35.6,85.99,WhatsApp,0,91.6,10.4,35,2681.36,987.85
R04334,2025-09-23,L6,185,46.0,150.07,WhatsApp,15,95.6,8.7,48,3359.24,1122.41
R04335,2025-09-23,L3,243,43.6,91.17,Redes sociais,5,96.6,12.7,35,3216.70,1048.16
R04336,2025-09-23,L5,161,43.3,200.47,Mídia local,5,93.9,8.1,24,1738.38,649.31
R04337,2025-09-24,L4,164,24.7,72.52,Mídia local,0,98.2,14.2,37,2918.75,1133.92
R04338,2025-09-24,L8,179,36.0,128.68,Redes sociais,0,95.9,10.5,48,3849.72,1495.27
R04339,2025-09-24,L2,163,33.4,0.00,Sem divulgação,0,98.6,10.3,42,3118.09,1181.41
R04340,2025-09-24,L1,176,31.7,89.54,Mídia local,0,93.4,10.2,45,2434.64,982.29
R04341,2025-09-24,L7,153,41.3,0.00,Sem divulgação,20,97.1,8.5,60,3637.31,991.43
R04342,2025-09-24,L6,227,46.3,62.49,Mídia local,0,94.3,9.1,49,3051.13,1146.34
R04343,2025-09-24,L3,161,43.4,0.00,Sem divulgação,0,96.3,7.9,42,3331.86,1128.21
R04344,2025-09-24,L5,265,52.4,49.76,Redes sociais,0,96.0,9.9,64,4499.90,1758.77
R04345,2025-09-25,L4,91,25.1,0.00,Sem divulgação,10,96.5,6.5,36,2446.84,877.31
R04346,2025-09-25,L8,177,40.0,250.89,Redes sociais,20,97.0,8.2,68,4209.69,1344.49
R04347,2025-09-25,L2,138,35.0,0.00,Sem divulgação,0,94.8,7.7,29,2009.43,729.43
R04348,2025-09-25,L1,141,23.1,0.00,Sem divulgação,0,96.8,13.7,34,2389.40,933.61
R04349,2025-09-25,L7,140,37.8,0.00,Sem divulgação,0,93.4,7.3,37,3528.32,1255.28
R04350,2025-09-25,L6,200,36.1,73.09,WhatsApp,0,97.1,11.9,65,4524.34,1746.81
R04351,2025-09-25,L3,203,41.7,0.00,Sem divulgação,0,94.6,9.1,36,3000.66,1095.46
R04352,2025-09-25,L5,168,45.6,0.00,Sem divulgação,0,100.0,8.5,41,3057.20,1223.37
R04353,2025-09-26,L4,143,31.4,76.30,Redes sociais,5,94.6,7.5,42,3125.19,1061.44
R04354,2025-09-26,L8,185,38.1,232.06,Redes sociais,0,95.7,9.8,50,3417.75,1396.32
R04355,2025-09-26,L2,161,29.5,0.00,Sem divulgação,0,95.7,11.3,30,2311.72,834.11
R04356,2025-09-26,L1,145,32.0,0.00,Sem divulgação,0,96.1,9.0,46,2993.43,1192.65
R04357,2025-09-26,L7,224,38.9,100.90,WhatsApp,15,94.2,11.4,68,4689.76,1397.85
R04358,2025-09-26,L6,271,49.4,182.12,WhatsApp,0,93.2,10.8,42,3223.78,1197.67
R04359,2025-09-26,L3,223,46.8,0.00,Sem divulgação,0,95.0,10.0,35,2604.21,899.98
R04360,2025-09-26,L5,310,47.9,86.79,WhatsApp,10,94.5,15.1,42,2896.65,1027.25
R04361,2025-09-27,L4,166,39.5,151.04,WhatsApp,0,95.4,7.3,63,4976.16,1921.29
R04362,2025-09-27,L8,166,40.0,127.52,Mídia local,0,94.7,7.4,64,4835.54,1867.29
R04363,2025-09-27,L2,111,28.6,0.00,Sem divulgação,10,95.9,6.7,53,3359.74,1085.66
R04364,2025-09-27,L1,202,31.1,0.00,Sem divulgação,10,96.6,15.3,48,3437.84,1261.16
R04365,2025-09-27,L7,158,40.3,0.00,Sem divulgação,15,93.6,9.3,52,3649.87,1206.19
R04366,2025-09-27,L6,195,43.4,0.00,Sem divulgação,5,96.3,9.7,49,3084.06,1115.93
R04367,2025-09-27,L3,205,44.1,0.00,Sem divulgação,5,94.9,11.3,34,2583.34,849.45
R04368,2025-09-27,L5,263,42.8,45.64,Mídia local,0,93.1,13.6,34,2414.35,926.22
R04369,2025-09-29,L4,158,34.0,259.76,Redes sociais,15,97.0,9.0,81,5179.70,1601.18
R04370,2025-09-29,L8,131,32.5,105.19,Redes sociais,0,97.9,6.4,56,3644.18,1446.45
R04371,2025-09-29,L2,104,26.3,0.00,Sem divulgação,10,94.7,8.2,30,2097.66,693.51
R04372,2025-09-29,L1,113,26.6,0.00,Sem divulgação,5,96.9,7.7,36,2261.57,908.45
R04373,2025-09-29,L7,123,31.6,119.03,Redes sociais,0,96.3,7.9,27,1919.43,690.16
R04374,2025-09-29,L6,134,39.2,0.00,Sem divulgação,0,94.6,6.0,29,2219.95,850.40
R04375,2025-09-29,L3,148,36.2,0.00,Sem divulgação,5,96.7,7.3,42,3497.58,1115.82
R04376,2025-09-29,L5,191,34.5,0.00,Sem divulgação,10,95.1,12.6,31,2008.55,694.92
R04377,2025-09-30,L4,115,32.2,157.33,Redes sociais,10,95.3,5.3,48,3631.46,1313.27
R04378,2025-09-30,L8,115,25.1,0.00,Sem divulgação,0,98.3,8.8,39,2696.52,1087.15
R04379,2025-09-30,L2,140,26.6,0.00,Sem divulgação,15,94.6,12.1,36,2271.13,655.17
R04380,2025-09-30,L1,175,40.4,199.51,Redes sociais,10,98.0,9.4,58,3013.94,1094.38
R04381,2025-09-30,L7,162,31.5,0.00,Sem divulgação,0,94.6,10.7,30,2346.95,849.81
R04382,2025-09-30,L6,191,41.3,108.26,Redes sociais,5,96.1,10.1,46,2932.80,1078.02
R04383,2025-09-30,L3,171,38.8,0.00,Sem divulgação,15,96.3,9.7,40,3127.67,877.84
R04384,2025-09-30,L5,158,44.2,0.00,Sem divulgação,5,94.3,9.0,30,2159.12,801.99
R04385,2025-10-01,L4,101,28.9,0.00,Sem divulgação,10,98.6,6.4,56,3526.43,1328.54
R04386,2025-10-01,L8,120,33.9,0.00,Sem divulgação,20,96.6,7.3,58,3218.20,1103.57
R04387,2025-10-01,L2,145,29.0,0.00,Sem divulgação,0,94.8,10.2,29,2225.69,822.41
R04388,2025-10-01,L1,115,36.6,0.00,Sem divulgação,0,93.7,6.8,31,2017.79,819.09
R04389,2025-10-01,L7,176,40.5,142.21,Mídia local,5,93.0,8.8,56,4730.26,1633.74
R04390,2025-10-01,L6,209,41.4,0.00,Sem divulgação,10,94.1,10.0,47,3202.65,1093.37
R04391,2025-10-01,L3,245,49.8,188.28,WhatsApp,0,95.7,11.9,36,3341.30,1192.87
R04392,2025-10-01,L5,225,48.9,93.93,Redes sociais,15,96.0,10.1,56,4250.61,1472.57
R04393,2025-10-02,L4,121,34.1,151.42,Redes sociais,0,97.9,6.0,48,3981.50,1580.23
R04394,2025-10-02,L8,96,25.7,0.00,Sem divulgação,10,96.3,6.8,37,2691.75,976.79
R04395,2025-10-02,L2,156,33.5,0.00,Sem divulgação,0,94.9,8.6,49,3974.33,1422.67
R04396,2025-10-02,L1,173,37.0,94.08,WhatsApp,0,95.5,8.6,32,1865.09,756.39
R04397,2025-10-02,L7,130,37.8,110.44,Redes sociais,0,95.7,7.4,50,4064.13,1402.65
R04398,2025-10-02,L6,161,41.4,58.61,WhatsApp,10,96.1,8.0,51,2940.62,941.11
R04399,2025-10-02,L3,199,45.1,110.46,Redes sociais,5,94.2,9.4,53,4299.34,1414.56
R04400,2025-10-02,L5,237,39.3,0.00,Sem divulgação,5,94.9,14.5,54,4351.43,1578.64
R04401,2025-10-03,L4,121,27.0,59.69,Mídia local,0,97.5,6.9,51,3327.46,1250.17
R04402,2025-10-03,L8,131,31.5,0.00,Sem divulgação,5,95.9,9.0,52,3070.36,1222.07
R04403,2025-10-03,L2,181,39.6,198.78,Mídia local,0,96.5,9.1,42,3570.83,1330.79
R04404,2025-10-03,L1,142,38.3,0.00,Sem divulgação,10,97.1,7.0,57,4020.75,1577.59
R04405,2025-10-03,L7,207,44.3,79.30,Redes sociais,15,95.7,9.5,63,5370.83,1553.50
R04406,2025-10-03,L6,173,41.0,0.00,Sem divulgação,15,95.7,9.9,45,2644.02,868.40
R04407,2025-10-03,L3,220,38.9,0.00,Sem divulgação,0,94.6,11.0,34,2832.04,972.58
R04408,2025-10-03,L5,209,47.6,25.00,WhatsApp,0,93.3,9.2,36,2910.71,1149.61
R04409,2025-10-04,L4,148,46.3,97.61,Mídia local,10,98.5,2.8,80,5146.11,1780.72
R04410,2025-10-04,L8,185,35.0,92.15,Redes sociais,20,95.5,10.2,74,4879.07,1685.12
R04411,2025-10-04,L2,182,29.6,98.18,Mídia local,15,98.7,12.7,52,3593.73,1120.89
R04412,2025-10-04,L1,229,36.1,85.03,Redes sociais,10,94.7,15.1,51,3100.22,1198.37
R04413,2025-10-04,L7,222,41.8,95.87,Mídia local,0,96.2,12.1,42,3457.02,1293.02
R04414,2025-10-04,L6,164,37.7,0.00,Sem divulgação,15,94.9,8.9,43,2555.70,758.47
R04415,2025-10-04,L3,317,61.9,206.26,Mídia local,0,96.9,10.9,45,4227.88,1442.00
R04416,2025-10-04,L5,283,52.6,195.48,Redes sociais,5,94.1,12.7,32,2738.04,1065.89
R04417,2025-10-06,L4,96,23.9,0.00,Sem divulgação,15,96.0,7.3,47,3674.48,1258.54
R04418,2025-10-06,L8,119,27.5,0.00,Sem divulgação,0,99.8,8.3,45,3566.26,1438.00
R04419,2025-10-06,L2,162,32.3,100.78,Redes sociais,0,96.9,9.6,34,2860.15,1071.18
R04420,2025-10-06,L1,149,32.5,0.00,Sem divulgação,0,98.2,8.6,54,2935.88,1224.22
R04421,2025-10-06,L7,204,37.7,112.32,Redes sociais,15,100.0,12.7,71,4535.66,1374.68
R04422,2025-10-06,L6,126,33.5,0.00,Sem divulgação,5,94.5,7.5,27,1890.05,669.79
R04423,2025-10-06,L3,266,44.4,56.57,Redes sociais,5,96.3,12.2,33,2401.64,801.61
R04424,2025-10-06,L5,231,45.8,130.66,Redes sociais,0,92.3,10.7,36,2637.18,1047.62
R04425,2025-10-07,L4,101,30.5,53.19,WhatsApp,5,91.3,6.5,35,2425.03,917.67
R04426,2025-10-07,L8,151,36.2,189.53,WhatsApp,5,99.8,8.0,61,3371.62,1290.73
R04427,2025-10-07,L2,160,34.7,0.00,Sem divulgação,0,96.7,9.6,34,2427.17,930.74
R04428,2025-10-07,L1,194,32.6,110.39,Redes sociais,0,99.4,12.8,42,3047.94,1263.56
R04429,2025-10-07,L7,171,40.8,132.40,Redes sociais,5,95.9,6.8,50,3414.78,1208.43
R04430,2025-10-07,L6,147,33.8,0.00,Sem divulgação,5,94.5,9.7,35,2497.41,898.15
R04431,2025-10-07,L3,187,41.9,51.86,WhatsApp,10,94.8,10.9,24,1855.35,562.24
R04432,2025-10-07,L5,196,39.0,0.00,Sem divulgação,0,98.1,10.6,34,3362.29,1296.59
R04433,2025-10-08,L4,76,23.9,0.00,Sem divulgação,0,97.7,5.0,29,1858.29,723.01
R04434,2025-10-08,L8,114,26.3,0.00,Sem divulgação,10,96.0,9.6,48,3079.42,1152.42
R04435,2025-10-08,L2,70,31.2,0.00,Sem divulgação,5,99.9,2.9,36,3030.78,1076.54
R04436,2025-10-08,L1,175,36.9,76.63,Redes sociais,10,96.3,10.1,51,3085.34,1168.77
R04437,2025-10-08,L7,178,30.3,0.00,Sem divulgação,0,94.6,10.8,22,1812.57,646.32
R04438,2025-10-08,L6,138,46.2,83.12,Redes sociais,0,95.0,5.0,38,2912.22,1166.21
R04439,2025-10-08,L3,160,35.8,0.00,Sem divulgação,0,95.3,9.1,33,2829.11,976.57
R04440,2025-10-08,L5,239,42.2,145.90,WhatsApp,0,95.0,10.2,40,3155.21,1292.53
R04441,2025-10-09,L4,135,29.8,362.68,WhatsApp,15,86.9,8.4,39,2549.53,884.85
R04442,2025-10-09,L8,71,26.1,0.00,Sem divulgação,20,96.5,5.1,35,1885.63,579.72
R04443,2025-10-09,L2,127,29.3,0.00,Sem divulgação,0,94.1,9.0,33,2448.57,896.68
R04444,2025-10-09,L1,145,42.4,145.01,Redes sociais,5,99.2,7.1,44,2604.97,954.47
R04445,2025-10-09,L7,189,36.4,54.83,Redes sociais,15,97.5,10.5,54,3756.96,1071.56
R04446,2025-10-09,L6,190,35.9,67.92,Redes sociais,0,93.4,11.4,34,2468.66,959.67
R04447,2025-10-09,L3,192,49.2,338.52,Redes sociais,10,96.3,7.5,54,4469.57,1481.06
R04448,2025-10-09,L5,204,33.0,0.00,Sem divulgação,0,95.1,12.1,33,2480.91,966.28
R04449,2025-10-10,L4,157,35.5,110.26,Redes sociais,15,95.0,7.4,65,4271.54,1393.91
R04450,2025-10-10,L8,185,37.2,220.73,WhatsApp,0,95.6,7.9,58,4316.18,1705.37
R04451,2025-10-10,L2,151,35.3,136.90,Mídia local,10,93.4,8.5,46,3604.06,1260.93
R04452,2025-10-10,L1,177,35.7,42.55,WhatsApp,10,95.0,10.5,50,2722.89,1071.98
R04453,2025-10-10,L7,211,46.0,208.20,WhatsApp,0,96.1,9.2,55,4230.44,1481.04
R04454,2025-10-10,L6,199,42.8,51.33,Mídia local,10,97.9,11.0,74,4386.60,1471.54
R04455,2025-10-10,L3,172,44.6,80.09,WhatsApp,20,96.2,7.7,37,2860.27,743.32
R04456,2025-10-10,L5,216,42.1,107.41,Redes sociais,15,97.9,10.9,37,2893.08,958.47
R04457,2025-10-11,L4,158,31.1,53.71,Mídia local,0,96.3,9.7,43,3060.11,1216.24
R04458,2025-10-11,L8,210,37.9,79.79,Mídia local,10,95.3,11.8,78,5251.56,1954.14
R04459,2025-10-11,L2,134,33.1,0.00,Sem divulgação,5,96.0,6.4,61,4062.12,1453.12
R04460,2025-10-11,L1,256,43.8,92.06,Mídia local,20,95.7,12.4,57,2671.09,848.47
R04461,2025-10-11,L7,230,46.2,186.91,Redes sociais,15,98.1,12.1,64,5042.82,1524.62
R04462,2025-10-11,L6,289,44.6,74.25,Redes sociais,5,97.9,14.6,56,4225.85,1541.45
R04463,2025-10-11,L3,247,52.6,95.76,WhatsApp,15,94.0,11.4,36,2766.96,836.16
R04464,2025-10-11,L5,206,43.5,0.00,Sem divulgação,20,95.5,10.8,63,3930.38,1238.81
R04465,2025-10-13,L4,93,21.3,0.00,Sem divulgação,0,97.3,8.0,37,2521.07,1003.95
R04466,2025-10-13,L8,101,26.3,0.00,Sem divulgação,15,97.1,6.3,43,2400.79,814.27
R04467,2025-10-13,L2,156,35.0,228.25,Redes sociais,5,97.1,9.2,42,2807.10,959.59
R04468,2025-10-13,L1,166,32.9,97.15,WhatsApp,15,94.4,11.0,49,2561.74,964.34
R04469,2025-10-13,L7,193,41.1,257.67,WhatsApp,0,92.7,9.5,45,3497.56,1331.32
R04470,2025-10-13,L6,139,35.6,0.00,Sem divulgação,15,93.6,9.3,50,3500.48,1109.25
R04471,2025-10-13,L3,165,27.3,0.00,Sem divulgação,0,98.6,12.5,32,2576.53,880.43
R04472,2025-10-13,L5,197,35.5,0.00,Sem divulgação,0,94.0,12.2,22,1690.84,633.62
R04473,2025-10-14,L4,117,32.1,58.27,Mídia local,10,95.8,6.0,42,2767.36,924.65
R04474,2025-10-14,L8,117,25.3,0.00,Sem divulgação,10,95.8,9.0,46,3873.20,1396.15
R04475,2025-10-14,L2,130,36.9,76.64,Redes sociais,20,94.7,7.3,57,3292.85,923.12
R04476,2025-10-14,L1,142,40.7,115.14,WhatsApp,5,95.4,8.4,38,2027.08,753.60
R04477,2025-10-14,L7,212,44.8,114.84,Mídia local,0,96.0,8.4,62,5228.33,1899.47
R04478,2025-10-14,L6,179,38.3,25.00,Redes sociais,0,94.0,8.8,36,2702.10,1056.73
R04479,2025-10-14,L3,222,42.6,132.75,Redes sociais,0,96.8,10.5,32,3001.85,1074.46
R04480,2025-10-14,L5,185,36.0,0.00,Sem divulgação,0,95.2,11.2,24,1587.46,615.31
R04481,2025-10-15,L4,111,28.9,99.76,Redes sociais,5,100.0,5.5,56,3519.17,1290.93
R04482,2025-10-15,L8,83,28.8,0.00,Sem divulgação,10,96.2,5.1,32,2116.83,751.72
R04483,2025-10-15,L2,139,41.0,159.34,WhatsApp,0,97.7,6.9,50,4074.71,1502.36
R04484,2025-10-15,L1,184,33.4,133.99,Redes sociais,5,98.7,12.3,47,3004.88,1192.80
R04485,2025-10-15,L7,142,35.1,0.00,Sem divulgação,10,93.8,7.2,67,5180.41,1628.78
R04486,2025-10-15,L6,200,38.9,79.98,WhatsApp,0,96.0,11.6,56,3993.32,1502.12
R04487,2025-10-15,L3,166,33.4,0.00,Sem divulgação,0,98.1,9.8,35,2966.21,1016.18
R04488,2025-10-15,L5,177,38.3,0.00,Sem divulgação,5,96.3,10.6,37,3013.55,1058.29
R04489,2025-10-16,L4,97,26.4,0.00,Sem divulgação,20,96.5,5.2,54,3489.59,1063.08
R04490,2025-10-16,L8,97,27.2,0.00,Sem divulgação,10,95.1,8.1,30,2398.42,897.47
R04491,2025-10-16,L2,172,40.2,153.42,WhatsApp,0,97.3,7.4,53,4543.39,1687.00
R04492,2025-10-16,L1,206,37.8,160.07,Redes sociais,5,94.1,12.2,32,2045.46,786.02
R04493,2025-10-16,L7,165,37.7,0.00,Sem divulgação,10,94.9,9.3,46,3670.71,1168.06
R04494,2025-10-16,L6,185,41.5,119.06,WhatsApp,10,94.9,8.2,58,3544.60,1294.50
R04495,2025-10-16,L3,129,34.9,0.00,Sem divulgação,10,94.5,8.4,31,3073.69,956.44
R04496,2025-10-16,L5,246,35.4,70.52,WhatsApp,5,94.5,15.8,46,3641.19,1320.15
R04497,2025-10-17,L4,142,34.3,174.34,WhatsApp,5,99.5,8.8,46,3346.78,1213.00
R04498,2025-10-17,L8,137,34.6,122.52,WhatsApp,5,94.9,5.6,63,4484.25,1717.49
R04499,2025-10-17,L2,174,33.6,0.00,Sem divulgação,5,95.4,9.0,44,3175.51,1123.23
R04500,2025-10-17,L1,125,24.8,0.00,Sem divulgação,10,94.6,9.0,29,1804.50,678.61
R04501,2025-10-17,L7,230,41.0,69.40,Mídia local,5,93.2,12.2,48,3506.15,1103.56
R04502,2025-10-17,L6,206,44.0,99.12,Redes sociais,0,93.5,9.3,39,2663.96,997.39
R04503,2025-10-17,L3,225,45.3,0.00,Sem divulgação,0,97.2,11.2,39,3353.34,1230.95
R04504,2025-10-17,L5,200,44.7,0.00,Sem divulgação,15,93.5,10.3,51,3851.07,1322.79
R04505,2025-10-18,L4,122,25.1,0.00,Sem divulgação,15,100.0,9.2,50,3073.36,968.72
R04506,2025-10-18,L8,147,26.9,0.00,Sem divulgação,20,95.4,11.1,43,2218.17,723.92
R04507,2025-10-18,L2,204,36.8,100.07,Redes sociais,20,95.9,12.0,53,3325.87,932.59
R04508,2025-10-18,L1,158,38.3,0.00,Sem divulgação,10,96.0,8.2,44,2297.88,870.03
R04509,2025-10-18,L7,247,47.7,76.80,WhatsApp,10,95.3,9.7,63,5112.85,1627.05
R04510,2025-10-18,L6,192,48.7,201.78,Redes sociais,5,94.4,8.6,59,3858.91,1450.88
R04511,2025-10-18,L3,290,40.9,0.00,Sem divulgação,20,93.1,17.0,33,2523.82,731.96
R04512,2025-10-18,L5,254,62.0,314.64,Redes sociais,0,96.3,10.2,73,5694.31,2213.53
R04513,2025-10-20,L4,94,22.4,0.00,Sem divulgação,0,96.8,7.9,33,2357.25,929.19
R04514,2025-10-20,L8,191,42.4,409.74,Redes sociais,0,93.8,8.3,52,3452.35,1421.78
R04515,2025-10-20,L2,154,36.2,205.55,Redes sociais,10,96.4,8.8,52,3422.03,1111.90
R04516,2025-10-20,L1,157,28.8,0.00,Sem divulgação,5,97.6,11.9,41,2534.60,974.63
R04517,2025-10-20,L7,161,34.3,0.00,Sem divulgação,0,97.7,9.2,32,2578.24,956.40
R04518,2025-10-20,L6,193,28.3,79.16,WhatsApp,0,94.2,15.7,34,2253.65,851.50
R04519,2025-10-20,L3,245,43.3,111.29,WhatsApp,0,95.1,11.9,29,2607.52,906.21
R04520,2025-10-20,L5,277,52.7,277.37,Redes sociais,0,91.8,12.1,35,2606.76,971.54
R04521,2025-10-21,L4,117,30.5,115.58,Redes sociais,5,96.3,,45,3273.56,1185.76
R04522,2025-10-21,L8,109,29.2,0.00,Sem divulgação,0,96.9,,33,2271.88,908.05
R04523,2025-10-21,L2,121,29.4,0.00,Sem divulgação,0,97.8,,44,3453.05,1218.11
R04524,2025-10-21,L1,151,31.4,0.00,Sem divulgação,10,98.1,,50,3241.36,1188.72
R04525,2025-10-21,L7,176,30.7,0.00,Sem divulgação,0,93.9,,34,2805.74,964.07
R04526,2025-10-21,L6,241,38.6,64.50,WhatsApp,0,95.5,,45,3190.19,1190.17
R04527,2025-10-21,L3,242,41.5,165.18,Redes sociais,15,81.3,,21,1542.05,453.97
R04528,2025-10-21,L5,196,37.6,0.00,Sem divulgação,0,81.3,,16,1190.43,461.66
R04529,2025-10-22,L4,94,24.0,0.00,Sem divulgação,5,98.8,7.8,36,2724.68,1011.69
R04530,2025-10-22,L8,146,29.5,97.32,WhatsApp,20,95.0,9.7,40,2073.94,697.96
R04531,2025-10-22,L2,162,35.7,0.00,Sem divulgação,10,85.7,8.5,36,2434.66,827.28
R04532,2025-10-22,L1,199,39.3,170.87,WhatsApp,0,96.3,11.2,47,3317.31,1449.09
R04533,2025-10-22,L7,144,35.9,0.00,Sem divulgação,15,93.1,9.1,34,2554.28,768.68
R04534,2025-10-22,L6,160,40.2,0.00,Sem divulgação,0,96.3,7.8,41,3139.13,1143.91
R04535,2025-10-22,L3,267,43.0,70.49,Mídia local,20,98.5,12.2,44,3298.34,849.60
R04536,2025-10-22,L5,228,37.0,0.00,Sem divulgação,0,94.6,12.2,27,2470.87,978.15
R04537,2025-10-23,L4,146,40.2,274.70,WhatsApp,5,98.7,7.0,63,4488.67,1715.75
R04538,2025-10-23,L8,117,35.1,129.92,Mídia local,0,96.2,6.5,32,2511.33,983.36
R04539,2025-10-23,L2,219,35.0,209.63,Redes sociais,15,94.4,13.0,45,3346.54,1023.30
R04540,2025-10-23,L1,175,34.4,90.60,WhatsApp,0,98.9,10.9,50,2946.88,1234.97
R04541,2025-10-23,L7,129,34.0,0.00,Sem divulgação,0,87.7,8.4,22,1750.35,602.08
R04542,2025-10-23,L6,201,42.8,66.68,WhatsApp,0,94.6,9.9,55,3979.67,1524.74
R04543,2025-10-23,L3,158,36.1,0.00,Sem divulgação,5,94.3,9.1,40,3023.57,1031.30
R04544,2025-10-23,L5,239,46.6,98.29,Mídia local,0,97.2,10.9,54,4083.66,1588.22
R04545,2025-10-24,L4,107,32.6,41.79,Redes sociais,15,95.3,5.0,51,2650.96,879.38
R04546,2025-10-24,L8,107,25.8,0.00,Sem divulgação,5,94.8,9.8,35,2279.59,874.41
R04547,2025-10-24,L2,207,42.7,92.78,Redes sociais,20,100.0,10.2,83,5389.68,1643.25
R04548,2025-10-24,L1,159,39.2,78.42,Redes sociais,15,94.0,9.9,54,3661.79,1331.97
R04549,2025-10-24,L7,246,45.3,186.26,Redes sociais,5,96.1,9.9,52,3152.31,1091.41
R04550,2025-10-24,L6,218,44.0,56.97,Redes sociais,0,95.3,9.7,63,4006.01,1538.82
R04551,2025-10-24,L3,243,51.2,142.36,Redes sociais,5,96.7,10.0,48,4125.50,1369.66
R04552,2025-10-24,L5,225,60.0,127.81,Redes sociais,5,89.2,8.1,31,2069.70,778.88
R04553,2025-10-25,L4,103,24.7,0.00,Sem divulgação,20,96.4,9.4,38,2477.45,745.62
R04554,2025-10-25,L8,158,37.4,207.48,WhatsApp,0,93.7,8.1,37,2549.03,1021.62
R04555,2025-10-25,L2,118,32.4,0.00,Sem divulgação,0,96.9,7.6,37,2676.59,1040.65
R04556,2025-10-25,L1,263,39.6,198.96,Mídia local,0,95.6,13.2,36,2369.34,973.86
R04557,2025-10-25,L7,183,35.5,0.00,Sem divulgação,15,93.8,9.6,61,4839.87,1457.02
R04558,2025-10-25,L6,237,45.0,98.66,Mídia local,5,94.7,10.4,64,3728.87,1357.90
R04559,2025-10-25,L3,263,43.4,0.00,Sem divulgação,0,96.9,14.6,25,1863.97,661.86
R04560,2025-10-25,L5,211,45.5,0.00,Sem divulgação,0,97.2,12.1,37,3133.37,1199.87
R04561,2025-10-27,L4,135,32.3,105.56,Mídia local,0,98.4,7.9,44,3296.91,1314.72
R04562,2025-10-27,L8,136,34.4,62.72,Redes sociais,0,95.2,7.2,41,2836.19,1073.37
R04563,2025-10-27,L2,172,33.9,78.94,Redes sociais,0,97.4,10.0,43,3459.25,1223.23
R04564,2025-10-27,L1,159,37.9,39.01,Mídia local,5,95.2,7.7,57,3535.47,1420.99
R04565,2025-10-27,L7,255,49.1,152.87,WhatsApp,5,95.5,10.9,49,3995.29,1356.98
R04566,2025-10-27,L6,178,36.3,0.00,Sem divulgação,15,97.0,9.3,53,3545.84,1081.80
R04567,2025-10-27,L3,243,42.9,157.09,Redes sociais,5,94.2,12.7,24,1769.58,590.72
R04568,2025-10-27,L5,282,50.3,100.36,Mídia local,0,95.6,13.0,39,2491.65,1010.49
R04569,2025-10-28,L4,120,31.4,126.66,Redes sociais,5,96.2,6.1,47,3749.76,1400.64
R04570,2025-10-28,L8,85,22.2,0.00,Sem divulgação,10,96.1,6.3,31,1898.13,677.61
R04571,2025-10-28,L2,112,26.6,0.00,Sem divulgação,0,95.5,6.9,43,2570.50,986.16
R04572,2025-10-28,L1,126,33.3,0.00,Sem divulgação,0,94.6,6.6,35,2096.58,852.98
R04573,2025-10-28,L7,206,35.9,105.78,Redes sociais,0,99.5,11.9,46,3915.77,1414.44
R04574,2025-10-28,L6,151,31.6,0.00,Sem divulgação,15,94.3,9.2,48,3171.29,1031.28
R04575,2025-10-28,L3,192,44.4,159.22,Redes sociais,0,95.5,8.0,47,3603.29,1345.67
R04576,2025-10-28,L5,224,40.4,89.15,WhatsApp,0,96.3,12.7,34,2411.86,899.84
R04577,2025-10-29,L4,158,33.4,199.73,Redes sociais,20,97.1,9.7,69,4392.26,1165.38
R04578,2025-10-29,L8,151,37.8,132.87,Mídia local,0,98.4,7.2,48,3267.42,1293.30
R04579,2025-10-29,L2,185,36.2,111.62,Redes sociais,10,96.8,11.5,49,2922.30,997.99
R04580,2025-10-29,L1,210,37.9,158.51,Redes sociais,10,99.2,11.3,40,2443.78,897.88
R04581,2025-10-29,L7,258,42.6,317.27,Redes sociais,10,95.4,12.3,72,5835.43,1906.44
R04582,2025-10-29,L6,240,44.2,96.78,Mídia local,15,93.0,11.0,53,3357.99,1110.99
R04583,2025-10-29,L3,239,46.8,96.57,WhatsApp,0,97.1,12.2,42,3024.29,1011.86
R04584,2025-10-29,L5,168,46.5,0.00,Sem divulgação,0,95.8,5.7,32,2208.74,849.85
R04585,2025-10-30,L4,163,28.4,89.68,Mídia local,0,99.4,10.5,56,4117.82,1556.94
R04586,2025-10-30,L8,124,33.9,0.00,Sem divulgação,10,95.7,7.0,47,3079.00,1099.24
R04587,2025-10-30,L2,166,40.2,247.94,WhatsApp,20,96.3,7.7,64,4609.85,1484.47
R04588,2025-10-30,L1,139,37.4,0.00,Sem divulgação,5,96.7,8.0,39,2566.95,995.58
R04589,2025-10-30,L7,181,31.7,0.00,Sem divulgação,10,93.8,11.2,38,2631.69,844.58
R04590,2025-10-30,L6,165,43.0,0.00,Sem divulgação,0,95.1,9.3,32,2346.23,910.08
R04591,2025-10-30,L3,200,39.6,0.00,Sem divulgação,5,96.5,11.3,36,2734.86,901.36
R04592,2025-10-30,L5,303,45.5,108.68,Redes sociais,0,94.6,14.1,28,2043.02,790.92
R04593,2025-10-31,L4,88,28.1,0.00,Sem divulgação,5,93.8,5.7,29,2102.03,837.93
R04594,2025-10-31,L8,177,37.6,136.13,Redes sociais,20,83.0,8.6,30,1676.45,560.05
R04595,2025-10-31,L2,165,34.1,52.24,Redes sociais,5,96.0,10.1,54,3615.48,1232.14
R04596,2025-10-31,L1,239,34.3,221.46,Redes sociais,0,98.8,15.3,57,3717.73,1522.17
R04597,2025-10-31,L7,195,46.1,220.17,WhatsApp,5,97.4,9.4,66,5024.96,1745.13
R04598,2025-10-31,L6,203,42.9,0.00,Sem divulgação,5,93.5,10.3,58,3965.65,1474.86
R04599,2025-10-31,L3,270,48.0,161.36,Redes sociais,15,96.3,11.3,69,5350.21,1533.97
R04600,2025-10-31,L5,237,47.6,149.65,Redes sociais,10,93.1,12.1,38,2751.14,981.56
R04601,2025-11-01,L4,136,27.1,0.00,Sem divulgação,0,95.0,9.2,42,2928.47,1131.80
R04602,2025-11-01,L8,174,39.1,0.00,Sem divulgação,15,97.8,9.5,73,4673.74,1639.18
R04603,2025-11-01,L2,191,43.2,187.57,Redes sociais,15,98.8,9.2,70,5335.21,1544.35
R04604,2025-11-01,L1,197,38.2,111.41,Mídia local,0,97.1,10.4,55,4439.81,1880.46
R04605,2025-11-01,L7,153,39.3,0.00,Sem divulgação,15,97.6,7.8,54,3790.70,1226.92
R04606,2025-11-01,L6,244,47.9,130.14,Mídia local,15,95.3,11.0,52,3297.18,1081.02
R04607,2025-11-01,L3,227,46.6,0.00,Sem divulgação,5,99.2,11.0,38,2942.31,993.89
R04608,2025-11-01,L5,257,54.9,91.53,Mídia local,10,96.8,10.8,62,4829.60,1676.84
R04609,2025-11-03,L4,92,28.5,0.00,Sem divulgação,10,98.4,6.0,56,4166.84,1461.89
R04610,2025-11-03,L8,205,42.3,129.44,Redes sociais,15,97.4,9.6,71,4799.78,1549.60
R04611,2025-11-03,L2,141,29.1,0.00,Sem divulgação,5,94.7,8.4,54,4141.65,1495.23
R04612,2025-11-03,L1,147,31.6,0.00,Sem divulgação,0,97.6,10.8,35,2167.04,884.81
R04613,2025-11-03,L7,190,38.6,131.13,Mídia local,0,93.5,9.5,32,2703.02,948.25
R04614,2025-11-03,L6,208,45.8,322.42,WhatsApp,10,93.9,9.4,44,2288.00,761.46
R04615,2025-11-03,L3,177,42.2,227.60,Mídia local,0,97.5,8.8,36,2905.30,950.98
R04616,2025-11-03,L5,261,48.1,150.22,Redes sociais,0,96.1,12.0,37,2681.27,1021.95
R04617,2025-11-04,L4,121,25.6,0.00,Sem divulgação,0,94.1,8.5,44,2875.40,1119.45
R04618,2025-11-04,L8,142,32.8,43.41,Redes sociais,15,99.3,9.2,58,3304.35,1164.53
R04619,2025-11-04,L2,160,33.6,79.75,Redes sociais,0,97.7,9.5,44,2878.91,1066.64
R04620,2025-11-04,L1,210,34.8,75.51,Redes sociais,0,96.9,13.1,53,3474.74,1418.17
R04621,2025-11-04,L7,235,39.4,271.47,Redes sociais,10,99.0,13.7,48,4598.39,1583.31
R04622,2025-11-04,L6,160,36.9,0.00,Sem divulgação,10,94.3,10.3,61,3637.60,1245.01
R04623,2025-11-04,L3,212,45.9,232.33,WhatsApp,10,82.6,11.0,27,2223.39,688.04
R04624,2025-11-04,L5,266,46.7,150.17,Redes sociais,0,95.2,12.4,43,3237.03,1282.49
R04625,2025-11-05,L4,126,32.9,116.23,WhatsApp,10,98.2,4.5,62,4164.68,1502.96
R04626,2025-11-05,L8,153,34.3,118.52,Redes sociais,10,94.8,8.3,54,3854.20,1389.34
R04627,2025-11-05,L2,212,39.5,194.17,WhatsApp,5,97.7,10.0,69,5302.56,1875.00
R04628,2025-11-05,L1,193,41.2,181.88,Redes sociais,0,96.7,8.6,56,3978.91,1621.99
R04629,2025-11-05,L7,143,29.5,0.00,Sem divulgação,0,96.5,9.0,37,2922.74,1026.75
R04630,2025-11-05,L6,125,33.0,0.00,Sem divulgação,15,93.1,8.4,33,2229.84,710.94
R04631,2025-11-05,L3,154,35.6,0.00,Sem divulgação,0,97.6,10.1,25,2024.83,716.17
R04632,2025-11-05,L5,271,51.3,109.10,Mídia local,15,95.1,11.9,41,2892.55,966.44
R04633,2025-11-06,L4,140,28.6,97.24,Redes sociais,5,97.4,9.1,55,4124.82,1517.25
R04634,2025-11-06,L8,125,33.9,0.00,Sem divulgação,5,95.6,6.8,55,3551.91,1381.51
R04635,2025-11-06,L2,165,31.5,0.00,Sem divulgação,5,93.2,11.4,43,2908.42,966.87
R04636,2025-11-06,L1,270,41.3,144.85,Redes sociais,10,95.1,13.1,62,3670.67,1389.89
R04637,2025-11-06,L7,231,44.7,96.23,WhatsApp,15,97.1,9.9,87,5943.48,1943.83
R04638,2025-11-06,L6,198,47.0,0.00,Sem divulgação,10,93.3,7.1,41,2558.24,897.50
R04639,2025-11-06,L3,261,51.7,130.34,WhatsApp,5,96.5,11.4,27,2171.55,718.62
R04640,2025-11-06,L5,242,55.0,89.91,WhatsApp,10,92.9,9.7,57,4163.84,1432.27
R04641,2025-11-07,L4,136,26.6,0.00,Sem divulgação,0,96.1,9.4,42,2895.20,1163.52
R04642,2025-11-07,L8,225,37.3,131.78,Redes sociais,15,93.2,12.1,72,6054.99,1999.66
R04643,2025-11-07,L2,151,37.0,0.00,Sem divulgação,5,95.4,8.3,47,3145.72,1115.86
R04644,2025-11-07,L1,212,50.2,268.24,WhatsApp,0,99.1,9.5,61,4384.87,1781.96
R04645,2025-11-07,L7,229,46.6,198.72,WhatsApp,5,95.0,11.1,31,2072.85,747.43
R04646,2025-11-07,L6,233,42.9,0.00,Sem divulgação,10,93.7,9.5,65,3672.98,1240.82
R04647,2025-11-07,L3,272,51.0,106.16,WhatsApp,20,95.0,12.2,55,3701.94,953.64
R04648,2025-11-07,L5,251,50.0,98.97,WhatsApp,5,92.1,11.0,39,2810.24,1049.21
R04649,2025-11-08,L4,149,32.8,150.74,Redes sociais,15,100.0,7.2,70,4214.29,1493.78
R04650,2025-11-08,L8,109,27.2,0.00,Sem divulgação,5,96.5,8.5,49,2863.20,1103.41
R04651,2025-11-08,L2,110,38.8,0.00,Sem divulgação,10,97.3,4.4,52,4297.15,1359.26
R04652,2025-11-08,L1,160,30.5,0.00,Sem divulgação,0,95.6,10.7,41,2707.76,1124.83
R04653,2025-11-08,L7,240,42.2,112.09,Mídia local,10,94.8,12.2,69,5392.39,1778.23
R04654,2025-11-08,L6,260,45.7,143.20,WhatsApp,20,95.3,10.8,100,7189.67,2035.44
R04655,2025-11-08,L3,263,48.9,124.26,Mídia local,0,98.2,13.0,40,3194.33,1119.14
R04656,2025-11-08,L5,224,43.3,0.00,Sem divulgação,20,94.8,11.5,58,4220.06,1351.33
R04657,2025-11-10,L4,120,29.3,142.58,Redes sociais,5,98.9,6.9,48,3710.01,1350.95
R04658,2025-11-10,L8,102,29.1,0.00,Sem divulgação,0,83.9,5.8,24,1431.25,559.65
R04659,2025-11-10,L2,147,31.3,68.82,Mídia local,5,96.0,9.8,47,3218.01,1152.48
R04660,2025-11-10,L1,195,37.9,219.97,Mídia local,15,98.6,10.8,69,3980.38,1503.82
R04661,2025-11-10,L7,158,33.3,0.00,Sem divulgação,20,96.0,10.6,49,3639.91,1138.19
R04662,2025-11-10,L6,151,33.1,0.00,Sem divulgação,5,94.7,10.5,47,2896.63,1079.66
R04663,2025-11-10,L3,182,42.0,71.38,WhatsApp,10,97.9,8.5,37,2408.99,745.67
R04664,2025-11-10,L5,181,40.0,0.00,Sem divulgação,5,96.3,10.0,28,2021.25,755.13
R04665,2025-11-11,L4,92,26.9,0.00,Sem divulgação,20,99.5,5.8,49,3176.53,1003.08
R04666,2025-11-11,L8,151,32.7,202.84,WhatsApp,10,92.5,9.4,45,3185.42,1129.55
R04667,2025-11-11,L2,192,38.9,97.05,Redes sociais,0,95.3,10.1,61,5309.75,1918.42
R04668,2025-11-11,L1,211,35.0,195.58,Redes sociais,10,97.7,12.0,55,3782.51,1499.18
R04669,2025-11-11,L7,175,41.1,124.24,Redes sociais,10,96.0,8.3,57,4013.93,1381.67
R04670,2025-11-11,L6,247,43.9,122.64,Redes sociais,15,94.4,13.7,60,4310.50,1390.47
R04671,2025-11-11,L3,255,51.5,309.89,WhatsApp,15,96.5,11.3,60,5294.12,1618.45
R04672,2025-11-11,L5,232,50.7,139.19,WhatsApp,5,93.6,10.8,47,3251.75,1179.59
R04673,2025-11-12,L4,128,32.4,149.05,WhatsApp,20,98.8,7.9,73,4123.30,1344.19
R04674,2025-11-12,L8,144,34.4,139.66,Mídia local,5,98.2,7.6,52,3811.56,1482.70
R04675,2025-11-12,L2,138,32.3,0.00,Sem divulgação,10,97.6,8.7,58,3694.06,1248.09
R04676,2025-11-12,L1,200,35.9,75.29,Redes sociais,20,97.9,11.0,66,3665.85,1194.79
R04677,2025-11-12,L7,232,51.3,353.03,Redes sociais,15,95.9,8.9,65,3899.29,1159.98
R04678,2025-11-12,L6,234,51.2,275.44,Redes sociais,0,88.1,9.0,54,4057.94,1498.32
R04679,2025-11-12,L3,202,46.1,0.00,Sem divulgação,5,98.3,9.0,45,3195.48,1049.35
R04680,2025-11-12,L5,246,45.9,115.48,Redes sociais,0,93.8,13.4,28,2038.51,815.87
R04681,2025-11-13,L4,83,30.0,0.00,Sem divulgação,0,95.8,4.9,34,2377.93,937.13
R04682,2025-11-13,L8,151,28.8,0.00,Sem divulgação,5,96.8,8.7,59,3986.16,1510.89
R04683,2025-11-13,L2,226,38.5,272.51,Redes sociais,5,96.0,11.9,67,5123.40,1757.15
R04684,2025-11-13,L1,204,44.0,166.75,WhatsApp,10,98.3,11.2,74,3955.40,1549.32
R04685,2025-11-13,L7,176,37.6,0.00,Sem divulgação,0,93.6,9.6,38,2900.43,1029.53
R04686,2025-11-13,L6,194,43.1,112.33,WhatsApp,0,96.1,11.3,34,2664.96,1026.27
R04687,2025-11-13,L3,211,39.8,0.00,Sem divulgação,10,94.0,11.9,31,2539.37,777.98
R04688,2025-11-13,L5,197,44.6,0.00,Sem divulgação,5,94.7,9.9,31,2316.94,841.14
R04689,2025-11-14,L4,102,35.8,0.00,Sem divulgação,20,96.9,4.3,62,4351.45,1392.48
R04690,2025-11-14,L8,208,39.2,158.71,WhatsApp,20,96.8,10.8,80,4855.27,1619.20
R04691,2025-11-14,L2,188,43.0,284.10,WhatsApp,10,95.8,7.0,55,3946.67,1277.53
R04692,2025-11-14,L1,197,42.2,161.34,WhatsApp,15,97.0,9.3,59,3718.79,1378.94
R04693,2025-11-14,L7,238,44.0,176.04,Mídia local,0,96.2,12.2,40,2966.62,1126.93
R04694,2025-11-14,L6,250,49.5,202.40,WhatsApp,10,96.8,11.8,60,3437.88,1234.57
R04695,2025-11-14,L3,203,46.6,0.00,Sem divulgação,10,98.3,9.2,49,3338.76,1101.91
R04696,2025-11-14,L5,204,45.0,0.00,Sem divulgação,15,93.2,9.4,50,3532.29,1155.43
R04697,2025-11-15,L4,179,38.6,91.77,WhatsApp,5,98.1,8.3,70,4714.54,1732.69
R04698,2025-11-15,L8,159,41.3,128.74,Mídia local,10,97.9,7.9,62,4462.56,1731.47
R04699,2025-11-15,L2,133,29.7,0.00,Sem divulgação,0,95.5,8.9,31,2455.04,901.70
R04700,2025-11-15,L1,225,43.0,134.20,Mídia local,0,98.6,11.4,67,4124.45,1654.67
R04701,2025-11-15,L7,254,46.4,233.74,Mídia local,15,92.8,12.7,64,4803.07,1484.75
R04702,2025-11-15,L6,251,49.8,118.81,Redes sociais,5,96.5,10.7,59,3706.75,1270.60
R04703,2025-11-15,L3,197,52.2,152.86,Redes sociais,0,98.1,9.4,42,4100.64,1367.22
R04704,2025-11-15,L5,294,51.9,156.99,Redes sociais,5,94.9,13.3,51,3908.01,1432.92
R04705,2025-11-17,L4,63,24.4,0.00,Sem divulgação,15,96.9,3.8,27,1772.62,595.97
R04706,2025-11-17,L8,139,37.9,120.81,WhatsApp,15,93.7,7.8,43,2906.71,943.64
R04707,2025-11-17,L2,153,33.6,95.17,Redes sociais,0,92.4,8.2,41,3128.67,1190.07
R04708,2025-11-17,L1,201,34.5,184.49,Redes sociais,0,98.0,12.7,42,2878.74,1149.06
R04709,2025-11-17,L7,177,36.3,139.62,Redes sociais,0,97.6,10.4,33,2946.93,1076.56
R04710,2025-11-17,L6,119,27.2,0.00,Sem divulgação,5,93.9,9.2,25,1816.99,649.06
R04711,2025-11-17,L3,212,43.5,113.66,Redes sociais,5,94.9,9.7,50,4052.69,1287.82
R04712,2025-11-17,L5,210,38.7,0.00,Sem divulgação,20,93.3,11.4,38,2546.72,722.54
R04713,2025-11-18,L4,149,35.6,198.03,WhatsApp,15,96.3,6.9,70,4015.46,1320.77
R04714,2025-11-18,L8,202,34.5,193.00,WhatsApp,20,96.6,11.5,77,3202.33,1026.26
R04715,2025-11-18,L2,142,35.2,114.85,WhatsApp,10,98.6,7.7,50,3207.32,1089.44
R04716,2025-11-18,L1,122,29.4,0.00,Sem divulgação,5,97.8,10.4,32,2233.07,896.74
R04717,2025-11-18,L7,147,33.1,0.00,Sem divulgação,0,97.0,8.7,27,2254.14,839.76
R04718,2025-11-18,L6,166,26.2,0.00,Sem divulgação,10,94.2,13.5,51,3548.68,1231.32
R04719,2025-11-18,L3,241,46.9,123.81,WhatsApp,15,96.6,11.3,50,3877.01,1094.39
R04720,2025-11-18,L5,189,39.0,0.00,Sem divulgação,20,96.7,11.4,58,3687.37,1206.11
R04721,2025-11-19,L4,108,27.4,0.00,Sem divulgação,10,96.7,7.0,43,2431.42,846.10
R04722,2025-11-19,L8,125,34.2,0.00,Sem divulgação,0,93.5,7.1,39,2967.40,1157.27
R04723,2025-11-19,L2,161,37.0,199.43,Redes sociais,5,94.1,9.0,55,3657.47,1229.39
R04724,2025-11-19,L1,193,38.8,118.33,Redes sociais,10,96.0,8.9,80,4985.71,2016.76
R04725,2025-11-19,L7,236,42.9,194.44,Mídia local,15,92.2,12.0,50,3540.84,1070.58
R04726,2025-11-19,L6,256,45.5,217.36,Redes sociais,5,95.0,13.4,33,1955.46,691.66
R04727,2025-11-19,L3,223,45.7,98.16,Redes sociais,15,96.8,10.6,82,5927.82,1876.51
R04728,2025-11-19,L5,253,53.0,172.03,WhatsApp,0,95.4,10.7,40,2536.72,990.68
R04729,2025-11-20,L4,136,39.9,218.04,Redes sociais,5,97.0,5.4,68,5659.89,2051.17
R04730,2025-11-20,L8,107,22.7,0.00,Sem divulgação,10,96.7,9.6,36,2138.66,791.85
R04731,2025-11-20,L2,158,37.9,146.41,Redes sociais,5,93.5,8.3,38,3311.64,1231.62
R04732,2025-11-20,L1,180,38.5,121.62,WhatsApp,15,96.2,9.7,61,3111.79,1089.55
R04733,2025-11-20,L7,163,29.8,0.00,Sem divulgação,5,93.2,12.6,28,1859.35,651.34
R04734,2025-11-20,L6,224,44.3,232.58,Redes sociais,10,87.0,12.0,38,2202.29,733.41
R04735,2025-11-20,L3,227,36.1,0.00,Sem divulgação,5,96.7,13.3,21,1669.18,544.78
R04736,2025-11-20,L5,345,48.4,302.65,Redes sociais,20,92.6,15.8,60,3974.91,1373.24
R04737,2025-11-21,L4,178,34.5,224.07,WhatsApp,5,85.9,9.7,45,3481.43,1293.94
R04738,2025-11-21,L8,161,35.5,234.35,Mídia local,15,99.8,8.3,72,4998.73,1736.42
R04739,2025-11-21,L2,149,41.2,42.41,Redes sociais,10,96.2,7.0,64,5370.37,1830.17
R04740,2025-11-21,L1,207,42.3,66.02,WhatsApp,0,97.9,10.9,56,3365.82,1358.79
R04741,2025-11-21,L7,253,49.4,198.72,Mídia local,0,94.2,9.3,47,4550.73,1645.66
R04742,2025-11-21,L6,223,33.6,0.00,Sem divulgação,10,94.3,15.4,47,3071.45,1052.37
R04743,2025-11-21,L3,243,49.9,118.13,Redes sociais,15,96.0,10.4,59,4025.66,1215.87
R04744,2025-11-21,L5,289,52.4,114.28,WhatsApp,10,83.5,11.7,30,2495.47,885.10
R04745,2025-11-22,L4,204,36.4,180.56,Redes sociais,10,94.7,11.2,72,4875.38,1735.49
R04746,2025-11-22,L8,142,29.3,0.00,Sem divulgação,10,96.4,9.3,54,3154.79,1137.95
R04747,2025-11-22,L2,167,43.6,0.00,Sem divulgação,0,98.7,7.0,56,4344.41,1572.21
R04748,2025-11-22,L1,220,44.4,68.52,Redes sociais,0,96.4,10.9,65,3591.98,1496.83
R04749,2025-11-22,L7,254,50.3,175.96,WhatsApp,10,95.8,11.2,63,4607.20,1456.10
R04750,2025-11-22,L6,229,46.5,0.00,Sem divulgação,5,96.3,9.7,60,4072.79,1528.43
R04751,2025-11-22,L3,270,58.1,122.64,WhatsApp,0,97.3,10.1,75,6460.98,2234.71
R04752,2025-11-22,L5,274,62.0,174.18,Redes sociais,10,93.4,10.2,77,4975.14,1762.75
R04753,2025-11-24,L4,153,36.8,141.12,Redes sociais,20,95.4,8.5,48,2422.48,768.93
R04754,2025-11-24,L8,170,34.0,212.08,Redes sociais,10,95.2,11.0,36,2327.89,827.15
R04755,2025-11-24,L2,138,26.8,0.00,Sem divulgação,5,97.5,10.7,33,2326.56,855.45
R04756,2025-11-24,L1,167,44.7,149.62,Mídia local,5,96.0,6.7,61,3868.64,1494.35
R04757,2025-11-24,L7,183,38.8,0.00,Sem divulgação,0,92.6,7.6,52,4005.50,1463.10
R04758,2025-11-24,L6,156,38.5,0.00,Sem divulgação,0,94.8,7.5,30,1926.48,749.07
R04759,2025-11-24,L3,221,47.2,105.87,Mídia local,0,97.4,9.7,52,4758.80,1688.65
R04760,2025-11-24,L5,251,51.2,279.38,Redes sociais,0,93.7,11.8,45,3692.03,1446.81
R04761,2025-11-25,L4,149,35.3,187.60,Redes sociais,10,99.5,7.0,69,4558.92,1642.31
R04762,2025-11-25,L8,210,35.2,209.76,WhatsApp,0,97.4,12.1,49,3235.27,1287.88
R04763,2025-11-25,L2,254,47.4,276.02,Redes sociais,0,97.6,11.4,53,4865.30,1760.47
R04764,2025-11-25,L1,201,28.3,0.00,Sem divulgação,15,96.7,14.9,36,2193.85,806.30
R04765,2025-11-25,L7,189,39.5,0.00,Sem divulgação,5,95.1,10.2,37,3501.90,1153.59
R04766,2025-11-25,L6,292,50.4,275.18,Redes sociais,20,93.8,12.7,102,6197.42,1807.83
R04767,2025-11-25,L3,230,48.8,123.36,Redes sociais,0,96.3,9.7,42,3706.97,1265.82
R04768,2025-11-25,L5,253,46.9,0.00,Sem divulgação,15,98.9,12.7,61,3962.45,1282.57
R04769,2025-11-26,L4,123,31.5,131.98,Redes sociais,20,95.4,7.3,53,3528.11,1061.63
R04770,2025-11-26,L8,123,23.5,0.00,Sem divulgação,10,99.0,10.9,43,2904.03,1052.27
R04771,2025-11-26,L2,136,33.2,0.00,Sem divulgação,15,97.7,6.4,65,4668.36,1448.83
R04772,2025-11-26,L1,100,29.6,0.00,Sem divulgação,0,96.0,6.1,39,2564.13,1090.91
R04773,2025-11-26,L7,205,39.6,84.98,Redes sociais,10,97.1,9.0,57,4261.40,1397.88
R04774,2025-11-26,L6,187,46.3,320.68,WhatsApp,10,94.1,9.7,35,2323.99,788.82
R04775,2025-11-26,L3,228,46.6,147.91,Redes sociais,5,95.3,11.8,38,3196.25,1022.80
R04776,2025-11-26,L5,232,44.6,82.96,Redes sociais,0,94.1,10.9,42,3344.66,1346.03
R04777,2025-11-27,L4,107,30.5,0.00,Sem divulgação,20,97.1,6.1,61,4355.52,1273.77
R04778,2025-11-27,L8,97,25.3,0.00,Sem divulgação,0,95.9,7.7,28,1811.17,736.73
R04779,2025-11-27,L2,163,41.4,147.58,Redes sociais,10,94.6,9.1,38,2651.92,926.96
R04780,2025-11-27,L1,198,33.8,119.10,Redes sociais,10,97.6,12.6,61,3514.02,1257.59
R04781,2025-11-27,L7,252,40.3,209.43,WhatsApp,15,95.8,13.0,57,4699.42,1338.37
R04782,2025-11-27,L6,175,40.1,0.00,Sem divulgação,0,95.7,8.4,26,1972.55,726.77
R04783,2025-11-27,L3,159,48.4,114.46,Redes sociais,15,96.0,7.5,60,4459.80,1309.21
R04784,2025-11-27,L5,256,36.0,0.00,Sem divulgação,15,97.8,14.8,57,3511.70,1232.72
R04785,2025-11-28,L4,148,31.8,131.38,Mídia local,0,99.2,7.9,73,5053.21,2017.99
R04786,2025-11-28,L8,136,30.2,0.00,Sem divulgação,15,97.5,6.8,59,3104.91,1044.09
R04787,2025-11-28,L2,188,39.5,201.03,WhatsApp,10,95.5,8.5,64,4662.49,1558.31
R04788,2025-11-28,L1,170,37.4,0.00,Sem divulgação,10,96.0,8.6,50,3108.84,1201.19
R04789,2025-11-28,L7,187,39.6,0.00,Sem divulgação,5,97.1,8.9,47,3076.12,1022.62
R04790,2025-11-28,L6,209,40.9,0.00,Sem divulgação,10,92.8,11.1,51,3726.47,1291.92
R04791,2025-11-28,L3,172,44.5,69.41,Redes sociais,20,99.0,7.4,63,4469.64,1296.27
R04792,2025-11-28,L5,231,50.1,114.19,Mídia local,5,95.4,11.1,36,2772.11,1036.88
R04793,2025-11-29,L4,196,42.2,108.06,Redes sociais,10,97.3,7.3,93,6679.02,2397.76
R04794,2025-11-29,L8,191,35.7,182.93,WhatsApp,5,96.0,10.8,51,3742.80,1454.01
R04795,2025-11-29,L2,212,41.5,191.78,WhatsApp,5,97.6,9.0,69,5564.89,1959.14
R04796,2025-11-29,L1,144,34.2,0.00,Sem divulgação,0,95.5,7.5,57,3213.22,1310.20
R04797,2025-11-29,L7,205,47.1,93.14,Redes sociais,15,93.1,8.4,61,3963.04,1148.45
R04798,2025-11-29,L6,306,57.4,283.30,Mídia local,0,96.3,11.9,70,4700.06,1734.29
R04799,2025-11-29,L3,201,43.8,0.00,Sem divulgação,0,95.9,9.7,42,3909.58,1403.37
R04800,2025-11-29,L5,282,54.8,103.44,WhatsApp,0,95.4,10.9,34,2774.55,1089.36
R04801,2025-12-01,L4,99,23.9,0.00,Sem divulgação,0,97.2,8.1,37,2128.03,794.96
R04802,2025-12-01,L8,121,33.6,0.00,Sem divulgação,10,97.1,6.3,46,3305.72,1219.11
R04803,2025-12-01,L2,131,31.4,0.00,Sem divulgação,10,95.2,7.9,53,4213.78,1322.28
R04804,2025-12-01,L1,236,42.6,80.39,WhatsApp,20,98.5,10.3,91,5804.12,1969.80
R04805,2025-12-01,L7,213,43.9,104.38,Redes sociais,0,93.9,10.4,35,2580.66,883.76
R04806,2025-12-01,L6,227,43.6,105.51,Mídia local,10,94.2,10.8,47,3265.44,1092.12
R04807,2025-12-01,L3,193,46.1,0.00,Sem divulgação,0,95.2,9.9,38,3254.43,1123.87
R04808,2025-12-01,L5,234,55.1,167.45,Redes sociais,5,95.6,9.2,48,3644.41,1399.06
R04809,2025-12-02,L4,144,35.3,231.94,Redes sociais,0,96.7,7.6,48,3456.72,1375.51
R04810,2025-12-02,L8,161,35.4,115.26,Redes sociais,20,95.0,9.0,69,3709.47,1218.97
R04811,2025-12-02,L2,116,26.5,0.00,Sem divulgação,5,95.6,7.7,32,2354.53,804.66
R04812,2025-12-02,L1,174,36.6,160.67,Redes sociais,5,96.3,9.6,48,2887.40,1137.72
R04813,2025-12-02,L7,146,39.0,0.00,Sem divulgação,0,95.0,6.9,40,2530.32,874.58
R04814,2025-12-02,L6,199,35.8,0.00,Sem divulgação,0,94.0,10.7,26,1717.35,638.54
R04815,2025-12-02,L3,176,44.3,0.00,Sem divulgação,0,94.7,8.7,38,2839.13,997.71
R04816,2025-12-02,L5,254,40.6,0.00,Sem divulgação,10,95.9,14.4,29,2400.77,841.55
R04817,2025-12-03,L4,140,31.9,123.69,Redes sociais,5,95.0,8.1,50,3780.38,1357.54
R04818,2025-12-03,L8,175,34.3,212.01,WhatsApp,15,94.1,9.5,51,3469.33,1191.98
R04819,2025-12-03,L2,111,26.4,0.00,Sem divulgação,0,94.3,7.9,25,2035.10,755.53
R04820,2025-12-03,L1,138,30.4,90.09,Redes sociais,5,96.8,7.6,62,4121.39,1651.98
R04821,2025-12-03,L7,169,33.7,92.09,Mídia local,0,96.2,11.1,41,3006.27,1085.37
R04822,2025-12-03,L6,166,31.5,0.00,Sem divulgação,10,95.1,11.3,43,2795.51,964.83
R04823,2025-12-03,L3,151,34.8,55.76,Mídia local,0,94.9,9.9,29,2378.27,864.32
R04824,2025-12-03,L5,211,43.0,71.10,WhatsApp,5,92.5,10.6,41,3474.38,1319.41
R04825,2025-12-04,L4,165,36.6,146.51,Redes sociais,15,97.8,8.0,76,4985.95,1757.21
R04826,2025-12-04,L8,164,34.5,68.52,Redes sociais,0,97.9,7.9,60,3947.81,1555.90
R04827,2025-12-04,L2,140,35.7,0.00,Sem divulgação,0,97.5,4.7,54,3845.28,1476.81
R04828,2025-12-04,L1,127,37.2,0.00,Sem divulgação,0,94.3,6.6,35,2399.46,1002.43
R04829,2025-12-04,L7,233,43.6,136.73,Redes sociais,0,96.1,13.4,57,4645.54,1661.94
R04830,2025-12-04,L6,172,36.2,0.00,Sem divulgação,0,96.7,9.7,41,2536.27,945.33
R04831,2025-12-04,L3,221,42.5,121.58,Mídia local,10,96.7,10.5,37,3073.06,1016.50
R04832,2025-12-04,L5,206,40.5,0.00,Sem divulgação,0,94.4,9.8,61,4378.42,1624.98
R04833,2025-12-05,L4,89,29.7,0.00,Sem divulgação,5,97.5,5.8,35,2877.10,1110.96
R04834,2025-12-05,L8,114,23.4,0.00,Sem divulgação,15,97.7,9.5,47,2915.77,1044.68
R04835,2025-12-05,L2,133,29.9,0.00,Sem divulgação,5,95.6,9.9,29,1893.66,690.87
R04836,2025-12-05,L1,240,43.5,187.99,Redes sociais,20,94.4,11.6,70,4534.39,1593.93
R04837,2025-12-05,L7,208,48.4,238.49,WhatsApp,10,94.2,8.8,60,4256.73,1379.46
R04838,2025-12-05,L6,203,44.2,0.00,Sem divulgação,0,94.3,10.8,53,4104.56,1547.26
R04839,2025-12-05,L3,228,39.8,0.00,Sem divulgação,15,96.6,11.9,40,3449.37,1094.33
R04840,2025-12-05,L5,297,52.8,175.51,Mídia local,20,93.3,13.7,59,4553.24,1501.22
R04841,2025-12-06,L4,183,37.8,241.02,Redes sociais,0,99.4,8.8,57,3778.54,1504.02
R04842,2025-12-06,L8,184,38.5,54.42,WhatsApp,5,96.0,11.6,40,2455.16,928.33
R04843,2025-12-06,L2,141,36.7,0.00,Sem divulgação,0,95.5,6.7,41,3376.29,1223.82
R04844,2025-12-06,L1,205,40.9,69.72,Mídia local,0,98.8,10.9,44,3364.87,1374.18
R04845,2025-12-06,L7,260,47.0,73.42,Mídia local,0,97.2,12.6,54,4981.55,1726.73
R04846,2025-12-06,L6,279,49.2,182.15,Redes sociais,15,93.6,11.4,70,4753.23,1595.87
R04847,2025-12-06,L3,220,48.0,0.00,Sem divulgação,0,95.0,10.8,38,2644.77,962.69
R04848,2025-12-06,L5,298,46.9,0.00,Sem divulgação,0,92.6,13.5,33,2247.73,865.38
R04849,2025-12-08,L4,92,25.2,0.00,Sem divulgação,5,84.1,6.1,26,1895.54,733.14
R04850,2025-12-08,L8,136,29.5,88.68,WhatsApp,0,96.8,10.9,30,1927.79,785.41
R04851,2025-12-08,L2,108,29.0,0.00,Sem divulgação,0,96.7,7.7,45,3839.65,1453.97
R04852,2025-12-08,L1,114,30.7,0.00,Sem divulgação,0,97.6,8.7,30,2267.35,947.33
R04853,2025-12-08,L7,207,42.4,157.43,Redes sociais,10,95.2,10.4,51,4089.17,1343.56
R04854,2025-12-08,L6,211,44.3,138.43,Mídia local,0,95.5,9.7,37,2382.41,926.08
R04855,2025-12-08,L3,273,41.3,117.74,Mídia local,0,93.4,14.3,38,3306.87,1218.92
R04856,2025-12-08,L5,295,50.1,136.37,Redes sociais,5,91.9,12.6,62,4644.51,1805.63
R04857,2025-12-09,L4,124,28.4,166.70,Redes sociais,0,95.9,7.1,39,2694.15,1065.05
R04858,2025-12-09,L8,149,36.2,74.07,WhatsApp,0,96.3,7.4,48,3351.44,1293.67
R04859,2025-12-09,L2,156,26.5,0.00,Sem divulgação,0,95.9,13.0,29,2525.56,934.36
R04860,2025-12-09,L1,158,39.4,129.30,WhatsApp,0,95.4,8.3,43,2328.95,971.91
R04861,2025-12-09,L7,176,40.9,96.08,Mídia local,0,94.9,8.6,33,2441.37,869.55
R04862,2025-12-09,L6,176,44.2,79.15,Mídia local,0,96.1,7.5,38,2942.10,1104.37
R04863,2025-12-09,L3,195,37.9,0.00,Sem divulgação,10,95.1,9.9,41,3467.78,1147.55
R04864,2025-12-09,L5,224,41.5,0.00,Sem divulgação,20,94.7,11.9,60,3627.15,1145.52
R04865,2025-12-10,L4,157,29.7,110.67,Redes sociais,10,96.0,10.2,61,4510.07,1615.29
R04866,2025-12-10,L8,136,34.5,92.20,Redes sociais,0,96.5,5.6,54,2976.72,1211.05
R04867,2025-12-10,L2,119,30.4,0.00,Sem divulgação,0,95.4,9.7,27,2117.34,764.54
R04868,2025-12-10,L1,192,36.8,164.97,Redes sociais,5,98.1,10.8,50,3749.96,1534.12
R04869,2025-12-10,L7,171,29.6,0.00,Sem divulgação,0,97.2,10.2,43,3530.25,1307.67
R04870,2025-12-10,L6,203,46.2,130.84,Mídia local,5,94.7,10.0,56,4341.30,1587.49
R04871,2025-12-10,L3,172,35.8,0.00,Sem divulgação,10,92.3,10.5,35,2832.24,852.95
R04872,2025-12-10,L5,197,37.5,0.00,Sem divulgação,5,94.4,11.5,36,2675.05,1011.18
R04873,2025-12-11,L4,148,23.8,129.88,WhatsApp,5,82.2,11.1,21,1379.21,517.63
R04874,2025-12-11,L8,151,42.1,240.85,Mídia local,10,94.6,6.5,54,3801.04,1344.11
R04875,2025-12-11,L2,180,37.9,236.84,Redes sociais,5,96.0,7.6,57,4462.18,1610.82
R04876,2025-12-11,L1,115,36.1,0.00,Sem divulgação,20,100.0,6.1,56,3398.00,1079.85
R04877,2025-12-11,L7,195,44.9,179.19,Redes sociais,10,97.4,8.0,62,4196.91,1332.31
R04878,2025-12-11,L6,201,29.6,0.00,Sem divulgação,15,94.0,15.8,52,3695.10,1198.18
R04879,2025-12-11,L3,217,53.7,169.87,WhatsApp,0,96.0,8.7,39,2900.35,1012.15
R04880,2025-12-11,L5,226,42.0,101.63,Redes sociais,0,95.5,10.6,40,3123.71,1248.65
R04881,2025-12-12,L4,154,31.4,144.52,WhatsApp,0,96.6,9.6,51,3838.62,1463.52
R04882,2025-12-12,L8,134,30.9,0.00,Sem divulgação,0,96.9,8.7,51,3613.42,1520.51
R04883,2025-12-12,L2,163,38.9,95.67,Mídia local,20,96.4,8.1,63,3782.24,1060.59
R04884,2025-12-12,L1,241,43.7,144.68,Redes sociais,0,97.4,12.2,55,3584.96,1470.64
R04885,2025-12-12,L7,156,36.7,0.00,Sem divulgação,5,94.1,9.3,29,2007.93,686.75
R04886,2025-12-12,L6,215,43.0,0.00,Sem divulgação,10,96.5,8.8,60,4141.28,1401.66
R04887,2025-12-12,L3,266,47.0,224.51,Redes sociais,15,94.5,13.2,42,3447.59,1066.70
R04888,2025-12-12,L5,233,39.2,0.00,Sem divulgação,10,94.1,13.0,43,3563.09,1215.13
R04889,2025-12-13,L4,118,25.8,0.00,Sem divulgação,20,98.9,7.1,61,3603.10,1144.17
R04890,2025-12-13,L8,192,35.9,0.00,Sem divulgação,15,98.1,12.0,81,5110.35,1909.27
R04891,2025-12-13,L2,150,40.2,0.00,Sem divulgação,15,98.5,8.5,66,4885.67,1409.87
R04892,2025-12-13,L1,218,44.8,0.00,Sem divulgação,0,98.8,10.4,65,4152.44,1755.29
R04893,2025-12-13,L7,247,51.1,93.67,Redes sociais,15,92.4,11.5,45,3042.59,875.78
R04894,2025-12-13,L6,283,49.2,0.00,Sem divulgação,10,81.0,13.6,36,1878.19,611.64
R04895,2025-12-13,L3,239,46.8,0.00,Sem divulgação,0,96.4,11.9,22,1490.24,534.86
R04896,2025-12-13,L5,334,58.3,96.70,Redes sociais,10,95.6,13.1,69,4848.80,1805.04
R04897,2025-12-15,L4,86,26.4,0.00,Sem divulgação,15,94.6,5.7,32,2213.48,752.29
R04898,2025-12-15,L8,150,26.8,137.64,WhatsApp,0,97.9,10.7,53,3575.17,1436.16
R04899,2025-12-15,L2,98,27.9,0.00,Sem divulgação,5,95.8,7.0,39,2416.96,853.19
R04900,2025-12-15,L1,190,39.9,159.18,Redes sociais,10,98.7,9.7,62,3767.07,1445.09
R04901,2025-12-15,L7,141,33.1,109.82,Redes sociais,0,92.9,9.6,25,2207.89,782.89
R04902,2025-12-15,L6,164,42.0,71.35,Redes sociais,5,95.2,9.1,32,2217.50,771.89
R04903,2025-12-15,L3,190,45.2,123.02,Redes sociais,0,96.3,9.4,40,2787.87,996.73
R04904,2025-12-15,L5,211,49.7,189.41,WhatsApp,15,94.6,9.2,58,4162.33,1401.82
R04905,2025-12-16,L4,140,30.7,128.96,Mídia local,15,96.2,9.0,48,3115.59,1039.36
R04906,2025-12-16,L8,112,36.4,119.64,Mídia local,0,90.0,5.2,29,2099.02,829.60
R04907,2025-12-16,L2,154,41.5,95.14,Redes sociais,0,94.7,8.0,39,3222.44,1142.76
R04908,2025-12-16,L1,189,39.5,87.80,Redes sociais,0,97.1,9.2,67,4718.48,1942.95
R04909,2025-12-16,L7,224,45.8,139.95,Redes sociais,0,95.1,8.5,50,4301.81,1561.15
R04910,2025-12-16,L6,183,42.7,127.22,WhatsApp,0,95.6,9.5,29,2510.35,964.17
R04911,2025-12-16,L3,229,41.4,37.25,Mídia local,0,95.2,12.2,33,2595.08,934.31
R04912,2025-12-16,L5,178,45.1,86.24,Mídia local,5,95.3,8.0,39,2788.20,1011.51
R04913,2025-12-17,L4,137,30.7,95.02,Redes sociais,0,96.6,9.6,52,3629.88,1396.29
R04914,2025-12-17,L8,175,34.8,119.07,Redes sociais,0,95.0,10.1,38,2149.88,858.56
R04915,2025-12-17,L2,120,30.7,0.00,Sem divulgação,0,93.9,8.2,21,1520.11,565.08
R04916,2025-12-17,L1,189,34.4,102.51,Redes sociais,0,99.0,9.4,47,3274.69,1364.27
R04917,2025-12-17,L7,224,37.9,78.57,Redes sociais,10,95.7,13.4,41,2558.97,800.59
R04918,2025-12-17,L6,226,38.6,113.49,WhatsApp,10,93.9,12.2,52,2983.24,1004.44
R04919,2025-12-17,L3,156,41.0,67.25,Mídia local,15,95.3,8.3,40,3232.96,928.07
R04920,2025-12-17,L5,160,41.0,0.00,Sem divulgação,15,93.7,8.0,41,2579.71,830.17
R04921,2025-12-18,L4,97,26.1,0.00,Sem divulgação,0,99.3,5.9,41,2963.66,1191.44
R04922,2025-12-18,L8,110,24.2,0.00,Sem divulgação,5,95.9,10.0,36,2274.37,876.95
R04923,2025-12-18,L2,98,31.7,102.32,Mídia local,20,93.5,6.2,38,2565.04,770.92
R04924,2025-12-18,L1,122,28.4,0.00,Sem divulgação,0,97.5,9.4,30,1768.24,753.57
R04925,2025-12-18,L7,167,35.1,0.00,Sem divulgação,5,93.7,8.9,28,2453.44,859.16
R04926,2025-12-18,L6,201,40.1,92.08,WhatsApp,0,95.0,10.8,38,2916.12,1094.61
R04927,2025-12-18,L3,288,47.4,103.84,Redes sociais,0,98.2,12.5,42,3233.06,1144.05
R04928,2025-12-18,L5,271,45.2,129.60,Mídia local,10,95.6,13.9,39,2842.37,1029.43
R04929,2025-12-19,L4,173,35.5,153.71,Redes sociais,5,96.4,8.8,54,4086.29,1485.76
R04930,2025-12-19,L8,142,36.1,65.72,Mídia local,10,96.6,7.8,53,3318.21,1253.46
R04931,2025-12-19,L2,146,33.7,83.09,WhatsApp,0,93.6,9.5,34,2321.86,834.66
R04932,2025-12-19,L1,224,41.7,177.96,WhatsApp,0,95.6,12.0,45,3062.25,1274.56
R04933,2025-12-19,L7,164,38.8,0.00,Sem divulgação,5,93.9,9.1,34,2708.05,922.01
R04934,2025-12-19,L6,188,47.9,165.41,Mídia local,20,93.5,9.1,38,2156.38,646.10
R04935,2025-12-19,L3,192,46.0,0.00,Sem divulgação,5,97.3,9.8,45,3975.51,1336.48
R04936,2025-12-19,L5,318,54.2,267.24,Mídia local,10,94.2,13.5,59,4532.13,1702.29
R04937,2025-12-20,L4,141,32.3,95.06,Redes sociais,0,97.3,6.9,60,3945.93,1538.08
R04938,2025-12-20,L8,151,43.2,85.48,Redes sociais,0,93.4,6.2,47,2934.55,1184.60
R04939,2025-12-20,L2,174,44.6,92.17,WhatsApp,15,92.6,8.4,57,4149.88,1163.21
R04940,2025-12-20,L1,232,39.5,69.50,WhatsApp,20,97.0,11.7,63,3186.43,1057.57
R04941,2025-12-20,L7,218,30.9,0.00,Sem divulgação,5,96.9,16.0,40,3265.27,1149.03
R04942,2025-12-20,L6,300,46.7,116.03,WhatsApp,5,94.0,12.3,61,3932.42,1525.90
R04943,2025-12-20,L3,236,56.7,82.18,WhatsApp,15,95.7,9.2,61,5317.81,1512.41
R04944,2025-12-20,L5,266,52.2,0.00,Sem divulgação,15,96.9,11.7,68,4259.79,1417.08
R04945,2025-12-22,L4,118,27.0,124.24,Mídia local,0,96.3,9.3,30,2241.38,899.57
R04946,2025-12-22,L8,128,25.6,105.97,Redes sociais,0,96.3,9.6,51,2918.67,1164.16
R04947,2025-12-22,L2,105,27.8,0.00,Sem divulgação,0,97.6,8.1,33,2728.51,979.32
R04948,2025-12-22,L1,152,37.7,118.09,WhatsApp,15,95.1,7.0,65,3387.38,1157.47
R04949,2025-12-22,L7,216,39.5,135.82,Redes sociais,5,96.8,10.2,68,4596.09,1610.93
R04950,2025-12-22,L6,172,42.8,85.62,Redes sociais,0,94.6,7.7,28,1746.36,639.77
R04951,2025-12-22,L3,182,35.6,46.29,WhatsApp,10,97.3,11.4,28,2617.42,797.57
R04952,2025-12-22,L5,155,38.0,0.00,Sem divulgação,0,95.5,8.8,32,2362.63,910.50
R04953,2025-12-23,L4,156,34.3,160.34,Redes sociais,0,97.4,8.7,53,3459.82,1352.24
R04954,2025-12-23,L8,79,32.4,0.00,Sem divulgação,10,96.9,3.7,42,2957.84,1056.31
R04955,2025-12-23,L2,128,31.5,0.00,Sem divulgação,0,95.0,7.4,35,1940.41,730.15
R04956,2025-12-23,L1,189,38.8,83.64,WhatsApp,20,99.5,9.2,68,4351.94,1374.07
R04957,2025-12-23,L7,213,41.9,134.53,Redes sociais,10,94.3,10.1,58,4663.10,1492.23
R04958,2025-12-23,L6,200,44.7,137.89,Mídia local,0,93.2,8.8,35,2293.06,891.26
R04959,2025-12-23,L3,194,46.6,132.15,Mídia local,0,97.2,7.7,42,3547.63,1261.40
R04960,2025-12-23,L5,253,50.8,108.09,WhatsApp,10,92.5,11.0,35,2693.93,954.71
R04961,2025-12-24,L4,126,35.5,61.32,Mídia local,0,100.0,5.9,56,4583.42,1780.76
R04962,2025-12-24,L8,107,25.2,0.00,Sem divulgação,0,81.1,7.5,19,1629.21,662.94
R04963,2025-12-24,L2,165,36.6,94.12,Redes sociais,0,94.1,9.3,44,3603.66,1324.13
R04964,2025-12-24,L1,194,42.7,93.76,WhatsApp,10,96.3,10.3,71,4521.11,1642.24
R04965,2025-12-24,L7,183,36.7,110.75,Redes sociais,0,97.5,10.6,29,1931.23,683.50
R04966,2025-12-24,L6,173,33.5,0.00,Sem divulgação,0,96.1,11.2,35,2424.29,941.28
R04967,2025-12-24,L3,190,36.5,0.00,Sem divulgação,0,96.1,11.0,25,2361.80,824.06
R04968,2025-12-24,L5,177,37.1,0.00,Sem divulgação,5,94.6,11.8,21,1531.06,578.98
R04977,2025-12-26,L4,90,24.1,0.00,Sem divulgação,10,96.7,8.5,38,2442.34,885.04
R04978,2025-12-26,L8,132,31.6,0.00,Sem divulgação,0,96.2,7.8,35,2152.56,869.03
R04979,2025-12-26,L2,179,34.9,113.40,Redes sociais,10,95.0,9.7,40,3152.80,1042.72
R04980,2025-12-26,L1,175,45.4,99.47,WhatsApp,15,96.2,8.7,66,3635.71,1216.43
R04981,2025-12-26,L7,198,41.9,88.25,WhatsApp,20,93.6,9.8,63,4028.89,1137.08
R04982,2025-12-26,L6,178,37.6,0.00,Sem divulgação,5,95.1,11.0,36,2717.13,1011.75
R04983,2025-12-26,L3,257,41.3,0.00,Sem divulgação,0,95.4,13.0,36,3542.98,1286.75
R04984,2025-12-26,L5,268,52.8,86.96,Mídia local,15,94.9,10.4,72,5740.45,2007.74
R04985,2025-12-27,L4,177,33.1,202.29,Redes sociais,15,96.7,9.0,79,5369.47,1815.93
R04986,2025-12-27,L8,135,39.3,164.55,Mídia local,0,95.0,6.0,44,3491.54,1433.97
R04987,2025-12-27,L2,130,30.9,0.00,Sem divulgação,0,96.9,7.9,45,3555.37,1321.31
R04988,2025-12-27,L1,168,36.6,0.00,Sem divulgação,5,96.2,9.2,51,3082.68,1274.20
R04989,2025-12-27,L7,230,48.0,130.22,Redes sociais,5,95.9,10.5,59,4787.12,1705.88
R04990,2025-12-27,L6,271,46.9,183.26,Redes sociais,10,93.2,12.9,75,4469.25,1540.19
R04991,2025-12-27,L3,309,45.4,232.05,Mídia local,20,96.0,14.9,61,3958.73,1039.96
R04992,2025-12-27,L5,351,53.8,126.75,Redes sociais,5,96.4,15.1,60,4179.66,1523.20
R04993,2025-12-29,L4,135,27.6,57.41,Redes sociais,0,98.3,8.8,53,4223.28,1645.03
R04994,2025-12-29,L8,117,28.8,0.00,Sem divulgação,5,98.3,7.7,34,2191.55,860.10
R04995,2025-12-29,L2,135,25.9,0.00,Sem divulgação,0,100.0,9.8,39,2960.05,1088.00
R04996,2025-12-29,L1,167,32.1,74.39,Redes sociais,20,100.0,10.1,83,4953.20,1719.17
R04997,2025-12-29,L7,139,30.1,0.00,Sem divulgação,15,92.4,10.0,33,2151.58,706.04
R04998,2025-12-29,L6,203,43.2,155.41,WhatsApp,0,92.8,9.1,43,2978.37,1161.64
R04999,2025-12-29,L3,208,43.8,103.83,Mídia local,5,97.4,9.1,53,4105.16,1321.96
R05000,2025-12-29,L5,212,41.3,0.00,Sem divulgação,15,95.5,11.2,36,2346.06,798.75
R05001,2025-12-30,L4,112,28.7,117.60,Redes sociais,15,94.8,6.3,48,3245.48,1085.17
R05002,2025-12-30,L8,76,34.7,93.95,Redes sociais,15,95.7,3.9,40,2210.47,750.93
R05003,2025-12-30,L2,133,35.9,120.80,Redes sociais,5,98.0,5.9,53,3951.38,1370.75
R05004,2025-12-30,L1,148,30.8,0.00,Sem divulgação,15,96.0,9.7,42,2608.64,926.82
R05005,2025-12-30,L7,158,36.6,128.97,Redes sociais,0,94.7,9.2,35,2902.16,1036.35
R05006,2025-12-30,L6,139,40.0,69.01,Redes sociais,0,95.8,7.8,42,3343.71,1303.69
R05007,2025-12-30,L3,151,34.3,0.00,Sem divulgação,5,96.1,9.0,24,1861.90,608.10
R05008,2025-12-30,L5,254,47.9,420.00,WhatsApp,0,94.6,10.6,55,4357.50,1693.61
R05009,2025-12-31,L4,121,28.5,0.00,Sem divulgação,5,97.3,9.0,45,3230.55,1233.07
R05010,2025-12-31,L8,154,38.4,144.33,Redes sociais,15,96.8,10.0,46,2782.36,1012.00
R05011,2025-12-31,L2,182,21.4,0.00,Sem divulgação,0,94.0,18.3,15,1264.74,466.81
R05012,2025-12-31,L1,164,30.7,0.00,Sem divulgação,5,98.3,12.0,31,1869.57,772.08
R05013,2025-12-31,L7,149,30.0,0.00,Sem divulgação,15,95.9,9.8,41,3595.73,1158.35
R05014,2025-12-31,L6,173,40.6,0.00,Sem divulgação,0,94.9,8.5,41,3222.82,1233.48
R05015,2025-12-31,L3,211,44.8,0.00,Sem divulgação,20,97.2,10.6,63,4803.56,1347.06
R05016,2025-12-31,L5,198,44.9,0.00,Sem divulgação,0,96.0,8.2,29,2191.68,861.19
R04969,2026-01-02,L4,112,31.2,80.02,Redes sociais,0,97.2,8.1,36,2601.33,1047.83
R04970,2026-01-02,L8,107,21.9,0.00,Sem divulgação,0,97.8,11.5,21,1417.96,560.51
R04971,2026-01-02,L2,119,30.2,0.00,Sem divulgação,5,96.3,8.8,40,2514.74,897.79
R04972,2026-01-02,L1,155,30.3,0.00,Sem divulgação,0,96.7,11.1,33,1955.83,777.76
R04973,2026-01-02,L7,188,39.5,38.87,Redes sociais,10,96.0,9.5,48,3534.53,1149.78
R04974,2026-01-02,L6,167,35.4,0.00,Sem divulgação,10,97.4,9.6,57,3541.93,1243.46
R04975,2026-01-02,L3,241,51.2,391.46,Redes sociais,5,97.3,10.3,46,3289.42,1088.26
R04976,2026-01-02,L5,297,48.8,142.91,Mídia local,15,94.1,13.6,81,5856.98,2012.96
R03564,2025-06-03,L1,179,37.7,133.46,WhatsApp,0,93.1,8.3,42,2535.92,1053.98
