id_estudante,idade,genero,nivel_educacao,media_horas_sono,horas_tempo_tela,horas_redes_sociais,horas_estudo_por_dia,horas_exercicio_por_semana,bebidas_cafeina_por_dia,nivel_estresse,pontuacao_ansiedade,media_notas,usa_app_sono,sente_esgotado
1,21,nao_binario,ensino_medio,8.0,4.9,3.7,5.0,4.8,1,7,7,3.35,nao,sim
2,19,feminino,graduacao,7.3,7.7,5.3,2.8,4.2,1,8,8,2.81,sim,sim
3,19,masculino,graduacao,6.1,7.3,3.6,3.6,5.8,1,8,10,3.01,sim,sim
4,16,masculino,ensino_medio,6.2,7.4,4.0,0.4,2.0,4,9,10,2.76,nao,sim
5,20,masculino,pos_graduacao,5.6,12.5,8.3,2.6,6.2,3,10,10,2.67,nao,sim
6,19,masculino,ensino_medio,6.4,5.0,0.7,4.6,5.3,1,7,8,3.24,sim,sim
7,18,masculino,graduacao,7.7,3.3,1.5,5.1,4.6,1,8,6,3.19,nao,sim
8,20,masculino,pos_graduacao,7.8,8.4,4.9,5.0,4.7,0,6,5,3.85,sim,nao
9,21,masculino,pos_graduacao,7.7,4.6,1.2,5.0,8.3,1,5,3,3.47,nao,nao
10,18,masculino,ensino_medio,8.8,5.3,2.5,2.1,6.3,1,8,7,3.51,sim,sim
11,24,feminino,ensino_medio,8.8,3.8,2.5,6.6,1.9,1,5,4,4.0,sim,nao
12,17,masculino,ensino_medio,7.6,7.0,3.6,4.2,2.1,3,7,8,3.21,nao,sim
13,19,feminino,ensino_medio,7.3,11.6,7.5,2.1,5.9,0,8,9,2.88,nao,sim
14,20,feminino,graduacao,6.9,7.6,3.9,2.9,3.7,1,9,7,2.53,nao,sim
15,15,prefere_nao_dizer,pos_graduacao,7.4,5.8,2.7,1.8,4.1,1,6,6,3.83,sim,nao
16,18,feminino,ensino_medio,7.3,5.6,2.9,5.0,3.0,0,8,9,3.46,nao,sim
17,22,feminino,graduacao,7.3,5.9,3.4,4.3,2.5,6,5,3,3.96,sim,nao
18,19,masculino,ensino_medio,6.1,5.4,1.2,3.5,5.0,3,6,8,3.41,nao,nao
19,20,masculino,graduacao,6.6,8.2,4.9,3.8,3.9,4,7,8,3.31,sim,sim
20,15,masculino,graduacao,8.9,7.3,2.6,4.7,0.5,2,7,8,3.63,sim,sim
21,19,masculino,ensino_medio,7.2,5.7,3.0,3.3,2.1,4,4,6,3.6,sim,nao
22,16,masculino,graduacao,8.1,5.8,1.3,1.0,6.1,1,6,8,3.72,nao,nao
23,18,feminino,graduacao,7.5,5.2,3.7,5.0,2.7,4,7,6,3.19,sim,sim
24,17,masculino,ensino_medio,7.1,4.9,1.1,0.7,3.2,0,9,8,2.92,sim,sim
25,25,feminino,graduacao,8.7,3.4,2.8,4.5,6.6,1,5,4,3.46,sim,nao
26,19,masculino,graduacao,6.5,5.6,3.4,4.5,4.4,1,5,3,3.05,sim,nao
27,20,feminino,graduacao,9.5,3.6,2.2,3.0,3.6,1,6,5,3.26,nao,nao
28,18,prefere_nao_dizer,ensino_medio,8.3,4.5,3.8,2.4,0.0,3,8,7,3.45,nao,sim
29,21,masculino,graduacao,6.3,9.1,3.7,1.5,4.7,5,7,8,2.4,nao,sim
30,16,masculino,graduacao,7.6,6.8,3.3,2.6,1.0,1,10,10,3.0,nao,sim
31,17,masculino,graduacao,6.7,7.2,4.8,0.7,4.9,1,9,7,3.0,sim,sim
32,21,prefere_nao_dizer,ensino_medio,7.7,4.7,4.8,3.0,0.0,0,6,8,3.63,nao,nao
33,18,masculino,pos_graduacao,8.2,6.5,4.0,4.5,0.6,2,9,8,3.06,sim,sim
34,21,feminino,ensino_medio,7.9,6.4,2.8,0.6,4.2,1,8,8,3.65,nao,sim
35,14,masculino,pos_graduacao,8.1,7.8,4.1,2.9,6.7,1,6,5,3.58,nao,nao
36,18,feminino,graduacao,7.9,6.9,5.1,4.8,0.0,1,8,7,3.22,nao,sim
37,24,feminino,graduacao,7.7,6.5,4.6,5.2,4.2,1,4,3,3.53,nao,nao
38,26,masculino,pos_graduacao,6.8,4.6,0.3,3.5,4.4,3,7,6,3.06,nao,sim
39,19,feminino,ensino_medio,7.2,4.9,2.8,0.5,6.3,0,7,9,3.7,nao,sim
40,18,masculino,ensino_medio,7.5,5.0,3.4,1.5,5.2,2,8,6,3.66,nao,sim
41,21,masculino,ensino_medio,5.9,4.2,2.2,1.5,2.0,3,8,9,3.54,sim,sim
42,20,feminino,pos_graduacao,6.9,7.4,3.1,4.4,0.8,0,8,9,3.24,nao,sim
43,16,feminino,ensino_medio,7.4,6.6,5.5,4.4,1.1,2,9,8,3.04,nao,sim
44,21,feminino,ensino_medio,8.0,5.8,2.8,2.3,0.0,3,8,7,3.15,nao,sim
45,18,feminino,graduacao,6.0,6.8,5.0,3.9,0.7,1,9,9,2.99,nao,sim
46,21,feminino,pos_graduacao,7.3,4.4,1.8,1.4,8.1,1,6,6,3.08,nao,nao
47,23,masculino,pos_graduacao,7.8,4.4,2.3,2.7,9.5,0,5,6,3.83,sim,nao
48,18,feminino,graduacao,9.5,4.4,2.3,3.0,1.3,1,3,1,3.58,nao,nao
49,17,masculino,ensino_medio,8.0,7.9,5.2,3.3,2.9,6,8,7,3.31,sim,sim
50,21,feminino,graduacao,6.4,8.5,4.3,1.4,6.9,2,6,8,3.79,sim,nao
51,23,feminino,graduacao,8.2,5.9,3.3,3.8,2.0,1,5,6,3.84,nao,nao
52,22,masculino,graduacao,5.8,9.2,3.0,0.7,9.0,0,8,8,3.36,sim,sim
53,15,masculino,pos_graduacao,6.1,7.1,3.5,1.4,6.8,2,7,5,3.29,sim,sim
54,17,masculino,ensino_medio,7.1,5.6,0.4,2.1,3.9,1,7,9,3.61,sim,sim
55,20,feminino,graduacao,7.2,7.0,3.5,4.5,4.2,3,9,7,2.54,sim,sim
56,18,masculino,graduacao,6.8,8.8,4.5,3.8,6.7,1,10,8,2.96,nao,sim
57,22,masculino,graduacao,8.2,8.0,4.9,1.8,3.5,2,5,6,3.58,nao,nao
58,18,feminino,graduacao,6.7,4.9,2.7,3.5,0.0,1,8,6,2.44,nao,sim
59,23,feminino,graduacao,8.5,6.2,5.2,4.6,2.9,0,7,7,3.32,sim,sim
60,17,feminino,graduacao,9.0,5.7,4.4,6.0,7.0,4,6,4,3.46,sim,nao
61,19,feminino,ensino_medio,9.6,3.0,3.0,4.0,2.8,1,6,4,3.97,nao,nao
62,15,masculino,ensino_medio,9.4,4.2,3.6,4.0,5.0,0,6,5,3.39,nao,nao
63,14,masculino,ensino_medio,6.5,8.1,4.5,1.7,2.9,1,9,9,2.68,nao,sim
64,25,feminino,ensino_medio,8.1,6.6,2.9,3.6,6.5,4,10,10,3.05,sim,sim
65,22,feminino,graduacao,8.6,6.1,3.8,3.3,4.3,1,9,9,3.35,nao,sim
66,23,masculino,pos_graduacao,7.5,7.0,2.4,2.6,6.4,1,4,6,3.88,nao,nao
67,15,feminino,ensino_medio,7.1,6.9,5.7,1.1,3.4,6,7,5,3.05,nao,sim
68,21,masculino,graduacao,5.9,7.9,2.2,1.9,5.8,3,6,5,2.96,nao,nao
69,25,feminino,graduacao,8.6,8.6,5.0,2.1,2.1,1,9,7,3.35,nao,sim
70,20,masculino,graduacao,6.9,5.3,3.0,4.6,5.1,1,7,6,2.91,sim,sim
71,23,masculino,graduacao,8.2,7.4,4.7,2.6,5.6,1,7,6,2.72,sim,sim
72,24,nao_binario,graduacao,7.2,5.2,3.5,2.4,6.8,0,7,6,3.15,nao,sim
73,18,masculino,ensino_medio,9.1,3.3,2.3,0.9,3.0,2,7,9,3.78,nao,sim
74,22,feminino,graduacao,6.3,8.0,5.0,3.6,3.2,0,6,7,3.19,sim,nao
75,23,masculino,graduacao,7.8,5.3,3.5,4.5,0.0,0,5,5,3.61,sim,nao
76,19,masculino,graduacao,8.0,5.8,1.5,0.6,6.3,1,7,8,3.42,sim,sim
77,14,feminino,graduacao,8.3,5.0,3.3,2.6,0.0,4,7,6,3.6,nao,sim
78,21,feminino,graduacao,6.3,6.3,2.7,3.5,0.0,5,8,8,3.6,nao,sim
79,17,masculino,graduacao,7.3,4.1,1.7,5.5,3.6,2,5,6,3.29,nao,nao
80,19,masculino,ensino_medio,6.5,8.3,5.7,2.3,2.1,1,7,5,3.16,nao,sim
81,19,feminino,graduacao,7.4,8.2,3.5,4.8,6.0,2,8,10,3.09,sim,sim
82,18,masculino,pos_graduacao,8.0,7.4,5.0,2.1,5.9,1,6,4,2.92,sim,nao
83,22,masculino,ensino_medio,6.5,7.4,2.2,4.9,0.0,0,8,9,2.94,nao,sim
84,19,feminino,graduacao,7.0,7.0,3.1,2.2,5.8,1,6,6,3.29,sim,nao
85,22,masculino,ensino_medio,6.2,4.7,2.3,3.2,0.8,2,6,4,3.43,nao,nao
86,17,feminino,graduacao,7.3,5.6,3.6,4.1,4.3,0,7,9,3.63,nao,sim
87,22,masculino,pos_graduacao,7.5,8.9,5.1,0.0,8.4,0,7,5,3.52,nao,sim
88,17,masculino,graduacao,8.8,2.7,2.1,0.0,2.9,3,7,7,3.53,sim,sim
89,19,feminino,graduacao,6.7,6.2,6.1,4.4,5.2,4,6,6,2.79,nao,nao
90,19,masculino,graduacao,7.4,7.1,3.9,4.7,4.2,0,5,7,3.68,nao,nao
91,24,feminino,pos_graduacao,6.9,5.1,3.2,5.1,2.6,3,8,8,3.05,sim,sim
92,16,feminino,ensino_medio,6.6,7.2,5.1,4.3,3.1,3,8,7,3.09,nao,sim
93,18,masculino,graduacao,9.0,4.9,3.0,3.9,1.1,2,4,6,3.53,nao,nao
94,20,feminino,graduacao,7.7,5.4,1.6,2.9,2.7,2,8,10,3.15,nao,sim
95,19,feminino,graduacao,6.9,8.1,3.2,3.0,6.5,1,5,5,3.85,nao,nao
96,22,feminino,graduacao,7.8,6.4,4.2,3.6,4.9,0,7,8,3.6,nao,sim
97,16,feminino,pos_graduacao,7.9,6.2,3.9,0.4,4.6,0,5,4,2.53,nao,nao
98,23,feminino,graduacao,7.2,8.3,4.8,3.4,8.1,0,7,7,3.39,nao,sim
99,18,masculino,graduacao,8.2,6.0,4.2,3.4,6.9,2,5,7,3.28,sim,nao
100,19,feminino,ensino_medio,5.0,8.9,4.5,3.4,3.6,1,8,9,3.18,nao,sim
101,19,masculino,ensino_medio,7.0,8.6,3.1,0.4,0.1,2,7,6,2.52,nao,sim
102,26,masculino,pos_graduacao,8.3,6.0,4.1,3.7,2.1,5,7,8,3.2,nao,sim
103,19,feminino,pos_graduacao,8.0,5.5,2.4,1.9,0.0,0,10,8,3.14,sim,sim
104,20,masculino,graduacao,6.1,7.6,5.8,3.7,2.9,3,9,9,2.65,sim,sim
105,18,masculino,ensino_medio,6.9,8.9,6.4,5.5,7.5,0,8,7,3.34,sim,sim
106,24,masculino,graduacao,7.9,5.9,3.3,3.3,0.4,2,8,9,2.89,nao,sim
107,21,feminino,graduacao,6.2,10.2,6.8,2.3,4.9,1,10,9,3.12,sim,sim
108,17,feminino,ensino_medio,7.9,7.4,4.0,1.1,1.5,0,8,10,3.51,nao,sim
109,19,masculino,graduacao,6.8,6.3,2.6,3.7,2.9,2,8,10,2.88,nao,sim
110,21,masculino,ensino_medio,8.0,3.8,2.3,3.4,5.6,2,3,3,3.72,nao,nao
111,18,masculino,ensino_medio,8.9,4.5,2.5,2.7,0.0,0,7,9,3.8,nao,sim
112,21,feminino,graduacao,7.0,6.6,4.1,2.6,5.2,0,6,5,3.28,nao,nao
113,15,feminino,graduacao,6.3,9.1,4.7,3.0,3.4,1,9,8,3.15,nao,sim
114,27,feminino,graduacao,7.1,4.6,2.0,2.4,2.8,2,7,6,3.23,nao,sim
115,23,feminino,graduacao,6.7,7.4,2.8,2.0,2.5,3,9,7,3.15,nao,sim
116,21,feminino,graduacao,7.8,4.0,3.2,2.3,4.1,1,5,5,3.52,sim,nao
117,21,feminino,ensino_medio,6.5,9.4,3.5,4.3,5.7,6,9,7,2.48,nao,sim
118,17,masculino,graduacao,8.7,3.1,1.0,1.4,3.0,2,7,6,3.52,sim,sim
119,19,masculino,pos_graduacao,9.1,4.0,0.8,3.9,4.6,3,6,4,3.72,nao,nao
120,21,feminino,ensino_medio,7.2,7.4,4.9,3.5,7.1,3,7,7,3.43,nao,sim
121,18,feminino,graduacao,7.9,6.6,4.2,2.9,3.2,1,8,10,3.11,nao,sim
122,20,masculino,ensino_medio,6.7,8.1,5.3,3.0,0.1,0,9,7,2.7,sim,sim
123,14,feminino,ensino_medio,8.0,4.3,3.4,3.2,5.4,0,7,7,3.56,sim,sim
124,24,feminino,graduacao,7.2,5.8,1.7,2.2,8.1,2,7,6,3.4,nao,sim
125,21,feminino,ensino_medio,6.6,8.5,4.0,1.4,4.3,2,8,8,2.92,nao,sim
126,18,feminino,graduacao,7.3,6.8,3.7,4.2,2.6,1,10,10,3.48,nao,sim
127,22,masculino,ensino_medio,7.9,4.2,1.3,1.7,2.5,3,7,5,3.49,nao,sim
128,21,feminino,graduacao,7.1,6.6,3.4,4.0,2.0,1,7,7,3.13,sim,sim
129,21,feminino,pos_graduacao,6.2,6.9,4.6,4.1,2.3,0,10,10,2.66,nao,sim
130,16,masculino,graduacao,7.7,6.4,3.4,1.6,2.0,0,9,7,3.09,nao,sim
131,18,feminino,graduacao,6.1,10.4,6.3,4.4,6.1,2,6,4,2.75,sim,nao
132,19,masculino,ensino_medio,6.9,7.4,4.5,0.3,4.6,2,8,6,3.1,nao,sim
133,20,feminino,pos_graduacao,6.8,8.9,5.7,4.7,0.0,1,8,6,2.78,nao,sim
134,21,masculino,graduacao,7.2,9.3,5.8,2.5,4.6,0,10,10,2.82,nao,sim
135,15,masculino,pos_graduacao,7.2,4.4,3.0,4.3,0.3,2,9,8,3.18,nao,sim
136,24,feminino,graduacao,7.6,5.2,3.8,3.7,4.0,0,5,3,3.85,nao,nao
137,18,masculino,graduacao,4.7,8.1,5.7,4.0,4.5,0,9,10,3.16,sim,sim
138,16,feminino,graduacao,7.6,7.0,3.8,1.5,5.7,0,6,7,3.14,sim,nao
139,21,feminino,graduacao,8.1,8.2,4.2,6.6,5.4,2,4,5,3.68,nao,nao
140,22,masculino,graduacao,8.5,5.2,4.2,4.4,5.0,0,4,6,3.74,sim,nao
141,17,masculino,graduacao,6.7,6.1,2.9,4.7,6.0,2,7,7,3.31,nao,sim
142,17,masculino,graduacao,7.2,5.9,3.9,4.6,4.8,2,6,4,3.37,nao,nao
143,20,feminino,graduacao,7.6,6.2,2.2,3.7,3.6,2,7,8,3.99,nao,sim
144,23,nao_binario,ensino_medio,5.6,5.3,2.3,3.6,1.8,3,8,7,2.96,nao,sim
145,22,masculino,graduacao,7.0,6.4,4.8,4.4,2.3,1,8,9,2.77,sim,sim
146,19,feminino,graduacao,6.1,10.8,6.6,2.9,2.1,3,10,10,2.79,nao,sim
147,20,feminino,pos_graduacao,5.4,11.7,7.7,2.1,3.1,3,10,9,2.38,nao,sim
148,15,masculino,graduacao,7.6,9.1,4.2,4.6,6.5,3,9,7,2.93,nao,sim
149,19,nao_binario,pos_graduacao,7.0,5.0,3.1,2.7,5.0,2,8,9,3.45,nao,sim
150,22,masculino,ensino_medio,7.5,4.0,2.9,2.6,1.6,1,6,5,3.51,nao,nao
151,14,masculino,ensino_medio,7.4,11.5,5.0,0.0,4.3,2,10,8,2.75,nao,sim
152,22,feminino,graduacao,9.5,3.5,1.0,4.1,5.3,3,4,6,4.0,sim,nao
153,16,masculino,ensino_medio,8.9,6.2,3.1,3.1,3.0,3,5,6,3.31,sim,nao
154,16,masculino,graduacao,6.1,9.1,4.4,3.9,4.6,3,10,10,3.37,sim,sim
155,21,feminino,pos_graduacao,7.5,5.6,4.2,3.3,1.2,1,6,8,3.48,sim,nao
156,18,feminino,ensino_medio,5.8,7.2,3.0,4.5,3.1,2,8,9,2.97,sim,sim
157,23,feminino,pos_graduacao,7.1,5.6,3.2,3.6,3.1,4,7,8,3.42,sim,sim
158,14,feminino,graduacao,8.2,5.0,4.5,4.4,1.7,5,7,5,2.93,nao,sim
159,20,feminino,graduacao,6.4,8.8,4.2,4.2,6.3,0,8,7,3.24,nao,sim
160,26,feminino,ensino_medio,9.3,3.2,2.9,3.6,5.5,3,5,6,4.0,nao,nao
161,23,masculino,graduacao,7.7,5.4,2.3,2.6,4.4,0,4,2,3.51,nao,nao
162,17,feminino,graduacao,7.6,5.7,3.1,4.9,0.9,4,7,8,3.14,nao,sim
163,16,feminino,graduacao,6.0,9.0,2.7,2.2,7.0,2,9,9,3.12,sim,sim
164,20,feminino,graduacao,8.2,5.6,3.8,2.5,3.8,3,7,7,3.24,sim,sim
165,17,masculino,graduacao,7.1,4.9,3.9,2.4,3.5,1,5,3,3.25,nao,nao
166,17,masculino,graduacao,7.6,6.9,4.6,5.1,7.9,3,6,7,2.98,sim,nao
167,17,feminino,graduacao,8.0,4.3,2.6,1.7,4.8,2,6,4,3.5,sim,nao
168,19,masculino,ensino_medio,6.8,9.7,5.1,3.1,2.6,3,6,7,2.85,sim,nao
169,22,masculino,pos_graduacao,8.8,5.5,3.2,2.7,2.2,1,7,5,3.01,nao,sim
170,21,masculino,graduacao,8.4,6.5,4.7,2.0,1.7,3,7,8,3.44,nao,sim
171,16,masculino,graduacao,7.2,7.2,0.9,1.8,4.3,2,7,7,3.12,nao,sim
172,22,feminino,ensino_medio,7.6,6.8,2.9,4.5,8.5,5,7,5,3.26,nao,sim
173,14,nao_binario,ensino_medio,8.7,5.5,3.6,4.2,3.4,3,4,2,3.83,sim,nao
174,19,masculino,graduacao,7.4,3.5,1.6,3.0,1.1,0,8,8,3.5,nao,sim
175,23,feminino,graduacao,7.6,7.4,4.1,2.9,1.7,2,8,7,2.91,nao,sim
176,17,feminino,pos_graduacao,8.3,6.1,4.5,2.5,2.2,1,5,3,3.19,nao,nao
177,16,masculino,graduacao,8.1,6.3,3.8,1.3,5.4,2,6,6,3.86,nao,nao
178,20,masculino,graduacao,8.2,6.7,3.5,3.9,4.8,1,7,8,3.81,sim,sim
179,19,feminino,pos_graduacao,7.1,8.9,5.7,2.1,3.7,2,7,5,2.97,sim,sim
180,24,masculino,graduacao,8.5,1.0,1.1,0.2,5.9,0,4,3,3.84,nao,nao
181,17,feminino,graduacao,6.8,4.7,2.1,1.7,6.1,1,6,5,3.73,nao,nao
182,17,feminino,graduacao,8.2,8.0,4.9,4.1,2.8,0,5,5,3.69,nao,nao
183,19,feminino,graduacao,7.8,7.7,4.2,3.8,2.6,2,7,7,2.98,sim,sim
184,18,masculino,graduacao,8.0,5.6,2.4,3.0,5.9,1,7,9,3.13,nao,sim
185,23,feminino,ensino_medio,7.2,5.9,1.3,4.5,6.1,2,7,5,3.15,nao,sim
186,22,masculino,ensino_medio,9.0,3.2,1.4,1.9,2.9,3,4,3,3.9,sim,nao
187,22,masculino,ensino_medio,7.0,7.0,4.6,3.7,0.0,3,7,7,3.21,sim,sim
188,20,feminino,graduacao,5.9,10.7,7.4,4.3,5.9,0,10,10,3.59,nao,sim
189,20,masculino,graduacao,7.7,6.6,3.4,1.5,3.0,1,7,6,3.6,nao,sim
190,16,masculino,ensino_medio,8.8,8.4,2.2,2.0,0.6,2,7,9,3.97,nao,sim
191,18,masculino,ensino_medio,5.5,7.7,4.9,6.1,5.8,4,6,8,3.48,nao,nao
192,18,masculino,ensino_medio,7.6,5.5,3.1,2.2,6.3,2,7,6,3.58,sim,sim
193,19,feminino,pos_graduacao,7.6,5.1,5.0,3.0,5.2,1,7,9,3.04,nao,sim
194,16,feminino,graduacao,6.6,7.9,4.6,2.9,5.4,1,7,8,3.49,sim,sim
195,22,feminino,ensino_medio,8.6,4.9,3.0,3.3,6.1,2,7,8,3.72,nao,sim
196,23,prefere_nao_dizer,pos_graduacao,7.9,8.9,5.4,2.5,2.4,3,8,6,2.75,nao,sim
197,22,masculino,ensino_medio,7.8,7.5,1.9,2.3,6.3,0,6,5,2.78,nao,nao
198,24,feminino,ensino_medio,6.8,6.6,4.6,6.8,2.7,2,8,7,3.15,nao,sim
199,21,masculino,pos_graduacao,8.2,5.3,3.1,2.4,0.9,2,6,7,3.42,sim,nao
200,18,feminino,graduacao,7.8,6.8,3.4,3.6,4.7,1,9,8,3.66,nao,sim
201,21,masculino,graduacao,7.0,7.1,5.8,2.5,1.7,1,9,10,2.3,sim,sim
202,26,masculino,graduacao,7.9,4.6,2.6,3.3,3.3,2,8,8,3.11,sim,sim
203,18,masculino,graduacao,8.4,6.9,3.9,5.0,0.8,3,7,7,3.11,nao,sim
204,23,feminino,graduacao,5.1,9.2,5.3,2.7,2.0,1,8,8,2.27,nao,sim
205,23,masculino,pos_graduacao,9.0,5.9,2.9,1.9,4.9,0,6,5,3.63,nao,nao
206,20,masculino,graduacao,7.1,6.0,4.5,3.3,5.4,2,10,10,2.67,sim,sim
207,18,feminino,ensino_medio,7.8,4.8,3.0,6.9,3.7,4,7,6,2.85,nao,sim
208,18,masculino,graduacao,6.9,8.1,4.1,0.0,1.7,0,9,10,3.26,nao,sim
209,25,feminino,pos_graduacao,7.5,4.5,4.1,5.5,5.5,3,6,8,3.71,nao,nao
210,17,masculino,graduacao,8.0,2.3,0.8,1.5,7.1,2,5,4,3.43,nao,nao
211,20,feminino,pos_graduacao,7.7,5.7,0.5,2.0,1.1,4,6,8,3.07,sim,nao
212,16,masculino,graduacao,6.4,5.3,4.5,3.3,2.8,5,6,6,3.26,nao,nao
213,16,feminino,ensino_medio,6.6,8.4,3.6,3.4,2.7,3,8,7,3.41,sim,sim
214,23,feminino,pos_graduacao,7.5,8.1,2.9,5.2,0.9,1,6,5,3.45,nao,nao
215,22,masculino,graduacao,7.7,5.3,4.2,0.9,1.6,3,8,10,2.59,sim,sim
216,18,masculino,ensino_medio,7.7,4.3,1.3,4.7,3.5,2,6,4,2.93,nao,nao
217,21,masculino,graduacao,8.4,3.6,2.8,3.6,4.3,1,6,7,2.99,sim,nao
218,18,feminino,pos_graduacao,8.5,6.4,4.1,4.0,7.8,3,5,6,3.39,nao,nao
219,19,masculino,graduacao,8.5,5.6,3.7,3.1,1.4,1,7,5,3.11,nao,sim
220,16,feminino,graduacao,5.7,8.2,4.8,0.1,0.4,0,7,6,3.12,sim,sim
221,17,feminino,graduacao,7.8,7.5,4.1,4.6,0.0,1,9,10,3.27,sim,sim
222,24,feminino,graduacao,7.7,5.9,1.6,1.2,4.6,1,5,7,3.43,nao,nao
223,19,masculino,ensino_medio,6.6,6.8,2.8,2.4,5.5,4,7,7,3.02,nao,sim
224,18,feminino,graduacao,6.0,11.0,7.2,4.7,2.4,0,10,10,2.82,sim,sim
225,18,masculino,ensino_medio,7.7,5.0,4.7,1.3,3.5,5,9,9,2.97,nao,sim
226,18,feminino,graduacao,7.2,5.0,0.5,2.4,1.2,2,7,8,2.88,nao,sim
227,18,feminino,graduacao,9.0,3.6,2.5,5.3,2.9,2,5,3,3.76,nao,nao
228,20,feminino,graduacao,8.9,5.7,4.4,3.1,4.3,2,6,5,2.86,sim,nao
229,21,masculino,graduacao,6.8,6.7,3.5,3.4,9.4,1,7,9,3.21,sim,sim
230,21,feminino,graduacao,6.4,7.4,1.9,2.6,0.7,3,6,4,3.17,sim,nao
231,22,feminino,ensino_medio,7.8,5.2,4.6,2.5,0.5,4,6,8,3.45,nao,nao
232,22,feminino,graduacao,8.1,7.0,3.5,4.4,0.6,3,7,9,3.3,nao,sim
233,18,masculino,graduacao,7.2,1.3,0.0,2.2,2.8,3,7,8,3.52,nao,sim
234,18,masculino,graduacao,8.3,3.5,1.0,3.3,7.2,1,5,3,3.39,sim,nao
235,20,masculino,ensino_medio,7.7,7.5,5.3,5.4,2.9,1,7,6,3.44,sim,sim
236,21,feminino,ensino_medio,6.7,7.7,4.1,2.6,4.2,1,9,7,2.9,nao,sim
237,15,masculino,ensino_medio,6.8,10.0,2.9,1.5,0.0,3,10,10,3.05,nao,sim
238,19,masculino,pos_graduacao,7.7,5.2,4.8,4.8,0.3,1,6,5,3.56,nao,nao
239,14,masculino,ensino_medio,8.1,6.1,3.8,4.8,2.8,3,8,9,3.14,nao,sim
240,21,masculino,graduacao,8.6,5.8,2.5,1.4,9.7,1,6,4,3.63,nao,nao
241,21,masculino,ensino_medio,7.3,7.7,5.5,4.6,0.0,2,7,5,3.27,nao,sim
242,17,masculino,graduacao,8.5,4.8,1.9,4.5,6.5,2,6,6,3.77,nao,nao
243,20,masculino,ensino_medio,5.7,7.1,3.7,0.0,2.7,3,8,6,3.37,nao,sim
244,18,masculino,graduacao,6.0,8.5,4.9,3.4,0.0,1,10,10,2.67,nao,sim
245,20,nao_binario,ensino_medio,6.7,8.6,5.1,3.7,0.2,2,8,10,2.83,sim,sim
246,19,feminino,graduacao,5.4,10.3,6.3,3.7,7.5,0,8,7,2.9,sim,sim
247,24,masculino,pos_graduacao,7.9,3.5,0.6,5.7,2.5,0,6,7,3.9,nao,nao
248,20,feminino,ensino_medio,7.4,7.4,1.8,4.6,3.4,2,10,10,3.17,nao,sim
249,21,feminino,graduacao,7.9,4.5,3.5,4.0,6.6,0,5,3,3.19,nao,nao
250,19,feminino,pos_graduacao,8.8,2.9,0.5,3.0,3.8,2,6,6,3.44,nao,nao
251,19,masculino,ensino_medio,9.3,2.8,1.7,6.5,5.7,1,4,5,3.2,sim,nao
252,22,feminino,graduacao,7.4,7.9,5.2,3.8,3.3,0,9,10,3.23,nao,sim
253,18,nao_binario,ensino_medio,7.8,5.2,3.9,3.6,1.9,3,8,10,2.88,nao,sim
254,21,feminino,graduacao,7.5,4.6,1.5,1.2,2.0,1,7,6,3.75,nao,sim
255,20,masculino,graduacao,7.9,8.7,3.9,2.7,6.6,3,5,6,3.05,nao,nao
256,21,feminino,graduacao,7.7,5.7,2.2,2.8,4.5,1,6,6,3.7,nao,nao
257,18,feminino,graduacao,5.8,6.9,3.0,4.9,3.7,0,9,10,2.43,sim,sim
258,20,masculino,graduacao,9.1,2.9,1.8,3.3,0.0,2,7,8,3.44,sim,sim
259,17,masculino,graduacao,7.7,7.1,2.3,2.4,5.5,3,8,6,3.84,nao,sim
260,22,masculino,pos_graduacao,7.4,6.8,2.4,3.7,9.0,3,5,4,3.15,nao,nao
261,18,masculino,pos_graduacao,7.3,7.9,4.2,5.2,4.8,3,8,7,2.84,nao,sim
262,16,masculino,graduacao,7.0,5.4,3.6,5.4,2.6,2,7,8,3.46,nao,sim
263,17,feminino,graduacao,6.8,7.4,3.2,3.7,5.1,2,8,8,3.06,sim,sim
264,18,masculino,graduacao,7.5,4.5,2.2,2.3,6.6,0,6,5,3.64,sim,nao
265,22,feminino,graduacao,8.5,6.8,1.8,2.2,0.0,2,8,8,3.75,nao,sim
266,22,masculino,pos_graduacao,5.9,10.3,6.5,3.0,0.8,2,9,10,2.83,nao,sim
267,19,feminino,graduacao,7.2,4.4,2.9,2.8,2.1,1,10,9,3.08,sim,sim
268,14,feminino,graduacao,8.0,5.5,3.7,2.7,4.4,1,8,8,2.95,sim,sim
269,18,feminino,ensino_medio,6.0,7.1,3.6,4.3,1.2,2,10,9,2.87,nao,sim
270,19,masculino,ensino_medio,7.3,5.6,2.7,4.2,3.8,1,7,5,3.26,sim,sim
271,14,masculino,graduacao,7.8,6.8,3.6,3.2,0.0,3,8,9,3.21,nao,sim
272,16,prefere_nao_dizer,graduacao,7.6,5.1,2.2,2.0,3.5,5,5,5,3.36,nao,nao
273,20,masculino,graduacao,6.9,6.4,4.0,4.8,5.7,1,6,5,3.47,nao,nao
274,22,prefere_nao_dizer,graduacao,6.6,5.5,3.1,4.8,3.9,2,7,8,3.33,sim,sim
275,22,feminino,graduacao,6.5,7.3,4.6,2.1,6.8,1,8,9,3.4,sim,sim
276,23,feminino,graduacao,8.0,4.5,2.4,5.7,3.2,1,7,8,3.67,sim,sim
277,22,masculino,graduacao,7.8,4.9,1.1,4.3,5.1,2,7,9,3.24,nao,sim
278,18,feminino,ensino_medio,9.0,3.7,0.5,3.0,3.5,3,6,8,3.4,nao,nao
279,18,masculino,graduacao,6.8,7.7,3.0,2.9,8.1,1,7,8,3.4,nao,sim
280,20,masculino,ensino_medio,4.7,9.6,4.2,3.5,2.9,2,8,8,3.04,nao,sim
281,18,masculino,pos_graduacao,7.6,8.6,4.9,4.5,0.0,3,7,8,3.57,nao,sim
282,19,masculino,graduacao,8.0,8.9,3.1,6.1,1.0,1,9,10,3.03,sim,sim
283,23,masculino,graduacao,5.9,7.0,3.9,3.2,5.6,1,6,6,2.79,nao,nao
284,15,masculino,graduacao,7.7,7.2,2.5,3.3,5.6,0,6,6,3.01,nao,nao
285,14,feminino,graduacao,8.9,6.0,3.3,5.1,2.4,2,8,9,3.21,nao,sim
286,26,feminino,ensino_medio,6.8,6.8,3.1,4.4,0.1,3,10,10,3.38,sim,sim
287,19,feminino,graduacao,7.7,6.7,3.9,4.4,4.5,1,5,4,3.27,sim,nao
288,19,feminino,graduacao,8.4,4.3,2.5,5.1,2.1,3,6,4,4.0,sim,nao
289,15,masculino,graduacao,7.1,6.8,4.0,4.2,4.0,2,7,5,2.67,sim,sim
290,14,feminino,graduacao,10.0,1.9,1.8,4.4,3.1,0,5,6,4.0,nao,nao
291,18,feminino,pos_graduacao,7.2,4.5,1.4,2.0,3.3,3,8,7,3.54,sim,sim
292,21,masculino,pos_graduacao,8.8,9.1,5.9,2.8,5.0,2,7,8,3.58,nao,sim
293,16,feminino,pos_graduacao,9.4,6.0,2.8,3.5,0.0,2,8,10,3.58,nao,sim
294,16,masculino,ensino_medio,6.9,8.9,6.0,1.2,4.1,0,6,4,3.35,nao,nao
295,16,feminino,graduacao,9.6,6.8,4.6,2.3,3.6,0,7,6,3.09,nao,sim
296,19,masculino,pos_graduacao,8.4,1.9,0.5,4.1,5.9,1,4,5,3.8,nao,nao
297,16,feminino,pos_graduacao,5.7,9.0,6.6,1.3,3.2,1,9,7,2.38,nao,sim
298,24,masculino,graduacao,8.1,6.6,2.5,5.3,4.6,1,6,7,3.47,nao,nao
299,17,nao_binario,graduacao,8.0,6.7,2.5,2.4,4.1,1,9,9,3.41,sim,sim
300,20,masculino,ensino_medio,8.1,3.5,2.3,3.4,2.0,4,7,7,3.3,sim,sim
301,23,feminino,graduacao,8.4,7.7,4.0,3.0,2.6,3,6,6,3.46,sim,nao
302,23,masculino,ensino_medio,6.2,8.8,7.3,3.4,5.7,0,8,6,2.85,nao,sim
303,16,feminino,graduacao,8.0,9.0,5.6,2.6,1.3,1,7,7,3.18,nao,sim
304,14,feminino,ensino_medio,7.6,6.9,5.1,5.0,4.2,4,6,8,3.46,nao,nao
305,17,masculino,graduacao,6.6,10.5,5.7,3.8,2.5,2,9,8,3.03,nao,sim
306,16,masculino,graduacao,7.5,5.5,1.2,1.3,3.5,2,8,6,3.38,nao,sim
307,14,masculino,pos_graduacao,8.9,3.4,0.3,4.5,4.0,0,5,4,3.96,nao,nao
308,21,masculino,graduacao,6.1,9.1,5.5,3.0,0.6,0,9,10,3.21,nao,sim
309,21,feminino,graduacao,6.5,7.3,3.2,4.7,7.2,1,9,10,3.35,nao,sim
310,14,masculino,ensino_medio,8.9,1.0,0.0,3.9,4.6,1,5,3,4.0,nao,nao
311,16,masculino,graduacao,6.4,10.0,5.4,3.2,3.3,2,9,7,3.02,sim,sim
312,19,prefere_nao_dizer,graduacao,7.2,5.5,2.8,2.4,2.3,0,8,10,2.76,nao,sim
313,22,masculino,graduacao,6.4,9.7,4.9,1.9,7.0,1,6,6,3.12,sim,nao
314,19,masculino,graduacao,6.4,6.4,2.1,2.5,10.3,1,7,9,3.46,nao,sim
315,29,masculino,graduacao,8.1,5.2,2.8,2.3,1.2,7,7,6,3.27,sim,sim
316,18,masculino,graduacao,5.6,6.4,2.7,0.7,3.4,4,10,10,2.97,nao,sim
317,22,feminino,ensino_medio,7.4,7.4,4.3,2.7,3.9,1,6,6,3.29,nao,nao
318,19,feminino,graduacao,6.7,7.9,3.4,3.2,3.3,4,8,6,3.41,nao,sim
319,24,masculino,ensino_medio,7.7,5.4,3.8,4.1,4.8,1,7,6,3.53,nao,sim
320,18,feminino,ensino_medio,7.8,4.3,1.6,4.0,2.0,6,7,7,3.43,sim,sim
321,19,feminino,pos_graduacao,6.5,6.4,5.3,2.1,4.6,0,8,8,3.26,sim,sim
322,24,feminino,graduacao,7.3,4.9,0.9,5.2,1.9,2,7,5,3.38,nao,sim
323,17,feminino,pos_graduacao,7.7,3.6,2.3,4.1,2.3,3,8,8,2.94,nao,sim
324,25,feminino,ensino_medio,7.1,6.1,2.7,3.1,1.7,2,8,9,3.5,sim,sim
325,21,masculino,ensino_medio,8.5,5.2,2.2,4.5,4.0,1,6,6,3.56,nao,nao
326,21,feminino,pos_graduacao,8.0,4.9,2.9,3.1,6.5,0,6,8,3.72,nao,nao
327,16,feminino,graduacao,7.1,4.3,2.5,5.6,1.2,4,7,8,3.36,nao,sim
328,16,feminino,ensino_medio,6.3,9.2,4.9,5.1,2.4,1,7,7,3.1,sim,sim
329,21,masculino,graduacao,8.9,3.2,1.6,2.3,1.4,1,6,5,3.77,nao,nao
330,22,masculino,graduacao,6.4,7.5,2.9,4.5,10.5,5,6,4,2.93,nao,nao
331,14,feminino,graduacao,8.9,7.4,4.8,2.0,5.2,1,6,7,3.26,sim,nao
332,16,prefere_nao_dizer,pos_graduacao,7.3,8.2,4.6,3.3,0.2,2,8,9,2.89,nao,sim
333,19,feminino,pos_graduacao,7.6,7.4,4.1,4.3,4.9,1,6,7,2.88,nao,nao
334,24,masculino,ensino_medio,7.9,4.9,2.6,3.4,8.2,1,7,7,3.44,sim,sim
335,17,feminino,ensino_medio,7.2,8.0,6.0,3.3,0.5,0,7,9,3.0,sim,sim
336,15,feminino,ensino_medio,7.8,3.0,0.0,5.0,5.5,4,6,6,3.59,nao,nao
337,20,feminino,graduacao,6.5,9.3,4.6,5.2,2.3,3,8,9,3.4,nao,sim
338,22,feminino,graduacao,6.8,8.1,3.9,4.3,2.0,3,7,5,3.39,nao,sim
339,14,masculino,pos_graduacao,9.6,1.4,1.7,1.5,3.4,1,4,5,3.89,nao,nao
340,15,feminino,ensino_medio,8.5,6.8,4.5,1.7,5.4,2,4,5,3.38,nao,nao
341,16,masculino,graduacao,8.7,6.2,2.0,2.6,1.0,3,6,5,3.59,nao,nao
342,20,nao_binario,graduacao,7.1,7.4,5.3,3.8,5.9,1,8,7,3.4,nao,sim
343,15,feminino,pos_graduacao,7.7,4.2,2.5,3.9,5.3,3,6,8,3.26,nao,nao
344,25,masculino,pos_graduacao,8.2,4.0,4.1,1.2,4.5,0,7,6,3.59,nao,sim
345,15,masculino,graduacao,6.2,7.5,3.1,1.8,5.6,0,8,6,2.86,nao,sim
346,26,masculino,graduacao,8.0,8.9,5.6,2.8,3.9,2,7,9,2.93,sim,sim
347,20,feminino,graduacao,9.3,5.4,1.9,3.2,7.4,1,5,5,4.0,nao,nao
348,23,feminino,pos_graduacao,5.7,5.4,2.9,3.7,0.0,4,9,10,2.76,sim,sim
349,18,feminino,graduacao,7.0,6.1,1.4,4.2,1.7,1,7,9,3.27,sim,sim
350,21,feminino,graduacao,6.4,4.4,1.1,4.6,2.4,2,7,8,3.21,sim,sim
351,18,masculino,graduacao,8.2,1.7,0.0,2.4,3.0,3,6,5,3.63,sim,nao
352,24,masculino,pos_graduacao,7.7,5.8,2.9,2.9,0.5,1,6,6,3.11,sim,nao
353,22,masculino,ensino_medio,4.9,9.9,6.3,2.5,3.1,0,8,10,2.63,nao,sim
354,20,feminino,ensino_medio,9.0,3.2,1.4,3.5,4.4,2,7,6,4.0,sim,sim
355,22,masculino,ensino_medio,7.5,1.7,1.3,2.3,3.2,5,7,6,3.54,sim,sim
356,19,masculino,ensino_medio,8.0,10.2,4.1,2.7,1.3,2,7,7,3.77,sim,sim
357,21,nao_binario,graduacao,6.3,9.7,6.4,5.6,2.6,5,10,10,2.89,nao,sim
358,19,masculino,graduacao,8.2,6.5,4.1,4.2,2.4,1,8,9,2.66,nao,sim
359,18,feminino,graduacao,6.4,7.8,5.0,4.0,4.1,3,9,7,2.81,nao,sim
360,14,feminino,ensino_medio,7.5,6.5,2.3,3.1,5.3,2,7,5,3.47,nao,sim
361,16,feminino,ensino_medio,9.9,2.3,0.0,4.7,0.0,0,6,6,4.0,nao,nao
362,19,masculino,pos_graduacao,6.5,7.8,3.9,3.6,3.8,0,9,10,3.2,nao,sim
363,21,feminino,graduacao,6.9,8.3,5.1,4.0,0.8,3,8,7,3.11,sim,sim
364,25,feminino,graduacao,7.6,7.2,6.1,5.2,3.8,3,8,6,3.3,sim,sim
365,22,feminino,ensino_medio,7.5,2.8,1.0,2.7,9.2,3,4,6,3.69,nao,nao
366,17,feminino,ensino_medio,7.5,1.0,1.3,1.6,1.6,4,5,6,3.41,nao,nao
367,22,masculino,graduacao,7.9,4.1,1.0,4.3,2.0,2,8,7,3.34,sim,sim
368,16,masculino,graduacao,8.4,2.9,0.0,2.6,4.2,2,7,6,3.15,sim,sim
369,22,feminino,graduacao,8.9,3.6,4.1,3.8,5.9,1,7,5,3.95,nao,sim
370,18,feminino,ensino_medio,8.5,6.1,2.6,3.6,5.3,2,6,4,3.75,nao,nao
371,18,masculino,ensino_medio,4.7,12.1,6.4,5.0,7.1,4,9,9,2.71,sim,sim
372,21,masculino,graduacao,6.9,5.7,0.3,2.4,0.7,7,8,7,3.42,nao,sim
373,19,feminino,ensino_medio,7.5,4.4,1.8,3.9,2.4,1,6,8,3.95,sim,nao
374,22,feminino,ensino_medio,5.9,6.8,3.9,3.7,2.9,0,10,10,3.28,sim,sim
375,14,feminino,ensino_medio,8.2,6.5,2.2,4.7,4.6,2,8,6,3.56,nao,sim
376,19,feminino,graduacao,7.6,9.2,5.2,1.5,1.4,1,9,8,3.14,nao,sim
377,19,feminino,graduacao,10.0,2.3,1.1,4.5,6.1,2,3,1,3.94,sim,nao
378,14,feminino,graduacao,7.1,3.8,3.1,5.7,3.6,0,5,5,3.32,nao,nao
379,20,masculino,pos_graduacao,6.1,8.6,5.6,3.1,3.5,3,9,7,2.6,nao,sim
380,16,masculino,graduacao,6.4,9.6,6.5,3.9,1.1,0,9,10,2.12,nao,sim
381,21,masculino,graduacao,8.2,7.8,5.1,2.2,6.0,2,5,6,3.66,sim,nao
382,28,masculino,graduacao,6.7,6.3,2.5,3.0,4.3,4,9,9,2.88,nao,sim
383,19,masculino,ensino_medio,6.2,11.3,6.6,5.5,0.2,1,10,10,3.16,nao,sim
384,19,masculino,graduacao,6.5,9.0,4.6,5.5,4.1,3,9,9,3.15,sim,sim
385,19,feminino,graduacao,6.6,7.9,5.4,4.2,4.1,3,9,7,2.41,nao,sim
386,23,feminino,ensino_medio,6.8,9.4,5.0,2.8,6.0,3,7,7,3.17,nao,sim
387,18,feminino,ensino_medio,7.4,5.5,3.2,3.0,3.7,0,9,10,3.26,nao,sim
388,20,feminino,graduacao,6.7,7.8,4.4,1.5,4.8,0,9,10,3.54,nao,sim
389,21,feminino,graduacao,8.5,4.1,3.1,1.4,2.7,5,5,5,3.74,nao,nao
390,18,feminino,graduacao,6.8,9.2,3.4,3.7,0.8,2,8,7,2.98,sim,sim
391,23,feminino,pos_graduacao,7.8,7.0,3.9,2.9,2.4,4,6,4,3.45,nao,nao
392,23,masculino,graduacao,7.1,6.5,4.1,5.0,6.2,1,7,9,2.85,sim,sim
393,19,masculino,graduacao,6.3,9.8,5.2,0.0,6.2,3,8,6,3.21,nao,sim
394,19,feminino,graduacao,6.7,6.3,2.5,4.1,0.8,2,7,9,3.27,nao,sim
395,23,masculino,graduacao,7.4,7.4,4.5,4.9,0.0,1,7,5,3.06,nao,sim
396,18,nao_binario,ensino_medio,7.8,5.7,4.5,3.8,1.9,0,7,6,3.54,nao,sim
397,15,feminino,graduacao,7.2,5.9,3.7,1.4,0.1,2,10,10,2.42,nao,sim
398,17,masculino,graduacao,8.5,4.6,2.6,1.7,11.3,5,5,3,3.68,sim,nao
399,22,masculino,graduacao,5.8,8.8,3.5,2.2,4.9,1,9,10,3.09,sim,sim
400,23,masculino,graduacao,7.3,8.4,6.6,2.2,5.8,2,8,8,2.62,nao,sim
401,22,feminino,graduacao,7.8,8.3,5.2,2.6,5.9,3,7,8,2.91,sim,sim
402,21,masculino,graduacao,8.4,2.9,2.3,2.1,2.0,3,4,5,4.0,nao,nao
403,15,feminino,pos_graduacao,6.8,5.9,3.4,2.9,0.0,1,9,8,2.77,sim,sim
404,21,masculino,ensino_medio,7.8,4.3,2.9,3.2,6.1,1,7,5,3.56,nao,sim
405,21,feminino,graduacao,7.8,4.4,4.0,4.0,2.3,1,6,7,3.44,nao,nao
406,22,masculino,pos_graduacao,7.1,6.4,3.0,2.6,6.4,1,9,10,2.7,sim,sim
407,22,feminino,graduacao,6.2,8.4,6.3,0.9,0.0,1,8,8,3.19,nao,sim
408,17,masculino,graduacao,7.9,6.2,4.6,3.8,2.0,0,7,9,3.21,nao,sim
409,23,masculino,graduacao,8.2,2.9,2.3,1.4,3.0,1,7,6,3.4,sim,sim
410,23,feminino,graduacao,7.2,8.3,4.0,3.0,4.3,1,6,4,3.14,sim,nao
411,16,masculino,graduacao,8.1,6.6,4.8,2.1,2.4,2,8,7,3.33,sim,sim
412,22,masculino,graduacao,8.0,3.5,1.0,3.4,3.9,3,8,7,3.67,nao,sim
413,20,masculino,graduacao,8.4,5.8,3.9,2.5,2.6,1,9,7,2.59,nao,sim
414,20,masculino,ensino_medio,6.1,6.2,2.0,6.5,8.4,2,7,9,3.45,nao,sim
415,22,masculino,pos_graduacao,6.8,7.9,3.3,4.1,5.0,4,7,8,3.29,nao,sim
416,18,masculino,ensino_medio,5.4,7.9,4.4,2.6,8.2,2,8,7,2.73,nao,sim
417,19,feminino,graduacao,5.1,8.7,5.2,1.2,4.6,4,9,7,2.78,sim,sim
418,22,feminino,graduacao,5.9,4.8,0.8,4.3,5.1,2,8,10,3.66,nao,sim
419,23,feminino,ensino_medio,8.4,6.7,1.6,2.0,1.0,4,8,8,3.33,nao,sim
420,15,feminino,ensino_medio,6.7,6.7,2.4,0.3,5.0,3,5,6,3.68,nao,nao
421,17,masculino,graduacao,5.6,10.5,6.7,2.4,3.0,0,9,8,3.09,nao,sim
422,15,nao_binario,graduacao,7.3,5.6,4.1,2.7,8.8,2,7,6,3.43,sim,sim
423,17,feminino,graduacao,6.0,6.9,3.0,3.1,2.9,2,9,7,3.05,nao,sim
424,18,masculino,graduacao,7.5,7.9,3.4,5.8,7.2,0,7,9,3.81,nao,sim
425,22,feminino,graduacao,8.1,5.3,1.8,3.6,0.0,1,9,10,3.6,nao,sim
426,18,feminino,graduacao,7.5,6.0,2.1,3.4,3.3,2,8,7,3.28,nao,sim
427,21,masculino,graduacao,7.2,6.4,2.9,3.7,3.6,2,6,5,3.45,sim,nao
428,18,feminino,ensino_medio,7.5,4.3,2.5,2.9,4.1,0,7,6,3.62,sim,sim
429,23,nao_binario,graduacao,8.2,3.9,4.0,3.2,3.6,1,7,6,3.42,sim,sim
430,16,masculino,graduacao,6.8,7.4,3.8,3.3,7.6,3,7,9,3.36,nao,sim
431,19,feminino,graduacao,6.1,6.2,3.8,2.6,5.3,3,7,7,2.88,sim,sim
432,14,masculino,ensino_medio,7.9,6.2,5.1,4.2,3.7,2,8,10,3.5,sim,sim
433,18,feminino,graduacao,7.0,8.2,4.1,3.3,5.3,1,5,4,3.38,nao,nao
434,20,masculino,graduacao,6.8,2.6,1.3,3.8,1.8,1,7,7,3.48,sim,sim
435,25,masculino,pos_graduacao,6.2,7.8,4.4,1.9,2.7,2,8,7,3.11,nao,sim
436,26,nao_binario,graduacao,6.3,7.1,4.4,3.4,3.1,5,8,8,2.82,nao,sim
437,24,masculino,graduacao,7.0,3.4,2.1,4.9,4.8,0,8,10,3.26,nao,sim
438,19,feminino,ensino_medio,7.4,7.6,4.3,3.4,0.0,3,9,7,2.62,nao,sim
439,15,masculino,pos_graduacao,7.5,7.7,6.0,5.8,4.5,2,5,7,3.44,nao,nao
440,18,feminino,ensino_medio,7.0,7.2,4.2,4.6,2.1,2,7,7,3.37,nao,sim
441,23,masculino,ensino_medio,7.0,7.9,3.5,3.6,5.7,4,5,7,3.72,sim,nao
442,16,masculino,ensino_medio,9.2,5.0,2.6,3.4,5.8,0,5,7,3.57,nao,nao
443,20,masculino,ensino_medio,7.3,5.2,0.6,2.4,3.4,3,7,6,3.11,sim,sim
444,20,masculino,ensino_medio,8.2,8.6,4.8,5.7,0.0,1,8,8,2.95,nao,sim
445,22,masculino,ensino_medio,8.5,1.0,0.4,5.1,2.9,3,5,3,3.72,sim,nao
446,16,feminino,ensino_medio,6.9,6.5,3.8,4.1,0.4,1,7,5,3.7,nao,sim
447,14,prefere_nao_dizer,ensino_medio,7.3,6.7,5.5,1.8,3.3,1,7,6,2.71,nao,sim
448,19,feminino,graduacao,9.3,2.8,0.8,3.4,3.9,1,6,8,3.74,sim,nao
449,15,masculino,graduacao,8.0,5.5,3.9,4.9,3.2,4,6,5,2.88,nao,nao
450,17,masculino,ensino_medio,7.1,6.4,3.6,5.9,2.8,2,7,8,3.08,nao,sim
451,18,feminino,ensino_medio,7.6,5.2,0.7,7.2,3.5,2,8,6,3.09,sim,sim
452,23,masculino,graduacao,6.9,7.2,3.1,3.2,2.8,2,8,6,3.01,nao,sim
453,16,feminino,graduacao,8.2,6.9,3.7,4.7,6.9,1,7,6,3.52,nao,sim
454,19,masculino,pos_graduacao,7.0,6.4,2.6,2.4,5.7,1,8,9,3.13,nao,sim
455,16,feminino,graduacao,8.5,4.4,3.3,2.6,1.9,3,7,9,2.86,nao,sim
456,23,masculino,pos_graduacao,9.7,1.5,0.6,1.0,0.0,1,6,8,3.6,nao,nao
457,18,feminino,graduacao,6.8,9.3,3.7,3.9,7.3,1,7,9,3.19,nao,sim
458,15,masculino,ensino_medio,9.7,1.5,0.4,5.6,4.6,3,4,5,3.99,nao,nao
459,15,feminino,graduacao,9.4,2.9,0.9,3.2,1.3,1,6,5,3.75,nao,nao
460,21,masculino,pos_graduacao,7.1,3.8,2.3,1.7,0.0,2,6,5,3.15,nao,nao
461,19,prefere_nao_dizer,graduacao,8.0,6.9,4.4,3.0,3.0,3,7,7,3.4,sim,sim
462,17,feminino,pos_graduacao,9.0,5.9,1.8,3.3,3.5,2,6,4,3.26,sim,nao
463,16,masculino,graduacao,7.9,7.7,3.8,3.3,4.4,1,6,7,3.67,nao,nao
464,16,masculino,graduacao,7.9,10.1,5.4,4.9,6.1,2,7,7,2.74,sim,sim
465,26,masculino,graduacao,7.2,6.8,5.6,6.8,2.9,2,9,10,3.36,sim,sim
466,15,masculino,ensino_medio,8.1,3.7,2.7,4.8,1.9,1,8,7,3.7,nao,sim
467,20,feminino,graduacao,5.6,8.1,4.2,2.3,5.4,2,9,10,2.27,nao,sim
468,19,masculino,graduacao,6.6,8.6,4.0,1.3,2.5,1,8,10,3.12,nao,sim
469,19,feminino,graduacao,7.8,5.0,2.7,1.8,4.7,1,7,8,3.32,sim,sim
470,14,masculino,graduacao,8.5,7.0,1.8,5.5,2.5,2,6,6,3.88,nao,nao
471,25,masculino,pos_graduacao,8.0,5.3,2.9,2.5,4.4,1,6,8,3.4,sim,nao
472,22,masculino,graduacao,8.0,6.9,4.6,2.5,1.5,0,8,6,3.63,nao,sim
473,20,feminino,graduacao,6.7,5.2,2.1,5.5,4.9,3,8,10,3.47,nao,sim
474,18,masculino,graduacao,7.7,6.7,3.4,0.8,5.4,2,8,8,3.01,sim,sim
475,16,feminino,ensino_medio,8.0,5.7,4.1,2.8,5.3,1,4,4,3.71,sim,nao
476,23,masculino,ensino_medio,6.4,10.6,4.4,3.5,3.4,2,8,6,3.12,nao,sim
477,20,masculino,graduacao,9.3,2.3,0.7,6.1,3.9,0,6,8,3.87,nao,nao
478,20,masculino,ensino_medio,7.3,5.6,2.8,5.2,3.2,1,6,7,3.41,sim,nao
479,18,masculino,graduacao,6.7,10.4,6.2,4.3,2.7,2,9,7,3.14,nao,sim
480,16,prefere_nao_dizer,ensino_medio,6.4,9.8,5.6,4.8,0.0,2,10,9,2.88,nao,sim
481,14,masculino,pos_graduacao,8.5,6.4,3.8,2.7,0.0,2,7,7,3.48,sim,sim
482,20,masculino,graduacao,7.8,3.7,2.7,3.4,2.7,1,5,3,3.5,sim,nao
483,22,feminino,ensino_medio,7.7,7.1,4.1,1.9,1.4,1,7,5,3.11,sim,sim
484,21,masculino,graduacao,8.3,5.7,2.9,2.8,0.0,2,9,10,2.98,nao,sim
485,16,masculino,graduacao,6.2,7.5,4.7,2.9,3.3,1,8,8,3.17,sim,sim
486,18,masculino,ensino_medio,6.9,7.3,4.5,4.2,8.2,2,6,6,3.24,nao,nao
487,15,masculino,ensino_medio,6.8,6.8,3.7,2.7,0.7,2,8,9,2.91,nao,sim
488,19,masculino,graduacao,8.6,5.8,2.0,4.3,7.6,0,7,7,3.52,sim,sim
489,18,feminino,graduacao,6.6,5.7,4.7,4.7,1.9,1,7,7,3.27,sim,sim
490,14,masculino,graduacao,6.5,8.3,4.7,4.7,5.1,4,8,8,3.07,sim,sim
491,19,masculino,graduacao,7.7,3.9,1.0,3.0,0.4,4,6,4,3.0,nao,nao
492,16,feminino,pos_graduacao,5.9,8.1,3.1,1.7,6.8,0,10,10,2.72,sim,sim
493,20,feminino,graduacao,7.8,6.5,3.9,3.7,2.9,2,7,9,3.78,nao,sim
494,25,feminino,graduacao,6.9,4.7,3.1,5.9,6.6,0,6,6,3.59,nao,nao
495,19,masculino,graduacao,7.0,9.2,4.2,3.2,3.6,1,8,10,2.89,nao,sim
496,20,feminino,graduacao,9.1,2.7,1.8,4.0,1.7,0,6,8,3.57,nao,nao
497,18,masculino,pos_graduacao,6.8,5.8,3.4,3.3,0.0,6,8,6,3.06,sim,sim
498,22,masculino,ensino_medio,5.8,8.8,4.3,3.3,5.9,0,8,10,2.28,sim,sim
499,23,masculino,pos_graduacao,8.7,6.1,3.7,5.4,3.8,0,6,7,4.0,nao,nao
500,14,feminino,pos_graduacao,8.4,7.2,4.0,3.5,3.0,4,6,7,3.47,nao,nao
501,17,masculino,graduacao,6.4,7.9,4.6,2.4,0.0,3,7,8,3.3,nao,sim
502,21,masculino,ensino_medio,5.9,9.2,6.2,3.8,4.0,4,9,10,3.51,nao,sim
503,17,feminino,graduacao,8.4,1.0,0.0,4.5,4.0,3,5,6,4.0,nao,nao
504,18,feminino,ensino_medio,7.1,8.4,4.5,4.5,0.1,0,8,8,3.24,sim,sim
505,22,masculino,ensino_medio,6.6,7.0,3.6,1.6,6.3,3,8,9,3.23,nao,sim
506,23,feminino,graduacao,6.4,8.0,4.5,2.9,0.7,1,6,4,3.64,nao,nao
507,18,feminino,pos_graduacao,7.5,8.2,3.2,5.5,2.5,1,7,7,3.02,nao,sim
508,18,masculino,ensino_medio,7.9,2.0,1.5,2.8,0.0,0,7,9,3.33,nao,sim
509,23,masculino,pos_graduacao,7.0,8.8,3.9,2.8,3.3,1,10,8,2.4,nao,sim
510,19,feminino,ensino_medio,7.1,6.8,2.7,4.4,1.8,3,8,10,3.43,sim,sim
511,24,masculino,ensino_medio,8.1,6.3,4.7,1.7,6.2,1,7,6,3.28,nao,sim
512,15,masculino,ensino_medio,9.9,5.3,3.7,2.4,1.5,5,3,3,4.0,nao,nao
513,20,feminino,graduacao,7.0,3.9,2.9,1.4,2.4,0,6,6,3.52,nao,nao
514,19,nao_binario,graduacao,6.9,6.6,2.8,2.3,7.1,1,6,7,3.19,nao,nao
515,21,masculino,pos_graduacao,6.9,6.9,3.3,3.9,4.5,4,8,10,3.51,sim,sim
516,21,feminino,graduacao,7.0,6.4,2.9,0.4,2.4,2,6,7,3.4,nao,nao
517,19,masculino,pos_graduacao,6.7,9.5,4.6,5.4,0.0,2,8,8,3.13,sim,sim
518,19,masculino,pos_graduacao,7.7,7.1,4.5,3.8,3.6,2,6,5,3.63,nao,nao
519,21,masculino,graduacao,7.2,5.8,4.1,2.5,1.8,2,8,6,2.95,nao,sim
520,17,feminino,graduacao,7.0,7.9,3.0,1.2,2.8,2,8,7,3.19,nao,sim
521,22,masculino,pos_graduacao,7.4,5.4,1.5,2.9,3.4,5,6,7,3.23,nao,nao
522,18,masculino,graduacao,7.7,1.7,2.9,4.6,8.3,2,4,6,3.75,nao,nao
523,19,feminino,ensino_medio,6.0,8.4,4.5,4.3,1.6,2,8,10,3.06,nao,sim
524,19,feminino,ensino_medio,8.8,2.8,1.4,4.9,3.8,1,6,6,3.71,sim,nao
525,20,masculino,pos_graduacao,7.9,9.9,6.0,4.1,0.8,0,8,6,3.09,sim,sim
526,21,masculino,ensino_medio,7.7,5.1,1.0,4.2,6.1,0,6,5,3.58,nao,nao
527,18,feminino,ensino_medio,7.8,3.6,0.6,4.3,2.8,1,6,4,3.0,nao,nao
528,18,feminino,pos_graduacao,6.9,6.3,4.6,3.4,0.6,2,10,10,2.81,nao,sim
529,17,masculino,graduacao,8.9,6.7,2.8,3.9,2.6,0,6,5,3.58,sim,nao
530,17,feminino,graduacao,6.4,9.8,6.9,1.4,6.0,2,7,5,2.85,sim,sim
531,19,feminino,graduacao,5.7,8.3,5.1,2.5,0.0,3,7,9,2.99,nao,sim
532,15,masculino,graduacao,7.3,7.7,4.7,3.4,5.9,2,7,7,3.39,nao,sim
533,18,feminino,graduacao,7.8,5.3,3.4,4.1,1.4,1,8,10,3.54,sim,sim
534,16,masculino,pos_graduacao,7.5,9.8,7.0,4.1,3.9,0,8,6,2.64,nao,sim
535,17,masculino,graduacao,5.9,11.0,6.5,2.2,6.7,3,10,10,3.0,sim,sim
536,20,nao_binario,ensino_medio,7.4,5.2,3.0,3.8,4.1,0,7,7,3.6,sim,sim
537,16,masculino,ensino_medio,6.9,5.0,3.7,2.0,3.9,2,6,4,3.6,nao,nao
538,20,masculino,graduacao,5.9,9.5,5.3,3.8,3.1,1,10,10,3.02,nao,sim
539,15,feminino,graduacao,6.3,6.9,5.4,3.6,0.1,1,6,5,3.6,nao,nao
540,21,masculino,graduacao,6.8,8.3,4.3,4.6,4.1,4,9,10,2.8,sim,sim
541,14,feminino,pos_graduacao,6.9,10.4,4.1,4.7,4.3,2,8,8,3.02,nao,sim
542,19,masculino,ensino_medio,5.4,10.7,5.2,6.6,2.9,5,7,9,2.9,nao,sim
543,17,masculino,graduacao,8.2,8.2,4.7,0.2,0.0,2,10,10,2.89,nao,sim
544,19,feminino,graduacao,8.1,8.6,5.5,2.1,3.0,0,7,5,3.44,nao,sim
545,24,masculino,graduacao,8.2,7.4,5.5,3.2,2.0,1,6,4,3.55,sim,nao
546,17,feminino,graduacao,5.8,10.6,6.8,6.4,0.0,2,10,10,2.83,nao,sim
547,21,feminino,graduacao,6.0,8.0,4.5,2.1,3.2,2,8,7,2.86,sim,sim
548,20,feminino,graduacao,7.3,6.9,4.1,2.6,1.1,5,6,5,3.59,nao,nao
549,14,feminino,graduacao,7.7,9.1,6.0,2.9,3.4,1,9,7,2.8,sim,sim
550,15,feminino,pos_graduacao,9.8,2.8,1.2,2.7,2.7,1,4,6,3.39,nao,nao
551,25,feminino,pos_graduacao,9.0,4.5,4.2,3.6,1.9,0,10,10,2.79,nao,sim
552,18,masculino,graduacao,9.1,5.9,2.0,3.5,0.4,1,5,6,4.0,nao,nao
553,21,feminino,ensino_medio,9.3,3.0,3.2,3.5,7.1,6,7,7,3.49,nao,sim
554,19,feminino,ensino_medio,7.5,3.9,1.5,3.5,6.0,0,7,9,3.26,sim,sim
555,22,feminino,graduacao,8.6,6.2,3.8,5.1,1.3,1,8,9,3.92,nao,sim
556,24,feminino,graduacao,7.1,4.2,2.7,3.5,3.8,1,8,10,3.41,nao,sim
557,18,masculino,graduacao,8.6,6.0,3.9,1.3,4.4,3,7,6,3.8,nao,sim
558,18,feminino,ensino_medio,7.1,6.2,2.9,3.1,4.7,1,7,9,2.9,nao,sim
559,16,masculino,pos_graduacao,6.9,9.1,6.7,3.2,4.4,2,9,10,3.09,nao,sim
560,24,feminino,graduacao,7.3,3.9,0.7,4.9,4.0,3,8,6,3.17,nao,sim
561,18,feminino,graduacao,7.6,6.6,3.8,4.4,5.8,2,6,8,3.68,sim,nao
562,24,nao_binario,graduacao,8.2,6.3,2.8,4.5,0.0,1,8,6,2.89,sim,sim
563,20,masculino,graduacao,7.2,8.0,3.8,4.4,2.8,2,8,6,2.87,sim,sim
564,22,feminino,graduacao,8.6,4.0,3.0,3.5,7.1,0,5,6,3.92,nao,nao
565,16,feminino,graduacao,7.7,6.8,5.0,2.0,0.6,3,9,10,2.65,sim,sim
566,15,masculino,ensino_medio,6.5,9.5,5.1,3.3,3.8,1,9,9,3.37,nao,sim
567,18,masculino,graduacao,7.3,7.6,4.7,1.9,0.0,1,7,5,3.63,nao,sim
568,21,prefere_nao_dizer,graduacao,6.2,7.2,3.7,0.2,3.5,2,8,7,3.12,nao,sim
569,20,masculino,ensino_medio,9.0,3.1,1.6,3.4,0.0,3,6,8,3.35,sim,nao
570,19,masculino,graduacao,7.0,8.5,3.5,4.6,2.0,6,6,4,3.55,nao,nao
571,21,feminino,pos_graduacao,6.9,7.1,3.4,2.0,2.0,1,9,10,3.34,nao,sim
572,20,feminino,ensino_medio,7.2,4.0,4.4,1.3,5.4,2,10,10,3.14,nao,sim
573,19,masculino,ensino_medio,7.5,5.6,4.9,4.5,2.0,3,6,7,2.8,nao,nao
574,22,feminino,ensino_medio,5.9,7.5,3.0,4.8,3.8,1,9,10,2.89,nao,sim
575,21,feminino,ensino_medio,7.2,6.6,4.0,2.6,2.7,3,7,9,3.2,sim,sim
576,22,masculino,pos_graduacao,8.3,6.2,4.2,1.4,7.5,3,9,10,3.1,nao,sim
577,18,feminino,ensino_medio,6.8,9.6,6.7,4.9,0.0,2,7,9,3.19,sim,sim
578,22,feminino,graduacao,7.2,4.0,2.9,2.2,0.0,1,7,9,2.9,nao,sim
579,23,feminino,pos_graduacao,8.0,5.5,2.8,5.0,2.1,4,6,7,3.19,sim,nao
580,17,feminino,ensino_medio,7.7,5.4,2.9,2.2,7.8,1,7,7,3.32,nao,sim
581,22,masculino,graduacao,6.8,8.0,4.2,4.1,1.3,0,9,7,2.52,nao,sim
582,17,feminino,ensino_medio,6.8,6.5,3.9,3.3,6.0,1,6,4,3.02,sim,nao
583,22,feminino,pos_graduacao,7.5,5.1,3.3,3.3,3.5,1,6,8,3.53,nao,nao
584,22,feminino,ensino_medio,7.3,6.1,4.8,3.5,4.9,1,5,7,3.88,sim,nao
585,15,feminino,graduacao,7.0,7.2,4.9,3.5,7.8,1,7,9,3.63,sim,sim
586,19,masculino,pos_graduacao,7.4,6.9,4.4,3.8,5.3,3,7,7,3.27,sim,sim
587,14,feminino,graduacao,9.3,5.0,2.2,2.7,7.3,0,4,5,3.94,nao,nao
588,19,feminino,ensino_medio,9.7,1.8,1.0,6.0,8.5,1,6,7,3.35,nao,nao
589,21,feminino,graduacao,8.0,4.7,3.4,0.3,3.5,3,6,7,3.41,nao,nao
590,21,nao_binario,graduacao,7.8,7.3,4.3,4.8,3.3,1,10,10,2.61,nao,sim
591,17,feminino,graduacao,6.2,8.9,5.3,3.5,6.0,1,8,10,3.26,nao,sim
592,23,masculino,pos_graduacao,6.3,7.0,3.2,1.2,0.9,3,7,9,3.5,nao,sim
593,26,feminino,pos_graduacao,9.2,5.2,2.6,4.3,3.0,1,6,5,3.08,nao,nao
594,18,masculino,graduacao,7.1,7.3,3.9,4.0,6.3,3,8,6,3.04,sim,sim
595,24,feminino,graduacao,7.3,8.8,5.7,5.1,7.7,3,6,7,3.19,sim,nao
596,19,feminino,ensino_medio,7.0,7.8,3.0,1.5,6.5,1,8,6,3.1,sim,sim
597,25,feminino,graduacao,7.3,9.5,5.5,5.0,3.4,1,6,8,2.74,nao,nao
598,24,prefere_nao_dizer,graduacao,9.6,5.1,3.4,2.9,5.1,1,5,3,3.88,sim,nao
599,19,nao_binario,ensino_medio,7.4,4.4,0.6,2.7,1.9,1,8,8,3.49,sim,sim
600,19,feminino,graduacao,7.1,9.2,5.9,3.4,4.9,1,9,9,3.05,sim,sim
601,20,feminino,ensino_medio,6.6,8.2,4.8,5.4,0.6,1,8,9,2.65,nao,sim
602,19,masculino,graduacao,6.6,9.4,3.7,4.4,9.2,1,7,6,2.5,nao,sim
603,22,masculino,graduacao,6.2,7.3,6.0,3.2,6.7,2,8,10,2.81,nao,sim
604,20,masculino,graduacao,8.4,2.3,1.1,6.8,4.4,1,6,7,3.49,sim,nao
605,16,masculino,graduacao,7.4,5.1,0.4,5.0,2.4,1,8,6,3.23,sim,sim
606,17,feminino,ensino_medio,8.4,6.4,4.6,4.1,6.6,2,7,6,2.87,nao,sim
607,18,feminino,ensino_medio,7.5,4.7,3.0,3.4,0.0,2,7,5,3.33,sim,sim
608,22,feminino,graduacao,7.1,7.4,4.5,1.7,0.5,2,8,7,3.19,sim,sim
609,19,feminino,graduacao,8.5,5.3,2.5,6.1,0.8,0,9,10,2.86,nao,sim
610,17,masculino,ensino_medio,8.9,3.5,1.5,7.1,8.7,4,4,6,3.66,sim,nao
611,24,masculino,graduacao,7.9,8.6,4.5,4.8,0.3,1,9,10,3.29,sim,sim
612,22,masculino,graduacao,7.8,7.7,5.0,2.8,0.6,2,7,5,3.59,nao,sim
613,20,masculino,graduacao,8.1,5.1,2.5,3.0,7.5,4,5,3,4.0,nao,nao
614,16,masculino,graduacao,7.6,5.5,3.1,2.3,1.2,3,5,3,3.04,sim,nao
615,18,masculino,graduacao,7.6,5.3,3.8,4.3,3.0,2,6,8,3.88,sim,nao
616,14,nao_binario,graduacao,6.9,8.3,5.4,3.5,5.9,2,5,7,3.78,nao,nao
617,20,masculino,graduacao,6.2,8.1,4.7,1.9,1.0,4,9,10,2.9,nao,sim
618,18,masculino,graduacao,7.5,5.0,2.3,3.7,5.4,3,8,10,3.96,sim,sim
619,21,masculino,graduacao,7.9,5.8,1.7,1.6,2.9,4,6,8,3.33,nao,nao
620,26,masculino,ensino_medio,5.4,9.3,6.5,5.0,0.0,0,10,9,3.1,sim,sim
621,18,feminino,graduacao,5.7,7.4,4.0,5.4,3.0,1,7,8,2.98,sim,sim
622,18,feminino,ensino_medio,5.4,7.6,4.2,5.8,8.3,0,8,6,2.77,nao,sim
623,21,masculino,pos_graduacao,5.3,10.0,4.3,3.8,0.0,0,10,10,2.58,nao,sim
624,18,masculino,pos_graduacao,6.9,7.3,3.8,2.6,8.8,5,7,7,2.89,nao,sim
625,16,feminino,pos_graduacao,7.4,5.8,2.8,0.0,3.7,3,7,9,3.01,sim,sim
626,15,feminino,pos_graduacao,6.9,5.7,3.4,4.3,1.7,2,7,5,3.21,nao,sim
627,17,feminino,pos_graduacao,6.9,5.5,3.6,3.5,2.7,1,6,8,3.47,nao,nao
628,18,feminino,graduacao,5.9,8.6,3.8,7.6,8.4,1,6,8,3.69,nao,nao
629,20,masculino,ensino_medio,7.1,8.2,4.8,4.6,0.3,3,9,10,3.13,nao,sim
630,23,feminino,pos_graduacao,6.8,7.6,4.4,3.1,3.9,1,9,7,2.74,nao,sim
631,20,feminino,ensino_medio,7.4,7.0,4.9,4.0,2.3,3,8,8,3.36,sim,sim
632,20,prefere_nao_dizer,ensino_medio,6.7,8.1,5.5,4.6,4.0,2,9,10,3.01,nao,sim
633,22,feminino,graduacao,7.7,3.9,1.3,6.2,4.5,4,5,6,3.74,nao,nao
634,21,feminino,graduacao,7.5,6.5,4.1,3.7,2.9,2,8,6,2.77,sim,sim
635,19,masculino,graduacao,7.7,6.0,4.4,3.2,4.3,2,7,9,3.14,sim,sim
636,23,masculino,graduacao,9.2,3.5,2.5,0.9,2.7,1,6,7,3.76,sim,nao
637,16,feminino,graduacao,7.4,8.2,2.5,3.6,2.5,2,10,10,2.86,nao,sim
638,18,masculino,graduacao,8.6,6.7,3.2,3.4,3.7,1,9,10,2.97,nao,sim
639,21,feminino,ensino_medio,6.5,7.2,3.3,2.2,3.6,2,10,9,3.16,sim,sim
640,23,masculino,graduacao,6.5,6.7,4.3,2.0,3.1,3,8,7,3.23,sim,sim
641,19,masculino,ensino_medio,7.5,4.5,0.6,0.5,5.2,2,5,7,3.74,nao,nao
642,16,feminino,ensino_medio,8.8,3.6,3.9,1.5,5.8,1,6,6,3.44,nao,nao
643,23,masculino,ensino_medio,7.9,2.8,2.2,1.7,6.1,3,6,4,3.91,nao,nao
644,20,masculino,graduacao,8.7,5.1,3.1,1.8,1.1,4,7,9,3.18,nao,sim
645,18,masculino,ensino_medio,6.3,6.9,3.0,3.2,3.4,2,7,7,2.77,nao,sim
646,20,feminino,ensino_medio,5.6,9.6,4.2,4.7,0.0,2,8,9,2.64,nao,sim
647,19,masculino,graduacao,8.7,2.1,1.9,3.2,2.6,4,6,8,3.88,nao,nao
648,19,feminino,graduacao,10.2,2.0,0.3,1.1,2.8,3,4,6,4.0,nao,nao
649,17,feminino,pos_graduacao,8.2,5.2,0.0,2.7,3.8,3,6,6,4.0,nao,nao
650,18,feminino,pos_graduacao,7.4,8.0,4.0,2.6,4.4,0,6,5,3.9,nao,nao
651,22,nao_binario,ensino_medio,6.4,7.6,2.2,5.4,2.4,2,8,9,3.37,sim,sim
652,17,masculino,graduacao,7.2,6.0,3.3,3.0,2.7,4,7,6,3.26,nao,sim
653,22,masculino,graduacao,8.9,2.2,1.9,3.9,1.7,3,6,8,3.49,nao,nao
654,19,masculino,ensino_medio,7.0,3.0,1.0,5.0,0.1,1,5,6,3.91,sim,nao
655,18,masculino,pos_graduacao,6.5,8.9,6.3,3.5,4.5,0,8,9,2.64,nao,sim
656,18,masculino,graduacao,8.3,7.2,4.8,4.2,5.5,5,6,4,3.31,nao,nao
657,19,feminino,graduacao,7.8,8.6,3.9,3.2,0.0,1,7,9,3.34,nao,sim
658,17,feminino,ensino_medio,8.6,8.2,4.0,2.6,0.7,1,9,10,3.17,nao,sim
659,18,feminino,graduacao,5.8,11.1,6.6,3.3,2.4,3,10,10,2.9,nao,sim
660,21,masculino,graduacao,6.5,5.5,2.7,3.5,2.8,3,8,10,3.15,nao,sim
661,20,feminino,ensino_medio,7.3,5.7,2.6,2.2,3.3,1,7,9,2.42,nao,sim
662,17,masculino,ensino_medio,7.3,7.3,3.8,3.7,6.3,1,9,8,2.65,nao,sim
663,15,feminino,ensino_medio,7.4,9.0,2.9,4.6,0.9,1,9,7,2.9,nao,sim
664,21,prefere_nao_dizer,graduacao,8.6,2.9,1.5,2.6,6.8,1,6,4,3.82,sim,nao
665,19,masculino,ensino_medio,8.1,5.3,4.9,0.5,0.0,2,7,7,2.97,nao,sim
666,19,feminino,graduacao,7.2,6.2,3.2,5.0,3.1,2,8,8,3.59,sim,sim
667,24,masculino,graduacao,7.1,6.6,5.2,3.1,3.1,1,8,10,3.16,nao,sim
668,20,masculino,ensino_medio,6.4,8.0,4.4,3.5,7.0,0,6,4,3.11,sim,nao
669,18,feminino,graduacao,5.5,9.6,5.9,5.8,2.1,1,10,10,2.8,nao,sim
670,20,masculino,ensino_medio,6.5,8.4,4.1,2.7,2.8,2,8,9,3.07,sim,sim
671,18,masculino,graduacao,7.6,6.7,5.0,2.8,7.5,1,5,5,3.64,sim,nao
672,22,feminino,graduacao,7.8,6.8,4.0,2.6,5.1,1,8,6,3.79,sim,sim
673,21,feminino,graduacao,7.6,6.7,1.8,5.6,2.1,2,8,7,3.27,sim,sim
674,18,masculino,graduacao,6.4,10.6,6.6,2.6,6.6,2,7,7,2.98,sim,sim
675,22,feminino,graduacao,6.5,8.3,4.5,1.0,2.1,1,9,8,3.13,sim,sim
676,20,masculino,ensino_medio,9.2,4.2,1.3,3.2,1.0,4,9,7,3.54,nao,sim
677,20,masculino,ensino_medio,7.6,6.2,2.5,4.6,6.1,6,8,7,3.05,sim,sim
678,19,feminino,graduacao,7.7,4.8,3.7,2.0,1.6,2,8,7,3.64,sim,sim
679,20,masculino,ensino_medio,7.3,8.9,5.9,2.8,2.2,2,8,7,2.99,nao,sim
680,21,feminino,graduacao,9.6,2.9,0.8,5.1,5.5,2,1,1,4.0,nao,nao
681,17,feminino,ensino_medio,8.4,5.3,2.5,3.7,5.9,4,8,10,2.87,nao,sim
682,24,feminino,graduacao,8.3,5.5,1.8,1.4,0.7,0,9,7,3.56,nao,sim
683,19,feminino,ensino_medio,7.4,5.5,1.5,5.6,6.1,2,4,2,3.62,sim,nao
684,18,masculino,pos_graduacao,9.2,4.7,4.0,1.5,1.6,0,6,6,3.95,nao,nao
685,18,masculino,graduacao,8.7,5.9,4.7,3.4,0.0,0,6,4,3.43,nao,nao
686,18,feminino,ensino_medio,6.9,8.7,4.9,5.0,3.2,6,10,10,2.74,nao,sim
687,22,feminino,ensino_medio,7.2,7.2,3.0,2.8,1.9,2,10,8,2.78,nao,sim
688,19,nao_binario,graduacao,7.7,7.5,5.0,4.3,4.2,4,4,3,3.41,nao,nao
689,18,masculino,graduacao,6.9,8.6,5.3,6.9,5.3,2,10,10,3.29,nao,sim
690,21,prefere_nao_dizer,ensino_medio,8.5,8.2,4.3,2.2,3.4,2,7,9,3.25,sim,sim
691,19,feminino,pos_graduacao,9.6,2.6,1.6,3.5,1.6,1,3,3,3.84,nao,nao
692,18,masculino,graduacao,7.0,6.6,3.9,5.7,4.1,1,7,9,3.08,sim,sim
693,16,feminino,graduacao,7.2,6.5,3.6,4.0,1.7,0,8,9,3.15,sim,sim
694,17,feminino,graduacao,7.3,3.6,1.8,4.5,4.8,1,6,6,3.51,nao,nao
695,19,masculino,graduacao,7.8,9.8,6.0,5.0,6.7,3,8,6,3.08,sim,sim
696,16,feminino,ensino_medio,8.7,3.9,1.5,1.3,4.8,1,5,6,4.0,nao,nao
697,24,masculino,graduacao,6.5,5.4,2.0,4.8,1.1,0,6,5,3.29,sim,nao
698,21,feminino,ensino_medio,7.1,6.1,1.9,1.8,6.6,2,9,8,3.14,nao,sim
699,19,feminino,graduacao,5.7,8.4,3.6,1.7,0.0,2,9,10,2.9,sim,sim
700,22,feminino,ensino_medio,7.7,5.9,4.0,3.9,0.0,2,8,10,3.69,nao,sim
701,18,masculino,pos_graduacao,7.5,4.7,3.5,2.2,3.1,1,7,8,3.41,nao,sim
702,26,masculino,graduacao,6.2,9.8,5.5,3.8,4.0,1,9,10,2.58,sim,sim
703,23,prefere_nao_dizer,graduacao,8.3,7.2,4.2,3.6,4.0,1,6,7,3.25,sim,nao
704,22,feminino,graduacao,8.5,3.4,0.1,2.2,7.4,2,6,4,3.33,nao,nao
705,22,masculino,graduacao,7.5,6.8,3.1,1.9,2.9,4,8,7,3.28,nao,sim
706,15,feminino,pos_graduacao,6.7,8.0,3.3,2.5,3.6,1,9,8,2.43,nao,sim
707,19,feminino,pos_graduacao,7.2,7.2,3.4,3.8,0.7,2,9,10,3.41,nao,sim
708,14,feminino,ensino_medio,7.4,7.9,4.6,6.6,5.3,3,5,7,3.8,nao,nao
709,21,masculino,graduacao,8.4,7.3,5.2,1.3,0.0,2,7,5,2.87,nao,sim
710,20,feminino,graduacao,8.0,5.0,2.7,1.7,0.0,0,6,5,3.31,nao,nao
711,24,masculino,graduacao,8.0,2.9,0.0,4.5,3.4,3,9,10,3.5,sim,sim
712,22,feminino,pos_graduacao,6.9,9.2,5.0,1.9,4.9,1,10,10,2.64,nao,sim
713,17,masculino,graduacao,7.6,6.2,4.4,3.1,7.2,2,6,7,2.63,nao,nao
714,14,masculino,graduacao,9.5,7.2,2.1,4.0,2.3,1,7,7,4.0,nao,sim
715,18,masculino,ensino_medio,7.3,6.1,3.9,4.6,6.0,1,6,8,2.91,sim,nao
716,17,masculino,graduacao,7.7,5.9,2.3,2.7,3.0,4,7,9,3.12,sim,sim
717,19,feminino,ensino_medio,7.4,8.6,5.7,1.6,6.2,2,7,7,3.2,nao,sim
718,17,feminino,graduacao,7.7,6.2,2.7,4.3,3.7,2,8,9,3.5,sim,sim
719,22,nao_binario,graduacao,7.8,8.0,5.1,4.6,6.5,1,7,9,3.44,sim,sim
720,23,masculino,graduacao,8.5,3.1,2.1,3.3,6.8,2,7,8,3.14,nao,sim
721,17,masculino,ensino_medio,8.0,3.4,0.7,1.6,3.1,0,8,10,3.65,nao,sim
722,28,nao_binario,ensino_medio,8.2,4.9,3.5,5.3,10.6,2,4,2,3.37,nao,nao
723,19,nao_binario,pos_graduacao,9.1,1.3,0.0,4.5,6.4,0,5,4,3.21,nao,nao
724,17,masculino,ensino_medio,7.9,6.8,5.1,3.0,2.2,4,7,9,3.78,sim,sim
725,24,masculino,ensino_medio,7.7,4.0,3.0,3.3,1.6,1,6,6,3.67,sim,nao
726,24,masculino,ensino_medio,8.1,5.7,3.9,5.8,4.1,1,8,8,3.34,nao,sim
727,20,feminino,graduacao,8.7,5.6,4.2,4.8,2.7,2,7,5,3.85,nao,sim
728,23,masculino,graduacao,6.5,5.1,2.6,4.8,3.8,1,6,5,3.06,nao,nao
729,18,masculino,graduacao,8.3,3.3,2.4,6.0,2.7,0,5,6,3.17,nao,nao
730,18,masculino,graduacao,6.5,7.5,4.1,4.7,2.4,2,9,7,2.58,sim,sim
731,21,feminino,graduacao,7.7,7.9,4.4,1.3,3.5,2,7,6,3.3,nao,sim
732,19,feminino,graduacao,7.1,7.7,3.7,1.4,5.1,1,8,7,3.51,nao,sim
733,17,masculino,graduacao,7.1,5.9,2.0,2.8,2.9,2,7,7,2.94,nao,sim
734,20,masculino,graduacao,7.1,6.2,3.3,3.1,5.1,1,9,10,2.97,sim,sim
735,20,feminino,graduacao,9.6,3.7,1.7,2.7,0.4,1,7,6,3.76,sim,sim
736,19,nao_binario,graduacao,7.4,6.0,4.6,3.6,5.5,3,7,5,3.57,sim,sim
737,22,feminino,graduacao,7.6,5.8,2.7,3.0,2.0,4,8,10,3.11,sim,sim
738,24,feminino,graduacao,7.6,7.0,3.1,2.0,3.9,0,6,4,3.9,nao,nao
739,16,feminino,graduacao,7.2,4.6,2.7,0.8,0.6,0,6,6,3.71,nao,nao
740,22,masculino,graduacao,8.2,6.4,2.4,3.0,0.0,6,8,6,3.05,sim,sim
741,26,feminino,graduacao,6.7,5.8,1.7,5.9,3.3,4,8,9,3.3,sim,sim
742,14,feminino,graduacao,7.6,7.9,4.2,5.0,0.0,0,7,9,3.05,nao,sim
743,22,masculino,ensino_medio,6.0,9.7,5.4,4.8,3.5,1,9,8,2.73,nao,sim
744,21,feminino,graduacao,6.9,8.1,4.6,4.0,8.9,1,7,8,3.65,nao,sim
745,19,prefere_nao_dizer,pos_graduacao,8.3,6.3,2.4,2.6,8.4,1,6,4,3.5,nao,nao
746,16,feminino,graduacao,7.1,5.7,1.7,4.2,1.9,2,8,8,3.52,nao,sim
747,21,feminino,ensino_medio,7.0,7.3,4.1,3.1,3.0,0,7,5,3.37,nao,sim
748,22,feminino,ensino_medio,8.1,2.6,2.1,3.5,6.4,3,5,4,4.0,nao,nao
749,19,feminino,graduacao,8.0,5.5,3.2,4.2,6.2,1,6,4,3.33,nao,nao
750,20,feminino,graduacao,6.3,7.3,3.8,3.9,3.3,0,8,9,3.1,sim,sim
751,14,prefere_nao_dizer,graduacao,7.7,4.1,2.6,2.7,3.5,1,5,7,3.61,sim,nao
752,21,masculino,graduacao,7.7,6.3,4.3,2.3,3.4,1,6,7,2.82,nao,nao
753,17,masculino,graduacao,8.6,7.9,4.3,5.4,3.4,0,6,4,2.77,nao,nao
754,19,feminino,ensino_medio,7.2,7.9,4.2,2.8,2.9,1,8,7,3.01,nao,sim
755,17,masculino,graduacao,8.0,3.8,1.2,6.3,4.5,3,6,6,4.0,nao,nao
756,18,feminino,graduacao,7.9,3.9,3.0,3.9,0.0,0,7,9,2.83,sim,sim
757,22,masculino,graduacao,9.3,5.4,1.3,4.5,1.1,0,6,5,4.0,sim,nao
758,16,masculino,pos_graduacao,7.6,8.5,4.2,2.7,3.3,0,7,5,3.26,sim,sim
759,19,masculino,graduacao,6.8,5.4,2.9,2.6,8.3,2,5,6,2.43,nao,nao
760,18,prefere_nao_dizer,graduacao,5.8,6.5,2.6,0.1,4.3,3,9,7,3.17,nao,sim
761,23,masculino,ensino_medio,6.4,6.6,2.2,5.2,3.9,0,9,7,2.68,nao,sim
762,19,masculino,ensino_medio,7.5,6.7,4.6,2.8,6.0,6,8,8,3.41,sim,sim
763,16,feminino,ensino_medio,7.3,6.9,3.4,3.5,4.3,2,7,5,2.94,nao,sim
764,20,masculino,ensino_medio,6.9,8.9,4.6,3.0,2.1,3,9,10,2.94,nao,sim
765,15,feminino,ensino_medio,8.8,6.3,2.4,4.1,4.8,0,8,7,3.52,nao,sim
766,21,masculino,pos_graduacao,8.0,4.9,3.4,2.7,5.2,1,3,2,3.52,sim,nao
767,14,prefere_nao_dizer,pos_graduacao,7.3,7.1,2.7,3.0,3.4,1,8,8,2.67,nao,sim
768,20,masculino,pos_graduacao,8.6,1.5,0.6,4.8,6.1,1,5,5,3.83,nao,nao
769,22,masculino,ensino_medio,7.8,6.0,4.8,4.1,8.6,0,6,7,3.44,nao,nao
770,17,feminino,ensino_medio,8.8,3.3,3.2,4.3,3.1,0,5,7,3.56,nao,nao
771,24,masculino,ensino_medio,7.6,5.8,2.5,2.3,2.8,0,8,8,2.94,nao,sim
772,20,masculino,pos_graduacao,5.9,8.6,6.0,5.5,4.4,2,8,8,2.7,nao,sim
773,14,masculino,ensino_medio,7.8,2.3,1.0,3.6,7.4,2,6,4,4.0,nao,nao
774,18,masculino,graduacao,8.4,4.4,1.1,1.0,2.5,1,7,7,3.32,sim,sim
775,23,feminino,ensino_medio,6.6,6.7,3.3,4.3,3.0,2,8,7,3.41,nao,sim
776,20,feminino,graduacao,6.8,7.9,3.8,1.9,3.3,2,10,10,2.73,nao,sim
777,14,feminino,graduacao,5.3,8.7,6.5,3.7,4.5,1,7,7,3.09,nao,sim
778,23,masculino,graduacao,8.3,5.8,1.5,1.5,3.3,6,5,3,3.69,nao,nao
779,19,feminino,graduacao,7.5,4.5,1.8,3.6,6.5,3,5,5,3.89,sim,nao
780,20,masculino,pos_graduacao,5.7,6.5,3.8,3.3,5.1,1,8,10,2.63,nao,sim
781,16,feminino,ensino_medio,8.1,6.0,5.0,2.7,3.7,3,8,8,4.0,nao,sim
782,19,feminino,graduacao,5.8,8.2,6.0,6.7,1.1,1,7,9,2.87,nao,sim
783,18,masculino,graduacao,6.1,7.9,3.8,2.0,2.8,1,10,10,2.32,sim,sim
784,20,feminino,ensino_medio,8.0,6.7,3.5,2.9,4.4,2,6,5,3.43,sim,nao
785,20,masculino,ensino_medio,7.4,4.6,2.0,1.9,3.6,3,7,9,3.12,nao,sim
786,23,masculino,graduacao,9.2,5.3,3.9,4.4,3.3,1,8,10,3.35,sim,sim
787,21,masculino,graduacao,6.3,6.6,4.7,4.9,4.8,2,7,6,2.71,nao,sim
788,21,masculino,pos_graduacao,8.0,9.0,4.9,4.2,4.1,2,8,6,3.06,nao,sim
789,20,masculino,ensino_medio,7.0,5.0,3.0,4.0,0.0,2,7,5,3.54,sim,sim
790,20,feminino,graduacao,6.9,7.2,2.0,4.3,7.4,1,8,7,3.06,sim,sim
791,24,feminino,ensino_medio,6.2,7.9,4.2,2.9,2.0,3,10,10,2.39,nao,sim
792,19,masculino,ensino_medio,7.2,10.3,5.9,1.8,3.4,2,10,10,2.9,sim,sim
793,16,feminino,graduacao,8.0,8.5,6.1,2.0,4.8,4,8,9,2.94,sim,sim
794,14,masculino,graduacao,7.3,5.5,2.2,2.5,6.6,1,9,8,3.33,nao,sim
795,16,feminino,graduacao,8.6,1.4,0.0,4.8,4.3,5,6,5,3.65,sim,nao
796,23,masculino,ensino_medio,6.8,4.3,2.6,2.9,0.0,2,9,10,3.26,nao,sim
797,19,masculino,ensino_medio,8.7,5.2,3.0,3.7,6.0,5,7,9,3.44,nao,sim
798,20,feminino,ensino_medio,7.0,4.9,1.7,5.0,5.1,0,6,4,3.04,nao,nao
799,18,feminino,graduacao,6.7,5.1,2.3,5.9,8.1,1,6,5,3.4,nao,nao
800,20,feminino,graduacao,8.3,3.1,2.3,4.3,4.0,0,4,3,3.49,nao,nao
801,18,feminino,graduacao,6.8,7.1,1.8,3.0,3.8,0,7,8,3.23,sim,sim
802,19,masculino,graduacao,6.8,6.5,4.8,1.1,6.1,2,8,6,3.19,sim,sim
803,20,masculino,pos_graduacao,8.3,2.7,1.1,4.1,5.5,2,6,7,3.56,sim,nao
804,20,feminino,pos_graduacao,5.4,11.8,6.6,3.8,2.4,2,10,10,2.37,nao,sim
805,15,feminino,graduacao,6.7,9.3,5.7,3.5,0.0,1,10,9,2.34,nao,sim
806,19,feminino,graduacao,7.9,8.1,4.6,2.5,5.8,2,4,4,3.7,sim,nao
807,17,masculino,pos_graduacao,5.5,6.3,3.0,3.8,2.8,2,8,10,3.36,nao,sim
808,16,feminino,graduacao,7.8,5.9,4.3,3.9,6.1,3,9,8,2.68,sim,sim
809,20,feminino,pos_graduacao,8.2,7.3,4.1,2.6,3.4,3,4,3,3.54,sim,nao
810,16,masculino,graduacao,7.3,7.6,3.2,1.0,5.7,3,6,4,3.47,sim,nao
811,16,feminino,graduacao,9.1,3.9,3.2,3.3,1.4,2,5,7,3.94,nao,nao
812,17,masculino,graduacao,7.6,7.6,1.9,4.7,6.7,1,8,6,3.26,nao,sim
813,16,feminino,graduacao,7.6,6.5,3.7,2.9,8.3,1,8,6,2.72,nao,sim
814,14,masculino,ensino_medio,5.7,8.4,5.7,3.2,4.2,2,10,9,2.42,nao,sim
815,19,feminino,graduacao,5.3,9.6,5.8,3.6,2.3,2,9,10,2.59,nao,sim
816,20,masculino,graduacao,7.3,3.5,2.4,4.9,2.4,1,6,8,3.39,nao,nao
817,23,feminino,graduacao,7.8,7.8,3.5,1.7,2.9,0,6,7,2.77,sim,nao
818,19,feminino,graduacao,7.1,7.0,3.1,2.6,1.8,0,9,8,3.3,sim,sim
819,19,masculino,graduacao,7.0,8.7,5.1,1.1,1.2,1,7,9,3.18,nao,sim
820,20,feminino,pos_graduacao,7.5,6.9,4.4,2.6,4.0,1,6,6,2.92,nao,nao
821,22,feminino,pos_graduacao,7.3,6.0,4.8,0.6,4.5,2,8,7,3.09,nao,sim
822,24,feminino,graduacao,7.4,6.3,3.1,2.5,2.3,1,9,10,3.1,nao,sim
823,20,feminino,graduacao,9.1,3.5,3.0,5.1,1.4,1,6,7,3.67,nao,nao
824,24,feminino,graduacao,7.2,5.9,2.0,2.9,3.2,3,8,6,3.27,sim,sim
825,24,masculino,graduacao,7.2,7.9,5.2,3.6,2.5,0,7,8,2.56,nao,sim
826,18,masculino,ensino_medio,6.5,7.8,4.8,1.9,0.0,1,7,9,3.16,nao,sim
827,14,masculino,graduacao,7.4,6.1,2.1,4.1,5.4,1,5,3,3.33,nao,nao
828,16,masculino,pos_graduacao,7.4,9.8,5.7,3.2,0.7,2,9,10,3.0,sim,sim
829,18,feminino,ensino_medio,7.5,6.2,3.1,2.7,5.0,2,6,4,3.0,sim,nao
830,18,masculino,pos_graduacao,6.3,8.6,5.1,5.0,5.1,0,8,9,3.07,nao,sim
831,18,feminino,graduacao,9.0,3.6,1.1,2.6,0.0,0,7,9,3.49,nao,sim
832,16,masculino,graduacao,8.1,7.5,4.0,5.1,9.2,3,5,5,3.04,sim,nao
833,21,masculino,graduacao,9.3,6.7,3.3,2.1,0.0,3,6,4,2.77,nao,nao
834,17,feminino,pos_graduacao,7.8,5.8,2.8,4.6,3.8,2,8,7,2.79,sim,sim
835,19,feminino,graduacao,6.3,7.8,3.4,5.1,8.6,2,8,7,3.03,nao,sim
836,19,masculino,graduacao,6.7,7.0,4.6,0.9,1.5,2,7,7,3.29,nao,sim
837,21,masculino,graduacao,6.8,7.5,6.2,0.0,7.7,1,7,7,2.85,nao,sim
838,21,masculino,ensino_medio,7.5,7.7,4.4,4.4,5.0,1,6,5,2.99,nao,nao
839,22,feminino,graduacao,7.0,5.2,4.9,3.2,3.5,0,9,10,3.25,sim,sim
840,22,feminino,graduacao,6.7,10.4,6.3,4.2,2.5,2,10,8,2.62,nao,sim
841,25,masculino,ensino_medio,5.5,9.9,4.5,2.3,6.0,2,10,8,2.6,sim,sim
842,20,prefere_nao_dizer,ensino_medio,7.2,6.4,4.1,5.5,5.1,1,4,2,4.0,nao,nao
843,20,masculino,graduacao,6.4,7.6,4.1,4.4,2.7,2,7,9,3.22,sim,sim
844,20,masculino,graduacao,7.4,4.8,3.4,4.1,1.7,1,8,9,3.52,nao,sim
845,20,masculino,graduacao,9.2,3.7,1.6,2.5,0.0,4,8,7,3.6,nao,sim
846,19,feminino,graduacao,5.8,7.8,5.2,3.3,6.8,1,7,9,2.78,sim,sim
847,17,feminino,graduacao,7.1,9.7,4.2,4.5,0.7,1,8,9,3.38,nao,sim
848,17,masculino,graduacao,7.7,5.9,3.4,3.2,2.6,2,6,6,3.05,nao,nao
849,20,feminino,graduacao,7.3,7.1,3.6,3.4,1.7,5,6,6,3.83,sim,nao
850,16,feminino,graduacao,8.4,4.6,3.1,2.1,1.2,7,6,8,3.51,nao,nao
851,18,feminino,ensino_medio,8.3,3.1,1.3,3.2,1.9,2,6,4,3.88,sim,nao
852,22,feminino,graduacao,6.9,5.4,1.3,2.5,7.6,1,8,7,3.26,sim,sim
853,19,prefere_nao_dizer,graduacao,9.7,6.4,2.6,1.9,0.0,0,7,6,3.13,sim,sim
854,19,masculino,graduacao,6.0,8.7,4.4,5.3,4.2,2,8,8,2.71,nao,sim
855,20,masculino,graduacao,9.2,3.8,1.2,4.1,6.3,1,7,8,3.65,nao,sim
856,22,masculino,graduacao,7.1,4.2,2.9,2.2,9.2,2,7,7,2.83,sim,sim
857,16,feminino,ensino_medio,10.0,4.2,2.4,4.7,0.6,2,5,4,4.0,nao,nao
858,20,feminino,pos_graduacao,5.6,9.4,3.9,1.0,1.7,3,10,9,2.53,nao,sim
859,14,masculino,graduacao,5.9,10.1,5.5,1.0,0.0,5,7,8,3.03,nao,sim
860,22,masculino,graduacao,4.8,10.7,5.0,2.7,1.7,1,10,10,2.19,nao,sim
861,19,feminino,graduacao,6.1,9.4,5.3,5.0,4.6,1,9,9,2.76,nao,sim
862,23,masculino,graduacao,7.5,7.1,4.2,4.5,3.1,1,7,9,3.94,sim,sim
863,23,feminino,graduacao,7.1,6.5,4.3,1.5,7.9,2,6,5,3.24,sim,nao
864,19,masculino,graduacao,8.0,8.1,4.7,3.3,6.0,2,5,3,3.32,nao,nao
865,17,masculino,graduacao,7.5,6.1,4.0,5.4,2.5,1,7,6,3.4,sim,sim
866,20,feminino,graduacao,6.8,9.9,3.4,3.2,0.3,1,10,10,3.22,nao,sim
867,20,masculino,ensino_medio,7.1,7.7,2.1,4.2,4.1,1,7,7,3.29,nao,sim
868,19,masculino,ensino_medio,7.0,5.9,2.8,4.5,3.1,0,8,10,3.41,nao,sim
869,22,feminino,pos_graduacao,9.4,5.2,2.7,4.6,5.6,0,5,4,3.62,sim,nao
870,24,feminino,pos_graduacao,7.6,6.8,4.7,3.6,3.3,4,8,7,2.95,nao,sim
871,21,masculino,graduacao,7.4,6.2,3.3,4.1,4.6,2,5,4,3.25,sim,nao
872,21,feminino,ensino_medio,6.0,8.0,4.3,5.9,3.5,1,6,6,2.89,sim,nao
873,24,masculino,pos_graduacao,7.8,7.1,4.2,5.0,5.4,1,7,5,2.89,sim,sim
874,21,feminino,graduacao,7.2,6.7,3.2,2.7,7.8,2,7,7,2.94,nao,sim
875,20,feminino,pos_graduacao,6.4,11.7,7.2,2.1,1.6,2,9,9,3.21,sim,sim
876,19,prefere_nao_dizer,graduacao,6.9,8.3,5.2,1.9,4.2,2,8,9,3.18,nao,sim
877,15,masculino,graduacao,8.0,7.7,3.8,3.7,0.0,1,8,8,3.02,nao,sim
878,22,masculino,graduacao,9.1,5.1,2.2,0.8,5.8,4,2,1,3.98,nao,nao
879,22,masculino,ensino_medio,8.3,2.5,0.0,2.2,2.3,4,6,4,3.9,nao,nao
880,17,feminino,graduacao,5.8,13.0,8.4,3.6,7.0,2,6,8,3.03,nao,nao
881,18,masculino,ensino_medio,6.6,6.0,4.6,4.9,2.7,4,7,7,2.54,nao,sim
882,15,feminino,ensino_medio,7.7,3.7,2.2,5.3,5.8,0,6,8,4.0,nao,nao
883,18,feminino,pos_graduacao,7.0,6.2,3.5,2.5,3.6,2,7,8,2.44,nao,sim
884,22,feminino,graduacao,6.9,7.7,3.3,4.4,0.0,2,7,5,3.61,nao,sim
885,20,feminino,graduacao,6.2,7.6,5.2,1.9,1.8,2,8,9,3.13,nao,sim
886,21,feminino,graduacao,8.0,3.5,2.0,4.6,3.3,1,4,6,4.0,nao,nao
887,18,feminino,ensino_medio,8.6,1.0,0.0,4.1,2.1,2,5,3,3.62,nao,nao
888,18,feminino,ensino_medio,8.4,9.4,5.6,5.2,6.9,1,8,6,3.03,nao,sim
889,22,feminino,graduacao,5.9,10.0,5.0,5.7,8.0,3,9,9,2.46,nao,sim
890,19,masculino,graduacao,8.0,9.6,4.5,1.6,2.6,1,9,9,2.67,sim,sim
891,18,feminino,ensino_medio,6.8,6.2,2.5,2.6,3.9,5,5,4,3.45,nao,nao
892,20,feminino,graduacao,8.2,4.3,1.7,4.0,0.0,4,7,7,3.5,nao,sim
893,16,feminino,ensino_medio,7.1,8.2,5.1,2.3,3.3,2,7,7,3.01,sim,sim
894,21,feminino,ensino_medio,8.3,6.8,3.3,4.5,6.4,1,8,8,2.88,sim,sim
895,18,masculino,graduacao,7.9,7.7,4.3,3.2,1.9,0,7,8,3.05,nao,sim
896,17,masculino,pos_graduacao,8.8,6.7,4.8,5.3,2.7,2,10,10,2.87,nao,sim
897,14,masculino,ensino_medio,8.1,4.6,2.5,2.9,0.0,1,8,10,2.92,nao,sim
898,19,feminino,ensino_medio,7.9,7.5,5.0,3.4,2.2,1,8,10,3.51,nao,sim
899,19,masculino,pos_graduacao,6.8,6.7,5.1,4.1,0.0,1,9,10,2.98,nao,sim
900,19,feminino,graduacao,7.3,4.9,1.3,0.0,0.0,2,7,5,3.75,sim,sim
901,15,feminino,pos_graduacao,8.1,6.2,4.3,4.0,8.4,4,5,4,3.65,nao,nao
902,20,feminino,ensino_medio,7.6,7.3,5.7,1.8,2.1,0,7,6,3.2,nao,sim
903,21,feminino,ensino_medio,8.8,5.3,3.4,3.4,6.3,2,4,5,4.0,sim,nao
904,15,feminino,ensino_medio,6.4,9.9,5.2,2.1,2.4,1,8,10,3.13,sim,sim
905,18,masculino,graduacao,8.3,3.7,2.9,1.3,2.0,1,7,6,3.65,nao,sim
906,16,feminino,pos_graduacao,7.7,2.0,0.8,2.7,5.2,1,5,4,3.24,nao,nao
907,18,feminino,ensino_medio,8.2,7.4,7.2,4.0,4.7,3,7,8,3.68,sim,sim
908,15,feminino,graduacao,8.0,4.0,2.6,4.2,0.9,2,7,9,3.4,nao,sim
909,22,feminino,ensino_medio,5.7,7.5,1.8,2.0,1.2,8,10,10,2.87,nao,sim
910,15,masculino,pos_graduacao,8.2,8.4,3.7,1.1,1.0,0,8,6,3.13,sim,sim
911,17,feminino,graduacao,8.8,5.2,3.6,2.1,6.1,3,6,8,3.42,nao,nao
912,17,masculino,graduacao,6.6,9.0,4.1,2.3,6.9,1,7,8,3.55,nao,sim
913,21,masculino,ensino_medio,8.2,3.9,1.2,2.6,5.6,3,3,1,4.0,nao,nao
914,22,masculino,graduacao,8.7,7.8,4.4,2.7,3.8,1,9,7,2.95,sim,sim
915,21,masculino,graduacao,9.8,1.0,0.7,5.0,2.7,4,6,5,4.0,nao,nao
916,18,feminino,graduacao,7.6,6.1,3.1,1.7,4.5,1,7,6,3.6,nao,sim
917,14,masculino,pos_graduacao,7.1,6.3,3.6,4.5,4.6,1,7,7,3.59,nao,sim
918,18,feminino,graduacao,8.0,7.1,6.6,1.7,2.2,0,7,5,3.43,nao,sim
919,15,feminino,graduacao,7.3,7.0,3.1,2.2,2.1,6,9,10,3.26,nao,sim
920,19,masculino,graduacao,6.1,11.1,5.1,4.8,3.9,0,7,6,2.78,sim,sim
921,20,nao_binario,graduacao,6.4,9.8,4.8,3.3,5.2,3,9,9,2.45,nao,sim
922,15,masculino,graduacao,10.4,3.8,2.9,2.9,1.2,0,6,7,3.37,sim,nao
923,22,prefere_nao_dizer,ensino_medio,7.8,7.4,4.6,2.6,5.6,1,8,7,3.35,sim,sim
924,22,masculino,graduacao,6.9,5.1,1.8,2.3,3.2,3,7,7,3.2,sim,sim
925,19,masculino,graduacao,5.9,9.7,4.7,4.3,2.5,2,10,10,2.54,nao,sim
926,20,masculino,graduacao,7.7,7.5,4.6,3.4,4.8,1,8,6,3.47,sim,sim
927,23,feminino,ensino_medio,6.3,6.2,1.8,2.1,4.0,2,8,8,3.13,nao,sim
928,18,masculino,ensino_medio,6.7,10.1,6.2,4.5,0.0,1,10,9,2.52,nao,sim
929,23,masculino,pos_graduacao,6.0,8.9,5.5,2.7,7.2,1,7,5,2.72,sim,sim
930,19,feminino,pos_graduacao,7.0,5.9,3.8,5.0,2.6,3,8,8,3.15,nao,sim
931,16,masculino,ensino_medio,7.6,6.1,3.1,2.6,3.8,2,6,7,3.56,nao,nao
932,19,masculino,graduacao,6.6,8.3,4.7,2.1,4.8,3,7,7,3.42,sim,sim
933,21,masculino,ensino_medio,6.0,6.3,4.0,2.6,3.1,1,9,10,2.55,nao,sim
934,18,masculino,graduacao,7.9,4.1,2.2,4.8,1.1,1,7,8,3.23,sim,sim
935,26,nao_binario,graduacao,8.2,5.6,1.4,3.6,5.0,1,8,8,3.65,sim,sim
936,22,feminino,graduacao,7.5,7.3,5.9,3.1,3.7,4,8,9,2.98,sim,sim
937,23,feminino,graduacao,8.3,7.2,4.0,2.2,6.8,1,7,7,3.21,nao,sim
938,27,masculino,graduacao,7.5,3.1,2.3,8.3,0.5,3,6,6,3.33,nao,nao
939,19,feminino,graduacao,8.1,5.7,3.4,3.8,3.4,0,7,9,3.19,sim,sim
940,18,masculino,graduacao,7.8,4.7,5.1,5.4,2.9,4,7,9,3.5,nao,sim
941,22,feminino,graduacao,6.3,9.7,4.5,4.4,9.7,1,7,9,3.02,nao,sim
942,20,masculino,ensino_medio,7.6,6.7,4.9,1.9,1.2,1,9,7,2.71,sim,sim
943,18,masculino,graduacao,6.6,7.6,4.1,4.4,3.1,1,8,7,3.14,nao,sim
944,18,feminino,pos_graduacao,7.3,4.8,1.4,3.2,4.0,0,8,9,3.06,nao,sim
945,14,feminino,graduacao,6.4,8.0,4.2,3.5,4.9,1,7,5,3.19,sim,sim
946,21,masculino,graduacao,7.8,5.0,4.5,4.6,0.0,2,7,8,2.89,nao,sim
947,22,feminino,ensino_medio,7.5,6.3,3.0,4.6,3.7,4,7,7,3.37,nao,sim
948,25,masculino,ensino_medio,7.7,4.1,1.9,1.5,3.3,1,6,5,3.44,nao,nao
949,24,masculino,graduacao,7.9,7.3,2.5,2.7,3.5,2,7,7,3.33,sim,sim
950,25,masculino,graduacao,8.8,1.0,1.5,5.1,6.8,1,7,5,3.08,sim,sim
951,20,feminino,graduacao,7.3,12.6,7.5,1.5,2.4,0,10,8,2.88,nao,sim
952,20,feminino,graduacao,8.0,8.5,4.4,3.9,4.1,1,7,8,3.17,nao,sim
953,18,feminino,pos_graduacao,5.7,5.9,2.6,3.3,2.2,1,8,8,2.95,nao,sim
954,20,feminino,ensino_medio,5.8,9.3,4.9,1.5,3.3,2,6,8,3.14,sim,nao
955,21,masculino,ensino_medio,6.7,7.9,3.7,2.3,3.8,2,7,9,3.26,nao,sim
956,21,masculino,graduacao,8.9,5.1,3.3,4.0,5.1,0,5,4,3.53,sim,nao
957,17,masculino,ensino_medio,5.3,5.6,4.2,2.5,0.0,0,9,7,2.56,nao,sim
958,20,masculino,ensino_medio,6.9,3.4,3.0,4.7,8.7,2,5,7,3.21,sim,nao
959,16,masculino,ensino_medio,8.0,6.0,5.1,2.5,3.0,2,7,8,3.1,sim,sim
960,21,feminino,graduacao,8.6,5.3,4.7,4.1,0.0,1,7,6,3.7,sim,sim
961,21,masculino,graduacao,7.0,5.6,2.0,0.8,8.3,1,6,8,3.96,nao,nao
962,23,masculino,ensino_medio,7.8,4.7,0.8,2.9,3.9,5,6,6,3.51,sim,nao
963,18,masculino,graduacao,6.9,7.0,4.0,2.6,4.2,2,9,10,3.11,nao,sim
964,25,feminino,graduacao,9.0,5.2,1.8,3.4,0.5,2,8,9,3.62,nao,sim
965,15,masculino,ensino_medio,9.2,4.2,1.6,5.4,0.0,0,7,9,3.69,sim,sim
966,17,feminino,pos_graduacao,5.8,7.3,4.4,3.9,6.3,6,9,8,2.87,sim,sim
967,24,masculino,ensino_medio,6.8,7.0,4.4,2.3,5.2,2,8,10,3.35,nao,sim
968,18,feminino,graduacao,8.0,3.2,1.5,2.2,4.5,3,5,3,3.64,sim,nao
969,22,feminino,ensino_medio,8.0,6.4,4.1,2.4,0.7,3,8,9,3.22,sim,sim
970,20,feminino,graduacao,8.6,7.9,5.6,5.4,1.9,2,8,6,3.49,nao,sim
971,20,masculino,ensino_medio,7.8,4.1,3.1,1.6,8.6,1,7,7,3.17,nao,sim
972,24,feminino,graduacao,8.1,6.2,2.9,5.9,0.3,3,5,3,3.17,sim,nao
973,16,masculino,ensino_medio,7.3,3.4,2.0,0.8,0.0,3,10,10,3.0,nao,sim
974,21,feminino,ensino_medio,5.9,11.7,6.3,2.2,4.3,2,8,6,2.77,sim,sim
975,18,feminino,graduacao,7.3,9.2,4.3,5.7,4.3,0,8,7,2.73,nao,sim
976,20,feminino,ensino_medio,8.1,4.6,3.8,5.3,3.1,0,5,4,3.43,sim,nao
977,17,masculino,graduacao,7.4,7.8,4.1,3.2,3.5,0,7,6,3.63,nao,sim
978,20,feminino,ensino_medio,8.8,5.9,2.0,5.5,1.4,2,8,8,2.92,sim,sim
979,21,masculino,ensino_medio,9.4,6.4,3.5,4.8,0.0,2,6,8,3.56,nao,nao
980,22,masculino,graduacao,7.1,8.9,3.8,3.5,2.2,3,7,7,3.02,nao,sim
981,19,masculino,graduacao,7.9,8.7,2.9,3.2,1.3,1,7,6,3.2,nao,sim
982,17,nao_binario,pos_graduacao,8.9,5.5,3.3,2.4,7.7,1,6,7,3.81,nao,nao
983,17,feminino,graduacao,9.7,4.6,1.0,3.7,5.7,2,5,4,3.65,nao,nao
984,23,feminino,graduacao,6.3,8.7,5.7,2.1,3.5,3,10,8,2.8,nao,sim
985,19,masculino,pos_graduacao,5.7,5.1,3.9,3.0,0.0,0,8,6,3.05,nao,sim
986,18,feminino,graduacao,6.8,10.5,7.0,4.5,0.0,0,8,6,2.71,nao,sim
987,22,feminino,graduacao,7.2,10.9,6.5,1.3,4.2,0,9,8,2.93,nao,sim
988,20,feminino,ensino_medio,7.3,7.1,3.5,5.2,4.0,1,5,7,3.79,nao,nao
989,17,feminino,graduacao,8.0,5.1,2.5,3.9,3.2,2,7,5,3.31,sim,sim
990,19,masculino,graduacao,9.5,1.2,0.2,5.3,6.9,4,4,5,4.0,nao,nao
991,19,masculino,ensino_medio,7.3,5.5,1.2,1.6,0.8,2,7,6,3.64,nao,sim
992,14,feminino,ensino_medio,7.3,3.2,3.4,3.7,5.7,2,6,6,3.42,sim,nao
993,18,feminino,graduacao,5.9,6.1,4.1,2.7,3.4,1,10,10,2.56,nao,sim
994,16,feminino,graduacao,5.6,8.1,3.6,1.6,2.5,2,9,9,2.95,sim,sim
995,21,feminino,pos_graduacao,7.1,6.5,3.5,1.8,2.9,0,10,10,3.23,nao,sim
996,20,masculino,graduacao,7.3,7.1,3.9,4.0,3.7,5,6,5,3.71,sim,nao
997,19,masculino,graduacao,7.4,5.4,3.2,2.3,3.6,3,6,4,3.3,nao,nao
998,24,feminino,graduacao,6.9,4.1,2.1,4.4,1.9,2,7,6,3.33,nao,sim
999,21,nao_binario,graduacao,6.4,9.1,5.2,3.0,6.3,2,8,9,2.93,nao,sim
1000,15,masculino,ensino_medio,7.7,4.4,1.4,5.2,6.8,4,4,5,4.0,nao,nao
1001,19,feminino,ensino_medio,9.0,3.3,1.8,0.0,2.3,3,6,6,3.9,nao,nao
1002,19,feminino,ensino_medio,7.5,7.1,4.3,2.6,3.0,3,10,9,3.14,nao,sim
1003,23,nao_binario,graduacao,7.9,4.3,3.3,4.3,0.8,3,4,4,3.83,sim,nao
1004,21,masculino,graduacao,7.2,7.1,2.2,1.7,8.8,2,8,9,3.28,nao,sim
1005,20,feminino,ensino_medio,6.2,7.4,4.9,2.8,6.1,1,7,5,3.15,nao,sim
1006,21,feminino,graduacao,7.3,7.8,3.6,3.2,1.8,1,7,6,3.11,sim,sim
1007,14,masculino,graduacao,8.4,5.6,2.7,4.8,7.7,3,6,6,3.44,nao,nao
1008,16,masculino,graduacao,7.6,6.2,4.3,2.2,0.0,2,7,7,3.59,sim,sim
1009,23,feminino,graduacao,7.1,5.0,3.3,4.6,2.8,4,9,7,3.33,nao,sim
1010,19,masculino,graduacao,7.6,8.2,5.0,1.6,3.1,3,9,8,3.29,nao,sim
1011,17,feminino,graduacao,8.1,5.5,3.6,4.1,2.5,1,6,8,2.68,nao,nao
1012,20,feminino,ensino_medio,9.1,3.0,1.5,2.2,0.9,3,5,7,3.51,sim,nao
1013,24,masculino,graduacao,7.8,5.6,2.6,3.0,4.9,2,8,10,3.15,nao,sim
1014,19,nao_binario,pos_graduacao,7.8,6.7,5.6,3.2,7.4,1,7,7,3.07,nao,sim
1015,22,masculino,ensino_medio,7.7,5.4,2.9,4.5,2.3,5,7,7,3.34,nao,sim
1016,17,masculino,ensino_medio,8.1,5.1,5.3,5.8,0.0,1,7,6,2.98,nao,sim
1017,22,masculino,ensino_medio,6.8,7.5,4.0,4.0,0.5,0,8,7,2.72,nao,sim
1018,16,feminino,ensino_medio,7.0,7.9,3.1,3.3,4.2,4,9,8,3.18,nao,sim
1019,14,masculino,ensino_medio,8.3,3.0,0.4,4.3,1.2,4,7,9,3.56,nao,sim
1020,25,feminino,graduacao,7.2,9.2,5.3,2.8,1.1,1,10,10,2.56,sim,sim
1021,19,masculino,graduacao,7.5,5.1,3.0,4.0,3.3,3,7,5,3.25,nao,sim
1022,25,masculino,ensino_medio,8.1,6.7,4.6,7.3,3.2,1,5,3,3.03,nao,nao
1023,21,feminino,graduacao,6.2,7.4,5.5,3.6,0.0,4,8,10,2.94,nao,sim
1024,20,masculino,graduacao,5.1,8.2,4.3,4.3,4.3,4,9,10,2.63,nao,sim
1025,14,masculino,graduacao,6.9,4.8,2.1,0.0,2.6,1,10,10,3.13,sim,sim
1026,20,feminino,pos_graduacao,7.3,6.6,5.0,3.8,3.7,1,8,10,2.88,nao,sim
1027,26,masculino,graduacao,8.5,5.2,1.4,2.6,4.5,2,4,2,3.78,sim,nao
1028,21,masculino,pos_graduacao,7.0,5.5,0.5,3.4,0.6,5,9,10,3.05,nao,sim
1029,25,masculino,graduacao,6.2,7.1,4.4,2.6,0.0,1,8,8,3.01,sim,sim
1030,22,masculino,graduacao,7.3,4.5,1.8,2.8,5.0,2,6,5,3.19,sim,nao
1031,21,feminino,graduacao,7.6,7.7,3.6,1.9,0.8,1,6,4,3.21,nao,nao
1032,14,feminino,graduacao,7.4,5.5,3.3,3.2,4.5,3,7,8,3.16,nao,sim
1033,15,masculino,ensino_medio,7.3,6.3,3.1,2.4,2.1,1,6,4,3.33,nao,nao
1034,19,feminino,graduacao,8.2,6.3,4.3,4.4,5.3,0,8,10,3.32,nao,sim
1035,23,masculino,graduacao,7.5,4.9,2.3,1.1,5.1,3,6,8,3.6,nao,nao
1036,19,masculino,ensino_medio,8.0,6.9,2.3,4.8,3.4,1,6,6,3.92,nao,nao
1037,23,feminino,ensino_medio,5.7,12.2,5.6,1.8,7.3,1,10,10,2.88,nao,sim
1038,15,masculino,graduacao,5.8,9.7,5.3,5.1,4.7,0,7,6,2.64,nao,sim
1039,22,feminino,graduacao,8.3,5.1,5.3,2.7,1.8,1,6,7,3.45,sim,nao
1040,18,masculino,graduacao,9.3,1.4,1.0,0.0,7.0,1,6,8,3.79,sim,nao
1041,18,nao_binario,ensino_medio,8.9,2.1,1.3,1.9,2.8,2,4,2,3.75,nao,nao
1042,21,feminino,graduacao,10.4,1.9,3.2,2.5,1.7,2,6,6,3.13,nao,nao
1043,14,feminino,ensino_medio,8.5,4.8,2.4,5.9,3.3,3,5,6,3.14,nao,nao
1044,16,feminino,ensino_medio,6.8,5.3,2.8,2.2,2.3,2,7,7,2.35,sim,sim
1045,27,feminino,ensino_medio,8.0,4.8,2.1,4.6,0.0,4,7,9,3.37,nao,sim
1046,20,feminino,graduacao,9.4,1.4,0.5,2.4,4.9,3,3,2,4.0,sim,nao
1047,24,masculino,graduacao,7.8,5.8,3.6,2.5,5.2,0,5,3,3.43,nao,nao
1048,16,feminino,ensino_medio,6.2,8.7,7.2,4.0,3.6,1,9,8,3.17,nao,sim
1049,16,masculino,graduacao,5.7,10.0,4.6,4.2,5.4,3,6,8,3.31,nao,nao
1050,20,feminino,graduacao,6.1,7.5,2.8,2.9,5.6,4,10,10,2.91,nao,sim
1051,17,masculino,graduacao,7.7,6.1,3.6,3.7,5.8,1,5,6,3.14,sim,nao
1052,20,masculino,ensino_medio,7.8,3.6,3.0,1.2,1.9,3,7,5,3.02,sim,sim
1053,22,masculino,ensino_medio,6.4,7.9,3.2,5.1,4.3,2,9,10,2.97,nao,sim
1054,25,masculino,graduacao,8.3,2.0,0.9,1.0,2.0,3,6,8,3.95,sim,nao
1055,19,masculino,ensino_medio,7.2,4.4,3.3,2.6,0.2,2,8,7,2.99,nao,sim
1056,22,feminino,graduacao,8.5,3.5,1.6,3.5,0.0,1,9,8,3.38,nao,sim
1057,20,masculino,graduacao,7.0,7.6,5.6,4.6,7.4,0,6,5,3.99,nao,nao
1058,18,masculino,ensino_medio,7.5,7.8,3.0,2.0,3.4,4,7,5,3.74,nao,sim
1059,17,masculino,graduacao,7.4,4.6,3.1,1.2,0.7,3,7,5,3.08,nao,sim
1060,20,masculino,graduacao,7.6,6.1,3.1,4.6,0.5,1,7,6,3.38,nao,sim
1061,18,feminino,ensino_medio,6.9,8.7,4.9,3.8,0.0,1,9,9,2.91,nao,sim
1062,19,feminino,graduacao,8.3,4.5,2.3,4.2,3.9,5,6,5,3.83,sim,nao
1063,20,feminino,graduacao,7.9,4.8,4.2,4.4,8.4,2,8,6,3.39,nao,sim
1064,14,feminino,graduacao,5.8,9.0,5.5,4.0,1.8,3,9,7,2.32,nao,sim
1065,16,feminino,ensino_medio,7.8,6.5,4.2,2.9,1.9,3,8,8,2.79,nao,sim
1066,22,masculino,graduacao,7.5,8.1,3.1,3.7,0.0,3,9,7,3.2,sim,sim
1067,19,feminino,ensino_medio,7.4,6.7,4.7,1.7,4.9,2,5,5,3.69,sim,nao
1068,22,masculino,graduacao,6.5,8.8,5.4,5.7,4.0,2,8,10,2.65,nao,sim
1069,16,masculino,graduacao,8.2,7.2,3.0,2.3,3.1,6,6,6,3.42,nao,nao
1070,19,feminino,graduacao,8.1,5.3,2.6,2.4,4.5,2,5,4,3.11,nao,nao
1071,15,masculino,ensino_medio,7.7,6.7,1.7,3.2,0.0,1,8,6,3.36,sim,sim
1072,23,feminino,graduacao,6.8,9.0,5.8,3.9,0.0,0,8,9,3.02,sim,sim
1073,23,masculino,graduacao,7.2,5.7,2.8,2.8,0.2,1,6,8,3.59,sim,nao
1074,18,feminino,graduacao,7.3,8.7,6.0,5.5,0.8,2,7,6,3.57,sim,sim
1075,14,masculino,ensino_medio,7.3,5.9,3.9,4.2,3.7,1,5,6,4.0,nao,nao
1076,27,masculino,pos_graduacao,8.2,5.5,3.1,2.0,1.6,0,7,9,3.24,nao,sim
1077,22,masculino,ensino_medio,5.9,8.2,5.9,4.7,7.1,0,8,6,2.72,nao,sim
1078,21,feminino,ensino_medio,8.5,4.7,2.7,3.0,7.4,3,5,7,3.79,nao,nao
1079,23,masculino,pos_graduacao,6.6,9.6,4.5,3.1,2.1,1,7,5,3.05,nao,sim
1080,21,feminino,pos_graduacao,7.0,8.9,5.7,5.9,3.1,0,9,9,3.09,sim,sim
1081,18,feminino,ensino_medio,9.2,4.0,1.0,0.4,1.1,0,6,7,3.73,nao,nao
1082,16,nao_binario,graduacao,6.7,8.5,4.8,4.4,4.2,0,7,8,3.27,nao,sim
1083,23,feminino,ensino_medio,6.9,8.4,5.4,2.2,5.6,1,6,7,3.03,sim,nao
1084,18,masculino,graduacao,7.3,6.2,3.8,3.6,5.5,1,8,7,2.7,sim,sim
1085,16,masculino,ensino_medio,8.2,6.8,3.2,1.0,2.7,1,8,8,3.85,nao,sim
1086,18,nao_binario,graduacao,7.6,3.3,0.5,4.3,2.1,1,6,8,4.0,sim,nao
1087,19,feminino,pos_graduacao,6.5,9.0,5.4,3.8,1.9,2,10,9,2.36,nao,sim
1088,21,feminino,graduacao,8.4,4.8,3.2,4.8,7.3,2,6,5,3.62,nao,nao
1089,20,masculino,ensino_medio,9.7,2.0,0.1,5.2,2.1,3,8,9,3.52,nao,sim
1090,21,feminino,graduacao,8.2,5.3,4.0,4.1,5.6,1,7,6,3.09,nao,sim
1091,16,masculino,ensino_medio,7.6,4.5,0.2,2.7,2.7,0,6,5,3.48,sim,nao
1092,23,feminino,pos_graduacao,7.1,7.0,1.7,2.2,0.0,0,8,9,3.28,nao,sim
1093,20,feminino,ensino_medio,6.4,9.7,5.5,0.4,3.3,3,7,8,3.16,nao,sim
1094,21,masculino,graduacao,7.5,7.2,4.4,3.3,0.0,3,9,7,3.22,sim,sim
1095,23,feminino,ensino_medio,6.2,8.2,4.7,2.7,2.1,2,10,10,3.07,nao,sim
1096,18,masculino,graduacao,5.8,11.4,4.1,2.3,1.3,3,10,9,2.65,nao,sim
1097,21,masculino,graduacao,7.4,5.9,3.6,1.6,3.7,1,8,7,3.12,nao,sim
1098,22,masculino,graduacao,9.7,2.0,1.7,3.0,2.1,3,7,9,3.96,nao,sim
1099,14,masculino,graduacao,8.7,4.4,3.3,2.4,1.3,1,7,5,3.45,sim,sim
1100,17,feminino,ensino_medio,6.8,7.2,6.2,3.5,5.1,5,10,10,2.57,nao,sim
1101,22,masculino,pos_graduacao,8.3,4.4,0.0,2.8,2.2,1,7,5,3.98,nao,sim
1102,19,feminino,graduacao,7.5,8.3,5.0,4.3,3.8,3,7,5,3.26,sim,sim
1103,14,nao_binario,pos_graduacao,6.7,3.9,3.2,1.5,3.7,1,5,5,3.46,sim,nao
1104,18,feminino,graduacao,7.6,3.9,1.1,2.4,1.4,4,6,7,3.35,nao,nao
1105,22,feminino,graduacao,10.5,3.5,1.8,5.0,3.3,1,5,7,3.87,nao,nao
1106,20,feminino,pos_graduacao,6.5,11.6,6.9,3.1,1.8,1,10,8,3.1,nao,sim
1107,17,prefere_nao_dizer,ensino_medio,8.8,6.0,3.4,5.0,3.0,2,6,7,3.17,sim,nao
1108,18,masculino,ensino_medio,7.9,5.8,4.2,3.7,2.2,1,7,7,3.04,nao,sim
1109,15,masculino,graduacao,7.0,8.4,5.4,3.3,4.3,3,7,9,3.32,nao,sim
1110,17,masculino,pos_graduacao,6.6,7.9,4.1,3.7,4.8,2,10,9,2.82,sim,sim
1111,17,masculino,graduacao,8.0,9.7,6.7,2.5,0.0,0,8,8,3.37,nao,sim
1112,24,feminino,graduacao,6.6,10.7,6.4,2.0,0.9,1,8,9,3.31,nao,sim
1113,24,feminino,ensino_medio,7.1,9.1,4.4,4.8,1.2,4,8,6,3.16,sim,sim
1114,22,feminino,graduacao,8.4,7.6,2.7,4.1,2.7,1,7,6,3.22,nao,sim
1115,21,masculino,graduacao,7.3,5.5,1.8,4.5,7.0,1,7,5,3.27,nao,sim
1116,15,masculino,graduacao,6.7,8.6,5.4,5.8,0.0,1,10,8,2.95,nao,sim
1117,14,masculino,ensino_medio,7.4,9.3,3.4,3.2,4.6,4,8,7,3.74,sim,sim
1118,22,nao_binario,graduacao,7.2,5.7,1.5,4.3,5.7,4,8,9,3.41,nao,sim
1119,14,masculino,graduacao,6.5,6.0,3.7,1.5,2.0,3,8,9,2.72,sim,sim
1120,20,feminino,ensino_medio,7.1,9.2,6.6,4.7,4.0,4,10,10,2.55,sim,sim
1121,16,feminino,ensino_medio,9.4,1.0,0.0,1.3,4.9,2,3,4,3.58,nao,nao
1122,21,masculino,graduacao,6.5,7.9,4.7,2.4,1.9,4,8,9,3.34,sim,sim
1123,20,masculino,graduacao,7.9,4.9,4.3,2.4,1.0,2,7,8,3.26,nao,sim
1124,21,feminino,graduacao,7.9,4.8,4.1,4.0,8.7,1,7,5,3.62,nao,sim
1125,16,feminino,graduacao,7.6,4.8,1.7,2.7,1.4,1,7,5,3.03,sim,sim
1126,19,masculino,ensino_medio,8.5,2.9,1.7,2.8,3.7,3,4,3,3.59,nao,nao
1127,16,masculino,graduacao,8.8,5.9,3.5,2.8,0.9,2,6,8,3.74,nao,nao
1128,20,masculino,graduacao,6.9,8.2,6.0,3.4,5.8,2,7,6,3.06,nao,sim
1129,22,nao_binario,graduacao,9.7,4.6,3.7,3.4,0.0,2,9,7,3.13,nao,sim
1130,24,feminino,graduacao,7.4,6.8,3.9,2.4,3.1,3,8,10,3.12,nao,sim
1131,14,feminino,graduacao,7.6,3.8,2.1,4.1,2.5,0,7,6,3.14,nao,sim
1132,23,feminino,graduacao,10.2,2.2,0.0,2.9,3.1,3,4,5,4.0,sim,nao
1133,25,feminino,graduacao,8.2,1.0,0.9,3.2,7.7,0,4,3,4.0,nao,nao
1134,14,feminino,pos_graduacao,5.7,7.0,4.1,4.7,3.8,4,9,9,3.17,nao,sim
1135,17,masculino,ensino_medio,7.5,8.5,5.1,3.3,0.0,0,7,7,3.01,sim,sim
1136,16,masculino,pos_graduacao,9.1,7.4,4.6,2.0,2.0,2,7,7,3.56,sim,sim
1137,18,feminino,graduacao,7.8,3.6,1.6,2.6,2.1,2,4,2,3.53,nao,nao
1138,23,masculino,pos_graduacao,6.5,9.9,6.1,5.0,7.3,1,6,8,2.84,nao,nao
1139,15,feminino,ensino_medio,6.3,8.1,4.8,1.9,2.6,2,6,5,3.26,nao,nao
1140,16,feminino,pos_graduacao,6.7,8.9,4.9,2.6,2.4,1,10,10,2.92,nao,sim
1141,17,masculino,graduacao,6.1,8.7,3.0,4.7,5.1,2,9,10,3.13,sim,sim
1142,26,masculino,graduacao,7.7,8.0,4.9,2.9,11.1,0,6,4,3.33,sim,nao
1143,16,feminino,pos_graduacao,8.6,5.9,3.4,3.8,0.0,1,7,7,3.13,nao,sim
1144,19,feminino,graduacao,6.9,4.7,3.1,2.4,1.9,2,7,6,3.62,nao,sim
1145,16,masculino,pos_graduacao,8.1,7.6,3.9,3.3,1.0,2,6,7,3.11,nao,nao
1146,19,feminino,pos_graduacao,7.1,5.2,3.7,1.8,2.1,3,7,6,3.39,nao,sim
1147,18,feminino,graduacao,7.5,7.0,2.6,3.7,3.6,2,9,9,2.64,nao,sim
1148,18,feminino,ensino_medio,8.1,6.6,5.0,4.0,8.5,0,8,6,2.87,nao,sim
1149,16,masculino,graduacao,7.6,5.3,2.9,3.4,6.7,1,5,5,3.61,nao,nao
1150,21,masculino,pos_graduacao,6.3,7.0,4.1,1.8,2.0,1,7,8,3.23,sim,sim
1151,25,feminino,graduacao,6.4,7.4,3.0,4.4,6.8,3,8,9,3.31,sim,sim
1152,14,feminino,pos_graduacao,8.2,6.1,4.5,3.8,5.2,1,7,5,3.43,sim,sim
1153,17,feminino,graduacao,9.7,1.4,0.4,5.2,6.7,4,4,6,4.0,nao,nao
1154,21,feminino,pos_graduacao,6.2,6.3,4.9,1.9,7.2,3,9,7,2.68,nao,sim
1155,21,masculino,ensino_medio,8.9,5.3,3.0,1.5,0.0,1,7,5,2.96,sim,sim
1156,20,masculino,graduacao,7.5,3.8,3.0,2.5,1.9,3,4,5,3.52,sim,nao
1157,26,feminino,graduacao,5.8,10.6,7.0,5.0,4.3,1,10,10,2.66,sim,sim
1158,17,masculino,graduacao,8.2,4.7,2.2,8.3,2.9,3,7,6,3.51,nao,sim
1159,19,masculino,graduacao,4.9,9.3,6.4,2.6,5.0,2,10,8,3.09,nao,sim
1160,20,masculino,graduacao,7.6,6.5,4.1,5.6,0.9,3,7,6,2.66,nao,sim
1161,25,masculino,graduacao,7.4,6.2,3.2,2.5,4.5,2,5,6,3.34,sim,nao
1162,19,masculino,pos_graduacao,7.5,7.8,6.2,2.5,2.7,0,8,7,3.22,nao,sim
1163,16,masculino,graduacao,6.2,10.4,6.9,4.1,3.7,2,9,10,3.04,nao,sim
1164,18,masculino,graduacao,8.2,6.5,4.3,2.4,8.3,3,5,4,3.19,nao,nao
1165,20,feminino,ensino_medio,7.0,5.4,1.9,2.2,3.4,1,4,5,3.52,nao,nao
1166,18,masculino,graduacao,7.5,7.8,5.5,3.4,4.9,1,6,5,2.39,nao,nao
1167,14,masculino,pos_graduacao,6.5,8.8,5.4,3.5,2.6,2,10,10,3.25,nao,sim
1168,19,feminino,graduacao,5.7,7.6,4.1,5.9,0.0,4,10,8,2.81,sim,sim
1169,23,masculino,ensino_medio,6.3,8.4,5.6,0.8,3.4,3,9,10,2.66,nao,sim
1170,21,masculino,ensino_medio,6.8,8.8,4.3,4.2,5.0,1,6,4,2.93,nao,nao
1171,16,feminino,graduacao,6.7,8.9,4.5,3.2,5.2,1,9,10,2.69,nao,sim
1172,18,masculino,pos_graduacao,6.9,6.4,2.3,2.7,2.2,3,6,7,3.35,nao,nao
1173,21,feminino,pos_graduacao,5.9,9.5,6.3,5.6,1.7,1,10,10,2.95,sim,sim
1174,18,feminino,pos_graduacao,7.6,5.9,1.7,4.8,8.0,0,7,8,3.2,nao,sim
1175,16,feminino,ensino_medio,7.7,9.5,5.4,5.9,9.0,1,6,7,3.96,sim,nao
1176,16,feminino,ensino_medio,6.3,10.1,5.9,0.6,0.0,1,10,10,2.97,nao,sim
1177,26,prefere_nao_dizer,graduacao,5.9,8.4,5.1,0.2,3.9,1,7,6,3.33,nao,sim
1178,24,feminino,pos_graduacao,8.9,8.8,4.1,4.2,4.8,1,8,9,2.8,nao,sim
1179,21,masculino,ensino_medio,5.0,8.7,4.5,2.8,4.6,2,9,9,2.41,nao,sim
1180,19,nao_binario,ensino_medio,8.8,6.7,4.6,5.1,5.5,1,7,6,3.09,sim,sim
1181,16,feminino,pos_graduacao,7.1,7.8,5.1,2.4,4.5,1,8,7,3.25,nao,sim
1182,24,feminino,ensino_medio,6.1,10.1,7.0,2.8,0.0,2,9,10,2.71,nao,sim
1183,18,feminino,graduacao,7.7,4.3,2.1,0.0,3.2,3,8,7,2.83,nao,sim
1184,16,masculino,graduacao,6.4,9.4,4.6,3.2,4.2,1,8,8,3.61,nao,sim
1185,20,masculino,ensino_medio,8.7,1.3,2.6,2.4,0.1,1,8,10,3.28,nao,sim
1186,25,masculino,pos_graduacao,9.2,5.3,5.0,2.7,0.7,4,6,6,3.5,nao,nao
1187,14,feminino,graduacao,6.4,6.8,4.4,3.7,0.5,0,7,5,2.58,nao,sim
1188,15,masculino,ensino_medio,7.3,6.4,1.8,3.8,0.0,2,7,5,3.52,nao,sim
1189,14,feminino,graduacao,6.6,8.8,5.1,5.0,4.4,4,7,8,3.28,sim,sim
1190,17,feminino,graduacao,8.3,3.1,0.8,3.4,0.9,0,6,5,2.98,nao,nao
1191,22,masculino,graduacao,8.5,7.8,4.4,0.4,4.0,0,8,8,3.46,sim,sim
1192,16,feminino,ensino_medio,7.7,4.7,2.8,3.7,1.8,0,6,8,3.55,nao,nao
1193,21,masculino,ensino_medio,6.1,8.5,5.9,2.2,7.6,2,7,5,3.39,nao,sim
1194,22,feminino,ensino_medio,9.7,4.0,1.3,2.3,2.5,2,7,9,2.96,nao,sim
1195,17,masculino,graduacao,6.7,7.3,6.0,6.2,2.9,2,7,7,3.33,nao,sim
1196,23,feminino,graduacao,6.6,9.6,4.8,2.3,2.8,5,7,6,3.29,nao,sim
1197,18,prefere_nao_dizer,ensino_medio,7.2,5.0,1.2,0.6,2.1,1,7,5,2.9,nao,sim
1198,21,masculino,graduacao,7.1,6.5,1.5,2.8,0.1,0,7,8,3.46,nao,sim
1199,16,feminino,ensino_medio,8.0,6.2,3.7,3.6,4.7,3,8,8,3.32,sim,sim
1200,22,feminino,ensino_medio,7.8,5.7,2.9,3.1,4.8,3,10,10,3.0,nao,sim
1201,15,masculino,graduacao,7.1,6.3,3.3,3.3,0.7,1,7,6,3.35,sim,sim
1202,24,feminino,graduacao,8.5,3.1,2.5,3.8,3.2,1,7,5,3.55,sim,sim
1203,15,feminino,ensino_medio,8.2,7.6,3.1,2.0,7.2,1,6,6,3.71,nao,nao
1204,21,feminino,ensino_medio,6.9,5.9,2.9,2.9,5.4,1,6,4,3.13,nao,nao
1205,21,masculino,graduacao,8.0,6.2,4.4,4.9,4.7,1,7,7,3.06,nao,sim
1206,24,feminino,graduacao,5.8,8.5,4.1,3.5,1.4,2,10,8,2.77,nao,sim
1207,21,masculino,graduacao,7.1,5.1,4.2,3.4,4.4,0,6,4,2.75,nao,nao
1208,22,masculino,graduacao,7.5,6.6,3.2,0.0,1.5,6,6,5,3.41,sim,nao
1209,17,feminino,ensino_medio,8.6,1.0,0.1,5.4,6.4,2,4,6,3.76,sim,nao
1210,18,feminino,graduacao,7.4,11.0,7.0,2.1,3.3,1,8,7,2.86,sim,sim
1211,25,masculino,graduacao,7.3,9.4,5.2,4.3,6.8,3,6,6,3.36,sim,nao
1212,18,feminino,pos_graduacao,8.4,5.7,3.3,7.2,3.7,0,8,9,2.81,nao,sim
1213,24,feminino,graduacao,7.8,10.7,5.1,3.8,0.4,4,9,10,2.74,nao,sim
1214,18,feminino,ensino_medio,6.5,7.4,3.7,1.3,2.4,1,8,9,3.19,nao,sim
1215,17,masculino,graduacao,8.0,1.7,0.1,5.9,0.0,3,6,4,3.77,nao,nao
1216,15,masculino,pos_graduacao,8.2,4.7,2.1,3.1,0.2,3,8,6,3.57,nao,sim
1217,19,masculino,graduacao,7.1,7.7,3.5,1.2,1.0,3,10,10,3.04,sim,sim
1218,20,feminino,graduacao,7.8,5.4,3.8,4.5,1.6,2,6,7,2.83,nao,nao
1219,18,feminino,ensino_medio,7.4,5.4,1.7,5.0,4.3,0,6,8,3.18,nao,nao
1220,18,feminino,graduacao,6.5,7.4,3.0,4.1,3.3,2,10,10,3.18,nao,sim
1221,24,masculino,graduacao,6.6,8.6,3.1,3.2,0.7,2,9,9,3.33,nao,sim
1222,14,feminino,ensino_medio,7.4,4.8,3.8,6.3,3.4,0,8,8,2.79,nao,sim
1223,18,masculino,graduacao,7.1,10.8,6.3,2.7,1.8,2,9,8,2.7,nao,sim
1224,20,feminino,ensino_medio,7.5,6.2,2.4,6.1,0.4,0,9,8,3.16,nao,sim
1225,24,feminino,graduacao,8.3,6.4,5.1,4.8,5.0,2,4,2,3.84,nao,nao
1226,20,masculino,pos_graduacao,6.7,6.3,3.5,1.1,1.6,2,6,4,3.31,nao,nao
1227,15,masculino,pos_graduacao,8.2,3.7,2.6,3.2,5.0,6,7,5,3.02,nao,sim
1228,21,masculino,graduacao,7.3,4.9,2.3,0.6,5.0,1,5,4,3.16,nao,nao
1229,16,feminino,graduacao,8.1,3.3,3.3,2.8,3.4,3,5,7,3.55,sim,nao
1230,24,masculino,ensino_medio,9.0,3.5,0.5,3.3,10.3,2,3,4,3.66,nao,nao
1231,21,masculino,ensino_medio,9.2,4.2,0.6,2.0,3.3,1,2,2,3.82,nao,nao
1232,20,nao_binario,graduacao,8.7,5.6,3.2,3.7,2.8,1,6,6,2.83,sim,nao
1233,22,feminino,graduacao,7.2,4.5,1.7,3.2,0.6,0,7,6,3.1,nao,sim
1234,16,feminino,pos_graduacao,8.3,5.4,2.8,4.6,7.0,1,5,4,4.0,nao,nao
1235,14,masculino,graduacao,6.7,6.7,2.9,2.4,5.3,3,10,10,3.03,nao,sim
1236,23,nao_binario,graduacao,8.5,4.8,1.4,2.3,5.1,1,5,4,3.44,nao,nao
1237,21,feminino,graduacao,6.5,6.4,3.9,2.1,1.3,2,8,8,3.26,nao,sim
1238,26,prefere_nao_dizer,pos_graduacao,6.6,10.1,3.0,3.6,4.7,0,9,8,2.48,nao,sim
1239,19,feminino,graduacao,7.0,5.3,2.8,4.9,3.0,1,8,8,2.64,sim,sim
1240,16,masculino,graduacao,8.4,5.8,3.6,3.2,4.7,3,7,5,3.28,sim,sim
1241,15,masculino,graduacao,6.4,7.3,4.0,3.1,3.5,1,8,6,3.4,sim,sim
1242,18,masculino,graduacao,7.1,8.6,5.1,4.1,3.5,4,9,10,2.85,sim,sim
1243,21,feminino,graduacao,8.2,5.5,2.5,1.9,2.2,0,6,5,3.38,sim,nao
1244,22,masculino,pos_graduacao,7.4,4.7,2.9,1.2,1.5,0,7,5,3.52,sim,sim
1245,22,masculino,graduacao,6.6,8.0,3.8,3.8,2.1,2,9,9,3.32,nao,sim
1246,23,prefere_nao_dizer,graduacao,7.2,8.2,4.8,3.1,5.9,1,5,6,3.44,sim,nao
1247,20,masculino,ensino_medio,8.5,5.0,0.7,2.4,7.6,2,5,7,3.52,sim,nao
1248,18,masculino,graduacao,8.5,7.1,4.3,3.2,5.5,1,6,6,3.74,sim,nao
1249,19,masculino,graduacao,7.4,9.2,4.5,2.5,6.1,1,7,9,3.31,sim,sim
1250,23,masculino,pos_graduacao,7.3,10.0,5.3,1.4,0.4,1,7,5,2.86,nao,sim
1251,18,feminino,graduacao,7.1,9.1,5.5,4.7,4.5,3,6,6,3.73,nao,nao
1252,23,masculino,graduacao,7.0,7.4,5.9,2.5,0.9,2,8,8,2.92,nao,sim
1253,22,feminino,ensino_medio,8.0,5.7,3.4,2.7,2.9,1,5,7,3.38,nao,nao
1254,23,prefere_nao_dizer,graduacao,7.6,5.9,3.2,3.6,3.7,0,7,9,3.19,sim,sim
1255,20,masculino,graduacao,7.9,6.2,3.5,3.4,2.9,0,8,7,3.43,nao,sim
1256,22,masculino,graduacao,5.5,6.7,3.4,2.8,7.0,1,9,8,2.72,sim,sim
1257,18,feminino,graduacao,8.1,8.2,5.7,1.5,0.1,2,8,10,3.15,sim,sim
1258,17,feminino,graduacao,9.1,5.9,3.2,2.8,0.0,2,8,10,3.37,sim,sim
1259,14,feminino,graduacao,6.5,5.9,2.7,2.6,0.6,5,8,10,3.21,nao,sim
1260,14,masculino,graduacao,7.7,8.2,5.0,3.3,2.7,0,6,8,3.11,nao,nao
1261,19,feminino,ensino_medio,9.1,3.7,3.5,3.2,5.0,4,6,7,3.59,sim,nao
1262,20,nao_binario,graduacao,7.3,7.5,3.2,4.5,4.1,0,8,8,3.62,sim,sim
1263,27,masculino,ensino_medio,5.8,6.6,5.3,2.9,6.4,2,8,9,3.03,sim,sim
1264,18,masculino,graduacao,7.2,6.3,2.7,3.8,0.0,3,7,7,3.33,nao,sim
1265,24,masculino,graduacao,7.4,4.6,2.9,5.3,5.3,0,9,7,3.02,nao,sim
1266,22,feminino,graduacao,8.8,5.7,3.8,2.4,4.3,2,7,5,2.94,sim,sim
1267,23,feminino,ensino_medio,7.1,7.5,5.6,3.7,3.2,1,9,10,3.32,nao,sim
1268,22,feminino,ensino_medio,7.6,6.5,3.8,3.1,3.2,3,7,6,3.08,nao,sim
1269,15,feminino,pos_graduacao,7.5,8.4,4.4,3.8,5.2,3,8,10,2.55,sim,sim
1270,19,feminino,graduacao,6.7,8.3,5.5,2.9,5.9,7,9,10,2.88,nao,sim
1271,22,masculino,graduacao,7.6,3.9,2.5,2.7,2.8,0,7,8,3.31,nao,sim
1272,19,feminino,ensino_medio,9.4,1.7,1.3,6.5,4.9,0,4,4,3.48,sim,nao
1273,18,masculino,graduacao,7.5,6.8,3.1,3.4,0.8,0,8,8,3.24,nao,sim
1274,19,feminino,ensino_medio,7.4,5.8,3.1,0.3,7.1,0,6,7,3.61,nao,nao
1275,23,masculino,graduacao,7.1,6.0,3.1,5.0,4.4,2,8,8,3.22,nao,sim
1276,15,feminino,ensino_medio,5.6,6.5,3.9,4.5,2.4,5,8,9,2.92,nao,sim
1277,15,masculino,pos_graduacao,8.9,4.8,3.0,3.5,7.2,1,5,4,3.79,nao,nao
1278,22,feminino,graduacao,8.1,6.9,4.5,2.3,5.8,3,8,7,3.25,nao,sim
1279,19,masculino,graduacao,8.8,7.1,3.4,3.0,4.6,2,8,10,3.26,nao,sim
1280,20,feminino,graduacao,8.8,5.3,2.6,4.5,0.9,0,5,3,3.52,nao,nao
1281,27,feminino,graduacao,8.0,7.1,3.8,4.4,0.8,3,8,7,2.91,nao,sim
1282,21,masculino,ensino_medio,8.4,4.0,0.4,1.7,1.4,1,9,10,2.89,nao,sim
1283,19,masculino,graduacao,7.0,5.8,3.1,6.2,3.3,2,8,10,3.27,nao,sim
1284,20,feminino,ensino_medio,8.1,5.8,3.4,3.4,3.6,1,8,8,3.54,sim,sim
1285,20,feminino,graduacao,6.5,9.6,5.0,1.9,6.6,2,8,7,2.8,nao,sim
1286,21,masculino,graduacao,8.4,7.1,4.2,0.5,0.0,3,6,6,3.36,sim,nao
1287,20,feminino,graduacao,6.8,8.9,4.1,3.5,2.3,4,8,6,3.08,nao,sim
1288,16,masculino,pos_graduacao,7.4,6.6,5.1,3.3,4.9,3,4,6,3.37,nao,nao
1289,18,nao_binario,graduacao,7.1,5.1,3.0,3.7,3.0,1,8,8,3.49,nao,sim
1290,23,masculino,pos_graduacao,8.5,6.2,3.2,3.4,4.6,2,6,7,3.1,nao,nao
1291,21,masculino,graduacao,7.3,4.5,0.3,5.4,0.3,2,8,8,3.94,nao,sim
1292,24,feminino,graduacao,8.0,6.1,4.2,3.1,3.9,1,8,7,3.04,nao,sim
1293,14,masculino,ensino_medio,7.6,9.4,4.5,3.1,0.9,2,9,10,3.25,nao,sim
1294,22,feminino,pos_graduacao,7.0,7.9,4.2,4.2,4.4,2,9,9,2.95,sim,sim
1295,16,feminino,graduacao,7.2,7.9,6.1,3.0,3.5,1,5,7,3.25,nao,nao
1296,24,feminino,graduacao,5.8,8.2,4.5,5.0,1.4,0,9,7,2.61,nao,sim
1297,17,feminino,graduacao,6.4,6.3,3.9,3.0,1.2,2,7,6,3.22,sim,sim
1298,19,feminino,ensino_medio,6.5,6.5,4.0,1.6,5.0,3,7,7,3.33,nao,sim
1299,21,masculino,pos_graduacao,8.1,6.3,3.7,4.8,3.1,3,8,7,3.27,nao,sim
1300,24,feminino,graduacao,6.1,8.2,4.7,0.0,6.2,1,9,10,2.43,sim,sim
1301,22,feminino,ensino_medio,8.2,6.1,0.8,3.4,3.2,1,7,8,3.3,sim,sim
1302,17,masculino,graduacao,7.0,4.2,1.1,4.1,4.1,1,8,6,2.79,nao,sim
1303,16,feminino,graduacao,7.6,5.3,2.6,3.0,4.6,3,7,5,3.11,nao,sim
1304,18,masculino,graduacao,5.4,11.7,5.8,2.0,6.9,2,9,8,2.41,nao,sim
1305,21,feminino,graduacao,6.5,8.7,5.3,5.0,4.6,3,8,8,3.34,nao,sim
1306,20,masculino,graduacao,8.8,5.3,1.6,3.0,4.6,2,4,5,3.98,nao,nao
1307,26,masculino,graduacao,6.9,2.3,1.6,0.0,2.7,2,8,7,3.95,sim,sim
1308,19,nao_binario,graduacao,8.3,7.6,2.2,4.2,4.8,1,10,10,3.49,sim,sim
1309,17,feminino,graduacao,7.3,8.1,5.3,3.7,3.4,1,7,7,2.6,nao,sim
1310,17,masculino,graduacao,5.6,9.4,4.9,2.6,6.2,0,9,7,2.76,sim,sim
1311,20,masculino,graduacao,8.0,6.7,4.9,2.2,4.3,2,7,8,2.72,nao,sim
1312,22,masculino,pos_graduacao,7.1,5.9,3.0,4.1,3.8,0,9,10,3.36,nao,sim
1313,17,masculino,pos_graduacao,6.6,8.5,5.6,2.3,2.8,4,10,10,3.11,nao,sim
1314,19,feminino,graduacao,8.0,8.2,5.5,3.5,4.5,1,8,8,3.09,sim,sim
1315,18,masculino,graduacao,5.8,8.4,4.6,5.0,5.4,0,9,8,2.81,sim,sim
1316,21,masculino,graduacao,8.1,3.8,1.7,6.4,4.8,0,6,5,3.67,sim,nao
1317,14,masculino,graduacao,7.2,9.3,5.0,3.7,1.1,3,8,10,3.4,nao,sim
1318,19,masculino,graduacao,6.6,7.0,4.1,2.0,3.1,1,9,9,2.92,nao,sim
1319,21,masculino,graduacao,5.9,6.3,5.4,2.9,6.3,2,6,5,2.61,nao,nao
1320,23,feminino,graduacao,6.9,5.4,2.6,1.6,1.3,3,7,8,2.75,nao,sim
1321,15,masculino,graduacao,7.0,9.3,5.4,4.1,7.1,1,8,6,2.67,sim,sim
1322,20,feminino,pos_graduacao,6.4,3.6,0.5,4.3,4.6,2,4,4,3.65,nao,nao
1323,25,masculino,ensino_medio,6.9,2.5,0.6,4.0,2.7,6,8,10,3.6,nao,sim
1324,22,masculino,pos_graduacao,8.6,3.4,3.8,2.8,5.2,2,7,8,3.56,sim,sim
1325,20,masculino,graduacao,5.8,9.0,5.4,3.5,1.9,1,9,9,2.85,sim,sim
1326,21,feminino,ensino_medio,8.4,5.6,2.7,3.8,4.2,2,7,5,3.51,nao,sim
1327,19,masculino,graduacao,9.3,1.0,1.2,2.8,2.9,0,4,3,3.54,sim,nao
1328,23,masculino,ensino_medio,7.3,5.6,4.4,3.6,3.7,0,8,10,2.9,nao,sim
1329,22,masculino,pos_graduacao,7.3,9.0,3.6,3.8,2.7,0,7,5,3.09,nao,sim
1330,20,masculino,ensino_medio,8.2,3.9,2.4,3.1,0.0,0,5,4,2.92,nao,nao
1331,20,masculino,ensino_medio,7.2,6.9,3.0,3.0,3.1,1,8,6,3.15,nao,sim
1332,20,feminino,graduacao,8.2,4.5,2.1,2.0,3.9,1,6,6,3.53,sim,nao
1333,19,masculino,pos_graduacao,5.9,10.8,6.6,3.3,4.3,1,10,9,2.45,nao,sim
1334,18,feminino,graduacao,8.0,5.2,1.0,3.9,7.1,0,7,6,3.58,sim,sim
1335,22,feminino,ensino_medio,7.2,3.4,2.1,3.0,8.8,1,5,6,3.36,sim,nao
1336,18,feminino,ensino_medio,9.1,6.8,5.3,3.1,1.9,2,7,5,2.92,nao,sim
1337,19,masculino,graduacao,8.5,5.6,2.6,3.9,2.8,0,7,9,3.4,sim,sim
1338,19,masculino,graduacao,8.2,4.8,0.0,4.2,4.4,2,6,5,3.94,nao,nao
1339,18,nao_binario,ensino_medio,7.9,7.9,4.5,0.1,9.3,3,6,5,2.96,nao,nao
1340,19,masculino,graduacao,8.3,6.4,4.8,3.9,8.6,0,4,2,3.38,nao,nao
1341,17,feminino,pos_graduacao,7.7,5.1,2.3,4.0,4.3,4,8,9,2.71,sim,sim
1342,23,feminino,graduacao,7.2,4.9,2.2,5.2,1.2,1,8,8,3.09,sim,sim
1343,16,feminino,graduacao,7.0,4.4,1.0,3.8,0.0,5,6,8,3.95,nao,nao
1344,24,masculino,pos_graduacao,8.1,6.4,3.5,2.8,0.1,4,10,9,3.05,nao,sim
1345,25,masculino,graduacao,8.7,6.0,3.7,4.8,5.4,0,7,6,3.03,nao,sim
1346,25,feminino,ensino_medio,7.3,5.4,3.3,3.4,4.5,2,9,10,2.84,nao,sim
1347,15,feminino,ensino_medio,7.8,6.0,3.1,3.1,5.7,3,10,10,2.92,sim,sim
1348,21,masculino,graduacao,9.0,4.1,1.1,3.0,6.4,5,6,4,3.26,nao,nao
1349,16,feminino,ensino_medio,7.9,6.9,3.5,4.4,5.4,2,7,6,3.55,nao,sim
1350,18,masculino,graduacao,8.4,4.5,2.7,2.5,4.9,2,3,1,4.0,nao,nao
1351,20,masculino,graduacao,7.7,12.2,7.9,3.7,5.4,2,8,9,2.77,nao,sim
1352,19,masculino,graduacao,7.2,6.0,5.5,3.9,0.7,1,7,6,3.03,sim,sim
1353,20,feminino,ensino_medio,7.5,5.9,1.4,1.5,6.5,2,6,6,3.84,nao,nao
1354,25,masculino,graduacao,6.3,8.1,4.3,6.4,3.4,2,7,6,3.05,sim,sim
1355,22,nao_binario,graduacao,6.2,7.6,4.5,3.6,5.7,3,8,8,3.55,sim,sim
1356,15,masculino,ensino_medio,8.6,2.9,1.3,2.2,4.6,0,5,3,3.79,sim,nao
1357,20,prefere_nao_dizer,pos_graduacao,6.0,8.2,3.4,3.5,6.4,0,9,7,3.05,nao,sim
1358,20,feminino,ensino_medio,6.1,4.5,2.9,3.5,6.3,1,5,5,3.5,nao,nao
1359,21,nao_binario,graduacao,7.3,5.5,5.3,3.9,4.9,2,5,3,3.24,nao,nao
1360,17,masculino,ensino_medio,7.6,5.0,2.4,1.1,5.7,0,8,10,3.08,sim,sim
1361,25,feminino,graduacao,8.4,6.1,3.1,2.7,8.5,1,7,6,3.21,sim,sim
1362,24,feminino,graduacao,5.4,8.9,4.9,1.7,4.8,1,7,8,2.89,sim,sim
1363,19,masculino,graduacao,6.9,4.5,3.3,5.4,0.0,1,7,9,2.86,nao,sim
1364,17,feminino,pos_graduacao,7.2,5.2,3.0,4.4,5.5,0,7,9,3.15,nao,sim
1365,16,masculino,graduacao,7.1,6.3,4.5,3.9,2.5,2,9,10,2.71,nao,sim
1366,21,feminino,graduacao,6.1,7.5,6.1,2.1,6.3,1,9,7,2.19,sim,sim
1367,21,feminino,graduacao,7.3,7.1,4.1,1.5,4.4,2,7,5,3.61,sim,sim
1368,15,masculino,ensino_medio,7.7,6.4,5.1,5.0,2.3,1,7,8,3.03,sim,sim
1369,17,feminino,ensino_medio,6.7,4.7,1.9,1.9,5.2,3,7,9,3.19,nao,sim
1370,21,feminino,graduacao,7.8,6.7,4.2,4.0,7.3,4,5,4,3.24,nao,nao
1371,15,feminino,ensino_medio,6.7,10.9,5.9,5.0,3.0,1,8,10,3.14,nao,sim
1372,25,masculino,graduacao,6.8,4.9,3.5,0.9,0.2,0,8,7,3.12,nao,sim
1373,17,feminino,pos_graduacao,7.7,9.1,6.4,2.8,4.7,1,8,7,3.15,nao,sim
1374,23,prefere_nao_dizer,ensino_medio,8.0,7.0,3.2,3.8,3.6,2,10,8,3.24,nao,sim
1375,21,masculino,graduacao,6.6,7.5,2.6,3.5,1.9,5,8,7,2.91,nao,sim
1376,17,masculino,ensino_medio,6.9,5.9,3.7,3.6,0.5,3,6,6,3.12,nao,nao
1377,19,masculino,graduacao,7.2,2.6,2.2,4.5,0.5,3,7,7,3.14,sim,sim
1378,19,masculino,graduacao,5.8,8.2,3.2,3.7,5.0,4,8,10,2.7,sim,sim
1379,20,feminino,graduacao,7.9,3.2,0.3,3.8,2.9,2,6,8,3.5,nao,nao
1380,21,nao_binario,graduacao,7.1,6.9,2.0,3.0,0.3,2,6,6,3.25,nao,nao
1381,20,feminino,graduacao,8.3,4.3,3.4,3.6,8.4,3,6,8,3.78,sim,nao
1382,19,feminino,graduacao,7.3,9.2,6.6,1.4,4.0,1,9,7,3.36,nao,sim
1383,22,feminino,graduacao,6.9,5.1,4.0,5.5,4.8,2,7,7,2.82,nao,sim
1384,19,feminino,graduacao,7.2,7.0,2.6,2.9,4.4,1,6,7,2.91,sim,nao
1385,17,feminino,graduacao,8.9,2.7,1.4,4.1,3.6,1,6,4,3.92,nao,nao
1386,22,masculino,ensino_medio,8.8,3.5,2.7,2.9,0.0,1,6,8,3.95,sim,nao
1387,21,nao_binario,ensino_medio,7.5,4.5,4.5,3.5,3.2,1,7,7,2.94,nao,sim
1388,22,masculino,graduacao,7.6,7.0,3.8,2.1,6.3,4,7,9,3.06,nao,sim
1389,20,feminino,graduacao,7.3,8.2,3.3,4.1,3.0,2,5,7,3.19,sim,nao
1390,15,feminino,graduacao,8.8,5.7,1.8,2.2,0.8,3,8,10,3.51,sim,sim
1391,20,masculino,ensino_medio,8.2,3.4,0.2,3.7,3.1,0,7,9,3.79,sim,sim
1392,19,masculino,pos_graduacao,7.6,5.3,3.7,6.3,7.4,0,8,9,2.79,nao,sim
1393,16,masculino,graduacao,6.7,6.9,4.8,3.9,4.0,1,6,5,2.97,sim,nao
1394,22,feminino,ensino_medio,6.1,8.4,4.0,1.5,0.0,4,7,5,2.81,nao,sim
1395,20,feminino,graduacao,6.6,8.0,5.4,3.5,0.9,1,8,9,2.5,nao,sim
1396,22,feminino,ensino_medio,6.4,6.2,2.3,3.3,0.0,2,7,9,2.72,sim,sim
1397,19,masculino,graduacao,6.3,8.8,5.8,2.0,2.8,2,8,8,3.3,nao,sim
1398,22,feminino,ensino_medio,5.6,9.2,3.6,1.3,9.0,1,7,9,2.97,nao,sim
1399,21,feminino,ensino_medio,5.9,7.9,4.7,5.8,3.6,2,8,8,2.92,nao,sim
1400,21,masculino,ensino_medio,7.8,2.3,3.0,2.5,1.1,2,5,3,3.38,nao,nao
1401,17,feminino,ensino_medio,9.2,1.2,0.0,2.5,5.8,1,4,3,3.74,sim,nao
1402,25,feminino,pos_graduacao,8.3,4.9,3.2,4.2,0.0,2,7,9,3.51,nao,sim
1403,18,feminino,ensino_medio,8.1,3.6,3.2,0.9,4.3,1,5,4,3.82,sim,nao
1404,15,masculino,graduacao,6.3,10.5,6.2,3.6,0.4,2,10,8,2.62,nao,sim
1405,21,masculino,graduacao,7.7,6.9,3.4,4.2,6.9,3,9,10,2.86,nao,sim
1406,19,masculino,graduacao,7.5,4.9,2.0,3.1,3.0,1,6,8,3.64,nao,nao
1407,22,masculino,graduacao,7.2,7.7,4.8,3.1,1.7,0,8,9,3.37,nao,sim
1408,20,feminino,graduacao,7.6,2.9,2.8,4.6,2.8,3,6,4,3.02,nao,nao
1409,20,masculino,graduacao,7.0,9.0,4.4,4.2,3.2,1,7,8,3.37,nao,sim
1410,18,masculino,pos_graduacao,6.4,9.4,4.4,0.2,1.4,0,9,10,3.45,sim,sim
1411,16,feminino,pos_graduacao,7.9,5.3,2.7,2.4,0.0,1,8,8,3.23,nao,sim
1412,20,masculino,graduacao,7.2,6.2,4.2,3.7,4.3,1,9,9,3.21,sim,sim
1413,18,masculino,graduacao,8.8,5.2,3.1,2.6,5.1,4,5,5,3.51,nao,nao
1414,18,feminino,ensino_medio,8.2,7.2,3.3,2.8,6.3,2,7,9,3.45,sim,sim
1415,22,feminino,graduacao,8.7,5.5,4.6,5.1,8.5,2,8,6,3.57,nao,sim
1416,26,feminino,graduacao,6.0,6.8,3.1,2.3,6.5,2,7,7,3.16,sim,sim
1417,26,masculino,graduacao,7.5,7.0,3.5,6.0,4.9,0,10,8,3.0,nao,sim
1418,23,feminino,graduacao,9.5,3.6,1.3,3.1,7.0,2,4,2,3.84,nao,nao
1419,22,feminino,ensino_medio,6.4,10.2,6.9,0.0,2.3,1,7,5,3.01,nao,sim
1420,21,feminino,graduacao,7.0,8.6,2.8,2.4,0.0,2,10,8,3.19,nao,sim
1421,18,masculino,graduacao,7.7,6.2,2.9,3.6,4.7,4,7,7,3.55,nao,sim
1422,16,prefere_nao_dizer,pos_graduacao,9.7,4.4,1.4,4.4,0.1,3,6,7,3.48,nao,nao
1423,22,masculino,ensino_medio,7.8,7.0,3.2,3.4,3.1,1,9,7,3.13,nao,sim
1424,18,feminino,graduacao,7.5,9.2,5.6,1.9,2.6,3,10,10,2.89,sim,sim
1425,23,feminino,graduacao,8.5,2.5,0.0,3.5,3.9,0,6,8,3.63,nao,nao
1426,19,feminino,graduacao,8.3,4.9,1.1,1.7,4.0,1,5,7,3.38,sim,nao
1427,18,feminino,graduacao,7.1,6.6,4.0,1.7,3.8,1,7,6,3.21,nao,sim
1428,25,masculino,graduacao,7.9,9.8,5.1,4.0,1.3,0,9,10,3.21,nao,sim
1429,22,feminino,graduacao,6.6,6.6,1.2,2.7,1.0,1,10,8,3.3,nao,sim
1430,22,feminino,graduacao,6.6,6.0,3.6,2.6,2.7,2,8,6,2.9,sim,sim
1431,17,feminino,ensino_medio,6.2,7.2,3.3,2.7,4.1,2,7,7,3.28,sim,sim
1432,19,feminino,ensino_medio,7.0,8.8,4.5,3.7,4.0,1,10,10,3.28,sim,sim
1433,21,feminino,ensino_medio,8.9,6.8,4.8,2.4,0.0,1,6,7,3.09,nao,nao
1434,14,feminino,pos_graduacao,7.9,4.9,2.9,4.2,3.6,0,6,8,2.92,nao,nao
1435,19,masculino,ensino_medio,8.8,8.3,5.1,3.9,2.4,1,7,5,3.05,sim,sim
1436,17,masculino,ensino_medio,8.0,8.4,2.9,1.6,3.3,1,9,10,3.35,nao,sim
1437,23,feminino,pos_graduacao,6.9,10.0,4.3,3.7,4.9,0,5,6,3.24,sim,nao
1438,21,feminino,pos_graduacao,6.3,7.1,5.2,4.1,4.2,4,8,10,2.82,nao,sim
1439,17,masculino,ensino_medio,8.3,5.7,2.1,1.0,3.1,0,6,4,3.13,nao,nao
1440,21,feminino,ensino_medio,9.6,5.3,2.6,3.7,2.9,1,7,9,3.97,nao,sim
1441,24,masculino,ensino_medio,8.7,5.0,2.8,4.7,0.0,2,5,7,3.7,nao,nao
1442,14,feminino,graduacao,9.0,3.9,3.2,2.8,4.5,3,5,7,3.26,nao,nao
1443,18,feminino,graduacao,6.6,7.0,3.1,2.3,3.8,1,7,9,3.72,sim,sim
1444,18,feminino,graduacao,6.3,11.5,7.6,4.1,0.3,0,6,4,2.87,nao,nao
1445,22,feminino,graduacao,7.2,11.9,5.6,2.7,5.1,1,10,10,2.96,sim,sim
1446,21,feminino,graduacao,8.8,3.7,2.0,3.9,3.6,4,7,9,3.54,nao,sim
1447,26,nao_binario,graduacao,6.1,7.5,4.7,4.1,4.3,3,7,5,3.41,nao,sim
1448,22,feminino,graduacao,7.8,6.3,2.7,5.5,7.3,3,7,5,3.67,sim,sim
1449,22,nao_binario,ensino_medio,7.6,5.9,2.9,4.3,5.2,5,8,9,3.49,nao,sim
1450,23,feminino,graduacao,7.0,7.1,4.5,2.3,4.7,2,9,10,3.31,nao,sim
1451,18,prefere_nao_dizer,pos_graduacao,6.8,10.3,5.1,2.7,1.6,1,10,10,2.67,nao,sim
1452,24,masculino,graduacao,6.5,8.1,4.2,1.6,2.6,0,9,8,2.79,sim,sim
1453,16,feminino,graduacao,7.2,8.2,5.4,2.8,2.2,2,9,7,2.82,sim,sim
1454,20,feminino,graduacao,7.8,3.7,1.8,3.9,4.8,2,7,7,3.26,nao,sim
1455,16,masculino,graduacao,6.7,7.5,4.6,0.5,5.5,1,6,7,3.24,nao,nao
1456,22,feminino,graduacao,6.7,6.4,3.0,0.9,2.7,3,8,8,3.08,nao,sim
1457,19,masculino,graduacao,6.4,9.4,4.5,4.9,1.9,0,8,6,2.83,nao,sim
1458,19,masculino,graduacao,8.3,4.1,1.6,3.6,4.1,1,6,6,3.54,nao,nao
1459,18,masculino,ensino_medio,8.5,3.5,2.2,4.2,1.9,3,5,6,3.43,sim,nao
1460,24,feminino,ensino_medio,6.7,8.0,4.3,3.3,2.3,4,5,6,3.33,sim,nao
1461,20,feminino,graduacao,7.4,8.7,5.1,3.6,6.6,0,9,10,3.43,sim,sim
1462,16,masculino,graduacao,8.9,7.4,2.3,4.5,0.6,0,8,8,3.71,nao,sim
1463,24,masculino,graduacao,7.2,10.6,5.0,0.6,3.4,1,9,8,3.02,nao,sim
1464,22,feminino,graduacao,7.7,4.7,3.6,2.2,7.6,1,8,7,3.72,sim,sim
1465,18,feminino,graduacao,7.6,5.8,4.4,4.9,0.0,0,7,8,3.55,nao,sim
1466,22,feminino,graduacao,9.3,2.5,0.4,3.8,2.3,1,6,6,4.0,nao,nao
1467,18,feminino,pos_graduacao,7.8,5.4,4.4,4.7,4.1,1,7,5,3.4,nao,sim
1468,20,feminino,graduacao,8.3,5.1,1.6,3.2,8.2,3,6,5,3.82,nao,nao
1469,20,masculino,ensino_medio,6.9,7.2,4.1,4.2,0.6,4,6,5,2.94,sim,nao
1470,18,feminino,graduacao,8.3,7.8,5.1,2.6,2.9,2,8,10,3.03,nao,sim
1471,20,feminino,ensino_medio,7.6,5.8,3.3,1.4,1.7,3,8,7,2.97,nao,sim
1472,14,feminino,ensino_medio,6.8,9.0,5.5,4.6,8.2,2,7,9,3.37,nao,sim
1473,18,masculino,graduacao,8.2,6.6,3.4,2.5,2.8,4,5,5,2.94,nao,nao
1474,16,masculino,graduacao,5.4,12.8,8.0,3.1,1.6,2,10,10,2.63,nao,sim
1475,22,feminino,graduacao,7.4,6.1,3.7,3.4,3.4,2,7,8,3.61,nao,sim
1476,14,masculino,graduacao,7.4,8.5,5.1,3.5,5.0,1,6,6,3.61,nao,nao
1477,14,masculino,graduacao,8.1,2.8,2.9,3.7,7.3,0,3,4,3.72,nao,nao
1478,18,feminino,graduacao,6.0,10.2,7.9,3.3,0.9,0,10,10,2.72,nao,sim
1479,19,nao_binario,graduacao,7.3,5.9,2.2,1.8,6.0,1,6,6,3.58,nao,nao
1480,20,feminino,ensino_medio,6.2,10.4,5.5,2.2,4.3,0,7,5,3.26,nao,sim
1481,27,feminino,graduacao,7.1,5.7,1.7,2.0,5.0,1,7,6,2.97,nao,sim
1482,18,masculino,graduacao,7.4,5.7,4.2,4.8,0.4,2,8,10,3.26,sim,sim
1483,20,masculino,graduacao,7.7,7.6,3.6,1.9,1.7,1,10,10,2.55,sim,sim
1484,16,masculino,pos_graduacao,8.7,6.9,3.0,2.0,1.4,0,6,6,3.9,nao,nao
1485,20,masculino,ensino_medio,8.5,3.0,2.9,3.4,1.9,1,7,5,2.45,sim,sim
1486,18,feminino,ensino_medio,8.5,1.9,0.0,2.8,5.7,2,6,4,3.81,sim,nao
1487,14,feminino,ensino_medio,6.2,8.3,4.0,3.2,4.7,2,9,8,2.73,nao,sim
1488,22,feminino,pos_graduacao,7.5,7.5,3.5,2.9,2.2,0,9,9,2.69,sim,sim
1489,19,masculino,graduacao,7.2,7.9,3.9,4.4,0.0,3,9,10,3.12,nao,sim
1490,22,feminino,ensino_medio,6.1,8.5,4.1,1.5,2.4,2,10,10,2.71,nao,sim
1491,16,nao_binario,graduacao,7.7,4.9,2.8,3.4,1.0,1,8,8,3.2,nao,sim
1492,18,masculino,graduacao,7.5,5.3,2.6,3.7,7.4,1,7,9,3.06,sim,sim
1493,16,masculino,ensino_medio,7.7,3.5,1.9,1.6,1.3,1,8,8,2.43,sim,sim
1494,17,feminino,graduacao,7.4,5.8,1.4,2.6,5.2,0,7,6,3.12,sim,sim
1495,19,masculino,ensino_medio,7.5,8.4,4.7,2.5,6.1,1,7,6,3.19,sim,sim
1496,16,feminino,graduacao,6.1,5.6,3.1,0.4,4.0,0,7,8,3.11,nao,sim
1497,20,feminino,pos_graduacao,7.8,6.5,2.8,3.2,1.6,1,7,9,3.37,sim,sim
1498,18,masculino,graduacao,6.9,7.6,2.1,4.3,2.0,1,8,9,3.36,nao,sim
1499,15,masculino,graduacao,8.7,4.4,1.6,0.8,7.0,6,4,4,4.0,nao,nao
1500,19,masculino,ensino_medio,6.7,5.3,1.4,2.9,5.5,3,6,4,3.11,sim,nao
1501,20,feminino,graduacao,5.1,8.3,5.1,4.2,9.0,3,10,10,3.04,sim,sim
1502,19,feminino,graduacao,8.9,3.2,1.7,2.9,1.0,1,8,9,3.23,sim,sim
1503,28,feminino,graduacao,7.2,6.5,2.1,4.6,4.8,2,10,9,3.53,nao,sim
1504,16,masculino,pos_graduacao,6.4,8.0,3.6,0.6,5.0,1,9,10,2.91,nao,sim
1505,19,feminino,graduacao,6.7,7.3,3.3,2.8,3.7,1,8,7,2.92,nao,sim
1506,22,feminino,graduacao,6.9,7.6,3.8,2.1,5.2,4,8,8,3.47,nao,sim
1507,20,feminino,graduacao,6.9,5.7,2.7,1.4,4.7,2,6,4,3.26,nao,nao
1508,19,feminino,graduacao,8.8,4.7,2.0,6.3,4.8,0,4,5,3.05,nao,nao
1509,17,feminino,graduacao,6.5,7.7,3.7,3.6,2.0,3,8,9,3.24,nao,sim
1510,16,feminino,ensino_medio,7.4,7.3,3.0,4.6,0.7,1,8,9,3.25,sim,sim
1511,22,feminino,graduacao,8.2,7.8,4.5,3.7,0.0,2,6,6,3.01,sim,nao
1512,18,feminino,graduacao,8.3,3.6,0.9,6.0,0.8,3,6,7,3.92,nao,nao
1513,20,feminino,ensino_medio,7.9,4.1,2.3,4.3,9.1,1,5,4,3.27,sim,nao
1514,18,feminino,graduacao,8.4,5.3,3.6,0.9,2.2,1,8,8,3.45,nao,sim
1515,27,feminino,ensino_medio,6.8,5.8,1.9,4.5,7.0,1,6,5,3.56,nao,nao
1516,21,feminino,graduacao,7.3,7.3,3.8,4.6,3.3,1,7,5,4.0,nao,sim
1517,14,masculino,ensino_medio,8.6,4.5,3.0,2.7,2.6,2,6,4,3.51,nao,nao
1518,18,feminino,ensino_medio,9.0,6.3,2.2,5.2,6.1,3,6,6,3.26,nao,nao
1519,26,feminino,graduacao,9.1,8.2,6.1,2.3,3.3,1,7,6,3.27,nao,sim
1520,17,nao_binario,ensino_medio,6.3,6.3,4.0,1.1,2.8,1,7,5,3.68,nao,sim
1521,25,feminino,pos_graduacao,6.0,8.6,3.8,3.3,3.5,3,8,6,3.54,nao,sim
1522,17,feminino,pos_graduacao,8.0,6.2,4.2,3.3,2.3,1,7,8,2.98,sim,sim
1523,20,feminino,pos_graduacao,6.8,7.9,4.7,2.4,6.9,3,6,4,2.58,nao,nao
1524,17,feminino,ensino_medio,5.4,11.4,5.9,5.8,1.9,0,10,10,2.65,nao,sim
1525,21,feminino,graduacao,6.1,9.5,4.2,1.9,4.9,0,8,10,2.78,nao,sim
1526,28,feminino,ensino_medio,9.6,2.6,0.2,5.9,7.5,3,4,5,3.9,nao,nao
1527,16,feminino,graduacao,7.5,8.5,4.2,2.4,4.9,2,6,8,3.16,sim,nao
1528,18,masculino,pos_graduacao,7.4,8.7,4.7,1.7,4.2,2,6,7,3.6,sim,nao
1529,18,feminino,ensino_medio,6.6,8.8,7.0,2.1,1.4,0,10,8,3.04,nao,sim
1530,20,masculino,ensino_medio,7.7,3.8,2.0,3.5,2.1,4,8,8,3.94,sim,sim
1531,20,feminino,graduacao,7.5,7.5,6.3,1.9,6.0,1,6,4,3.04,sim,nao
1532,19,nao_binario,graduacao,7.9,5.0,2.7,5.6,0.0,2,8,9,2.96,nao,sim
1533,17,feminino,graduacao,6.6,5.9,3.1,6.5,8.6,0,8,9,3.4,nao,sim
1534,20,feminino,ensino_medio,7.4,7.7,4.6,3.5,3.0,3,8,7,3.06,sim,sim
1535,14,masculino,graduacao,8.9,4.1,2.4,3.2,8.5,2,4,6,4.0,nao,nao
1536,19,masculino,graduacao,5.7,7.4,5.1,3.7,1.7,1,9,10,2.93,sim,sim
1537,17,masculino,pos_graduacao,8.2,4.5,3.3,3.7,3.2,3,6,5,3.67,sim,nao
1538,19,feminino,pos_graduacao,9.8,1.4,1.3,2.0,1.4,2,5,5,3.82,nao,nao
1539,20,feminino,pos_graduacao,6.9,9.0,4.1,0.9,0.1,3,9,10,2.86,sim,sim
1540,22,feminino,graduacao,8.1,5.5,1.7,4.7,5.9,1,4,2,4.0,nao,nao
1541,16,feminino,graduacao,6.3,6.2,3.3,4.0,3.3,2,6,6,3.36,sim,nao
1542,20,feminino,ensino_medio,5.9,12.4,6.1,3.5,7.2,1,10,10,2.59,nao,sim
1543,21,masculino,graduacao,6.4,8.0,4.4,3.7,4.6,1,9,8,2.52,nao,sim
1544,20,feminino,graduacao,7.6,8.6,4.9,2.3,0.8,0,7,7,3.19,nao,sim
1545,21,masculino,ensino_medio,6.8,6.6,2.5,2.2,3.3,1,6,8,3.07,nao,nao
1546,17,masculino,graduacao,7.7,4.4,1.8,3.6,0.9,3,7,5,3.25,nao,sim
1547,23,feminino,ensino_medio,7.0,7.7,2.2,3.6,4.5,1,6,5,3.86,sim,nao
1548,18,nao_binario,graduacao,6.1,9.1,2.8,6.8,1.4,3,10,10,3.33,nao,sim
1549,22,masculino,graduacao,6.7,7.8,4.7,1.4,2.8,3,10,8,2.58,sim,sim
1550,20,feminino,graduacao,5.7,10.2,4.7,3.3,3.7,2,10,10,2.5,sim,sim
1551,19,masculino,graduacao,7.0,6.6,5.4,5.2,0.6,1,9,10,3.22,nao,sim
1552,17,masculino,pos_graduacao,7.7,8.2,3.3,0.7,2.8,1,7,7,2.82,sim,sim
1553,22,feminino,graduacao,7.6,8.7,4.6,0.0,7.0,2,5,6,3.56,nao,nao
1554,18,masculino,graduacao,7.6,6.9,4.0,2.7,4.9,1,4,4,3.24,nao,nao
1555,26,masculino,pos_graduacao,9.4,4.1,3.4,2.0,6.2,2,6,4,3.31,nao,nao
1556,14,feminino,graduacao,6.5,11.0,5.8,1.2,0.5,2,10,9,2.91,sim,sim
1557,27,feminino,ensino_medio,7.8,6.2,2.5,3.3,2.7,1,8,9,3.08,sim,sim
1558,18,masculino,graduacao,7.7,6.7,4.8,3.4,1.3,2,8,8,2.65,sim,sim
1559,20,feminino,graduacao,6.9,5.9,2.6,2.6,4.8,0,7,7,3.41,sim,sim
1560,21,feminino,ensino_medio,6.9,5.7,4.5,5.6,0.0,3,8,8,2.79,nao,sim
1561,27,masculino,graduacao,6.6,8.0,4.5,5.5,4.8,3,9,8,2.64,nao,sim
1562,17,feminino,graduacao,7.8,3.7,1.9,1.7,6.2,0,5,5,3.7,sim,nao
1563,23,masculino,ensino_medio,8.6,3.0,3.3,4.2,4.6,6,5,7,3.24,nao,nao
1564,22,feminino,graduacao,8.4,6.9,3.8,0.6,2.6,3,7,9,3.11,nao,sim
1565,21,masculino,pos_graduacao,6.8,7.5,4.0,2.1,6.8,4,5,6,3.11,nao,nao
1566,20,feminino,pos_graduacao,7.3,4.7,2.4,3.3,2.2,4,6,6,3.66,nao,nao
1567,21,feminino,graduacao,7.1,4.5,3.4,1.7,3.7,2,5,6,3.43,sim,nao
1568,21,feminino,graduacao,8.0,5.2,4.1,4.6,4.5,1,7,8,3.24,sim,sim
1569,19,feminino,graduacao,6.3,10.2,5.9,0.7,0.8,2,9,8,2.81,nao,sim
1570,19,masculino,graduacao,8.5,7.8,4.9,1.6,7.4,2,4,5,3.26,sim,nao
1571,21,feminino,graduacao,7.7,3.9,1.5,2.5,4.2,0,7,7,3.25,nao,sim
1572,19,masculino,ensino_medio,8.6,5.8,3.2,3.2,5.2,1,6,6,3.47,sim,nao
1573,19,feminino,ensino_medio,6.2,4.7,2.8,2.6,2.6,2,10,8,2.5,nao,sim
1574,18,feminino,ensino_medio,7.6,1.3,0.1,2.7,3.7,2,8,9,3.18,sim,sim
1575,26,feminino,ensino_medio,8.1,6.7,4.2,3.6,4.0,4,6,5,3.0,sim,nao
1576,22,masculino,graduacao,6.7,8.8,5.8,5.1,3.5,3,8,8,3.63,nao,sim
1577,23,feminino,pos_graduacao,7.1,6.8,4.8,4.3,4.9,1,6,7,3.26,sim,nao
1578,18,masculino,pos_graduacao,7.8,3.5,1.5,4.6,3.3,1,4,4,4.0,nao,nao
1579,21,feminino,graduacao,7.3,9.3,6.2,3.3,1.1,2,9,9,2.84,nao,sim
1580,21,feminino,graduacao,8.7,4.2,2.3,0.8,2.0,1,6,5,3.21,nao,nao
1581,20,masculino,ensino_medio,8.8,6.6,3.6,3.7,1.1,3,7,5,3.68,sim,sim
1582,19,feminino,pos_graduacao,8.6,3.5,1.0,2.5,3.8,0,6,8,3.5,nao,nao
1583,14,masculino,ensino_medio,6.8,11.3,5.6,5.1,8.9,4,7,6,2.98,nao,sim
1584,20,feminino,ensino_medio,6.2,6.9,3.1,2.6,3.7,3,7,6,3.27,nao,sim
1585,16,masculino,graduacao,7.1,4.3,2.1,3.1,0.6,0,8,8,3.35,nao,sim
1586,18,feminino,graduacao,7.6,7.0,4.2,4.9,3.0,0,9,7,3.41,sim,sim
1587,19,feminino,ensino_medio,8.3,5.7,3.7,0.9,4.0,1,7,5,3.37,nao,sim
1588,22,feminino,pos_graduacao,7.3,10.7,3.8,4.7,6.9,1,6,8,3.31,nao,nao
1589,19,feminino,ensino_medio,6.4,5.6,3.0,4.3,7.4,0,5,3,3.73,nao,nao
1590,21,masculino,graduacao,7.8,3.8,2.8,4.9,4.1,2,8,9,3.11,sim,sim
1591,22,feminino,graduacao,7.6,4.5,2.3,5.4,7.0,2,5,7,3.84,nao,nao
1592,19,prefere_nao_dizer,graduacao,8.0,2.0,0.9,2.9,0.5,2,6,8,3.75,sim,nao
1593,20,feminino,graduacao,6.0,6.5,4.3,3.9,3.1,1,7,9,3.07,nao,sim
1594,18,masculino,graduacao,8.1,5.5,2.8,4.7,7.1,1,6,5,3.45,sim,nao
1595,27,feminino,graduacao,5.8,6.9,2.0,3.2,2.0,2,9,10,2.82,nao,sim
1596,17,feminino,graduacao,7.6,7.3,2.6,2.7,0.0,1,8,6,3.4,nao,sim
1597,24,feminino,pos_graduacao,8.6,4.3,2.8,4.5,1.6,2,6,7,3.26,sim,nao
1598,17,feminino,ensino_medio,8.5,5.0,2.6,3.0,5.2,2,4,2,4.0,nao,nao
1599,22,masculino,graduacao,6.4,11.1,5.8,0.0,1.6,2,8,7,2.46,nao,sim
1600,22,feminino,graduacao,8.4,3.9,1.8,3.5,0.2,2,8,10,3.77,nao,sim
1601,17,masculino,graduacao,5.2,10.1,3.6,4.4,0.2,0,8,6,3.46,sim,sim
1602,21,feminino,graduacao,6.1,8.2,3.4,0.9,5.1,1,9,10,3.4,sim,sim
1603,20,masculino,graduacao,5.2,13.3,7.2,1.3,9.2,0,7,6,3.05,sim,sim
1604,21,feminino,graduacao,5.6,8.7,3.2,4.1,3.3,2,10,10,2.83,sim,sim
1605,23,masculino,graduacao,6.3,6.7,3.0,3.9,2.9,3,9,8,2.85,sim,sim
1606,22,nao_binario,pos_graduacao,6.6,7.7,4.7,2.8,3.5,2,9,7,3.07,nao,sim
1607,20,masculino,graduacao,7.0,7.7,3.9,4.6,0.0,0,8,7,3.19,sim,sim
1608,18,feminino,graduacao,7.4,8.5,4.6,2.0,3.5,1,8,6,3.31,nao,sim
1609,20,feminino,pos_graduacao,6.4,5.4,2.0,5.3,5.2,1,7,7,3.34,nao,sim
1610,20,masculino,graduacao,8.5,3.6,1.5,2.1,4.1,2,5,3,3.45,sim,nao
1611,23,feminino,graduacao,7.7,2.9,0.1,5.2,4.7,4,6,8,3.8,nao,nao
1612,22,feminino,pos_graduacao,8.2,3.9,2.3,4.5,3.0,2,5,5,3.5,sim,nao
1613,14,masculino,graduacao,7.5,9.2,2.8,1.1,0.0,3,8,9,3.48,nao,sim
1614,16,masculino,ensino_medio,7.2,6.0,4.3,1.4,1.9,5,7,9,3.65,nao,sim
1615,17,feminino,graduacao,6.9,9.6,6.9,4.0,5.1,3,9,7,3.02,nao,sim
1616,18,masculino,pos_graduacao,8.9,3.7,4.4,2.6,4.5,4,6,6,3.32,nao,nao
1617,18,feminino,graduacao,7.2,7.8,6.0,6.0,4.4,1,7,9,3.16,nao,sim
1618,19,feminino,pos_graduacao,8.2,4.6,4.0,4.8,5.1,1,7,8,3.52,sim,sim
1619,19,feminino,graduacao,5.0,9.2,3.7,3.7,4.6,0,9,8,2.53,nao,sim
1620,20,masculino,ensino_medio,7.7,5.7,2.5,0.5,5.8,1,7,5,3.35,nao,sim
1621,20,nao_binario,graduacao,5.6,8.7,4.9,1.7,5.1,0,8,8,2.79,nao,sim
1622,16,feminino,ensino_medio,8.5,4.8,2.2,2.7,7.0,1,6,5,4.0,nao,nao
1623,16,masculino,pos_graduacao,7.8,4.9,2.3,1.2,5.4,1,6,5,3.18,sim,nao
1624,22,feminino,graduacao,5.2,10.9,6.4,1.4,3.4,2,10,10,2.66,nao,sim
1625,23,nao_binario,pos_graduacao,6.7,10.3,5.0,1.4,6.6,0,9,9,3.17,nao,sim
1626,19,prefere_nao_dizer,ensino_medio,8.9,3.5,2.1,2.1,6.5,1,6,7,3.5,sim,nao
1627,18,feminino,graduacao,7.5,4.4,2.1,3.9,4.6,3,7,7,3.04,nao,sim
1628,19,feminino,graduacao,8.3,4.6,3.1,3.3,6.0,5,6,6,3.49,sim,nao
1629,22,masculino,ensino_medio,6.6,2.6,0.0,3.3,3.2,2,8,7,3.49,nao,sim
1630,16,masculino,ensino_medio,8.8,1.8,0.8,2.3,1.2,1,7,5,4.0,nao,sim
1631,14,masculino,ensino_medio,6.8,10.5,4.0,3.1,7.1,3,7,6,3.22,nao,sim
1632,21,feminino,graduacao,6.8,9.1,5.7,4.0,7.0,2,6,5,3.05,nao,nao
1633,20,masculino,graduacao,9.4,2.7,1.3,1.8,0.0,1,5,4,3.71,sim,nao
1634,20,masculino,graduacao,7.5,2.1,1.7,3.4,2.0,4,5,4,3.74,sim,nao
1635,23,masculino,ensino_medio,6.9,9.8,2.9,0.8,5.8,3,8,6,3.4,nao,sim
1636,23,masculino,graduacao,7.3,8.5,5.3,5.2,0.0,4,9,7,3.23,nao,sim
1637,16,feminino,graduacao,6.3,7.9,4.5,3.2,7.7,2,7,9,2.96,sim,sim
1638,20,masculino,ensino_medio,8.1,8.8,6.9,5.7,8.1,3,6,8,3.61,nao,nao
1639,23,feminino,graduacao,8.7,7.1,4.0,3.5,0.0,2,7,9,3.17,nao,sim
1640,25,feminino,graduacao,8.6,5.8,5.4,4.5,5.3,1,7,6,3.35,nao,sim
1641,18,feminino,pos_graduacao,8.0,1.3,0.0,2.9,2.1,2,7,7,3.32,nao,sim
1642,23,masculino,graduacao,8.2,5.6,3.8,2.6,3.0,1,9,8,2.84,nao,sim
1643,21,feminino,pos_graduacao,7.6,6.0,3.7,3.9,0.0,3,6,4,3.54,sim,nao
1644,14,masculino,graduacao,7.3,6.8,3.7,5.3,4.5,3,6,6,3.65,nao,nao
1645,23,feminino,graduacao,7.4,7.0,3.1,2.7,4.4,1,8,7,2.65,nao,sim
1646,15,masculino,graduacao,5.8,10.6,5.3,4.1,2.6,1,10,10,2.34,nao,sim
1647,22,masculino,ensino_medio,5.8,10.5,6.2,2.9,7.2,2,10,9,3.24,nao,sim
1648,23,masculino,ensino_medio,8.5,4.6,2.6,4.6,8.7,0,6,4,2.84,nao,nao
1649,14,feminino,ensino_medio,7.2,4.7,3.6,4.3,3.0,1,7,7,3.09,sim,sim
1650,21,masculino,graduacao,8.2,6.1,2.7,4.1,0.5,0,6,7,4.0,nao,nao
1651,24,prefere_nao_dizer,ensino_medio,6.1,12.0,6.1,0.3,0.0,2,10,10,2.32,nao,sim
1652,21,masculino,graduacao,5.9,5.5,2.1,4.8,8.0,0,6,5,3.43,nao,nao
1653,19,feminino,ensino_medio,8.1,3.7,0.5,1.2,2.7,2,8,9,3.54,sim,sim
1654,16,masculino,graduacao,7.1,8.0,4.7,0.5,3.6,3,7,5,3.18,nao,sim
1655,20,feminino,graduacao,7.7,5.9,3.2,6.0,2.0,1,8,7,3.04,nao,sim
1656,23,feminino,graduacao,6.4,6.9,4.3,3.3,1.9,0,7,5,3.06,sim,sim
1657,20,feminino,ensino_medio,6.9,5.3,2.8,5.2,4.9,1,7,5,3.38,nao,sim
1658,14,masculino,pos_graduacao,8.7,6.3,3.8,1.7,3.1,4,6,6,3.68,nao,nao
1659,20,feminino,graduacao,6.2,8.2,4.2,4.3,0.0,2,9,10,2.8,nao,sim
1660,16,nao_binario,graduacao,6.8,6.4,3.8,0.6,4.2,0,6,8,3.45,nao,nao
1661,22,masculino,ensino_medio,7.6,6.8,3.6,1.7,1.2,0,5,3,3.4,nao,nao
1662,19,masculino,graduacao,5.9,6.3,3.0,5.5,5.3,1,6,7,3.16,nao,nao
1663,21,feminino,ensino_medio,7.6,4.3,2.3,2.7,2.3,1,7,8,3.44,nao,sim
1664,22,feminino,graduacao,7.7,6.5,3.0,3.2,1.4,0,9,10,3.25,sim,sim
1665,18,masculino,graduacao,7.3,5.7,2.3,5.1,1.9,1,8,10,3.75,nao,sim
1666,17,masculino,ensino_medio,5.0,9.8,5.7,3.1,0.0,3,9,8,2.32,nao,sim
1667,22,feminino,graduacao,6.3,11.7,7.3,1.7,5.0,1,9,7,3.1,sim,sim
1668,25,feminino,ensino_medio,7.1,5.5,2.9,1.9,7.7,2,6,8,3.79,nao,nao
1669,14,masculino,pos_graduacao,7.5,5.8,3.0,2.2,5.1,1,8,10,3.58,nao,sim
1670,18,masculino,graduacao,6.3,9.1,7.8,4.7,3.5,3,8,8,2.91,sim,sim
1671,21,masculino,graduacao,6.9,5.1,3.6,4.8,3.3,0,7,5,2.79,nao,sim
1672,21,feminino,ensino_medio,7.2,7.6,4.5,2.6,2.4,1,7,6,2.82,nao,sim
1673,20,masculino,graduacao,6.9,6.6,3.0,2.4,0.7,2,10,10,2.62,sim,sim
1674,21,feminino,graduacao,8.0,5.2,3.6,2.3,6.4,2,6,4,3.16,nao,nao
1675,14,feminino,ensino_medio,7.3,9.4,5.0,2.6,2.3,0,7,9,3.47,nao,sim
1676,20,feminino,graduacao,7.8,5.4,3.9,3.6,3.4,2,7,5,3.62,nao,sim
1677,22,masculino,graduacao,7.9,5.3,3.7,4.8,8.1,1,6,6,3.62,nao,nao
1678,19,feminino,pos_graduacao,7.8,1.5,1.6,3.7,2.8,3,6,8,3.87,nao,nao
1679,15,masculino,pos_graduacao,6.8,7.3,2.8,2.7,4.3,3,9,10,3.2,sim,sim
1680,19,masculino,graduacao,8.1,5.4,3.4,1.5,9.6,1,7,6,3.31,nao,sim
1681,14,masculino,pos_graduacao,8.6,4.5,0.0,1.6,2.3,2,6,6,3.63,nao,nao
1682,22,masculino,graduacao,7.7,2.6,3.2,4.7,6.0,2,5,5,3.58,sim,nao
1683,14,masculino,ensino_medio,6.9,7.3,5.1,3.8,2.6,4,9,9,2.56,nao,sim
1684,19,feminino,ensino_medio,5.4,7.4,4.5,3.5,6.3,2,8,7,2.99,sim,sim
1685,22,masculino,graduacao,9.3,3.6,1.9,2.3,5.1,1,5,7,3.3,nao,nao
1686,21,masculino,ensino_medio,6.9,6.9,3.7,4.8,10.0,2,6,6,3.37,nao,nao
1687,18,masculino,pos_graduacao,7.2,2.1,1.9,3.2,0.0,3,7,7,3.09,nao,sim
1688,22,masculino,graduacao,6.3,10.5,6.3,2.6,2.0,0,10,9,2.84,nao,sim
1689,21,masculino,pos_graduacao,7.5,5.9,2.8,3.3,0.9,3,7,5,3.69,sim,sim
1690,21,masculino,graduacao,8.6,7.5,3.0,0.0,3.1,0,7,6,3.24,nao,sim
1691,14,masculino,ensino_medio,8.4,7.2,6.7,3.2,5.8,3,6,7,3.45,nao,nao
1692,20,masculino,graduacao,7.1,9.5,5.2,2.8,0.0,2,10,10,2.9,sim,sim
1693,19,feminino,ensino_medio,7.6,6.3,5.0,5.6,4.7,0,8,10,3.37,nao,sim
1694,20,masculino,graduacao,7.6,4.1,1.5,2.0,3.7,2,8,9,3.26,nao,sim
1695,21,feminino,ensino_medio,7.7,7.4,2.1,4.3,3.1,3,7,7,3.59,nao,sim
1696,18,masculino,graduacao,6.4,9.5,4.7,2.4,3.0,6,10,9,3.09,nao,sim
1697,23,masculino,ensino_medio,6.9,9.1,3.8,5.0,0.6,0,7,8,3.27,nao,sim
1698,14,masculino,graduacao,8.3,4.5,2.2,5.2,10.9,1,7,7,2.41,nao,sim
1699,19,feminino,graduacao,8.2,5.1,3.2,2.1,0.0,3,9,10,3.38,nao,sim
1700,19,feminino,graduacao,7.5,6.9,2.8,2.7,3.4,1,8,7,3.16,nao,sim
1701,18,masculino,pos_graduacao,6.6,8.2,5.1,2.5,4.3,2,7,6,2.95,sim,sim
1702,15,masculino,ensino_medio,9.2,2.6,1.3,6.0,4.6,0,4,2,3.41,nao,nao
1703,19,masculino,graduacao,7.9,6.9,5.0,3.0,6.2,3,6,8,2.82,nao,nao
1704,19,masculino,ensino_medio,7.4,7.6,2.8,4.0,4.0,1,8,9,3.37,nao,sim
1705,18,feminino,ensino_medio,8.1,5.3,3.9,2.4,7.7,2,5,7,3.24,nao,nao
1706,17,feminino,graduacao,8.2,7.1,4.6,3.8,1.4,1,9,10,2.71,sim,sim
1707,21,masculino,pos_graduacao,5.7,9.9,5.2,2.8,5.9,0,10,10,2.67,nao,sim
1708,19,prefere_nao_dizer,graduacao,7.0,7.7,2.0,3.3,2.0,3,7,6,3.39,nao,sim
1709,21,masculino,graduacao,8.5,5.1,3.2,1.1,1.5,2,8,10,3.41,nao,sim
1710,19,nao_binario,graduacao,5.7,7.9,4.7,2.6,5.4,3,7,7,3.05,nao,sim
1711,17,masculino,graduacao,9.2,4.4,1.5,4.8,1.9,0,7,7,3.38,sim,sim
1712,19,masculino,graduacao,7.0,9.1,4.2,1.1,0.0,0,9,9,3.63,sim,sim
1713,18,prefere_nao_dizer,graduacao,7.2,7.6,5.2,1.4,5.1,3,7,9,2.89,nao,sim
1714,16,masculino,ensino_medio,6.4,12.8,5.3,2.2,3.1,4,10,10,2.86,sim,sim
1715,21,masculino,pos_graduacao,6.1,8.4,5.1,3.7,7.8,0,7,9,2.74,sim,sim
1716,20,prefere_nao_dizer,graduacao,8.2,9.1,6.0,5.7,4.8,2,8,10,3.06,nao,sim
1717,23,masculino,ensino_medio,7.4,6.1,4.9,1.2,4.1,2,8,10,2.82,sim,sim
1718,19,feminino,graduacao,7.3,5.7,3.5,5.3,5.7,3,7,6,2.83,sim,sim
1719,16,feminino,ensino_medio,7.2,5.7,0.8,2.0,2.2,1,7,5,3.37,sim,sim
1720,18,masculino,graduacao,10.2,5.4,3.1,2.0,8.0,1,3,5,4.0,nao,nao
1721,23,masculino,ensino_medio,7.7,11.2,6.5,3.6,3.6,1,5,4,3.52,sim,nao
1722,15,masculino,graduacao,8.8,4.3,1.0,2.1,2.4,0,6,7,3.23,sim,nao
1723,16,masculino,graduacao,7.4,6.9,4.9,2.8,5.4,3,9,10,2.7,nao,sim
1724,26,masculino,graduacao,6.7,4.6,2.9,2.3,4.8,0,8,7,3.59,sim,sim
1725,16,masculino,graduacao,8.0,7.0,4.0,3.4,2.3,6,7,6,3.62,nao,sim
1726,22,masculino,ensino_medio,6.0,6.1,5.1,4.8,5.4,3,6,7,3.0,nao,nao
1727,20,feminino,graduacao,6.8,5.6,2.9,1.0,1.9,1,8,9,3.65,nao,sim
1728,17,masculino,ensino_medio,7.3,8.0,4.5,2.8,4.7,1,8,10,3.1,nao,sim
1729,20,prefere_nao_dizer,graduacao,6.6,9.0,5.7,3.9,0.0,1,10,8,2.76,sim,sim
1730,16,masculino,pos_graduacao,7.0,8.9,4.1,4.9,3.8,2,7,5,2.87,nao,sim
1731,19,feminino,graduacao,6.6,6.8,5.4,0.8,1.6,1,9,9,2.6,nao,sim
1732,19,feminino,graduacao,8.5,4.6,0.7,3.5,1.0,3,7,8,3.78,nao,sim
1733,23,feminino,graduacao,7.3,4.6,2.3,1.7,0.8,0,9,7,2.65,sim,sim
1734,19,feminino,ensino_medio,6.4,4.8,3.2,2.1,0.4,2,8,6,3.32,sim,sim
1735,21,masculino,graduacao,8.5,6.9,5.3,5.0,4.1,1,7,9,3.38,nao,sim
1736,21,feminino,pos_graduacao,6.0,7.3,5.5,5.4,4.9,1,9,10,3.0,sim,sim
1737,14,feminino,pos_graduacao,7.6,7.3,3.7,2.5,4.8,0,7,6,2.87,nao,sim
1738,19,masculino,ensino_medio,7.5,6.8,2.0,1.8,1.5,2,6,8,3.13,nao,nao
1739,20,feminino,graduacao,6.9,6.8,5.5,0.0,3.5,2,9,10,2.79,sim,sim
1740,22,feminino,ensino_medio,6.9,5.0,2.0,3.9,4.4,3,8,10,2.9,sim,sim
1741,20,feminino,ensino_medio,9.2,2.3,2.1,0.9,6.7,2,4,3,4.0,nao,nao
1742,16,feminino,graduacao,8.3,6.2,3.6,5.7,9.2,1,6,8,3.38,sim,nao
1743,24,masculino,graduacao,6.8,9.4,5.8,3.6,1.9,0,10,10,2.64,nao,sim
1744,21,masculino,ensino_medio,7.6,7.3,2.6,2.3,5.5,0,7,9,3.66,nao,sim
1745,18,feminino,graduacao,8.4,3.7,1.7,3.1,1.5,4,7,9,3.81,nao,sim
1746,20,masculino,ensino_medio,6.8,7.0,4.0,3.3,0.3,1,7,7,2.52,sim,sim
1747,14,feminino,graduacao,8.3,3.5,3.1,3.9,0.9,1,7,9,2.82,nao,sim
1748,16,masculino,graduacao,6.8,7.1,5.6,2.6,4.1,2,8,8,2.87,nao,sim
1749,20,masculino,graduacao,8.1,6.8,2.5,2.1,3.4,2,8,9,2.91,sim,sim
1750,19,feminino,ensino_medio,8.5,3.9,1.8,1.2,5.0,3,4,3,3.7,nao,nao
1751,19,masculino,graduacao,8.9,5.9,1.2,4.0,0.0,3,7,6,3.95,nao,sim
1752,21,feminino,ensino_medio,8.9,4.7,3.4,1.4,3.7,4,6,4,3.68,nao,nao
1753,19,feminino,ensino_medio,6.6,8.7,4.1,0.2,1.3,1,10,10,3.09,nao,sim
1754,22,masculino,pos_graduacao,6.0,10.5,4.6,2.1,0.0,1,8,6,3.53,nao,sim
1755,20,masculino,graduacao,6.7,2.9,0.7,2.9,2.0,3,7,7,3.19,nao,sim
1756,22,feminino,pos_graduacao,6.6,6.3,4.5,2.6,2.4,1,6,7,2.97,sim,nao
1757,20,masculino,graduacao,8.5,4.3,2.7,4.7,8.2,2,5,7,3.53,sim,nao
1758,22,feminino,ensino_medio,7.6,4.9,2.2,2.5,1.8,5,8,8,3.2,nao,sim
1759,21,feminino,graduacao,5.9,8.7,5.4,2.3,1.5,2,9,9,2.92,nao,sim
1760,24,masculino,pos_graduacao,7.2,6.6,3.0,4.5,2.8,1,10,10,2.71,nao,sim
1761,25,feminino,graduacao,6.4,7.4,3.2,3.1,9.3,3,8,6,3.27,sim,sim
1762,21,masculino,pos_graduacao,7.1,7.5,3.4,5.2,9.3,2,7,6,2.92,nao,sim
1763,16,nao_binario,ensino_medio,6.3,6.0,2.7,2.6,2.3,0,8,7,3.35,sim,sim
1764,22,masculino,ensino_medio,7.9,2.5,1.7,3.2,1.0,1,6,5,3.49,nao,nao
1765,17,masculino,ensino_medio,7.9,7.8,3.6,0.8,4.2,1,8,9,3.6,sim,sim
1766,22,masculino,graduacao,9.7,1.3,0.5,2.9,2.1,5,4,4,4.0,nao,nao
1767,19,feminino,ensino_medio,8.8,2.7,1.0,2.8,8.1,3,5,4,3.47,nao,nao
1768,20,feminino,graduacao,8.6,1.6,0.5,0.3,7.7,1,6,6,3.9,nao,nao
1769,17,masculino,ensino_medio,6.9,3.6,2.3,2.5,1.4,1,5,7,3.08,nao,nao
1770,19,feminino,pos_graduacao,6.7,5.1,4.1,3.5,3.3,1,7,6,2.93,nao,sim
1771,16,feminino,graduacao,7.7,7.0,4.4,1.0,3.1,3,7,6,3.21,nao,sim
1772,17,feminino,graduacao,7.8,6.7,3.8,4.4,2.6,3,8,7,3.87,sim,sim
1773,20,feminino,pos_graduacao,8.4,5.8,2.1,1.5,3.7,0,4,4,3.63,nao,nao
1774,21,feminino,graduacao,7.0,4.8,2.6,3.4,1.9,2,7,9,3.41,nao,sim
1775,17,feminino,ensino_medio,8.1,2.9,1.6,5.7,6.0,4,4,5,3.57,nao,nao
1776,19,feminino,pos_graduacao,7.7,5.8,4.1,3.6,7.3,1,5,6,3.51,sim,nao
1777,24,feminino,graduacao,6.8,7.1,3.6,2.6,6.0,1,7,7,3.22,nao,sim
1778,19,masculino,ensino_medio,7.7,8.1,4.9,3.2,1.3,0,9,7,2.44,sim,sim
1779,20,masculino,ensino_medio,6.2,8.6,3.5,4.9,3.4,2,8,7,3.3,nao,sim
1780,23,feminino,graduacao,6.7,10.1,6.4,2.9,3.8,3,7,6,2.81,nao,sim
1781,19,feminino,graduacao,7.9,6.6,4.7,1.2,5.0,3,8,10,3.35,sim,sim
1782,20,feminino,ensino_medio,6.5,9.7,5.5,2.2,1.5,1,10,10,2.94,nao,sim
1783,19,masculino,graduacao,7.3,5.3,2.7,2.4,1.7,3,8,7,2.68,nao,sim
1784,18,feminino,graduacao,8.5,2.2,0.0,2.8,3.0,1,6,5,4.0,nao,nao
1785,23,masculino,graduacao,7.8,8.5,7.1,5.0,2.1,1,8,8,3.13,nao,sim
1786,24,masculino,graduacao,7.6,6.8,4.0,2.4,7.2,2,5,3,3.25,sim,nao
1787,22,masculino,graduacao,6.7,6.2,3.1,6.0,7.7,2,7,9,3.1,nao,sim
1788,19,feminino,pos_graduacao,6.4,6.6,3.9,2.3,5.5,1,8,8,3.09,sim,sim
1789,17,masculino,graduacao,8.9,4.0,1.1,1.2,4.6,2,6,5,3.52,nao,nao
1790,17,masculino,ensino_medio,8.6,3.9,2.3,2.1,6.4,1,6,5,3.38,nao,nao
1791,14,masculino,graduacao,6.8,6.2,3.4,3.1,3.4,1,7,5,3.36,nao,sim
1792,21,masculino,graduacao,6.9,7.8,3.0,1.9,5.3,4,8,6,3.36,sim,sim
1793,26,feminino,graduacao,7.1,6.0,3.2,5.5,0.0,1,8,10,2.93,nao,sim
1794,19,feminino,graduacao,10.1,1.4,0.0,0.6,4.2,2,6,4,3.3,sim,nao
1795,20,masculino,ensino_medio,8.3,2.7,1.0,1.6,4.3,3,5,5,3.67,sim,nao
1796,21,feminino,ensino_medio,8.1,5.1,1.6,0.2,1.1,2,8,6,3.72,sim,sim
1797,18,feminino,ensino_medio,8.7,7.0,4.1,2.7,6.1,0,7,9,3.48,nao,sim
1798,22,feminino,ensino_medio,7.2,6.2,3.4,3.6,1.0,0,7,8,3.59,nao,sim
1799,16,masculino,graduacao,7.0,5.5,2.3,1.7,0.0,2,7,8,2.64,sim,sim
1800,19,masculino,graduacao,7.6,3.7,2.4,2.8,5.5,0,9,7,2.99,nao,sim
1801,14,masculino,graduacao,6.5,7.3,4.9,1.9,4.1,1,7,7,2.8,nao,sim
1802,18,feminino,ensino_medio,6.7,10.5,7.0,3.1,3.6,4,9,7,2.5,nao,sim
1803,18,masculino,graduacao,5.8,11.2,6.2,4.0,3.0,1,10,9,2.33,sim,sim
1804,22,masculino,graduacao,7.3,5.3,4.0,3.1,5.9,3,6,4,3.01,sim,nao
1805,16,masculino,graduacao,8.3,3.9,0.4,5.0,1.1,1,8,10,3.53,nao,sim
1806,21,feminino,ensino_medio,7.9,5.2,4.3,1.5,4.9,2,5,4,3.58,nao,nao
1807,17,masculino,ensino_medio,9.3,3.1,1.8,4.8,0.4,2,6,8,3.23,nao,nao
1808,14,masculino,graduacao,7.6,5.5,2.8,0.8,2.7,2,6,8,4.0,nao,nao
1809,24,feminino,ensino_medio,7.2,6.4,3.2,4.0,4.8,0,6,5,3.63,nao,nao
1810,16,masculino,graduacao,8.5,4.9,1.5,1.4,2.9,2,7,9,3.95,sim,sim
1811,16,feminino,graduacao,10.4,3.5,2.2,0.0,4.2,0,5,3,3.64,nao,nao
1812,21,feminino,ensino_medio,7.6,6.3,4.6,3.4,5.4,2,7,8,2.96,sim,sim
1813,17,feminino,pos_graduacao,6.4,9.2,6.2,3.2,4.2,2,7,5,2.98,sim,sim
1814,25,masculino,graduacao,8.4,7.2,4.0,0.0,2.3,6,8,6,3.2,sim,sim
1815,19,feminino,ensino_medio,6.9,5.8,2.3,2.2,0.7,0,8,9,3.25,nao,sim
1816,20,masculino,ensino_medio,6.8,8.5,3.2,3.0,2.5,3,9,10,3.15,nao,sim
1817,23,masculino,graduacao,6.6,6.6,2.5,4.1,8.4,2,8,6,3.51,sim,sim
1818,19,feminino,graduacao,8.2,3.4,1.5,4.8,1.0,2,6,6,3.68,nao,nao
1819,17,feminino,ensino_medio,7.4,8.7,5.2,2.7,1.1,4,10,10,2.92,nao,sim
1820,15,masculino,graduacao,6.5,6.3,3.6,3.4,0.0,1,9,10,3.32,nao,sim
1821,27,prefere_nao_dizer,graduacao,9.4,3.5,2.2,4.2,2.5,3,7,8,3.78,nao,sim
1822,24,feminino,graduacao,7.3,6.8,3.1,4.2,3.1,2,7,9,3.45,sim,sim
1823,18,feminino,ensino_medio,7.7,2.6,1.6,3.9,1.0,3,8,9,3.08,sim,sim
1824,17,feminino,graduacao,7.6,5.1,1.8,5.0,0.5,1,10,9,2.98,sim,sim
1825,20,feminino,pos_graduacao,6.6,7.9,3.8,4.7,1.5,3,9,10,2.66,sim,sim
1826,17,nao_binario,graduacao,8.0,3.5,1.9,3.3,0.6,1,7,8,2.92,sim,sim
1827,18,feminino,graduacao,5.7,4.9,3.9,2.0,1.5,0,9,9,2.91,sim,sim
1828,20,feminino,ensino_medio,5.6,7.2,3.4,3.4,3.8,1,10,10,2.86,nao,sim
1829,19,masculino,ensino_medio,6.7,6.2,3.5,5.0,3.3,3,5,3,3.08,nao,nao
1830,18,masculino,ensino_medio,6.0,10.4,4.3,1.9,1.6,2,7,9,2.77,nao,sim
1831,14,masculino,graduacao,7.8,10.2,5.8,5.0,1.0,2,8,8,3.01,nao,sim
1832,18,feminino,graduacao,7.0,7.0,3.7,2.7,5.2,1,7,6,3.3,sim,sim
1833,22,feminino,graduacao,6.0,10.8,6.1,0.0,0.0,2,10,10,2.69,sim,sim
1834,15,masculino,graduacao,7.3,3.4,2.2,2.3,5.8,2,7,5,3.49,nao,sim
1835,16,masculino,graduacao,8.2,4.2,2.8,1.3,8.1,0,5,7,3.34,nao,nao
1836,20,masculino,ensino_medio,6.8,6.6,5.5,1.7,2.4,1,8,8,3.05,nao,sim
1837,17,masculino,graduacao,7.7,9.1,5.9,6.7,1.6,2,8,10,3.45,nao,sim
1838,19,masculino,graduacao,7.3,5.9,5.6,2.5,9.5,0,4,5,3.9,nao,nao
1839,20,masculino,graduacao,7.4,5.5,1.4,3.4,5.0,2,7,6,3.23,sim,sim
1840,18,feminino,graduacao,8.9,2.5,1.7,3.6,0.0,1,7,6,3.58,nao,sim
1841,19,masculino,graduacao,7.7,5.1,2.6,2.9,2.9,1,8,8,3.29,nao,sim
1842,22,feminino,ensino_medio,5.7,5.3,1.5,1.2,0.9,0,8,8,3.28,nao,sim
1843,19,feminino,graduacao,7.1,7.3,5.4,1.7,2.5,2,7,5,3.18,nao,sim
1844,20,masculino,graduacao,8.2,4.9,4.0,2.1,1.5,3,7,5,3.89,sim,sim
1845,18,feminino,graduacao,7.4,6.4,4.8,2.1,6.5,2,8,7,2.9,nao,sim
1846,18,masculino,ensino_medio,7.8,6.3,3.6,3.6,4.9,3,6,8,3.56,nao,nao
1847,18,masculino,graduacao,9.2,2.5,0.5,3.1,5.2,3,4,4,4.0,nao,nao
1848,20,masculino,graduacao,7.8,5.6,3.8,2.7,0.4,0,7,7,3.72,sim,sim
1849,20,feminino,pos_graduacao,8.2,7.9,4.4,3.2,2.0,1,9,10,3.51,nao,sim
1850,22,feminino,ensino_medio,9.0,3.4,3.1,1.6,0.0,1,7,9,3.84,sim,sim
1851,16,nao_binario,graduacao,6.6,6.5,4.9,1.5,0.2,2,7,7,3.14,nao,sim
1852,16,masculino,graduacao,7.1,9.4,4.5,3.5,4.8,3,9,9,2.9,nao,sim
1853,17,masculino,ensino_medio,6.6,8.7,4.9,2.3,2.7,2,7,9,3.18,sim,sim
1854,16,masculino,graduacao,6.3,8.5,3.9,3.7,2.6,3,10,10,3.24,nao,sim
1855,21,masculino,graduacao,7.9,7.0,4.9,5.4,6.2,0,6,8,2.71,sim,nao
1856,16,masculino,graduacao,7.0,7.5,4.3,4.9,6.1,1,7,5,3.13,sim,sim
1857,21,masculino,graduacao,7.4,4.7,1.4,3.4,5.5,2,5,7,3.32,nao,nao
1858,20,feminino,ensino_medio,8.0,5.2,1.8,3.4,3.0,1,9,10,2.93,nao,sim
1859,14,nao_binario,pos_graduacao,8.3,6.9,3.9,4.7,2.6,0,6,5,3.28,sim,nao
1860,24,masculino,graduacao,6.6,7.1,3.0,5.3,3.1,2,7,9,3.29,nao,sim
1861,16,feminino,graduacao,8.7,7.6,3.9,3.6,2.4,3,6,7,3.55,sim,nao
1862,22,feminino,graduacao,6.8,6.8,2.2,6.0,1.7,1,8,9,3.41,nao,sim
1863,20,masculino,graduacao,6.5,9.0,4.5,4.3,0.0,1,10,10,3.2,nao,sim
1864,22,feminino,graduacao,7.0,9.6,4.3,3.5,3.5,1,7,8,3.72,nao,sim
1865,15,nao_binario,ensino_medio,6.8,7.2,4.8,1.7,8.1,2,7,8,3.06,sim,sim
1866,19,nao_binario,graduacao,8.1,7.4,3.5,4.7,1.4,2,9,7,3.39,sim,sim
1867,18,masculino,graduacao,7.0,6.5,3.4,2.5,3.2,6,9,8,3.31,nao,sim
1868,24,feminino,pos_graduacao,8.7,2.3,1.1,3.6,3.8,3,6,4,3.26,sim,nao
1869,18,feminino,ensino_medio,8.7,3.9,2.8,0.1,7.1,2,4,3,3.96,nao,nao
1870,22,masculino,graduacao,7.0,8.1,6.2,1.8,6.0,3,7,5,3.06,sim,sim
1871,18,masculino,ensino_medio,6.5,9.4,5.3,4.8,2.4,3,6,5,3.21,nao,nao
1872,18,feminino,pos_graduacao,6.2,8.2,3.1,1.1,0.7,2,8,6,2.93,nao,sim
1873,22,feminino,graduacao,7.4,4.5,0.7,4.4,6.2,1,4,6,3.54,sim,nao
1874,24,masculino,graduacao,6.7,4.5,2.9,1.7,6.5,1,5,4,3.57,sim,nao
1875,20,feminino,ensino_medio,4.4,8.2,4.1,1.3,3.4,0,9,10,2.86,nao,sim
1876,23,masculino,graduacao,7.9,9.0,4.8,2.8,3.6,1,9,9,3.46,sim,sim
1877,15,masculino,graduacao,6.9,7.5,5.0,0.6,6.3,3,7,8,3.1,sim,sim
1878,24,masculino,ensino_medio,6.6,8.7,5.2,1.7,1.5,4,8,8,3.24,nao,sim
1879,17,masculino,graduacao,7.8,9.9,5.6,4.1,4.1,3,6,8,3.53,sim,nao
1880,24,feminino,graduacao,6.3,8.2,2.9,4.8,0.0,1,8,9,2.86,sim,sim
1881,17,prefere_nao_dizer,ensino_medio,6.6,7.1,3.9,2.8,3.4,1,8,7,2.75,nao,sim
1882,19,feminino,graduacao,7.2,7.6,4.1,4.9,3.4,1,8,8,2.93,sim,sim
1883,17,feminino,graduacao,6.8,6.8,2.2,2.1,1.3,3,9,9,3.38,sim,sim
1884,18,masculino,pos_graduacao,6.2,6.0,3.3,2.3,0.9,4,9,10,3.17,nao,sim
1885,17,feminino,graduacao,7.2,5.3,3.3,1.4,1.6,2,5,7,3.38,sim,nao
1886,19,masculino,ensino_medio,5.8,6.5,3.1,1.4,0.0,2,9,10,3.06,nao,sim
1887,19,feminino,ensino_medio,8.3,6.8,3.6,3.6,0.0,1,10,10,2.71,nao,sim
1888,14,masculino,pos_graduacao,5.8,11.6,5.9,1.7,4.5,2,10,10,2.69,sim,sim
1889,15,feminino,graduacao,5.7,7.5,5.5,3.2,4.8,3,9,10,3.07,nao,sim
1890,20,masculino,pos_graduacao,7.5,6.6,2.9,2.0,5.2,3,6,4,3.43,sim,nao
1891,19,masculino,graduacao,8.1,7.1,3.2,4.9,8.9,2,6,5,3.32,nao,nao
1892,15,masculino,graduacao,7.9,6.7,2.8,2.6,4.9,1,9,10,3.29,nao,sim
1893,23,masculino,pos_graduacao,8.1,7.1,4.4,3.6,2.7,3,9,9,2.89,nao,sim
1894,15,masculino,ensino_medio,7.2,5.6,3.0,1.2,6.0,0,5,4,3.34,sim,nao
1895,21,masculino,graduacao,7.7,7.2,1.7,3.7,2.4,1,6,6,3.53,sim,nao
1896,14,feminino,pos_graduacao,6.7,8.4,6.2,2.3,7.8,3,7,6,2.85,nao,sim
1897,20,masculino,pos_graduacao,7.2,9.8,3.7,3.5,5.2,0,9,10,2.82,sim,sim
1898,23,feminino,graduacao,6.9,7.0,2.4,3.1,9.2,1,6,7,3.65,sim,nao
1899,26,feminino,ensino_medio,7.7,7.3,4.1,3.1,1.0,1,8,6,3.11,nao,sim
1900,22,masculino,ensino_medio,6.5,8.7,5.0,4.5,2.8,1,8,10,2.61,nao,sim
1901,22,masculino,ensino_medio,7.7,5.1,2.2,2.8,4.4,1,7,8,3.28,sim,sim
1902,17,masculino,pos_graduacao,6.3,9.8,4.4,5.3,6.7,1,8,8,3.19,nao,sim
1903,18,feminino,graduacao,8.0,4.0,2.7,2.8,1.1,1,6,6,2.88,nao,nao
1904,21,feminino,graduacao,7.3,5.2,3.5,2.5,5.2,3,7,9,3.29,nao,sim
1905,14,feminino,graduacao,7.4,9.0,4.7,4.7,4.7,3,8,10,2.87,nao,sim
1906,26,masculino,graduacao,7.0,7.5,3.2,1.8,2.4,2,8,8,3.21,sim,sim
1907,18,masculino,graduacao,7.5,4.2,3.5,3.4,0.0,1,7,8,3.04,nao,sim
1908,14,masculino,graduacao,7.0,10.1,5.5,5.3,8.5,2,8,10,3.03,sim,sim
1909,24,feminino,graduacao,6.1,9.8,5.3,1.9,3.1,0,8,9,3.15,nao,sim
1910,17,nao_binario,ensino_medio,8.6,3.3,1.9,0.8,1.4,2,5,3,3.71,nao,nao
1911,24,masculino,ensino_medio,6.0,8.2,5.1,5.2,2.0,2,7,7,2.53,sim,sim
1912,23,masculino,pos_graduacao,8.8,4.1,2.4,5.1,4.3,3,5,5,3.87,sim,nao
1913,17,masculino,ensino_medio,5.8,9.2,4.8,3.2,3.6,3,9,9,3.04,sim,sim
1914,18,feminino,graduacao,6.8,9.9,4.8,1.3,2.3,5,9,7,2.86,nao,sim
1915,22,masculino,graduacao,7.7,7.5,3.1,5.4,5.0,6,7,7,2.77,nao,sim
1916,17,feminino,ensino_medio,7.5,6.2,2.9,3.8,2.8,1,9,7,2.94,nao,sim
1917,22,feminino,ensino_medio,7.1,4.9,2.4,4.2,0.0,2,9,9,3.32,nao,sim
1918,26,masculino,graduacao,6.2,7.1,4.0,3.1,5.4,2,9,7,2.84,nao,sim
1919,20,masculino,ensino_medio,7.8,4.6,4.0,4.9,1.6,1,6,4,3.31,nao,nao
1920,14,masculino,graduacao,7.2,9.0,3.5,4.5,2.5,3,8,8,3.2,nao,sim
1921,20,feminino,pos_graduacao,7.7,4.0,4.0,4.8,1.7,2,5,3,3.76,nao,nao
1922,19,feminino,pos_graduacao,6.6,5.0,2.6,3.6,3.2,1,9,8,2.93,sim,sim
1923,27,masculino,graduacao,8.1,7.4,4.6,2.8,1.0,0,9,7,3.41,sim,sim
1924,18,feminino,pos_graduacao,6.8,6.8,4.4,3.1,3.1,1,8,6,3.23,nao,sim
1925,17,feminino,graduacao,6.4,7.9,4.4,2.9,6.3,0,8,9,3.47,sim,sim
1926,21,feminino,pos_graduacao,7.1,6.9,4.5,1.8,6.8,2,8,7,2.76,nao,sim
1927,19,feminino,graduacao,6.9,10.7,5.5,1.7,1.1,2,9,10,2.94,sim,sim
1928,16,feminino,ensino_medio,7.2,7.7,4.2,0.2,4.6,5,6,8,3.78,sim,nao
1929,17,masculino,graduacao,6.6,9.0,5.4,0.0,5.3,1,8,7,3.07,nao,sim
1930,21,feminino,graduacao,8.2,6.0,1.3,4.6,3.5,1,9,10,3.28,nao,sim
1931,24,feminino,graduacao,7.8,5.0,3.6,3.4,2.3,1,5,7,3.27,sim,nao
1932,14,masculino,graduacao,7.4,6.0,5.0,4.2,0.4,4,6,4,3.49,nao,nao
1933,23,feminino,graduacao,8.0,6.2,4.7,1.8,5.6,1,8,9,3.28,nao,sim
1934,20,masculino,graduacao,7.4,6.2,4.3,3.1,5.5,4,8,7,2.97,sim,sim
1935,16,feminino,ensino_medio,7.3,4.9,4.0,2.9,3.0,0,8,8,3.45,nao,sim
1936,18,feminino,ensino_medio,8.7,3.9,2.1,4.1,2.1,3,6,7,4.0,nao,nao
1937,21,masculino,graduacao,8.7,5.1,3.9,2.3,1.6,2,6,6,3.42,nao,nao
1938,18,feminino,ensino_medio,7.2,8.0,5.1,4.0,0.0,2,9,10,3.09,nao,sim
1939,14,feminino,ensino_medio,7.6,7.3,3.3,3.6,0.8,1,8,7,3.14,nao,sim
1940,19,prefere_nao_dizer,graduacao,7.8,6.3,3.8,3.9,3.9,0,7,5,3.19,nao,sim
1941,18,masculino,graduacao,5.5,8.2,4.2,4.7,2.6,2,8,6,3.1,nao,sim
1942,25,feminino,graduacao,8.3,2.6,1.1,2.1,0.0,2,6,8,3.66,nao,nao
1943,22,feminino,graduacao,6.6,8.9,4.2,1.8,7.0,2,9,10,2.74,sim,sim
1944,19,masculino,graduacao,6.3,9.5,5.3,2.2,0.3,2,9,10,3.02,sim,sim
1945,20,feminino,ensino_medio,8.5,5.5,3.9,2.4,4.3,4,7,7,3.05,nao,sim
1946,19,masculino,pos_graduacao,7.4,5.5,1.6,5.6,8.2,2,8,8,3.65,nao,sim
1947,24,feminino,graduacao,7.8,5.4,2.4,0.0,3.0,0,7,7,3.88,nao,sim
1948,16,feminino,ensino_medio,7.4,3.3,1.3,3.6,5.0,0,8,8,2.97,sim,sim
1949,25,prefere_nao_dizer,pos_graduacao,7.9,6.8,3.9,3.4,5.5,0,7,5,3.45,nao,sim
1950,19,feminino,graduacao,8.0,2.1,2.4,3.7,0.4,3,4,3,3.61,sim,nao
1951,22,feminino,graduacao,8.5,6.7,4.2,1.7,4.2,1,8,7,3.32,nao,sim
1952,19,masculino,graduacao,8.6,6.5,1.7,4.3,0.5,1,7,5,3.93,nao,sim
1953,18,feminino,graduacao,7.1,8.1,5.1,5.9,1.4,1,8,8,2.5,nao,sim
1954,16,feminino,graduacao,8.2,5.3,2.8,2.4,2.5,0,5,4,3.33,sim,nao
1955,20,masculino,ensino_medio,6.7,8.2,5.1,0.0,1.0,2,8,9,3.38,sim,sim
1956,19,masculino,graduacao,7.3,6.0,2.2,1.3,1.9,3,7,5,2.93,nao,sim
1957,24,feminino,ensino_medio,5.8,8.3,4.8,1.4,2.2,2,8,9,2.82,sim,sim
1958,25,masculino,graduacao,6.0,7.1,4.4,2.8,3.9,4,9,8,3.05,nao,sim
1959,19,masculino,graduacao,6.1,8.3,6.0,2.0,4.3,1,8,10,2.85,nao,sim
1960,15,feminino,ensino_medio,8.2,7.1,3.3,1.7,6.6,2,9,10,3.34,nao,sim
1961,19,masculino,ensino_medio,7.3,5.9,4.0,3.2,3.1,3,7,6,3.53,nao,sim
1962,19,feminino,graduacao,7.8,7.8,3.3,4.0,3.9,2,7,8,3.56,nao,sim
1963,23,masculino,graduacao,7.2,7.1,3.4,2.2,8.6,1,8,7,3.06,nao,sim
1964,19,masculino,graduacao,7.2,7.1,5.2,4.3,2.7,1,5,3,3.66,nao,nao
1965,18,feminino,pos_graduacao,7.8,4.3,4.4,5.6,8.2,0,6,4,3.85,nao,nao
1966,14,feminino,ensino_medio,7.2,8.3,6.3,1.3,6.1,2,8,8,2.74,nao,sim
1967,19,masculino,ensino_medio,7.2,7.1,2.5,2.3,3.1,3,7,7,3.08,nao,sim
1968,18,masculino,pos_graduacao,7.8,4.6,2.8,1.2,0.0,2,6,5,3.61,nao,nao
1969,22,feminino,ensino_medio,7.8,6.9,2.6,4.9,2.8,1,9,10,3.51,sim,sim
1970,14,feminino,graduacao,7.4,6.6,5.4,3.1,0.0,1,7,7,3.32,nao,sim
1971,21,feminino,graduacao,6.0,9.9,6.0,3.9,3.7,3,8,8,2.91,sim,sim
1972,21,feminino,pos_graduacao,7.4,5.0,3.4,3.5,9.2,2,5,3,3.52,nao,nao
1973,18,masculino,pos_graduacao,7.7,7.0,3.8,3.2,2.7,4,6,4,3.44,sim,nao
1974,19,masculino,graduacao,5.1,7.1,4.7,3.9,5.3,2,10,10,2.74,nao,sim
1975,23,feminino,graduacao,7.2,3.3,1.2,5.3,3.0,1,9,7,3.13,sim,sim
1976,20,feminino,pos_graduacao,8.5,5.3,3.1,0.4,6.4,1,6,8,3.8,sim,nao
1977,20,masculino,graduacao,7.9,6.6,4.7,4.0,0.6,1,6,6,3.36,nao,nao
1978,19,masculino,ensino_medio,8.5,1.2,0.0,2.5,3.4,2,4,5,3.8,sim,nao
1979,16,feminino,ensino_medio,7.5,8.1,3.9,5.0,0.2,1,9,7,3.12,nao,sim
1980,20,prefere_nao_dizer,graduacao,7.4,6.5,3.2,3.3,7.0,0,6,6,3.26,nao,nao
1981,14,masculino,graduacao,6.8,7.5,4.0,4.7,3.6,0,6,4,3.07,sim,nao
1982,20,masculino,graduacao,7.0,8.2,3.8,3.9,4.8,0,6,6,3.13,nao,nao
1983,21,feminino,graduacao,7.3,5.4,2.7,3.0,4.8,1,7,9,3.56,nao,sim
1984,24,masculino,graduacao,8.1,2.6,2.3,3.2,0.0,1,4,3,3.68,nao,nao
1985,23,prefere_nao_dizer,graduacao,8.3,1.0,0.0,3.2,0.2,5,6,5,3.89,nao,nao
1986,26,nao_binario,ensino_medio,7.0,8.6,6.6,6.1,5.1,6,10,10,3.13,sim,sim
1987,17,feminino,graduacao,6.8,8.9,5.5,1.1,4.4,3,8,7,2.76,nao,sim
1988,22,masculino,ensino_medio,7.2,6.1,3.9,4.5,4.5,1,7,8,3.16,sim,sim
1989,15,feminino,graduacao,6.8,8.9,4.7,2.1,5.4,2,6,7,3.67,sim,nao
1990,21,nao_binario,ensino_medio,6.3,8.5,5.1,3.2,3.0,1,9,10,2.93,nao,sim
1991,20,masculino,pos_graduacao,6.5,8.3,6.7,2.0,2.2,2,10,10,2.87,nao,sim
1992,19,masculino,graduacao,6.9,7.9,3.9,3.2,0.0,1,8,10,3.03,sim,sim
1993,19,masculino,graduacao,8.8,4.7,1.7,0.9,7.0,2,6,8,4.0,sim,nao
1994,19,masculino,pos_graduacao,5.6,11.3,6.2,4.1,3.7,0,10,9,2.55,nao,sim
1995,20,feminino,ensino_medio,7.7,4.9,1.9,1.9,0.0,3,6,6,3.38,nao,nao
1996,23,masculino,ensino_medio,7.3,8.0,4.7,3.8,0.7,2,6,7,3.34,nao,nao
1997,16,masculino,ensino_medio,8.0,5.3,2.4,2.8,3.2,1,6,7,3.52,nao,nao
1998,16,masculino,ensino_medio,6.4,8.9,5.3,6.3,4.0,2,10,10,2.69,sim,sim
1999,17,feminino,ensino_medio,7.0,5.8,2.0,4.8,6.5,2,6,8,3.7,nao,nao
2000,23,masculino,graduacao,6.6,9.9,5.2,2.6,4.9,3,9,10,3.23,nao,sim
2001,18,feminino,graduacao,7.8,8.2,3.5,1.9,0.2,1,10,9,2.87,nao,sim
2002,18,masculino,ensino_medio,6.2,12.1,5.8,3.7,3.7,0,6,5,2.95,nao,nao
2003,20,masculino,ensino_medio,6.9,2.6,1.1,6.6,2.7,2,5,5,3.41,sim,nao
2004,18,feminino,graduacao,7.7,7.1,4.2,4.9,3.1,1,8,7,2.99,nao,sim
2005,19,nao_binario,pos_graduacao,7.5,7.9,3.6,3.9,5.9,2,5,7,3.69,sim,nao
2006,23,masculino,pos_graduacao,7.5,3.8,2.1,4.6,6.9,0,4,2,3.55,sim,nao
2007,20,masculino,pos_graduacao,7.5,9.5,6.5,3.6,6.9,0,8,8,3.04,sim,sim
2008,20,feminino,ensino_medio,8.0,3.4,1.5,4.8,4.0,4,6,4,3.43,nao,nao
2009,15,feminino,graduacao,8.4,5.0,1.0,3.8,5.1,1,7,8,3.73,nao,sim
2010,17,nao_binario,ensino_medio,7.7,7.8,4.4,2.4,3.9,1,7,5,2.3,nao,sim
2011,18,prefere_nao_dizer,pos_graduacao,9.0,1.5,2.1,1.2,2.2,1,4,5,4.0,nao,nao
2012,18,feminino,graduacao,8.8,5.4,0.9,5.0,0.6,2,6,6,3.7,nao,nao
2013,22,masculino,graduacao,7.0,8.9,3.6,3.3,0.4,2,10,10,3.01,nao,sim
2014,26,masculino,graduacao,8.2,4.5,2.5,3.3,4.7,2,7,5,2.96,nao,sim
2015,18,feminino,ensino_medio,6.0,8.5,4.9,3.0,4.6,1,7,6,3.6,sim,sim
2016,23,feminino,graduacao,6.3,8.1,4.5,5.6,4.7,3,7,5,2.78,nao,sim
2017,26,masculino,graduacao,9.9,3.8,3.8,1.7,5.5,0,5,7,4.0,nao,nao
2018,16,feminino,pos_graduacao,6.9,3.4,2.4,2.2,7.2,1,6,8,3.26,sim,nao
2019,23,masculino,ensino_medio,7.5,6.3,4.0,3.9,4.6,1,8,8,3.41,nao,sim
2020,24,feminino,ensino_medio,7.1,6.5,3.1,4.6,2.7,3,8,7,2.91,sim,sim
2021,21,masculino,graduacao,7.6,7.5,3.7,1.6,0.0,1,8,7,3.67,nao,sim
2022,15,feminino,graduacao,8.5,4.1,3.0,4.0,4.4,1,7,8,3.19,nao,sim
2023,16,masculino,ensino_medio,6.7,7.4,2.1,3.6,1.8,5,6,8,3.18,nao,nao
2024,14,feminino,ensino_medio,6.8,8.7,5.1,3.2,1.7,2,9,10,2.71,nao,sim
2025,22,feminino,graduacao,6.2,6.0,2.2,5.9,2.5,1,9,10,3.3,nao,sim
2026,19,masculino,ensino_medio,7.2,11.6,7.1,0.4,4.6,4,6,4,2.98,sim,nao
2027,18,feminino,graduacao,7.6,4.9,4.0,1.4,3.9,2,6,6,3.58,nao,nao
2028,17,feminino,graduacao,8.1,6.9,2.5,5.0,7.2,2,6,7,3.27,nao,nao
2029,21,feminino,graduacao,6.8,6.1,3.9,3.1,2.4,1,5,4,3.58,nao,nao
2030,21,masculino,ensino_medio,8.4,4.5,3.5,5.4,0.1,0,9,9,3.39,nao,sim
2031,17,feminino,ensino_medio,5.8,11.4,6.3,6.1,0.6,1,10,10,2.71,sim,sim
2032,19,masculino,pos_graduacao,7.8,6.2,3.6,4.2,0.0,0,7,8,3.68,nao,sim
2033,15,masculino,pos_graduacao,7.3,5.2,4.9,3.0,5.3,3,6,7,3.44,nao,nao
2034,21,masculino,graduacao,7.6,4.2,3.4,5.1,5.5,1,4,4,3.38,nao,nao
2035,19,masculino,graduacao,7.0,8.9,6.4,4.1,1.8,0,8,7,3.43,nao,sim
2036,20,feminino,pos_graduacao,5.5,9.4,5.4,1.2,2.1,2,9,9,3.15,nao,sim
2037,17,feminino,graduacao,8.2,8.9,5.7,4.2,4.3,2,9,7,3.28,nao,sim
2038,18,feminino,graduacao,7.3,6.0,3.3,7.4,0.5,0,10,8,2.99,nao,sim
2039,22,feminino,graduacao,7.5,6.4,3.7,3.8,1.2,5,7,5,3.23,nao,sim
2040,22,masculino,graduacao,8.4,7.1,2.8,2.9,4.0,4,6,7,3.09,nao,nao
2041,23,masculino,ensino_medio,9.3,3.6,0.5,2.5,5.6,4,3,3,3.57,sim,nao
2042,21,feminino,ensino_medio,8.3,4.4,2.5,2.7,2.6,0,5,3,3.86,nao,nao
2043,15,masculino,pos_graduacao,6.0,11.0,6.1,2.8,0.0,0,10,10,2.38,nao,sim
2044,24,masculino,pos_graduacao,6.0,9.0,4.9,3.0,3.3,2,8,6,2.89,nao,sim
2045,19,masculino,graduacao,9.7,5.2,2.4,2.8,2.7,0,7,9,3.83,nao,sim
2046,24,feminino,graduacao,8.5,4.6,1.6,4.7,2.0,1,8,9,2.93,nao,sim
2047,21,nao_binario,pos_graduacao,5.2,8.2,3.3,3.8,4.4,2,8,7,3.02,nao,sim
2048,20,feminino,pos_graduacao,6.6,10.9,4.7,4.7,3.9,1,10,10,3.04,nao,sim
2049,17,feminino,graduacao,7.0,6.3,4.0,1.9,0.0,4,10,10,2.87,sim,sim
2050,18,feminino,graduacao,6.0,6.5,6.3,3.1,0.7,1,8,6,2.59,sim,sim
2051,18,feminino,graduacao,6.4,9.7,7.0,3.3,4.1,0,8,6,2.61,nao,sim
2052,19,masculino,pos_graduacao,7.0,5.7,0.5,2.5,3.9,3,7,8,3.65,nao,sim
2053,23,masculino,graduacao,7.5,7.0,2.4,2.8,4.0,3,9,9,3.01,sim,sim
2054,16,nao_binario,ensino_medio,6.5,6.8,4.3,1.3,3.5,1,9,7,2.68,nao,sim
2055,21,masculino,pos_graduacao,8.0,3.6,2.2,1.9,3.9,2,7,7,3.4,nao,sim
2056,23,feminino,graduacao,8.5,7.8,5.6,4.2,2.9,0,9,10,2.98,sim,sim
2057,19,masculino,graduacao,8.2,3.4,1.1,4.2,4.4,2,7,5,3.77,nao,sim
2058,20,masculino,graduacao,8.3,5.8,2.7,1.4,0.7,1,10,10,3.62,nao,sim
2059,18,masculino,graduacao,8.8,1.1,0.8,2.8,2.1,1,5,6,3.23,sim,nao
2060,16,masculino,ensino_medio,6.7,6.2,5.0,1.8,4.2,3,6,4,3.11,sim,nao
2061,18,feminino,graduacao,4.4,9.3,5.5,2.1,7.6,2,7,8,3.28,nao,sim
2062,22,feminino,graduacao,7.7,7.0,3.5,0.1,1.6,1,8,10,2.96,nao,sim
2063,22,feminino,graduacao,8.2,3.5,0.9,1.6,0.0,0,8,7,3.41,nao,sim
2064,22,feminino,graduacao,7.2,9.5,6.4,1.9,2.5,5,8,6,3.48,sim,sim
2065,20,masculino,graduacao,8.2,4.0,1.3,3.5,3.4,1,6,8,3.37,nao,nao
2066,20,feminino,graduacao,9.3,5.1,2.1,3.5,2.2,4,7,8,3.73,nao,sim
2067,16,masculino,graduacao,6.1,9.5,5.1,3.1,6.6,3,5,3,3.17,nao,nao
2068,22,feminino,graduacao,7.6,6.7,4.2,4.4,2.7,2,6,8,3.64,nao,nao
2069,18,feminino,graduacao,6.8,9.0,4.7,4.4,2.8,2,10,8,3.1,nao,sim
2070,20,masculino,ensino_medio,7.8,6.5,2.9,3.8,5.5,1,5,5,3.31,nao,nao
2071,21,masculino,graduacao,5.9,8.8,3.5,3.6,5.1,2,10,8,2.45,nao,sim
2072,20,masculino,graduacao,6.7,6.6,2.9,1.3,7.7,5,7,6,3.07,sim,sim
2073,23,feminino,ensino_medio,6.7,6.3,4.2,4.2,2.1,2,9,7,2.71,sim,sim
2074,24,masculino,graduacao,7.0,10.3,4.7,4.2,4.5,0,8,7,3.14,nao,sim
2075,25,masculino,graduacao,8.7,7.9,5.3,3.4,4.5,2,5,6,3.0,sim,nao
2076,22,feminino,ensino_medio,7.0,5.0,4.2,4.5,6.6,2,7,5,2.83,nao,sim
2077,21,feminino,graduacao,8.1,4.7,1.1,2.1,2.4,5,5,7,3.28,nao,nao
2078,19,feminino,ensino_medio,6.5,10.2,7.0,3.4,7.2,0,7,7,2.33,nao,sim
2079,22,masculino,graduacao,6.8,5.0,1.8,3.0,5.8,0,5,6,3.31,sim,nao
2080,22,masculino,ensino_medio,7.8,7.4,2.5,5.4,6.3,1,4,2,3.66,nao,nao
2081,22,masculino,graduacao,7.0,8.3,4.1,2.7,2.0,3,6,5,3.2,sim,nao
2082,21,masculino,ensino_medio,7.0,4.4,2.2,2.8,3.4,2,8,9,2.26,sim,sim
2083,19,feminino,graduacao,7.6,5.0,2.2,3.5,3.0,1,7,8,3.73,sim,sim
2084,21,masculino,graduacao,8.1,6.8,2.9,4.5,0.8,2,7,8,3.13,nao,sim
2085,20,masculino,graduacao,8.2,5.7,3.6,1.3,4.1,0,6,8,3.48,nao,nao
2086,17,feminino,graduacao,6.9,9.8,5.2,4.1,4.0,1,9,9,3.5,nao,sim
2087,20,feminino,graduacao,7.7,7.1,4.0,1.5,3.9,1,8,8,3.64,sim,sim
2088,14,feminino,ensino_medio,7.3,2.4,2.7,3.4,3.5,1,5,3,3.16,sim,nao
2089,17,masculino,ensino_medio,7.7,7.2,2.9,1.1,3.4,1,8,9,3.19,nao,sim
2090,21,masculino,graduacao,8.8,6.9,4.3,2.5,3.7,2,10,10,4.0,nao,sim
2091,16,feminino,graduacao,5.6,9.1,6.4,3.8,3.5,1,8,7,2.48,nao,sim
2092,23,masculino,ensino_medio,8.5,4.1,2.4,2.5,1.6,1,9,9,3.12,nao,sim
2093,23,feminino,graduacao,6.6,11.2,6.6,4.7,3.4,2,9,7,2.67,nao,sim
2094,18,masculino,pos_graduacao,7.8,5.4,2.4,4.0,3.8,0,9,10,2.48,nao,sim
2095,18,masculino,graduacao,7.7,8.6,3.3,2.7,0.1,2,10,10,3.24,nao,sim
2096,20,masculino,graduacao,8.1,7.7,4.0,4.8,1.0,0,9,7,3.17,nao,sim
2097,21,nao_binario,graduacao,8.3,9.8,5.8,4.3,0.0,3,8,8,3.5,nao,sim
2098,18,masculino,ensino_medio,8.4,4.6,2.1,4.4,2.7,4,7,7,3.25,nao,sim
2099,24,nao_binario,graduacao,6.7,6.7,4.5,4.3,3.1,1,7,7,3.09,nao,sim
2100,17,feminino,ensino_medio,7.7,6.6,3.7,1.7,1.1,4,6,6,3.65,nao,nao
2101,16,masculino,ensino_medio,7.0,5.7,2.6,3.5,6.9,0,4,2,3.77,sim,nao
2102,15,feminino,graduacao,8.9,2.6,2.1,3.9,0.0,4,8,7,3.34,sim,sim
2103,15,feminino,graduacao,5.9,9.1,6.1,4.9,3.9,0,8,7,2.88,sim,sim
2104,21,feminino,graduacao,6.3,6.7,2.8,1.8,0.0,1,9,7,2.75,sim,sim
2105,25,masculino,pos_graduacao,6.6,9.9,5.8,5.0,1.8,1,9,9,3.3,nao,sim
2106,19,prefere_nao_dizer,ensino_medio,7.2,2.0,0.0,3.7,3.1,3,7,9,3.8,nao,sim
2107,27,masculino,ensino_medio,8.6,5.9,1.5,2.2,0.5,1,7,8,3.79,sim,sim
2108,19,feminino,pos_graduacao,7.8,5.7,2.3,2.5,3.3,3,5,3,3.33,nao,nao
2109,18,masculino,graduacao,8.6,5.3,3.1,6.0,0.0,3,5,6,3.59,nao,nao
2110,21,feminino,ensino_medio,8.2,6.2,4.0,1.7,3.0,3,5,5,3.56,nao,nao
2111,18,feminino,graduacao,7.9,7.0,3.8,2.8,1.6,2,8,7,3.14,nao,sim
2112,22,masculino,graduacao,7.9,5.5,1.8,2.6,7.6,1,8,6,3.29,nao,sim
2113,18,masculino,graduacao,7.2,6.9,4.6,3.9,5.8,2,6,7,3.11,nao,nao
2114,23,masculino,pos_graduacao,8.1,5.3,3.5,2.3,5.5,2,8,10,2.99,nao,sim
2115,21,feminino,graduacao,5.9,9.4,4.5,4.5,7.2,1,6,7,2.79,nao,nao
2116,22,masculino,graduacao,7.1,7.1,4.4,5.2,0.6,2,6,7,3.59,sim,nao
2117,20,feminino,graduacao,6.9,7.4,4.1,0.0,1.8,1,7,8,3.04,nao,sim
2118,18,feminino,graduacao,8.5,3.6,2.8,0.9,6.1,2,5,5,3.58,nao,nao
2119,18,feminino,ensino_medio,7.2,7.9,3.3,5.1,2.9,1,9,10,3.14,nao,sim
2120,23,feminino,ensino_medio,6.8,8.4,5.6,3.3,4.0,1,8,6,3.2,sim,sim
2121,17,masculino,graduacao,8.0,8.7,5.2,5.3,3.3,1,6,4,3.8,nao,nao
2122,17,masculino,ensino_medio,9.4,3.1,3.9,4.0,6.1,1,5,6,3.7,sim,nao
2123,23,masculino,ensino_medio,8.4,8.2,4.6,3.0,3.8,4,8,9,3.26,sim,sim
2124,17,feminino,ensino_medio,6.0,7.8,4.3,0.8,2.5,1,7,7,3.24,sim,sim
2125,18,masculino,pos_graduacao,7.8,6.5,2.2,1.2,5.9,3,7,7,3.04,nao,sim
2126,18,masculino,pos_graduacao,7.0,6.7,4.9,4.6,0.8,0,7,8,3.43,sim,sim
2127,20,feminino,pos_graduacao,6.5,6.6,4.6,4.9,2.0,2,8,7,3.18,sim,sim
2128,16,feminino,pos_graduacao,8.3,5.4,3.3,3.3,0.0,2,8,10,3.46,sim,sim
2129,22,feminino,ensino_medio,9.7,3.9,0.0,1.1,3.2,2,5,6,3.72,nao,nao
2130,20,prefere_nao_dizer,graduacao,7.1,4.2,3.7,5.6,4.7,2,4,4,3.33,sim,nao
2131,23,masculino,graduacao,7.4,6.0,2.0,6.1,2.6,2,7,5,3.47,nao,sim
2132,19,nao_binario,ensino_medio,6.1,6.7,4.9,4.9,1.9,3,8,7,2.93,sim,sim
2133,20,feminino,graduacao,6.3,11.2,4.0,4.1,0.7,0,9,7,3.15,nao,sim
2134,19,masculino,graduacao,6.4,8.0,5.9,4.0,4.4,2,8,10,2.98,nao,sim
2135,23,masculino,graduacao,7.7,6.5,3.0,0.4,4.1,0,10,10,3.11,sim,sim
2136,18,masculino,graduacao,8.7,5.9,2.7,5.6,4.6,3,6,7,3.28,nao,nao
2137,23,feminino,ensino_medio,8.2,5.9,1.7,5.8,2.2,2,8,8,2.5,sim,sim
2138,17,feminino,graduacao,8.1,7.2,3.9,5.1,8.2,1,6,6,3.47,nao,nao
2139,20,feminino,graduacao,7.7,5.1,3.6,1.0,1.9,1,8,10,3.21,nao,sim
2140,18,feminino,graduacao,7.9,7.0,4.0,4.9,4.9,5,7,9,3.37,sim,sim
2141,17,feminino,graduacao,6.7,2.8,2.6,2.7,3.9,4,6,5,3.54,sim,nao
2142,21,feminino,ensino_medio,7.8,6.8,3.6,3.2,3.5,4,8,7,2.85,nao,sim
2143,15,masculino,graduacao,8.9,4.3,2.5,1.1,1.7,3,7,7,3.31,nao,sim
2144,19,feminino,graduacao,7.9,3.3,2.5,0.7,0.0,2,9,9,3.11,nao,sim
2145,19,masculino,graduacao,6.9,7.6,5.9,0.6,0.8,0,8,7,3.48,nao,sim
2146,17,masculino,graduacao,8.0,5.7,3.8,2.7,2.8,3,6,5,3.57,nao,nao
2147,20,masculino,ensino_medio,6.1,6.0,3.6,0.4,7.6,0,6,5,2.64,nao,nao
2148,14,nao_binario,graduacao,7.3,4.0,1.2,1.9,3.7,2,6,8,3.32,nao,nao
2149,17,feminino,ensino_medio,5.5,6.6,2.1,3.1,2.8,2,9,10,3.12,nao,sim
2150,22,masculino,ensino_medio,7.6,7.1,4.2,3.0,4.2,2,7,5,3.12,nao,sim
2151,23,masculino,ensino_medio,7.5,9.5,6.2,2.9,2.8,3,9,8,2.87,nao,sim
2152,14,masculino,pos_graduacao,6.6,8.2,5.1,2.8,5.4,3,7,6,3.24,sim,sim
2153,19,feminino,ensino_medio,7.6,7.0,2.5,2.8,8.9,1,5,6,2.98,sim,nao
2154,23,feminino,pos_graduacao,7.6,7.0,3.9,2.3,0.1,3,7,9,3.07,sim,sim
2155,16,feminino,graduacao,7.2,8.8,4.8,3.0,4.0,1,6,7,3.18,sim,nao
2156,25,feminino,pos_graduacao,8.8,5.6,2.6,3.7,3.0,2,6,8,3.4,nao,nao
2157,19,masculino,graduacao,8.1,5.6,4.7,1.4,3.2,2,8,7,2.91,sim,sim
2158,20,masculino,ensino_medio,7.0,3.6,2.4,4.8,7.2,0,5,7,3.81,nao,nao
2159,23,masculino,graduacao,8.7,3.9,0.9,2.5,3.4,1,6,5,3.5,nao,nao
2160,18,masculino,pos_graduacao,8.3,8.2,3.9,1.1,0.0,1,9,9,3.78,nao,sim
2161,19,nao_binario,pos_graduacao,6.3,6.9,3.8,3.6,6.8,2,6,4,3.4,sim,nao
2162,21,nao_binario,pos_graduacao,8.2,1.6,0.0,4.9,6.0,2,5,7,3.17,sim,nao
2163,20,prefere_nao_dizer,graduacao,5.9,8.2,5.6,0.8,2.4,3,8,7,3.1,nao,sim
2164,19,feminino,ensino_medio,7.3,4.8,4.1,0.7,3.4,2,7,5,2.8,sim,sim
2165,17,feminino,pos_graduacao,9.4,7.3,2.3,5.1,1.0,1,7,7,3.82,sim,sim
2166,18,masculino,pos_graduacao,7.1,6.9,4.0,1.3,6.4,2,5,5,3.27,nao,nao
2167,19,feminino,ensino_medio,5.7,8.2,6.3,1.2,3.0,1,6,7,3.22,nao,nao
2168,16,feminino,graduacao,7.0,3.7,2.6,4.0,6.0,2,6,5,3.29,nao,nao
2169,17,feminino,ensino_medio,6.8,4.2,4.1,1.0,2.2,2,7,6,2.75,sim,sim
2170,21,feminino,pos_graduacao,6.8,10.0,6.7,3.9,6.5,4,8,6,2.48,sim,sim
2171,15,feminino,ensino_medio,6.9,10.2,5.9,3.8,6.8,2,8,9,3.15,nao,sim
2172,18,feminino,graduacao,6.1,8.0,3.0,0.7,1.9,1,9,9,2.56,nao,sim
2173,18,nao_binario,graduacao,8.1,3.9,2.9,0.0,0.0,2,5,7,3.57,nao,nao
2174,19,masculino,ensino_medio,8.3,5.4,3.5,1.4,4.2,2,8,9,3.13,nao,sim
2175,17,feminino,graduacao,8.7,5.4,2.6,5.2,4.5,0,6,7,4.0,nao,nao
2176,19,feminino,ensino_medio,7.3,4.9,3.8,2.4,6.1,3,4,2,3.65,sim,nao
2177,17,feminino,graduacao,8.7,5.5,2.7,1.8,6.6,1,6,7,2.92,nao,nao
2178,18,feminino,ensino_medio,7.3,7.3,4.4,1.6,5.0,0,5,3,3.51,nao,nao
2179,17,feminino,graduacao,5.4,10.8,5.1,3.9,0.1,5,10,9,2.49,sim,sim
2180,21,masculino,graduacao,9.0,4.7,3.1,3.3,5.3,2,9,7,3.49,sim,sim
2181,23,masculino,pos_graduacao,7.2,6.6,3.7,2.3,4.1,2,9,8,3.6,sim,sim
2182,24,masculino,graduacao,6.3,9.2,5.3,0.9,4.0,1,8,7,3.03,nao,sim
2183,15,masculino,ensino_medio,7.2,6.8,4.4,3.7,1.6,2,10,10,2.65,nao,sim
2184,21,masculino,graduacao,7.2,10.9,7.4,1.9,0.3,3,10,9,2.15,nao,sim
2185,19,feminino,graduacao,7.3,8.2,2.6,3.4,2.4,1,8,9,3.2,sim,sim
2186,20,feminino,graduacao,7.7,8.0,3.6,0.9,7.6,1,7,6,3.53,sim,sim
2187,24,feminino,graduacao,6.5,8.1,5.4,5.2,0.1,1,10,9,2.97,sim,sim
2188,17,feminino,ensino_medio,5.4,8.4,3.9,2.6,5.5,1,10,9,2.8,nao,sim
2189,21,feminino,graduacao,7.7,7.7,4.8,3.9,5.2,3,7,6,2.66,sim,sim
2190,15,masculino,ensino_medio,7.3,7.7,3.8,4.2,7.5,0,9,10,2.62,nao,sim
2191,21,feminino,graduacao,6.6,6.3,2.9,0.1,0.0,0,8,9,3.1,sim,sim
2192,25,masculino,ensino_medio,6.5,9.0,6.4,1.4,4.5,0,9,9,2.87,nao,sim
2193,23,feminino,ensino_medio,7.8,7.9,5.5,3.3,7.1,2,8,7,3.32,sim,sim
2194,18,masculino,graduacao,7.0,6.0,3.8,0.0,1.8,1,6,8,3.27,nao,nao
2195,19,masculino,graduacao,6.0,8.8,4.8,1.1,6.6,1,8,8,3.06,sim,sim
2196,18,feminino,graduacao,7.7,6.0,3.7,4.7,2.7,3,9,9,3.35,sim,sim
2197,18,masculino,ensino_medio,7.9,2.9,0.7,3.8,5.4,1,4,6,3.89,sim,nao
2198,14,masculino,ensino_medio,7.0,7.3,4.6,3.6,1.7,0,9,9,2.14,sim,sim
2199,16,masculino,ensino_medio,8.3,7.1,5.1,4.8,2.0,1,8,9,2.93,sim,sim
2200,17,masculino,ensino_medio,6.9,5.2,2.4,5.1,4.8,2,5,5,3.25,sim,nao
2201,21,masculino,ensino_medio,6.0,7.4,5.0,5.0,4.0,3,5,6,3.34,nao,nao
2202,18,nao_binario,ensino_medio,7.4,3.3,1.7,3.0,1.5,0,6,6,3.38,nao,nao
2203,21,masculino,ensino_medio,7.1,10.1,5.6,0.7,6.4,4,8,8,2.97,nao,sim
2204,22,masculino,ensino_medio,7.6,4.3,2.0,1.7,6.4,1,4,3,3.12,nao,nao
2205,23,feminino,ensino_medio,7.0,9.6,4.9,2.5,0.0,0,9,9,3.28,nao,sim
2206,17,feminino,graduacao,5.7,10.0,6.8,4.1,1.8,3,10,9,2.92,nao,sim
2207,23,masculino,graduacao,5.7,10.8,5.0,0.7,7.8,4,9,10,2.52,sim,sim
2208,14,masculino,pos_graduacao,6.4,6.9,3.0,4.0,1.8,3,10,10,2.7,sim,sim
2209,17,masculino,ensino_medio,8.4,4.5,3.8,3.1,0.0,3,6,5,3.19,nao,nao
2210,25,masculino,graduacao,8.5,8.0,3.7,2.8,7.5,2,8,10,3.21,nao,sim
2211,20,feminino,ensino_medio,7.9,6.1,3.7,7.3,0.5,0,6,8,3.9,nao,nao
2212,21,masculino,graduacao,7.1,6.6,2.4,1.7,0.0,5,6,7,3.49,nao,nao
2213,22,masculino,graduacao,7.7,9.7,5.5,4.2,0.0,4,9,9,2.94,sim,sim
2214,22,masculino,graduacao,7.2,6.7,2.2,2.2,2.8,2,7,7,3.28,nao,sim
2215,18,feminino,pos_graduacao,7.4,6.1,2.9,4.4,6.4,3,7,8,3.24,nao,sim
2216,21,feminino,graduacao,8.5,5.6,3.4,0.6,4.0,1,7,5,3.71,sim,sim
2217,20,feminino,graduacao,7.8,6.7,5.3,2.6,6.1,2,7,5,3.33,nao,sim
2218,15,feminino,graduacao,6.1,5.4,3.6,2.9,3.0,5,8,10,2.81,sim,sim
2219,22,feminino,graduacao,7.7,6.0,2.8,4.2,0.0,0,8,10,3.35,nao,sim
2220,14,masculino,graduacao,6.6,7.7,4.8,2.4,5.2,4,9,8,2.76,nao,sim
2221,14,masculino,graduacao,7.8,3.8,2.4,4.1,6.0,0,6,4,3.37,nao,nao
2222,19,feminino,graduacao,8.0,5.2,1.9,0.4,6.8,4,6,7,3.44,sim,nao
2223,18,masculino,pos_graduacao,8.2,6.6,5.0,3.2,0.6,0,6,7,3.34,nao,nao
2224,25,feminino,graduacao,5.7,10.3,4.2,2.8,1.6,1,10,8,2.78,sim,sim
2225,15,feminino,graduacao,7.9,7.5,3.3,4.0,4.6,2,7,8,3.45,nao,sim
2226,18,feminino,graduacao,5.6,8.3,3.8,5.5,0.0,2,8,8,3.17,nao,sim
2227,22,feminino,graduacao,6.2,6.6,2.8,2.9,1.3,1,7,9,2.99,sim,sim
2228,16,masculino,graduacao,7.6,7.4,5.0,3.6,3.3,2,8,10,2.98,nao,sim
2229,17,masculino,graduacao,7.3,6.6,3.8,1.7,4.2,5,7,5,2.79,nao,sim
2230,22,feminino,ensino_medio,8.6,6.7,4.2,1.5,0.0,1,9,8,3.56,nao,sim
2231,23,feminino,graduacao,8.1,3.2,1.2,3.7,4.1,1,6,6,3.4,sim,nao
2232,25,feminino,ensino_medio,8.2,5.6,4.4,3.8,5.0,2,6,4,3.75,nao,nao
2233,16,masculino,graduacao,8.8,7.4,2.0,1.4,7.5,3,5,4,3.78,sim,nao
2234,16,feminino,ensino_medio,7.3,8.9,6.2,2.4,5.5,2,4,6,3.89,nao,nao
2235,14,masculino,graduacao,6.5,7.8,4.5,2.7,0.0,1,7,5,3.58,sim,sim
2236,23,masculino,pos_graduacao,9.2,4.4,2.3,3.5,5.9,4,7,9,4.0,sim,sim
2237,23,feminino,pos_graduacao,8.5,7.5,2.9,4.5,2.3,2,10,10,3.38,nao,sim
2238,17,masculino,ensino_medio,7.1,7.4,4.7,2.3,6.4,1,8,7,3.06,sim,sim
2239,22,feminino,ensino_medio,8.0,7.7,5.4,1.9,7.0,1,7,5,3.51,nao,sim
2240,23,masculino,graduacao,8.5,6.9,2.4,3.8,2.7,5,9,10,3.42,nao,sim
2241,19,masculino,ensino_medio,8.9,2.4,0.4,1.4,2.3,1,5,7,3.96,nao,nao
2242,23,masculino,graduacao,8.2,3.3,2.5,3.6,2.5,3,5,3,3.29,nao,nao
2243,21,feminino,graduacao,7.8,4.7,2.4,2.5,5.6,1,7,9,3.96,sim,sim
2244,18,masculino,graduacao,7.9,4.3,0.7,8.7,3.9,2,7,6,3.51,nao,sim
2245,19,masculino,ensino_medio,6.3,7.6,5.4,2.8,2.8,1,8,10,2.96,nao,sim
2246,15,feminino,graduacao,8.0,2.0,2.0,3.0,2.7,3,6,5,3.4,nao,nao
2247,24,masculino,graduacao,6.2,10.0,4.1,3.0,1.7,2,9,10,3.02,sim,sim
2248,18,feminino,graduacao,7.0,10.5,6.2,5.3,7.2,4,8,10,2.89,nao,sim
2249,23,masculino,pos_graduacao,8.6,7.4,3.7,4.3,2.6,1,6,7,3.28,sim,nao
2250,22,masculino,ensino_medio,7.9,6.4,3.5,3.7,3.8,3,10,8,2.94,sim,sim
2251,17,masculino,graduacao,8.1,4.1,2.0,3.9,2.0,1,7,8,3.08,nao,sim
2252,20,feminino,ensino_medio,7.3,5.0,2.7,1.0,5.5,1,5,7,3.27,nao,nao
2253,15,masculino,ensino_medio,6.1,7.2,3.4,3.5,8.3,1,6,6,2.97,sim,nao
2254,21,masculino,graduacao,7.9,6.9,4.9,4.1,4.3,1,6,4,3.72,nao,nao
2255,17,feminino,graduacao,7.1,9.1,4.4,2.9,3.6,3,10,8,3.13,nao,sim
2256,19,feminino,pos_graduacao,8.6,5.5,2.6,4.6,5.7,2,5,5,3.77,nao,nao
2257,19,feminino,graduacao,7.8,5.3,2.5,3.6,5.3,2,7,7,3.9,sim,sim
2258,15,feminino,graduacao,6.3,9.6,6.1,4.3,1.0,1,9,8,3.23,nao,sim
2259,17,masculino,ensino_medio,7.6,5.0,2.2,3.7,2.3,3,7,7,3.64,sim,sim
2260,24,prefere_nao_dizer,ensino_medio,7.0,5.8,3.5,5.1,0.8,2,9,10,2.67,nao,sim
2261,24,feminino,graduacao,5.8,8.5,4.7,4.0,3.5,2,9,9,3.45,nao,sim
2262,16,feminino,graduacao,7.3,9.3,5.4,0.7,0.7,2,8,9,3.09,nao,sim
2263,19,prefere_nao_dizer,graduacao,7.6,5.9,3.9,4.5,6.7,3,4,6,3.87,sim,nao
2264,19,feminino,pos_graduacao,9.7,3.0,1.9,4.9,2.8,1,4,2,4.0,sim,nao
2265,18,feminino,graduacao,6.2,11.9,7.8,2.6,6.5,2,9,8,2.82,nao,sim
2266,22,prefere_nao_dizer,graduacao,6.7,4.5,2.6,3.2,7.7,4,7,6,3.58,sim,sim
2267,23,masculino,graduacao,7.1,7.4,4.5,4.2,5.0,3,7,5,2.98,nao,sim
2268,18,feminino,graduacao,6.5,8.1,4.5,3.4,5.1,1,7,5,3.45,nao,sim
2269,21,feminino,graduacao,6.9,6.0,4.2,3.5,1.9,3,7,7,2.98,nao,sim
2270,18,masculino,graduacao,6.5,4.7,2.8,6.5,0.6,2,10,8,3.29,nao,sim
2271,23,feminino,graduacao,7.0,4.1,0.0,3.2,6.2,2,4,2,3.95,sim,nao
2272,21,masculino,graduacao,8.4,8.3,4.0,3.2,4.0,1,7,5,3.24,nao,sim
2273,17,feminino,graduacao,7.7,2.7,2.5,2.9,8.3,3,7,8,3.61,nao,sim
2274,20,nao_binario,graduacao,7.4,6.7,3.9,3.5,4.1,1,7,8,2.98,nao,sim
2275,17,feminino,ensino_medio,6.9,6.3,3.5,2.3,1.5,3,7,9,2.99,nao,sim
2276,23,masculino,graduacao,5.7,7.4,3.8,4.4,2.9,3,9,9,2.69,nao,sim
2277,17,feminino,graduacao,7.3,6.0,3.3,0.7,0.5,0,9,10,2.98,nao,sim
2278,20,masculino,graduacao,7.4,8.3,4.8,3.8,3.0,2,9,9,3.06,nao,sim
2279,17,prefere_nao_dizer,graduacao,7.0,6.5,3.4,4.1,0.0,4,9,10,3.46,sim,sim
2280,21,masculino,graduacao,9.3,6.2,2.3,2.7,1.0,1,8,7,3.7,nao,sim
2281,18,masculino,graduacao,7.5,3.1,2.2,1.8,5.5,2,7,6,3.41,sim,sim
2282,16,feminino,ensino_medio,7.3,7.2,3.8,4.2,0.8,0,7,8,3.33,sim,sim
2283,19,masculino,ensino_medio,5.8,7.5,3.9,5.6,5.0,1,8,7,2.87,nao,sim
2284,21,masculino,graduacao,7.6,6.5,2.0,0.0,0.9,2,8,9,3.48,sim,sim
2285,16,masculino,graduacao,8.2,7.3,2.7,4.5,3.7,2,8,7,3.42,sim,sim
2286,17,masculino,graduacao,8.1,5.6,3.4,4.8,2.9,3,6,4,3.38,sim,nao
2287,21,masculino,graduacao,6.7,1.9,0.0,1.7,4.3,0,7,9,3.87,nao,sim
2288,20,masculino,pos_graduacao,8.1,5.7,3.5,5.3,3.5,2,8,7,3.58,nao,sim
2289,24,feminino,graduacao,7.2,4.9,3.5,3.2,1.8,2,6,6,3.62,sim,nao
2290,14,masculino,ensino_medio,6.5,7.1,1.3,1.0,6.4,0,5,7,3.71,nao,nao
2291,20,masculino,ensino_medio,8.5,4.1,2.0,3.8,0.0,3,8,10,3.31,nao,sim
2292,24,feminino,pos_graduacao,7.3,8.9,4.3,3.6,1.3,2,8,10,3.3,nao,sim
2293,23,feminino,graduacao,7.2,7.5,2.1,2.3,0.0,1,10,8,3.09,nao,sim
2294,22,feminino,graduacao,7.1,8.0,5.9,5.3,1.1,0,10,10,2.82,sim,sim
2295,19,masculino,graduacao,8.4,6.1,4.9,2.8,3.1,1,8,9,3.15,sim,sim
2296,21,nao_binario,pos_graduacao,8.3,6.9,3.9,3.9,0.0,5,6,4,3.03,sim,nao
2297,19,masculino,graduacao,7.2,7.5,5.1,2.6,5.1,3,10,10,2.34,nao,sim
2298,14,feminino,ensino_medio,8.6,4.8,3.5,2.5,6.5,1,6,6,4.0,nao,nao
2299,18,masculino,graduacao,7.7,7.4,5.1,1.6,6.5,2,8,7,3.72,nao,sim
2300,21,feminino,graduacao,10.2,4.0,2.1,5.6,0.0,3,4,2,4.0,nao,nao
2301,22,feminino,ensino_medio,5.7,9.8,4.8,3.9,2.9,3,8,8,2.64,sim,sim
2302,21,feminino,graduacao,8.9,5.6,4.5,2.3,4.6,1,6,7,3.1,nao,nao
2303,16,masculino,graduacao,7.1,6.9,1.9,3.4,5.7,2,7,9,3.46,nao,sim
2304,20,masculino,graduacao,9.7,5.2,1.7,4.8,3.5,1,6,4,3.67,sim,nao
2305,21,masculino,pos_graduacao,8.0,4.0,4.0,3.1,1.6,3,6,5,3.04,nao,nao
2306,15,feminino,graduacao,7.1,9.4,5.2,4.0,4.9,3,9,10,3.08,sim,sim
2307,23,masculino,graduacao,7.3,7.1,2.8,2.2,5.0,3,9,8,3.29,nao,sim
2308,22,masculino,pos_graduacao,8.7,1.4,0.0,3.2,4.9,0,4,3,3.58,nao,nao
2309,19,feminino,graduacao,7.3,3.1,3.0,0.7,5.0,1,5,6,3.8,nao,nao
2310,19,feminino,graduacao,7.5,6.2,2.7,3.1,7.2,1,4,6,3.53,sim,nao
2311,15,masculino,ensino_medio,6.9,7.8,4.4,2.2,3.3,0,5,6,3.2,nao,nao
2312,21,feminino,graduacao,7.2,6.5,2.6,5.0,0.9,2,7,5,3.3,nao,sim
2313,18,feminino,graduacao,6.5,7.3,3.4,2.3,3.6,1,9,7,2.63,nao,sim
2314,18,masculino,graduacao,8.3,4.0,0.0,2.0,1.3,2,6,6,3.89,nao,nao
2315,19,masculino,graduacao,6.2,10.7,7.1,4.3,5.1,1,9,10,2.95,nao,sim
2316,14,masculino,graduacao,7.9,6.0,3.0,2.1,6.5,0,7,8,3.0,nao,sim
2317,21,masculino,graduacao,7.6,7.3,4.2,3.3,5.2,3,7,9,3.41,nao,sim
2318,25,feminino,ensino_medio,8.2,3.9,2.2,3.0,0.3,2,6,4,3.25,nao,nao
2319,21,nao_binario,ensino_medio,9.0,6.2,3.0,2.9,4.9,2,6,6,3.2,nao,nao
2320,18,masculino,graduacao,6.3,9.6,5.5,1.8,11.1,3,5,3,3.21,nao,nao
2321,23,feminino,graduacao,6.5,7.5,2.6,4.6,2.4,1,10,10,3.33,nao,sim
2322,16,masculino,ensino_medio,8.5,3.8,1.0,2.2,3.2,4,5,5,3.04,nao,nao
2323,18,feminino,ensino_medio,7.1,8.6,7.1,3.8,3.5,0,10,9,2.63,sim,sim
2324,20,feminino,ensino_medio,9.0,4.3,2.2,3.7,4.3,1,6,4,4.0,sim,nao
2325,14,feminino,ensino_medio,8.8,1.0,1.3,4.1,1.8,2,7,8,3.3,nao,sim
2326,22,masculino,graduacao,6.8,6.6,2.3,2.5,6.5,2,7,8,3.68,nao,sim
2327,19,masculino,graduacao,8.0,2.3,0.7,2.5,8.4,2,4,4,3.38,nao,nao
2328,22,feminino,pos_graduacao,7.7,7.1,3.5,4.0,0.5,2,10,10,3.2,sim,sim
2329,20,masculino,pos_graduacao,9.0,1.6,0.0,2.3,3.5,0,4,4,3.81,sim,nao
2330,21,masculino,graduacao,8.8,5.0,5.4,2.5,3.2,2,6,6,3.45,sim,nao
2331,23,masculino,ensino_medio,7.2,9.4,6.0,2.6,1.3,1,7,9,2.84,sim,sim
2332,20,masculino,graduacao,6.4,8.4,2.2,3.0,7.5,2,6,4,3.12,nao,nao
2333,21,feminino,graduacao,6.9,8.1,7.1,2.7,4.1,2,8,8,3.17,nao,sim
2334,17,nao_binario,graduacao,6.2,8.0,4.4,3.0,3.0,1,8,9,3.36,sim,sim
2335,21,nao_binario,ensino_medio,6.4,9.2,5.1,1.8,0.8,4,9,8,2.76,sim,sim
2336,18,prefere_nao_dizer,graduacao,7.4,3.1,2.8,3.2,3.8,2,7,9,3.39,nao,sim
2337,21,nao_binario,ensino_medio,4.9,11.5,5.9,4.4,3.5,2,8,8,3.36,nao,sim
2338,18,masculino,ensino_medio,9.0,6.7,3.9,2.1,5.9,3,7,5,3.6,nao,sim
2339,20,masculino,ensino_medio,7.8,4.0,2.2,3.9,4.8,3,4,6,3.97,sim,nao
2340,19,feminino,graduacao,8.0,5.3,3.4,6.0,5.9,2,6,6,3.08,sim,nao
2341,19,feminino,graduacao,8.7,4.8,3.1,1.5,3.6,1,6,5,3.0,nao,nao
2342,16,masculino,graduacao,6.8,9.7,6.0,3.0,6.4,0,7,9,2.78,nao,sim
2343,21,masculino,graduacao,5.9,8.5,4.9,3.4,4.7,1,8,6,2.77,nao,sim
2344,21,feminino,graduacao,8.5,8.8,5.6,2.9,7.5,0,9,8,3.28,nao,sim
2345,21,masculino,ensino_medio,6.3,9.0,6.1,1.5,0.7,3,10,10,2.71,nao,sim
2346,22,feminino,graduacao,6.9,8.9,4.1,3.3,4.8,3,10,9,3.18,sim,sim
2347,15,feminino,ensino_medio,7.3,6.5,2.6,2.3,2.1,2,8,9,3.33,nao,sim
2348,16,feminino,graduacao,7.1,8.1,3.5,4.0,3.5,0,7,5,3.22,sim,sim
2349,19,feminino,graduacao,7.7,9.1,4.4,6.1,5.6,2,8,8,3.35,sim,sim
2350,16,masculino,pos_graduacao,6.6,8.2,5.5,3.4,2.6,3,9,8,2.69,nao,sim
2351,20,feminino,graduacao,7.0,6.5,4.9,5.4,2.1,2,6,4,3.01,sim,nao
2352,20,masculino,graduacao,7.9,7.1,3.4,1.8,7.1,6,6,5,3.54,nao,nao
2353,16,masculino,graduacao,7.0,7.9,4.3,3.5,3.3,2,6,6,3.48,nao,nao
2354,21,feminino,ensino_medio,8.8,3.3,1.6,3.8,5.0,1,5,7,3.8,sim,nao
2355,22,masculino,pos_graduacao,8.4,4.5,3.5,1.6,4.7,3,7,6,3.47,sim,sim
2356,19,feminino,graduacao,7.0,6.2,4.0,1.3,4.2,0,6,6,3.15,nao,nao
2357,19,feminino,ensino_medio,6.0,10.5,7.7,2.9,2.9,2,10,10,3.11,nao,sim
2358,20,feminino,ensino_medio,8.0,5.4,3.7,0.3,7.8,1,6,8,3.11,nao,nao
2359,25,feminino,graduacao,6.5,11.6,6.3,4.5,5.8,3,9,8,2.59,nao,sim
2360,22,feminino,graduacao,8.4,3.6,2.3,2.4,2.7,1,7,6,3.39,nao,sim
2361,19,feminino,graduacao,8.4,6.7,3.5,3.7,0.6,2,8,8,3.23,nao,sim
2362,19,masculino,graduacao,6.2,10.6,7.6,4.0,0.5,3,10,9,2.13,sim,sim
2363,20,feminino,graduacao,7.4,7.1,1.9,3.2,4.7,2,8,10,2.94,nao,sim
2364,19,feminino,ensino_medio,7.5,5.2,3.5,1.3,7.2,1,5,4,3.66,nao,nao
2365,21,feminino,pos_graduacao,7.1,7.9,5.1,1.3,0.0,0,8,7,3.6,nao,sim
2366,22,feminino,ensino_medio,7.3,4.6,3.9,3.2,0.0,2,8,9,3.18,nao,sim
2367,29,masculino,graduacao,6.1,7.3,4.9,1.2,0.0,1,9,9,2.69,nao,sim
2368,18,feminino,graduacao,8.3,2.3,1.8,1.9,8.5,2,5,5,3.84,nao,nao
2369,20,feminino,graduacao,8.8,6.2,3.0,2.4,5.0,5,6,7,3.56,sim,nao
2370,25,feminino,ensino_medio,7.2,5.8,3.2,1.1,2.8,3,7,6,3.08,sim,sim
2371,14,feminino,graduacao,7.5,6.6,3.1,3.9,0.0,1,7,6,3.68,nao,sim
2372,20,masculino,graduacao,6.9,8.3,4.1,2.9,3.6,3,9,10,2.97,nao,sim
2373,17,feminino,pos_graduacao,6.5,7.6,4.9,4.8,2.2,4,8,6,3.38,nao,sim
2374,23,prefere_nao_dizer,graduacao,7.2,5.9,3.9,5.8,1.5,2,9,7,3.74,nao,sim
2375,20,feminino,graduacao,7.2,7.8,3.9,1.5,4.2,3,8,8,3.38,nao,sim
2376,21,masculino,graduacao,5.4,11.0,5.3,0.0,0.0,1,10,10,2.31,nao,sim
2377,27,feminino,ensino_medio,7.4,3.2,0.8,2.7,6.1,1,6,8,3.45,nao,nao
2378,18,masculino,ensino_medio,7.3,5.2,3.5,3.2,0.2,3,9,8,2.87,nao,sim
2379,19,feminino,ensino_medio,5.9,10.2,4.4,1.0,6.6,5,10,10,2.82,nao,sim
2380,22,masculino,graduacao,7.1,4.1,0.8,3.6,0.0,3,7,9,3.59,nao,sim
2381,18,feminino,graduacao,9.0,3.4,2.6,2.6,2.7,3,7,6,3.59,nao,sim
2382,21,feminino,ensino_medio,9.5,3.6,1.1,5.3,3.1,2,5,4,4.0,sim,nao
2383,17,feminino,pos_graduacao,7.2,5.2,3.9,2.1,6.3,3,5,3,3.53,nao,nao
2384,18,feminino,graduacao,8.2,6.6,2.8,0.9,5.8,1,6,5,3.57,nao,nao
2385,21,feminino,graduacao,8.9,3.1,0.9,0.4,6.3,1,6,6,3.24,nao,nao
2386,19,masculino,pos_graduacao,7.2,8.3,4.6,1.6,3.3,4,5,7,3.79,nao,nao
2387,20,feminino,ensino_medio,7.0,9.3,4.3,4.4,6.2,1,7,7,2.95,nao,sim
2388,23,feminino,graduacao,8.2,6.4,2.2,3.7,1.1,1,9,10,3.44,nao,sim
2389,21,masculino,graduacao,6.4,5.0,2.4,3.1,0.0,2,9,10,3.34,nao,sim
2390,20,feminino,pos_graduacao,6.6,8.6,6.5,2.6,8.2,0,6,5,2.87,sim,nao
2391,22,feminino,graduacao,6.6,6.2,3.1,3.6,5.1,2,8,10,2.93,sim,sim
2392,20,masculino,graduacao,7.7,5.4,3.0,2.1,0.7,3,8,7,3.0,nao,sim
2393,14,masculino,graduacao,7.5,6.1,3.2,5.0,4.7,4,9,9,3.19,nao,sim
2394,15,feminino,ensino_medio,7.3,4.3,2.6,1.2,1.6,0,8,6,3.03,nao,sim
2395,21,masculino,ensino_medio,9.3,5.4,3.4,4.0,5.4,4,5,5,3.21,nao,nao
2396,21,masculino,graduacao,7.6,8.6,4.9,2.6,2.5,1,7,9,3.06,nao,sim
2397,24,masculino,graduacao,5.6,8.4,5.8,5.4,3.1,0,10,10,3.46,nao,sim
2398,19,masculino,ensino_medio,8.0,7.5,4.9,2.0,3.5,3,6,5,3.83,nao,nao
2399,14,masculino,graduacao,6.6,9.1,5.1,2.7,6.8,2,8,6,2.98,nao,sim
2400,20,feminino,graduacao,6.0,8.0,4.5,1.4,7.2,0,8,10,3.35,nao,sim
2401,25,feminino,ensino_medio,7.9,9.1,8.3,3.1,2.7,0,6,6,2.82,nao,nao
2402,17,feminino,graduacao,7.5,6.1,4.0,4.5,0.0,3,6,8,3.89,nao,nao
2403,17,masculino,graduacao,8.1,9.3,6.6,2.9,1.7,2,7,5,2.83,sim,sim
2404,18,masculino,graduacao,6.1,9.0,7.3,4.0,5.1,1,10,9,2.95,nao,sim
2405,21,nao_binario,ensino_medio,6.4,8.6,3.6,1.4,0.5,0,10,10,2.81,nao,sim
2406,19,masculino,ensino_medio,7.4,6.0,3.3,6.1,8.6,2,7,5,2.85,sim,sim
2407,15,feminino,pos_graduacao,9.3,4.3,1.6,3.1,0.0,6,5,4,3.29,nao,nao
2408,22,masculino,graduacao,7.4,5.7,1.5,1.7,1.0,0,8,6,3.24,nao,sim
2409,23,feminino,graduacao,8.2,4.6,1.2,1.6,0.0,2,7,8,3.38,nao,sim
2410,21,feminino,graduacao,10.1,2.9,1.0,2.5,4.2,3,6,7,4.0,nao,nao
2411,16,feminino,graduacao,7.5,5.8,4.1,0.9,1.4,3,7,9,3.19,sim,sim
2412,18,feminino,graduacao,8.0,6.9,4.0,2.4,4.2,3,9,8,3.47,nao,sim
2413,22,feminino,ensino_medio,6.3,6.9,4.4,4.1,4.5,3,6,4,3.48,nao,nao
2414,17,masculino,graduacao,4.7,11.2,6.5,2.6,4.9,2,10,10,2.46,sim,sim
2415,17,nao_binario,pos_graduacao,7.2,4.5,3.9,4.2,0.4,1,9,8,3.65,nao,sim
2416,16,feminino,graduacao,9.3,3.0,0.3,4.8,2.7,0,6,7,3.54,sim,nao
2417,20,feminino,pos_graduacao,5.9,8.3,5.7,1.4,7.6,0,5,7,3.24,sim,nao
2418,22,nao_binario,graduacao,7.7,10.0,5.0,2.3,1.1,2,8,8,3.1,nao,sim
2419,20,masculino,ensino_medio,5.8,8.0,5.1,1.2,1.8,5,8,7,2.63,nao,sim
2420,19,feminino,ensino_medio,7.5,7.3,4.7,4.4,2.9,1,5,6,3.14,nao,nao
2421,19,masculino,graduacao,7.3,7.2,4.3,3.0,4.3,2,7,5,3.02,nao,sim
2422,15,feminino,pos_graduacao,7.0,4.0,1.9,5.5,1.9,2,5,7,3.34,sim,nao
2423,23,masculino,pos_graduacao,6.3,9.0,3.0,4.0,4.1,3,7,9,3.71,nao,sim
2424,21,masculino,pos_graduacao,6.9,7.5,4.0,3.1,4.1,1,8,6,3.22,sim,sim
2425,19,feminino,graduacao,7.4,4.4,2.2,4.7,5.6,0,7,7,4.0,sim,sim
2426,17,feminino,graduacao,7.0,3.7,1.0,5.5,5.5,0,7,9,3.36,nao,sim
2427,17,feminino,graduacao,7.9,7.5,3.6,2.9,0.0,0,8,10,2.88,sim,sim
2428,19,masculino,ensino_medio,6.6,4.6,0.9,2.6,4.3,0,7,6,3.01,nao,sim
2429,23,feminino,graduacao,6.5,6.5,3.5,2.9,2.3,0,9,7,3.05,nao,sim
2430,15,masculino,graduacao,6.7,7.4,3.8,1.5,0.0,1,9,10,3.36,sim,sim
2431,18,masculino,ensino_medio,8.0,4.6,2.7,3.6,6.6,2,6,4,3.79,nao,nao
2432,17,feminino,ensino_medio,7.7,7.7,3.8,3.2,0.2,0,8,8,2.99,nao,sim
2433,21,feminino,ensino_medio,6.8,6.7,4.8,1.9,0.0,2,10,9,2.67,nao,sim
2434,19,feminino,graduacao,6.4,6.9,5.2,5.2,1.9,1,8,10,2.99,nao,sim
2435,18,masculino,graduacao,7.0,5.0,2.0,3.1,2.9,2,6,7,3.79,nao,nao
2436,20,feminino,graduacao,7.8,5.7,2.9,5.2,2.3,3,7,7,3.38,nao,sim
2437,15,feminino,graduacao,5.3,10.7,6.2,3.4,9.6,2,9,10,2.92,nao,sim
2438,18,masculino,graduacao,6.1,9.7,5.0,2.7,2.6,2,10,10,2.65,nao,sim
2439,19,masculino,graduacao,7.5,3.4,0.9,2.8,0.5,2,8,6,3.17,nao,sim
2440,14,feminino,graduacao,5.3,8.2,5.9,2.3,4.9,4,9,7,3.0,nao,sim
2441,22,feminino,graduacao,7.6,4.6,4.2,4.4,0.0,1,7,5,2.82,sim,sim
2442,21,masculino,pos_graduacao,7.6,6.0,2.4,5.1,0.0,1,7,8,3.73,nao,sim
2443,19,masculino,ensino_medio,8.6,3.6,1.8,1.3,6.4,2,5,4,4.0,nao,nao
2444,17,feminino,graduacao,7.8,5.8,5.4,3.3,6.7,1,6,8,3.13,nao,nao
2445,25,feminino,pos_graduacao,7.1,5.7,2.3,3.6,0.5,2,7,6,2.98,nao,sim
2446,22,masculino,pos_graduacao,7.8,4.2,3.0,2.5,9.4,0,4,5,3.69,nao,nao
2447,15,masculino,graduacao,7.8,4.7,2.2,2.6,2.2,2,9,10,2.99,nao,sim
2448,16,masculino,graduacao,8.3,5.8,3.0,4.4,0.1,1,7,5,3.72,nao,sim
2449,14,feminino,graduacao,7.8,7.8,5.8,1.7,4.6,2,7,9,3.11,sim,sim
2450,18,masculino,graduacao,8.9,5.6,3.5,0.5,2.4,3,8,8,3.45,nao,sim
2451,17,masculino,graduacao,7.1,7.5,1.9,4.2,1.8,3,7,5,3.27,nao,sim
2452,21,masculino,ensino_medio,9.5,2.4,1.7,2.4,1.3,1,4,3,3.96,nao,nao
2453,22,feminino,graduacao,7.6,5.1,3.1,5.0,1.3,2,7,8,3.13,sim,sim
2454,17,feminino,graduacao,7.8,5.3,1.5,2.9,4.9,0,6,6,3.74,nao,nao
2455,20,feminino,pos_graduacao,6.8,6.8,3.9,4.0,5.3,4,8,8,3.2,nao,sim
2456,18,masculino,ensino_medio,7.5,7.3,2.9,4.1,3.5,3,7,9,2.98,sim,sim
2457,24,masculino,graduacao,6.6,4.7,1.9,3.0,7.0,1,5,7,3.19,sim,nao
2458,18,feminino,ensino_medio,7.8,8.1,5.0,2.5,2.8,2,7,7,2.93,nao,sim
2459,22,masculino,ensino_medio,7.1,8.0,6.1,1.9,4.9,3,9,10,3.05,nao,sim
2460,19,masculino,graduacao,7.4,7.7,4.7,4.1,6.3,0,8,9,3.76,sim,sim
2461,22,masculino,graduacao,7.9,5.2,1.3,6.4,6.8,0,7,6,3.15,sim,sim
2462,18,feminino,pos_graduacao,9.1,3.8,3.9,4.0,1.8,1,7,7,3.24,sim,sim
2463,19,masculino,graduacao,7.3,8.2,5.1,3.9,3.3,3,7,8,3.61,nao,sim
2464,18,feminino,graduacao,6.3,6.9,3.5,1.9,3.9,2,9,10,3.27,nao,sim
2465,20,masculino,pos_graduacao,6.6,6.6,3.7,4.3,9.8,0,8,9,3.49,nao,sim
2466,22,feminino,ensino_medio,7.6,5.5,3.1,5.0,3.6,5,8,8,3.08,sim,sim
2467,20,feminino,graduacao,6.8,6.0,2.1,2.9,0.0,0,9,9,3.47,nao,sim
2468,19,masculino,pos_graduacao,7.2,4.1,0.3,2.5,7.9,2,8,8,4.0,nao,sim
2469,16,feminino,ensino_medio,5.9,9.7,4.1,2.8,1.8,2,8,9,3.26,nao,sim
2470,17,feminino,ensino_medio,7.4,6.9,4.9,2.2,3.7,1,7,6,3.54,sim,sim
2471,18,masculino,ensino_medio,8.1,7.2,5.4,5.7,0.1,0,7,9,2.69,nao,sim
2472,22,feminino,graduacao,9.9,1.0,0.0,6.1,4.1,0,3,3,4.0,sim,nao
2473,20,feminino,ensino_medio,8.4,4.8,1.5,4.1,5.8,1,8,8,3.63,nao,sim
2474,18,masculino,graduacao,7.0,6.9,2.6,4.0,0.9,0,7,9,3.42,sim,sim
2475,19,feminino,graduacao,7.5,6.0,1.0,2.1,6.2,0,7,8,3.59,nao,sim
2476,19,masculino,ensino_medio,7.8,5.2,5.4,3.6,6.7,2,6,5,3.22,nao,nao
2477,17,masculino,graduacao,6.9,6.5,1.9,2.2,5.2,4,9,7,3.12,nao,sim
2478,19,feminino,graduacao,8.1,4.9,2.1,3.4,2.2,3,8,10,3.68,sim,sim
2479,19,feminino,graduacao,8.0,6.2,3.9,5.9,3.2,0,5,4,3.96,nao,nao
2480,17,nao_binario,graduacao,7.3,5.2,2.7,2.5,1.8,3,6,6,2.61,nao,nao
2481,20,feminino,graduacao,4.6,8.8,5.3,3.2,1.6,0,9,9,2.54,sim,sim
2482,16,masculino,ensino_medio,6.6,5.3,4.0,2.2,5.4,1,6,8,3.43,sim,nao
2483,16,nao_binario,graduacao,8.0,6.1,3.5,2.8,5.6,2,6,8,3.59,sim,nao
2484,22,masculino,ensino_medio,6.5,5.5,4.3,3.4,3.5,2,6,6,2.99,nao,nao
2485,17,nao_binario,graduacao,7.7,6.5,3.5,2.7,5.4,1,7,9,3.61,nao,sim
2486,22,masculino,graduacao,5.5,12.0,5.7,4.4,3.6,0,10,9,2.26,nao,sim
2487,18,masculino,graduacao,7.1,10.8,6.8,2.2,2.3,3,10,8,2.45,nao,sim
2488,21,masculino,graduacao,6.8,8.9,6.0,2.7,0.2,1,10,8,2.8,nao,sim
2489,16,masculino,graduacao,5.5,7.8,5.1,3.3,1.4,0,10,10,2.71,nao,sim
2490,22,masculino,graduacao,7.5,5.9,2.9,3.6,3.9,1,7,5,3.43,nao,sim
2491,17,masculino,pos_graduacao,7.2,6.9,2.7,5.7,3.1,2,8,6,3.38,nao,sim
2492,15,feminino,graduacao,7.2,6.6,4.3,5.1,0.8,1,8,8,3.05,nao,sim
2493,17,masculino,graduacao,6.4,7.5,5.2,0.6,5.0,1,10,10,3.18,nao,sim
2494,19,nao_binario,ensino_medio,8.1,4.8,3.1,1.4,5.4,1,7,9,3.23,nao,sim
2495,16,masculino,ensino_medio,7.6,4.8,2.1,1.5,2.8,1,6,6,3.68,nao,nao
2496,20,masculino,graduacao,8.3,5.1,2.1,3.5,6.2,2,5,3,3.32,nao,nao
2497,18,masculino,ensino_medio,7.8,4.5,1.7,3.1,0.0,2,5,6,3.28,nao,nao
2498,19,masculino,graduacao,7.9,5.3,4.6,6.9,5.3,0,8,10,3.14,sim,sim
2499,18,feminino,graduacao,6.7,8.0,3.6,3.8,9.1,1,6,8,2.8,nao,nao
2500,16,feminino,ensino_medio,7.1,6.6,3.3,2.5,5.3,2,8,7,3.08,sim,sim
2501,25,masculino,graduacao,7.7,6.6,3.6,3.1,0.0,3,7,9,3.57,sim,sim
2502,22,feminino,graduacao,7.2,8.3,3.9,3.0,3.7,2,7,7,3.03,nao,sim
2503,16,masculino,graduacao,7.7,4.7,2.2,3.0,6.5,2,6,6,3.52,nao,nao
2504,21,masculino,ensino_medio,6.6,7.9,1.7,1.4,0.0,1,10,10,3.39,nao,sim
2505,24,feminino,graduacao,7.0,9.8,4.2,1.8,0.0,5,9,8,3.14,nao,sim
2506,16,feminino,ensino_medio,6.3,7.2,4.9,4.3,8.9,3,6,5,3.39,nao,nao
2507,26,feminino,pos_graduacao,7.9,4.2,2.3,3.5,3.3,3,6,4,3.68,sim,nao
2508,17,feminino,graduacao,7.0,5.1,2.8,1.6,1.7,3,7,6,3.14,nao,sim
2509,16,masculino,ensino_medio,8.4,4.3,2.1,3.7,0.0,3,6,4,3.49,nao,nao
2510,23,feminino,graduacao,7.2,4.4,2.6,3.4,4.4,1,5,4,3.16,nao,nao
2511,19,masculino,ensino_medio,7.6,6.0,3.2,4.9,3.5,4,7,7,3.57,nao,sim
2512,14,masculino,ensino_medio,6.5,6.2,4.0,6.0,2.6,2,9,7,2.25,nao,sim
2513,22,feminino,graduacao,8.1,3.8,3.7,0.7,7.3,2,6,6,3.24,nao,nao
2514,19,feminino,ensino_medio,7.2,6.5,3.9,2.9,1.1,1,8,7,3.25,nao,sim
2515,19,masculino,graduacao,6.9,6.5,4.4,3.3,3.8,1,7,7,3.07,nao,sim
2516,20,feminino,pos_graduacao,7.2,6.6,4.3,3.4,0.9,0,8,6,3.66,sim,sim
2517,20,masculino,ensino_medio,5.8,9.2,6.2,6.6,4.0,3,9,9,3.03,sim,sim
2518,18,feminino,pos_graduacao,7.5,5.1,4.3,0.4,4.2,2,7,9,3.05,sim,sim
2519,19,feminino,graduacao,8.1,2.8,0.9,3.2,3.2,2,7,6,3.93,sim,sim
2520,18,feminino,graduacao,8.1,6.5,3.8,4.0,0.0,1,6,6,3.4,nao,nao
2521,16,feminino,ensino_medio,6.6,8.7,3.7,3.2,3.7,0,8,10,3.31,sim,sim
2522,21,masculino,graduacao,10.8,2.3,1.4,3.4,8.2,1,3,3,3.91,nao,nao
2523,19,masculino,graduacao,6.5,6.2,3.3,3.5,0.0,0,10,10,3.18,nao,sim
2524,19,masculino,pos_graduacao,7.7,6.5,4.1,3.8,3.4,1,8,8,3.55,nao,sim
2525,23,nao_binario,graduacao,6.5,5.0,3.5,3.6,7.7,5,5,3,3.72,nao,nao
2526,18,masculino,graduacao,7.7,2.9,0.8,2.0,1.3,2,7,7,3.06,sim,sim
2527,24,feminino,graduacao,6.9,10.2,6.0,3.0,1.6,1,10,9,2.77,nao,sim
2528,20,feminino,ensino_medio,8.1,6.0,2.9,3.7,7.1,2,7,8,3.46,sim,sim
2529,21,feminino,graduacao,7.9,4.5,1.9,2.0,2.9,0,8,8,3.06,sim,sim
2530,14,feminino,graduacao,5.9,9.0,5.7,2.8,4.8,3,7,7,2.91,sim,sim
2531,24,masculino,ensino_medio,8.9,3.5,1.7,0.5,3.3,2,7,9,3.14,sim,sim
2532,19,feminino,ensino_medio,8.8,4.9,2.6,3.4,4.1,3,4,3,4.0,nao,nao
2533,28,feminino,ensino_medio,7.6,3.0,0.8,2.2,9.2,2,7,9,3.41,nao,sim
2534,14,feminino,graduacao,8.0,4.1,1.7,4.1,0.0,2,8,6,3.4,nao,sim
2535,23,masculino,pos_graduacao,8.4,4.7,2.7,2.4,4.5,1,3,1,3.62,nao,nao
2536,24,masculino,graduacao,7.1,7.3,4.6,5.4,9.0,1,7,6,2.93,sim,sim
2537,21,feminino,graduacao,6.5,8.5,2.7,3.4,3.8,1,8,9,3.5,nao,sim
2538,20,masculino,pos_graduacao,6.7,8.6,2.4,4.1,5.6,3,10,10,2.71,nao,sim
2539,20,prefere_nao_dizer,pos_graduacao,7.0,5.7,1.8,2.7,5.4,3,7,8,3.62,nao,sim
2540,18,masculino,graduacao,4.8,8.9,5.6,3.9,4.0,3,8,10,2.16,nao,sim
2541,21,feminino,graduacao,7.5,3.7,2.3,4.0,7.6,3,5,7,3.05,sim,nao
2542,19,feminino,graduacao,7.1,9.6,7.4,1.6,2.6,3,8,6,3.02,sim,sim
2543,17,feminino,graduacao,6.5,6.3,4.4,1.4,1.0,1,8,9,2.93,nao,sim
2544,17,masculino,ensino_medio,7.1,8.5,6.2,0.8,0.0,1,7,9,3.66,nao,sim
2545,16,feminino,graduacao,7.5,7.3,4.3,4.4,1.2,1,8,7,3.7,nao,sim
2546,15,feminino,pos_graduacao,9.2,6.7,2.0,2.1,5.7,1,8,8,3.6,nao,sim
2547,22,feminino,graduacao,6.7,8.6,4.6,3.8,4.0,2,9,10,2.74,nao,sim
2548,16,feminino,graduacao,8.6,5.5,3.4,3.3,6.4,1,6,6,3.62,nao,nao
2549,15,feminino,graduacao,7.0,8.6,5.7,2.3,6.0,2,8,10,3.13,sim,sim
2550,15,feminino,graduacao,6.1,5.9,2.2,1.8,0.6,1,9,10,3.14,nao,sim
2551,16,feminino,graduacao,4.8,13.1,6.8,3.7,3.6,1,10,10,1.97,nao,sim
2552,20,feminino,graduacao,8.2,3.8,3.5,2.7,5.7,1,7,7,4.0,nao,sim
2553,20,masculino,graduacao,8.5,7.6,2.7,1.7,6.3,5,6,5,3.58,nao,nao
2554,20,feminino,graduacao,7.7,7.2,4.6,2.4,2.5,2,6,5,3.45,nao,nao
2555,26,feminino,graduacao,6.6,8.5,4.7,0.8,4.2,2,9,8,2.72,nao,sim
2556,22,masculino,ensino_medio,8.1,4.7,4.5,5.0,7.2,2,4,3,3.28,nao,nao
2557,19,masculino,pos_graduacao,7.1,5.6,3.3,4.0,2.4,2,7,6,3.31,sim,sim
2558,18,masculino,ensino_medio,7.9,4.3,2.1,4.2,3.4,2,7,5,3.18,sim,sim
2559,19,masculino,graduacao,6.2,7.4,3.8,3.8,1.7,2,9,10,2.81,nao,sim
2560,14,feminino,graduacao,6.6,9.5,6.0,5.1,1.7,1,8,7,2.96,sim,sim
2561,16,feminino,ensino_medio,8.1,6.3,4.8,3.2,2.4,2,8,10,3.08,nao,sim
2562,20,masculino,graduacao,8.1,8.3,4.0,2.1,0.8,3,10,10,3.27,nao,sim
2563,19,feminino,ensino_medio,7.7,12.9,7.2,2.2,2.3,1,8,8,3.16,nao,sim
2564,17,masculino,graduacao,9.2,6.5,4.7,4.3,2.3,2,7,8,3.28,nao,sim
2565,23,feminino,ensino_medio,8.0,1.3,0.9,1.4,2.4,1,6,5,3.18,nao,nao
2566,14,feminino,graduacao,8.9,7.0,3.7,4.7,2.6,2,9,7,3.75,nao,sim
2567,18,feminino,graduacao,7.4,8.9,6.0,2.7,1.9,2,8,6,3.04,nao,sim
2568,18,masculino,pos_graduacao,8.8,4.3,3.8,4.5,4.0,1,4,3,2.82,sim,nao
2569,24,masculino,ensino_medio,8.8,5.0,2.0,3.3,6.9,1,6,7,3.33,nao,nao
2570,26,feminino,graduacao,7.2,4.4,2.7,2.4,0.6,4,6,6,3.36,nao,nao
2571,17,masculino,graduacao,7.8,7.7,4.9,5.2,0.8,1,9,8,3.33,nao,sim
2572,22,masculino,ensino_medio,6.4,5.0,1.9,3.2,0.2,5,8,8,3.27,sim,sim
2573,22,feminino,ensino_medio,5.9,10.0,6.2,1.6,5.3,1,8,8,2.54,nao,sim
2574,20,masculino,graduacao,6.0,8.4,4.0,1.8,5.2,0,9,10,3.35,nao,sim
2575,14,masculino,ensino_medio,7.4,10.8,6.9,3.5,1.4,0,9,10,2.39,sim,sim
2576,16,masculino,pos_graduacao,7.9,7.5,5.0,1.9,6.5,3,7,8,3.3,nao,sim
2577,21,feminino,graduacao,6.6,8.6,6.3,2.8,6.2,0,8,10,2.72,sim,sim
2578,21,nao_binario,ensino_medio,6.9,8.3,2.5,3.2,3.7,0,8,8,3.72,nao,sim
2579,16,masculino,ensino_medio,8.6,4.9,4.3,2.7,0.0,2,8,10,3.7,nao,sim
2580,17,feminino,graduacao,7.4,8.5,4.3,5.8,2.2,1,6,5,3.63,sim,nao
2581,15,feminino,graduacao,7.6,8.3,4.4,4.6,3.7,3,7,9,3.2,nao,sim
2582,22,masculino,graduacao,6.6,4.4,1.4,1.8,2.4,0,8,6,3.35,sim,sim
2583,19,masculino,graduacao,8.1,2.2,0.6,3.7,5.3,1,6,6,3.49,nao,nao
2584,14,masculino,graduacao,6.7,6.6,4.3,4.9,1.3,0,9,9,2.91,nao,sim
2585,27,masculino,graduacao,6.2,7.0,2.1,2.1,3.1,3,9,10,2.88,nao,sim
2586,22,masculino,ensino_medio,7.6,4.2,1.8,1.3,1.5,0,6,6,4.0,nao,nao
2587,15,feminino,graduacao,7.4,7.5,3.5,4.3,0.4,1,8,7,3.39,nao,sim
2588,15,masculino,pos_graduacao,5.9,7.1,3.8,2.8,1.2,1,9,10,2.68,nao,sim
2589,16,feminino,ensino_medio,6.0,7.4,1.6,2.4,4.1,0,9,10,3.28,nao,sim
2590,14,feminino,graduacao,8.7,4.9,2.0,4.0,0.5,1,6,6,3.52,nao,nao
2591,21,feminino,ensino_medio,7.1,7.2,3.3,3.0,6.7,2,6,7,3.43,sim,nao
2592,14,masculino,graduacao,6.4,7.8,3.8,3.8,5.1,3,10,8,2.75,sim,sim
2593,25,masculino,ensino_medio,7.1,9.3,5.0,5.8,1.9,2,8,6,3.41,nao,sim
2594,22,feminino,graduacao,8.0,2.9,0.9,5.3,2.7,2,6,8,3.61,sim,nao
2595,24,feminino,graduacao,5.8,13.6,9.0,4.9,5.2,0,8,9,2.98,nao,sim
2596,21,feminino,graduacao,6.2,9.6,6.2,5.3,0.0,0,9,7,2.72,nao,sim
2597,20,masculino,graduacao,7.3,7.2,3.9,4.8,0.0,2,7,9,2.87,nao,sim
2598,20,feminino,graduacao,7.7,7.5,4.7,4.4,2.0,0,7,9,3.01,nao,sim
2599,23,masculino,graduacao,8.5,3.0,3.6,3.3,0.6,0,6,4,3.6,nao,nao
2600,15,feminino,ensino_medio,7.6,5.9,4.7,2.8,1.7,2,7,7,2.87,nao,sim
2601,19,masculino,graduacao,7.8,8.6,4.2,4.3,0.0,0,7,6,3.2,nao,sim
2602,17,masculino,graduacao,6.6,5.8,4.7,1.3,0.0,0,8,8,2.97,nao,sim
2603,20,masculino,graduacao,6.7,5.2,2.9,2.6,4.3,3,7,6,3.37,sim,sim
2604,16,masculino,graduacao,8.9,6.5,3.9,2.8,5.3,0,7,8,3.12,nao,sim
2605,20,masculino,ensino_medio,7.0,7.2,4.3,4.4,0.1,1,9,7,3.11,sim,sim
2606,22,feminino,pos_graduacao,9.0,5.2,2.3,3.0,5.4,1,6,8,3.66,nao,nao
2607,21,masculino,ensino_medio,6.5,6.9,6.0,4.5,5.6,1,7,7,2.81,nao,sim
2608,21,feminino,graduacao,6.4,7.4,4.4,3.1,2.6,1,9,10,3.31,nao,sim
2609,18,masculino,ensino_medio,8.2,4.8,4.8,0.5,0.3,2,9,9,3.16,sim,sim
2610,15,masculino,ensino_medio,7.4,4.3,2.6,4.4,4.2,2,6,8,3.28,nao,nao
2611,22,feminino,graduacao,7.1,6.8,1.5,2.4,2.9,3,9,10,3.36,nao,sim
2612,24,masculino,graduacao,7.1,6.6,2.7,1.4,3.8,0,7,9,3.5,sim,sim
2613,15,feminino,graduacao,6.1,5.1,2.2,4.2,3.8,1,8,9,3.23,nao,sim
2614,20,prefere_nao_dizer,graduacao,7.0,7.0,2.8,0.4,5.9,2,8,9,3.51,nao,sim
2615,14,masculino,graduacao,6.8,7.7,4.2,3.2,3.4,4,7,8,3.25,nao,sim
2616,20,feminino,ensino_medio,8.0,4.7,2.0,3.4,1.0,2,6,4,3.87,nao,nao
2617,20,feminino,graduacao,6.7,5.9,2.3,4.5,7.5,4,7,5,2.95,nao,sim
2618,15,masculino,ensino_medio,7.3,6.8,3.6,1.0,4.3,0,7,5,3.27,nao,sim
2619,24,masculino,ensino_medio,7.0,9.3,6.1,3.8,0.0,0,7,6,2.95,sim,sim
2620,20,masculino,graduacao,6.6,7.2,4.1,4.8,7.5,1,5,3,3.35,nao,nao
2621,23,masculino,graduacao,7.1,7.8,3.7,2.3,3.7,1,9,9,3.57,nao,sim
2622,28,feminino,graduacao,8.7,4.5,2.5,2.4,3.4,2,6,6,3.36,nao,nao
2623,18,masculino,ensino_medio,5.7,10.4,6.5,4.3,0.9,1,10,10,2.76,nao,sim
2624,17,masculino,ensino_medio,7.5,4.3,2.2,3.9,1.8,0,6,4,3.08,sim,nao
2625,23,masculino,graduacao,8.3,8.0,2.4,2.4,4.3,4,6,4,4.0,sim,nao
2626,19,masculino,ensino_medio,8.3,6.7,2.6,3.6,0.0,0,7,9,3.42,sim,sim
2627,14,feminino,graduacao,8.2,5.6,2.3,4.8,4.4,0,5,4,3.51,nao,nao
2628,16,masculino,graduacao,8.7,5.4,2.5,1.6,4.2,1,6,6,3.91,nao,nao
2629,22,feminino,pos_graduacao,7.8,7.7,4.5,2.8,0.3,0,8,6,3.16,nao,sim
2630,22,feminino,ensino_medio,8.7,4.5,3.1,5.7,3.8,0,8,9,3.6,nao,sim
2631,21,masculino,graduacao,7.6,5.8,1.1,2.4,3.3,0,7,9,3.54,nao,sim
2632,21,prefere_nao_dizer,graduacao,8.0,3.7,0.3,2.8,2.9,0,5,5,3.82,nao,nao
2633,16,masculino,graduacao,7.6,5.8,4.9,4.7,3.4,4,7,7,3.97,sim,sim
2634,17,feminino,ensino_medio,6.0,7.8,4.4,1.0,2.7,3,8,7,3.05,sim,sim
2635,21,masculino,graduacao,8.0,6.7,4.0,2.6,4.0,1,6,8,3.55,sim,nao
2636,21,masculino,ensino_medio,7.2,3.9,2.2,4.1,3.0,2,9,9,2.67,nao,sim
2637,22,feminino,graduacao,7.8,6.4,5.0,1.8,7.3,2,7,5,2.72,nao,sim
2638,20,prefere_nao_dizer,graduacao,5.8,11.3,5.6,3.7,0.3,2,9,9,2.79,sim,sim
2639,17,feminino,pos_graduacao,8.2,3.5,0.2,2.5,0.0,0,9,9,3.14,sim,sim
2640,17,nao_binario,graduacao,6.7,7.0,2.1,1.1,0.0,0,8,9,2.96,nao,sim
2641,22,feminino,graduacao,5.7,8.7,4.2,0.9,0.0,3,10,10,2.6,nao,sim
2642,24,masculino,ensino_medio,7.9,3.7,1.6,0.5,3.0,4,8,9,3.9,sim,sim
2643,15,feminino,ensino_medio,7.5,5.4,1.9,3.6,1.5,4,6,8,3.61,nao,nao
2644,25,feminino,graduacao,6.5,9.0,4.7,3.2,5.6,3,9,10,3.28,nao,sim
2645,19,masculino,graduacao,8.3,4.5,1.6,1.8,3.6,1,5,5,4.0,nao,nao
2646,22,nao_binario,graduacao,7.5,7.9,4.3,3.9,2.6,2,8,8,2.96,nao,sim
2647,18,feminino,pos_graduacao,6.7,8.1,3.9,3.3,4.1,3,7,8,3.63,sim,sim
2648,20,masculino,graduacao,8.2,4.8,4.5,4.2,2.2,0,8,7,2.75,nao,sim
2649,20,masculino,ensino_medio,7.5,6.5,3.2,3.9,5.4,2,7,7,3.69,nao,sim
2650,17,feminino,graduacao,5.8,11.5,6.8,3.9,0.0,2,9,10,2.64,sim,sim
2651,24,feminino,graduacao,6.3,5.3,2.1,5.0,1.4,0,9,8,3.06,nao,sim
2652,19,masculino,graduacao,7.5,9.5,5.2,3.5,3.2,0,8,10,3.49,nao,sim
2653,22,masculino,ensino_medio,8.3,8.0,2.4,3.4,4.0,0,7,7,3.53,nao,sim
2654,18,feminino,ensino_medio,8.1,6.7,5.4,3.4,4.5,1,6,8,3.46,nao,nao
2655,23,feminino,graduacao,7.0,7.1,1.8,4.9,6.7,1,7,8,3.1,nao,sim
2656,19,feminino,graduacao,5.6,8.7,4.4,5.7,4.0,3,9,10,2.97,sim,sim
2657,20,feminino,graduacao,7.5,5.1,2.9,2.0,5.4,0,5,6,3.47,nao,nao
2658,16,feminino,graduacao,7.8,6.4,0.6,3.1,9.4,1,6,5,3.48,sim,nao
2659,17,feminino,pos_graduacao,8.5,1.3,0.6,6.4,6.4,2,4,4,3.87,sim,nao
2660,18,masculino,ensino_medio,6.6,11.1,6.6,2.6,3.9,2,8,7,2.75,nao,sim
2661,17,feminino,graduacao,7.7,6.2,4.2,0.1,0.5,1,7,9,3.54,nao,sim
2662,18,masculino,ensino_medio,7.8,8.0,5.3,1.4,6.9,5,6,5,3.46,nao,nao
2663,24,prefere_nao_dizer,ensino_medio,6.3,8.1,4.6,2.3,7.4,1,6,6,3.12,nao,nao
2664,17,feminino,pos_graduacao,8.2,7.0,3.0,1.4,5.6,1,5,7,3.28,nao,nao
2665,20,feminino,graduacao,7.3,5.4,5.3,4.5,8.6,1,7,6,3.1,sim,sim
2666,20,masculino,graduacao,7.7,3.9,1.7,4.7,3.6,2,7,8,3.24,nao,sim
2667,20,feminino,graduacao,8.2,3.4,3.4,2.0,4.1,2,6,5,3.84,sim,nao
2668,21,masculino,graduacao,8.7,4.6,2.7,3.2,6.1,0,5,4,3.59,nao,nao
2669,21,masculino,pos_graduacao,7.6,7.4,4.2,1.1,4.0,0,7,8,3.49,sim,sim
2670,14,masculino,graduacao,5.9,8.3,5.6,4.3,10.1,2,5,5,3.2,nao,nao
2671,19,masculino,graduacao,6.9,5.8,3.7,4.2,8.6,1,6,7,3.15,nao,nao
2672,20,masculino,ensino_medio,9.6,6.7,3.3,1.6,3.7,0,5,6,4.0,nao,nao
2673,19,masculino,ensino_medio,8.1,6.4,1.7,4.7,0.4,1,7,7,2.97,nao,sim
2674,21,feminino,graduacao,8.1,4.8,3.8,2.5,5.4,1,5,3,3.66,sim,nao
2675,21,feminino,graduacao,6.4,7.9,3.8,2.6,4.9,1,10,9,3.0,nao,sim
2676,19,masculino,graduacao,7.3,8.4,4.4,2.1,5.3,2,10,10,3.14,nao,sim
2677,23,feminino,graduacao,8.1,1.0,0.0,2.5,3.9,2,5,5,3.64,nao,nao
2678,19,feminino,graduacao,7.2,9.2,3.7,1.4,4.3,4,8,8,2.51,nao,sim
2679,26,masculino,ensino_medio,8.4,5.0,2.6,0.9,1.9,1,5,3,3.61,sim,nao
2680,15,feminino,ensino_medio,7.4,8.8,4.0,3.9,5.7,1,7,9,3.32,nao,sim
2681,20,masculino,ensino_medio,9.0,7.3,4.5,4.8,0.0,2,9,8,3.54,sim,sim
2682,26,masculino,graduacao,7.6,7.0,3.7,2.3,4.2,2,7,7,3.29,sim,sim
2683,21,feminino,graduacao,7.1,5.7,5.2,3.4,6.4,2,4,2,3.12,sim,nao
2684,29,feminino,ensino_medio,6.9,3.6,1.6,1.4,1.4,1,7,6,3.59,nao,sim
2685,22,masculino,ensino_medio,9.6,3.4,2.3,1.7,5.6,2,5,3,3.52,nao,nao
2686,19,masculino,graduacao,8.4,2.1,3.5,3.5,3.3,1,4,6,3.66,nao,nao
2687,20,feminino,graduacao,7.3,6.8,3.2,1.9,0.4,2,10,10,2.85,nao,sim
2688,24,feminino,ensino_medio,6.1,5.9,1.3,4.1,0.0,1,7,6,3.39,nao,sim
2689,17,masculino,ensino_medio,6.5,8.6,4.5,2.1,0.0,2,10,10,3.06,nao,sim
2690,17,masculino,ensino_medio,6.8,7.2,3.9,5.4,3.8,1,7,8,3.11,nao,sim
2691,19,feminino,pos_graduacao,8.8,6.6,4.3,5.1,8.1,2,7,7,3.85,nao,sim
2692,20,feminino,graduacao,7.8,4.9,4.3,5.7,1.6,2,6,7,3.71,nao,nao
2693,15,feminino,ensino_medio,7.0,7.9,4.1,4.1,0.0,3,8,6,3.25,nao,sim
2694,18,feminino,ensino_medio,7.7,4.2,2.5,1.0,6.4,1,7,7,3.16,nao,sim
2695,16,masculino,graduacao,8.3,6.2,1.2,3.8,0.9,1,8,10,3.67,nao,sim
2696,17,masculino,pos_graduacao,4.8,9.8,6.0,3.6,0.0,0,10,10,2.7,nao,sim
2697,18,masculino,graduacao,6.8,7.5,4.4,2.8,2.6,1,9,7,2.83,nao,sim
2698,14,masculino,ensino_medio,8.2,3.7,0.9,2.5,7.6,0,4,3,4.0,nao,nao
2699,24,masculino,ensino_medio,8.1,5.7,6.4,2.7,2.1,1,5,7,3.34,nao,nao
2700,25,feminino,graduacao,8.0,4.3,2.6,1.7,0.0,4,9,7,3.34,nao,sim
2701,23,feminino,graduacao,7.7,7.8,4.1,3.0,8.1,2,6,5,3.56,sim,nao
2702,16,feminino,ensino_medio,7.2,6.8,3.1,1.9,3.7,4,7,8,3.15,nao,sim
2703,25,masculino,graduacao,6.7,9.1,6.2,1.4,5.9,3,8,7,2.86,nao,sim
2704,15,feminino,pos_graduacao,6.7,9.7,5.2,2.2,1.6,3,8,7,3.61,nao,sim
2705,21,feminino,graduacao,9.1,4.8,3.1,2.4,2.5,0,7,5,3.66,nao,sim
2706,23,masculino,pos_graduacao,7.1,7.7,3.9,3.1,2.4,1,7,6,3.21,sim,sim
2707,21,feminino,graduacao,8.3,4.6,2.5,4.1,0.0,1,5,7,3.13,nao,nao
2708,18,masculino,ensino_medio,7.9,8.3,4.5,0.2,4.5,2,7,7,2.84,sim,sim
2709,18,feminino,pos_graduacao,7.7,7.6,4.1,4.6,2.9,1,6,4,3.51,nao,nao
2710,17,feminino,ensino_medio,6.8,7.2,4.2,6.3,2.8,1,8,9,3.04,sim,sim
2711,15,masculino,graduacao,6.9,5.9,2.5,6.4,4.2,3,7,6,3.4,nao,sim
2712,15,masculino,graduacao,7.6,6.5,5.0,1.5,4.8,2,7,9,3.23,sim,sim
2713,21,feminino,graduacao,9.8,2.8,1.7,2.8,4.4,3,6,6,3.93,nao,nao
2714,17,feminino,graduacao,7.8,8.9,5.9,2.4,2.4,1,8,7,3.25,sim,sim
2715,22,feminino,graduacao,7.3,1.7,1.5,3.2,1.0,3,5,5,4.0,nao,nao
2716,14,feminino,graduacao,7.9,9.5,3.8,6.5,5.8,0,8,8,3.29,nao,sim
2717,24,masculino,graduacao,8.7,3.7,4.0,2.3,0.0,4,7,6,3.24,nao,sim
2718,21,masculino,graduacao,5.7,8.9,5.2,1.4,4.0,1,7,6,2.93,sim,sim
2719,21,feminino,ensino_medio,6.7,5.6,2.0,4.7,3.9,3,6,6,3.34,nao,nao
2720,19,nao_binario,ensino_medio,7.1,6.3,5.0,3.9,0.7,0,10,10,2.69,nao,sim
2721,23,masculino,ensino_medio,7.0,5.8,1.5,2.9,2.0,1,9,8,3.17,sim,sim
2722,22,feminino,graduacao,9.6,4.3,4.0,3.5,5.5,0,5,7,3.72,nao,nao
2723,19,masculino,graduacao,8.8,4.6,2.4,5.8,1.2,0,5,6,3.59,sim,nao
2724,19,masculino,ensino_medio,6.3,11.1,7.0,3.3,4.4,2,9,8,2.84,nao,sim
2725,17,feminino,graduacao,9.1,3.9,2.6,3.0,0.7,4,6,5,2.86,nao,nao
2726,17,feminino,graduacao,9.0,7.7,2.9,1.7,2.8,3,7,8,3.52,sim,sim
2727,18,feminino,graduacao,7.7,5.0,2.0,3.4,2.1,1,5,4,3.32,sim,nao
2728,22,feminino,ensino_medio,5.9,8.5,4.8,2.1,4.6,5,6,4,3.4,nao,nao
2729,16,feminino,graduacao,8.5,6.6,3.8,2.5,2.4,2,5,6,3.35,nao,nao
2730,21,masculino,graduacao,7.7,8.0,4.7,3.5,4.2,2,9,10,3.43,nao,sim
2731,18,masculino,pos_graduacao,7.3,7.5,5.2,3.9,0.0,2,10,9,2.66,sim,sim
2732,16,masculino,pos_graduacao,7.4,4.8,1.1,3.2,4.0,2,7,6,2.87,nao,sim
2733,21,feminino,ensino_medio,8.1,5.6,4.3,5.7,3.0,0,6,8,3.36,nao,nao
2734,18,feminino,graduacao,6.6,6.1,2.8,3.7,0.6,1,8,10,3.38,nao,sim
2735,17,masculino,graduacao,8.2,5.5,3.0,2.4,1.3,1,9,10,3.24,nao,sim
2736,20,masculino,graduacao,6.7,4.4,3.9,4.4,3.2,3,8,6,3.7,nao,sim
2737,17,masculino,graduacao,5.8,9.2,4.5,4.8,1.5,2,9,7,2.62,nao,sim
2738,21,feminino,graduacao,7.8,7.6,5.5,2.3,1.2,1,10,9,3.19,sim,sim
2739,17,feminino,ensino_medio,5.9,5.7,2.0,4.6,7.3,0,5,6,3.69,nao,nao
2740,17,feminino,graduacao,8.5,4.2,3.4,2.9,3.6,1,7,8,3.59,sim,sim
2741,16,feminino,ensino_medio,7.9,6.1,3.5,3.3,6.3,1,5,5,3.24,sim,nao
2742,21,masculino,ensino_medio,7.3,3.3,1.7,2.0,1.8,0,7,7,3.46,sim,sim
2743,14,feminino,graduacao,7.5,7.5,4.1,0.0,3.0,2,7,6,3.33,nao,sim
2744,21,masculino,pos_graduacao,7.4,5.5,2.5,4.6,0.4,1,7,9,3.05,sim,sim
2745,21,feminino,graduacao,7.3,5.4,1.3,2.2,7.0,0,5,5,3.19,nao,nao
2746,17,masculino,graduacao,6.4,9.1,7.0,3.5,1.4,3,10,10,2.94,nao,sim
2747,15,masculino,ensino_medio,6.7,5.3,3.5,3.7,4.8,0,5,3,3.56,sim,nao
2748,15,masculino,graduacao,7.0,10.1,4.6,4.4,3.4,1,9,10,2.96,nao,sim
2749,20,masculino,graduacao,7.6,4.3,3.4,1.8,7.9,3,5,4,3.62,nao,nao
2750,20,masculino,graduacao,6.7,4.4,1.6,2.4,5.6,0,6,8,3.68,sim,nao
2751,19,masculino,graduacao,7.7,5.8,2.7,3.7,3.4,1,7,6,4.0,nao,sim
2752,23,feminino,ensino_medio,8.3,6.5,3.5,4.5,2.3,2,7,6,3.63,nao,sim
2753,16,feminino,graduacao,6.0,4.7,4.5,4.1,6.6,1,8,6,3.12,nao,sim
2754,20,feminino,pos_graduacao,6.8,9.9,4.6,1.8,0.0,0,7,7,2.85,sim,sim
2755,17,feminino,pos_graduacao,7.8,7.3,4.1,4.0,2.4,2,6,5,3.14,sim,nao
2756,18,feminino,ensino_medio,7.3,4.4,2.3,2.7,5.6,4,6,5,3.06,nao,nao
2757,19,masculino,graduacao,7.1,5.4,3.8,4.3,2.2,1,6,5,3.35,nao,nao
2758,14,masculino,graduacao,8.1,7.2,4.2,3.7,2.5,3,7,6,3.13,sim,sim
2759,14,feminino,pos_graduacao,7.2,6.0,1.4,2.2,6.2,0,7,9,3.79,nao,sim
2760,21,feminino,ensino_medio,8.7,4.6,1.8,5.3,9.5,2,4,6,3.84,nao,nao
2761,20,feminino,graduacao,5.8,8.7,5.2,3.9,2.6,1,10,8,3.38,nao,sim
2762,18,feminino,pos_graduacao,5.4,10.5,6.7,3.9,0.6,1,9,10,2.68,sim,sim
2763,18,masculino,graduacao,8.4,6.4,4.3,3.3,3.5,2,7,7,3.29,sim,sim
2764,14,masculino,graduacao,6.8,7.4,3.8,3.7,4.2,0,7,6,3.36,sim,sim
2765,20,feminino,ensino_medio,7.2,9.2,5.4,2.9,3.2,2,9,10,3.15,sim,sim
2766,17,masculino,ensino_medio,6.7,4.9,2.5,6.0,2.0,3,8,9,2.17,sim,sim
2767,17,feminino,pos_graduacao,6.8,10.4,5.3,2.7,3.9,2,7,8,2.61,nao,sim
2768,16,feminino,ensino_medio,7.7,3.9,3.5,2.9,2.3,6,8,7,3.3,nao,sim
2769,19,masculino,pos_graduacao,6.9,7.5,5.0,2.9,0.7,1,7,7,2.96,nao,sim
2770,18,feminino,graduacao,6.6,4.9,2.4,5.5,2.8,2,8,8,2.77,sim,sim
2771,15,feminino,graduacao,8.8,3.9,3.7,2.9,4.2,2,5,4,3.63,sim,nao
2772,25,masculino,graduacao,7.1,5.1,2.7,4.8,6.3,1,6,4,3.45,nao,nao
2773,20,feminino,graduacao,7.0,5.6,2.0,3.0,7.2,0,6,4,3.35,sim,nao
2774,23,masculino,graduacao,8.0,5.2,3.3,4.0,3.3,4,6,7,3.4,nao,nao
2775,16,masculino,pos_graduacao,7.2,8.6,5.0,5.9,1.8,2,10,9,2.67,nao,sim
2776,23,feminino,graduacao,8.5,6.6,4.4,2.1,3.8,2,5,3,3.42,sim,nao
2777,17,masculino,graduacao,7.3,8.0,3.3,4.6,4.7,2,7,9,3.51,nao,sim
2778,15,feminino,pos_graduacao,6.7,8.0,3.0,1.1,0.0,2,10,10,2.74,sim,sim
2779,22,masculino,ensino_medio,5.9,6.2,3.9,2.6,2.8,1,9,10,2.91,sim,sim
2780,22,feminino,graduacao,6.9,3.8,0.6,2.8,2.4,2,8,10,3.12,nao,sim
2781,17,masculino,ensino_medio,6.7,8.3,4.1,3.1,5.3,2,10,8,2.83,nao,sim
2782,20,prefere_nao_dizer,graduacao,8.0,4.6,1.4,2.4,3.9,5,7,7,3.05,nao,sim
2783,18,masculino,ensino_medio,6.8,9.9,4.8,3.7,3.6,2,9,10,3.03,nao,sim
2784,23,masculino,graduacao,8.3,8.7,5.2,2.7,7.9,2,5,5,3.48,nao,nao
2785,19,feminino,ensino_medio,7.2,6.5,4.6,2.8,2.0,1,8,10,2.76,sim,sim
2786,17,masculino,pos_graduacao,7.2,1.3,0.0,2.7,2.1,1,8,8,3.29,nao,sim
2787,23,feminino,pos_graduacao,7.1,7.2,4.4,2.6,4.4,2,8,7,3.1,sim,sim
2788,20,feminino,graduacao,5.6,10.9,4.8,3.5,1.6,2,10,8,2.95,nao,sim
2789,23,feminino,ensino_medio,9.2,6.0,1.6,3.1,3.7,6,6,5,3.51,nao,nao
2790,23,masculino,graduacao,8.3,5.1,2.6,3.8,7.9,3,4,4,3.47,nao,nao
2791,15,masculino,ensino_medio,6.6,6.5,4.4,4.1,6.6,2,6,4,3.07,sim,nao
2792,22,masculino,graduacao,6.0,7.6,4.9,3.2,1.0,0,9,7,3.05,sim,sim
2793,20,feminino,graduacao,6.1,8.5,5.4,2.2,0.0,1,10,10,2.7,sim,sim
2794,19,masculino,ensino_medio,7.6,6.0,3.8,2.2,0.0,2,10,9,2.86,sim,sim
2795,15,feminino,graduacao,7.7,4.7,3.8,2.7,4.2,2,7,9,3.09,nao,sim
2796,18,masculino,ensino_medio,6.2,10.6,7.0,6.2,1.5,2,10,8,3.14,sim,sim
2797,19,feminino,graduacao,7.6,2.7,3.6,1.3,2.9,1,6,8,3.54,sim,nao
2798,21,masculino,ensino_medio,6.2,8.7,3.3,2.7,2.3,4,9,8,3.01,nao,sim
2799,18,masculino,ensino_medio,5.9,7.9,4.6,2.4,3.3,5,9,10,2.94,nao,sim
2800,21,masculino,graduacao,7.2,8.4,6.6,1.5,1.4,1,9,7,3.08,sim,sim
2801,24,masculino,graduacao,8.1,5.0,3.5,2.6,1.8,0,8,9,2.58,nao,sim
2802,15,feminino,graduacao,7.9,4.3,2.7,3.4,9.3,1,6,7,3.08,nao,nao
2803,19,prefere_nao_dizer,graduacao,8.2,6.8,2.1,5.2,3.1,0,8,8,3.22,sim,sim
2804,17,feminino,ensino_medio,8.4,4.6,0.5,2.3,3.7,1,4,5,3.77,sim,nao
2805,19,feminino,graduacao,7.2,4.4,1.7,5.8,3.0,0,7,9,3.01,nao,sim
2806,18,masculino,graduacao,7.8,5.3,4.0,1.1,5.0,0,5,6,3.78,nao,nao
2807,21,feminino,ensino_medio,6.3,6.4,3.3,3.7,6.9,1,7,7,3.51,nao,sim
2808,16,feminino,ensino_medio,6.7,8.1,3.8,1.9,0.0,1,7,6,2.99,nao,sim
2809,20,feminino,ensino_medio,8.6,4.1,0.5,3.7,1.3,1,7,5,3.77,nao,sim
2810,23,feminino,ensino_medio,5.9,10.5,5.9,6.4,4.3,3,9,8,3.08,sim,sim
2811,20,feminino,ensino_medio,8.7,1.0,1.0,2.8,6.6,4,4,4,3.45,nao,nao
2812,24,feminino,graduacao,7.2,8.1,6.4,3.6,0.0,0,10,10,2.99,sim,sim
2813,22,feminino,graduacao,7.1,8.9,4.0,3.7,1.9,2,10,8,3.65,nao,sim
2814,18,masculino,pos_graduacao,6.6,9.3,4.6,3.1,3.6,3,9,10,3.26,nao,sim
2815,18,masculino,graduacao,8.5,6.0,1.9,6.5,1.9,3,6,5,3.6,sim,nao
2816,24,feminino,ensino_medio,8.0,5.6,2.0,3.4,7.0,1,7,5,3.52,nao,sim
2817,17,feminino,ensino_medio,5.5,10.6,6.7,3.2,5.1,1,10,10,2.67,nao,sim
2818,14,masculino,graduacao,10.9,2.4,0.9,2.2,7.4,1,2,1,4.0,nao,nao
2819,20,masculino,ensino_medio,7.0,5.2,5.2,1.9,4.3,1,6,5,3.0,sim,nao
2820,18,feminino,ensino_medio,8.9,4.3,1.2,4.9,10.8,1,6,8,4.0,sim,nao
2821,16,masculino,graduacao,7.0,8.6,6.0,5.7,4.7,0,9,7,3.02,nao,sim
2822,16,masculino,ensino_medio,9.2,6.5,5.6,5.6,3.4,4,7,5,3.47,sim,sim
2823,23,feminino,graduacao,7.8,3.1,1.8,3.9,7.4,1,5,7,3.37,nao,nao
2824,22,masculino,pos_graduacao,8.2,4.7,3.2,2.3,3.1,2,8,7,3.41,nao,sim
2825,20,feminino,ensino_medio,8.5,5.6,3.6,1.8,1.9,1,8,8,3.62,sim,sim
2826,26,masculino,pos_graduacao,8.2,7.7,4.4,3.4,1.6,2,9,7,2.78,nao,sim
2827,16,feminino,graduacao,8.1,3.3,0.7,4.1,2.4,1,5,7,3.79,sim,nao
2828,18,feminino,ensino_medio,6.9,10.4,6.5,3.0,0.9,4,10,10,2.64,sim,sim
2829,15,masculino,graduacao,6.8,7.1,4.0,1.8,3.0,2,9,10,2.78,nao,sim
2830,21,masculino,graduacao,6.8,7.8,5.5,2.4,4.2,0,9,9,2.96,nao,sim
2831,23,masculino,ensino_medio,6.6,7.2,5.6,4.1,4.8,2,7,8,2.72,nao,sim
2832,14,masculino,graduacao,5.9,8.2,3.3,3.6,2.7,0,9,10,2.82,sim,sim
2833,22,feminino,pos_graduacao,8.1,2.1,1.6,5.0,0.0,5,5,5,3.51,nao,nao
2834,20,masculino,pos_graduacao,6.6,9.8,7.4,5.3,4.4,2,9,10,2.97,sim,sim
2835,19,feminino,graduacao,7.1,9.3,4.3,7.0,3.7,0,9,9,3.42,nao,sim
2836,16,masculino,ensino_medio,6.4,7.6,4.4,2.6,0.3,3,8,10,3.29,nao,sim
2837,18,feminino,pos_graduacao,6.8,10.8,6.3,4.5,2.0,1,8,6,3.61,nao,sim
2838,22,nao_binario,ensino_medio,9.4,4.4,3.4,1.8,4.7,1,6,8,3.88,sim,nao
2839,27,feminino,graduacao,8.8,4.5,2.7,3.7,5.3,0,7,7,3.4,nao,sim
2840,21,feminino,graduacao,8.2,6.2,3.7,3.2,0.0,0,8,10,2.66,nao,sim
2841,23,nao_binario,pos_graduacao,8.0,4.9,1.6,3.2,6.6,4,6,5,3.79,sim,nao
2842,24,nao_binario,pos_graduacao,6.2,6.7,4.7,3.8,5.6,3,7,7,2.92,sim,sim
2843,15,masculino,graduacao,7.4,9.0,4.2,1.7,4.3,2,8,8,3.01,sim,sim
2844,20,masculino,graduacao,8.2,7.2,5.1,0.8,1.7,0,7,9,3.01,nao,sim
2845,16,masculino,pos_graduacao,5.2,7.2,5.2,2.5,6.6,3,8,8,2.29,nao,sim
2846,23,nao_binario,graduacao,7.2,4.0,1.0,3.0,1.1,2,8,8,3.34,nao,sim
2847,20,masculino,ensino_medio,6.9,6.3,3.3,3.3,4.1,0,9,9,3.13,nao,sim
2848,20,feminino,ensino_medio,6.3,6.2,4.3,2.3,1.0,2,8,10,3.08,nao,sim
2849,27,masculino,ensino_medio,6.7,5.9,1.8,2.2,1.1,0,7,9,3.7,nao,sim
2850,23,nao_binario,pos_graduacao,8.0,9.0,5.3,3.4,0.0,2,10,10,2.27,sim,sim
2851,21,feminino,graduacao,7.6,7.4,2.8,4.2,4.3,1,5,7,3.86,nao,nao
2852,17,masculino,ensino_medio,8.1,4.3,3.4,2.9,1.8,0,8,9,3.44,sim,sim
2853,14,prefere_nao_dizer,pos_graduacao,7.4,6.5,4.9,0.4,2.0,1,8,6,2.95,sim,sim
2854,18,masculino,graduacao,8.2,8.6,4.6,2.0,4.5,1,7,9,3.23,nao,sim
2855,22,feminino,ensino_medio,6.9,7.2,3.8,1.5,7.2,5,6,6,3.39,sim,nao
2856,22,masculino,graduacao,6.4,7.2,2.1,3.7,3.5,0,7,7,3.4,sim,sim
2857,17,prefere_nao_dizer,graduacao,8.8,4.6,3.7,5.4,3.0,3,8,7,3.06,sim,sim
2858,16,feminino,pos_graduacao,6.0,8.6,5.2,2.4,3.2,0,9,10,2.87,nao,sim
2859,23,feminino,ensino_medio,6.3,3.9,2.7,3.1,3.9,1,6,4,3.1,sim,nao
2860,19,masculino,ensino_medio,7.5,6.3,3.4,0.8,4.1,0,7,8,3.26,nao,sim
2861,22,masculino,pos_graduacao,6.2,7.0,4.1,5.7,6.2,2,6,4,2.96,nao,nao
2862,21,masculino,graduacao,7.6,7.8,4.0,3.7,1.2,0,8,7,3.2,nao,sim
2863,17,masculino,graduacao,7.5,6.6,2.3,1.3,0.0,2,8,6,3.11,nao,sim
2864,21,nao_binario,graduacao,7.5,6.2,5.3,6.4,1.8,1,6,8,3.36,nao,nao
2865,26,masculino,pos_graduacao,8.2,3.4,1.0,2.5,2.5,0,5,4,3.23,sim,nao
2866,17,feminino,graduacao,7.5,5.9,1.8,1.9,0.1,2,9,9,2.93,nao,sim
2867,16,masculino,graduacao,6.7,8.5,5.7,4.3,6.3,0,7,9,3.31,sim,sim
2868,19,masculino,graduacao,7.5,7.8,4.1,2.9,5.0,2,8,10,3.41,nao,sim
2869,19,masculino,graduacao,6.5,6.2,2.7,3.9,1.8,1,9,8,3.51,sim,sim
2870,18,masculino,ensino_medio,7.9,8.4,3.6,6.1,2.3,3,5,6,3.26,nao,nao
2871,21,masculino,graduacao,7.0,7.6,5.1,6.2,0.0,3,8,10,2.12,nao,sim
2872,21,feminino,ensino_medio,7.1,11.3,3.2,3.4,0.0,0,10,10,2.77,nao,sim
2873,20,masculino,ensino_medio,8.4,5.5,3.7,2.7,1.7,2,8,9,3.12,nao,sim
2874,22,masculino,ensino_medio,7.0,6.1,3.2,1.1,1.7,3,8,6,3.49,nao,sim
2875,24,feminino,pos_graduacao,8.4,5.5,4.0,0.4,0.4,2,5,4,3.62,nao,nao
2876,19,feminino,graduacao,6.6,6.6,4.7,4.6,6.4,3,9,10,3.1,nao,sim
2877,15,feminino,pos_graduacao,7.3,5.0,4.3,3.1,2.8,1,7,5,2.61,sim,sim
2878,20,feminino,graduacao,5.8,6.6,5.7,2.3,1.7,1,9,10,3.03,nao,sim
2879,16,masculino,graduacao,8.1,8.1,2.7,3.7,2.0,4,8,10,3.5,nao,sim
2880,24,feminino,graduacao,7.3,10.1,3.6,2.6,3.5,2,9,7,2.94,nao,sim
2881,21,masculino,ensino_medio,6.1,7.6,4.3,3.9,0.1,3,9,7,2.63,nao,sim
2882,19,masculino,graduacao,6.3,10.2,6.3,3.2,4.7,1,7,9,2.78,sim,sim
2883,23,masculino,pos_graduacao,8.2,4.9,2.4,1.3,2.2,0,7,7,3.37,sim,sim
2884,21,masculino,pos_graduacao,6.8,9.4,2.5,2.1,4.4,5,7,7,3.47,sim,sim
2885,24,masculino,ensino_medio,6.7,6.3,3.3,4.1,2.0,0,8,7,3.17,nao,sim
2886,19,masculino,graduacao,9.2,2.0,1.7,2.2,5.1,1,4,4,3.92,nao,nao
2887,15,feminino,ensino_medio,9.9,1.8,0.0,2.1,6.0,3,3,4,3.57,nao,nao
2888,18,feminino,graduacao,8.6,6.6,3.4,5.4,4.2,0,8,10,3.74,sim,sim
2889,17,nao_binario,ensino_medio,8.6,3.2,1.0,3.3,0.8,2,8,9,3.31,nao,sim
2890,22,prefere_nao_dizer,graduacao,7.6,6.5,2.0,4.4,0.0,1,7,5,3.29,nao,sim
2891,19,feminino,ensino_medio,6.0,6.9,2.7,4.9,0.0,4,9,8,2.84,nao,sim
2892,19,masculino,graduacao,6.5,6.6,3.8,3.9,4.3,1,7,8,3.2,sim,sim
2893,16,masculino,pos_graduacao,7.4,5.2,3.6,2.1,0.0,2,6,6,3.66,nao,nao
2894,26,feminino,graduacao,7.2,11.8,6.4,3.8,3.4,3,8,10,2.91,nao,sim
2895,20,masculino,ensino_medio,7.3,7.1,3.1,6.6,3.3,2,7,7,3.24,sim,sim
2896,18,masculino,ensino_medio,5.8,8.0,4.4,2.5,3.1,3,8,10,3.23,nao,sim
2897,19,feminino,graduacao,6.0,8.4,5.2,4.7,1.5,0,9,9,2.94,nao,sim
2898,15,masculino,pos_graduacao,9.3,3.2,1.2,4.7,1.0,2,6,6,3.02,nao,nao
2899,18,prefere_nao_dizer,graduacao,6.7,8.3,5.4,2.2,5.5,1,5,4,3.05,sim,nao
2900,19,masculino,graduacao,5.9,8.2,4.0,0.9,2.9,2,9,10,3.17,sim,sim
2901,20,feminino,graduacao,7.4,5.4,3.5,3.0,5.8,1,5,7,3.63,nao,nao
2902,22,feminino,graduacao,6.7,7.5,2.3,1.4,3.9,4,8,8,3.29,sim,sim
2903,21,masculino,pos_graduacao,6.6,7.5,5.9,0.0,3.0,2,9,9,2.74,nao,sim
2904,19,masculino,graduacao,8.2,8.2,5.5,2.2,2.3,3,3,3,3.7,nao,nao
2905,19,feminino,ensino_medio,8.2,9.4,4.6,3.3,2.0,2,8,6,2.89,nao,sim
2906,19,masculino,graduacao,6.2,7.8,4.9,5.6,3.1,0,10,8,2.53,nao,sim
2907,19,feminino,graduacao,7.0,5.1,3.5,1.6,3.0,0,7,7,2.96,sim,sim
2908,20,feminino,graduacao,6.0,5.5,1.5,3.0,4.5,1,8,6,2.33,nao,sim
2909,20,masculino,graduacao,7.6,6.2,3.9,4.1,3.1,2,7,8,3.49,nao,sim
2910,16,feminino,graduacao,9.1,4.9,1.4,0.9,7.2,2,7,6,3.43,nao,sim
2911,18,masculino,ensino_medio,8.3,4.4,2.6,3.1,6.4,4,5,6,3.58,nao,nao
2912,23,feminino,graduacao,8.2,6.5,2.3,2.8,3.1,1,7,7,3.2,nao,sim
2913,21,feminino,ensino_medio,9.0,3.2,0.0,0.7,2.8,2,4,5,4.0,nao,nao
2914,20,masculino,graduacao,7.7,5.1,2.0,2.3,3.2,3,6,7,3.31,nao,nao
2915,17,prefere_nao_dizer,graduacao,7.7,6.9,3.2,1.3,0.0,5,8,8,2.58,nao,sim
2916,16,feminino,ensino_medio,6.7,8.6,5.6,3.7,3.8,2,7,8,2.7,nao,sim
2917,19,feminino,graduacao,7.1,6.4,2.2,3.0,0.4,1,10,10,3.0,sim,sim
2918,15,feminino,ensino_medio,8.8,3.6,1.8,3.2,0.1,1,6,8,3.75,nao,nao
2919,17,masculino,graduacao,8.2,6.4,3.1,3.0,3.8,1,7,8,3.97,sim,sim
2920,17,masculino,graduacao,7.6,5.3,4.3,2.6,5.3,4,5,4,3.92,sim,nao
2921,19,feminino,graduacao,7.3,6.6,2.5,3.4,2.9,4,4,2,3.73,nao,nao
2922,24,feminino,ensino_medio,7.1,8.6,5.1,3.5,9.9,0,7,8,2.74,nao,sim
2923,17,masculino,graduacao,7.8,6.3,4.6,2.2,4.3,0,7,5,3.26,sim,sim
2924,17,feminino,graduacao,6.8,6.9,3.4,3.9,3.9,3,9,8,2.94,sim,sim
2925,19,masculino,graduacao,5.8,8.2,4.9,1.1,3.1,0,9,10,2.3,nao,sim
2926,15,masculino,ensino_medio,5.8,8.6,4.1,3.7,2.5,2,9,7,3.18,nao,sim
2927,18,masculino,pos_graduacao,7.5,5.2,3.1,5.1,3.4,4,7,8,3.26,nao,sim
2928,14,feminino,ensino_medio,7.6,7.6,5.5,3.3,6.5,2,6,7,3.19,sim,nao
2929,19,masculino,ensino_medio,7.4,6.3,4.9,1.1,2.4,4,8,7,3.02,sim,sim
2930,20,masculino,ensino_medio,7.1,5.5,3.4,2.7,1.7,2,7,5,3.45,nao,sim
2931,21,masculino,graduacao,8.7,1.8,0.3,3.1,0.0,2,5,3,3.64,sim,nao
2932,22,masculino,ensino_medio,5.5,9.5,4.7,0.5,5.6,3,8,6,2.6,nao,sim
2933,17,feminino,ensino_medio,5.2,12.7,6.9,3.9,6.9,4,9,9,3.03,sim,sim
2934,15,masculino,graduacao,8.8,5.0,4.5,4.8,7.7,5,4,5,3.21,nao,nao
2935,19,feminino,ensino_medio,8.2,7.6,3.9,4.7,3.3,2,8,9,3.25,nao,sim
2936,22,feminino,pos_graduacao,9.4,5.6,3.4,1.4,2.5,1,7,9,3.98,sim,sim
2937,20,masculino,graduacao,7.2,8.2,6.5,3.9,5.9,3,6,5,3.04,nao,nao
2938,14,prefere_nao_dizer,pos_graduacao,7.3,6.6,2.9,5.7,3.2,1,9,8,2.72,nao,sim
2939,18,masculino,graduacao,6.3,9.7,6.2,2.3,1.1,4,10,10,3.03,sim,sim
2940,19,prefere_nao_dizer,ensino_medio,7.1,7.1,3.4,4.4,5.4,0,7,5,3.22,nao,sim
2941,23,masculino,graduacao,8.0,2.0,0.1,2.1,0.0,2,8,9,2.58,nao,sim
2942,26,feminino,graduacao,8.8,1.4,0.6,4.4,7.8,1,6,4,3.76,nao,nao
2943,20,feminino,graduacao,7.7,5.9,3.8,1.8,0.0,3,8,6,3.19,sim,sim
2944,19,feminino,graduacao,8.1,1.4,0.0,3.4,5.8,1,4,4,3.57,sim,nao
2945,20,prefere_nao_dizer,ensino_medio,7.1,6.8,4.9,4.4,0.0,1,10,9,3.31,nao,sim
2946,22,masculino,pos_graduacao,7.1,6.8,4.8,3.8,3.7,3,8,8,2.85,sim,sim
2947,17,masculino,graduacao,7.5,4.3,2.9,3.2,0.0,1,9,7,3.31,nao,sim
2948,18,masculino,graduacao,7.6,7.8,3.7,3.6,2.6,1,9,7,3.55,nao,sim
2949,19,nao_binario,pos_graduacao,6.0,7.1,4.7,3.9,4.0,2,9,9,3.06,sim,sim
2950,20,feminino,graduacao,6.2,6.9,4.8,2.1,1.7,1,9,10,3.22,nao,sim
2951,20,feminino,graduacao,5.1,8.8,4.4,0.6,3.9,1,8,8,3.76,nao,sim
2952,19,masculino,pos_graduacao,5.9,7.3,3.6,1.4,6.1,3,10,9,2.84,nao,sim
2953,21,feminino,ensino_medio,10.1,4.3,1.9,3.0,2.3,0,5,7,3.65,sim,nao
2954,19,masculino,ensino_medio,9.1,5.8,2.6,5.4,3.4,1,5,4,3.1,nao,nao
2955,20,masculino,ensino_medio,7.4,4.9,3.2,0.9,7.8,3,5,4,3.39,nao,nao
2956,22,feminino,ensino_medio,8.5,1.3,1.7,1.4,3.3,3,5,7,3.61,nao,nao
2957,18,masculino,ensino_medio,6.3,8.7,5.6,5.6,4.7,1,10,10,2.65,nao,sim
2958,21,masculino,graduacao,6.2,9.2,5.5,3.2,2.0,2,9,10,3.15,nao,sim
2959,20,feminino,graduacao,8.2,7.6,3.5,2.0,7.5,1,7,6,3.34,nao,sim
2960,27,masculino,ensino_medio,8.2,4.9,2.7,3.0,3.3,2,5,5,3.49,nao,nao
2961,21,feminino,graduacao,7.2,4.9,3.9,2.4,2.6,1,5,4,3.14,nao,nao
2962,19,masculino,graduacao,7.2,7.4,5.6,2.6,2.4,2,9,9,2.85,nao,sim
2963,20,masculino,ensino_medio,9.5,5.4,2.0,3.6,0.6,4,4,4,3.94,nao,nao
2964,20,feminino,ensino_medio,6.9,8.8,5.0,2.9,0.0,2,9,9,2.59,sim,sim
2965,22,masculino,graduacao,7.5,10.8,8.1,4.0,0.0,3,9,10,3.01,nao,sim
2966,28,feminino,graduacao,8.0,5.8,2.8,2.1,2.8,1,5,3,4.0,nao,nao
2967,16,masculino,ensino_medio,7.1,10.1,6.0,4.0,1.1,0,10,8,2.7,sim,sim
2968,20,feminino,graduacao,5.9,8.8,6.6,2.8,5.0,5,8,9,2.58,nao,sim
2969,17,prefere_nao_dizer,ensino_medio,8.6,5.7,3.9,5.3,4.3,3,7,8,3.22,sim,sim
2970,21,feminino,graduacao,7.0,5.1,3.6,4.7,0.0,2,7,8,3.3,sim,sim
2971,21,feminino,ensino_medio,8.3,7.6,3.7,4.3,5.6,2,6,8,3.68,nao,nao
2972,22,feminino,graduacao,7.4,6.3,3.2,3.3,4.5,4,8,6,3.34,nao,sim
2973,21,feminino,graduacao,5.8,6.9,2.4,2.5,3.2,5,8,7,3.2,nao,sim
2974,20,masculino,graduacao,6.4,10.1,6.7,2.1,7.8,2,9,9,3.23,sim,sim
2975,16,feminino,ensino_medio,8.9,5.0,2.7,2.2,4.4,3,5,6,4.0,nao,nao
2976,22,masculino,ensino_medio,7.5,4.7,2.3,4.1,4.7,3,6,4,3.48,nao,nao
2977,17,masculino,pos_graduacao,8.8,7.0,4.5,2.8,2.2,2,7,8,3.44,sim,sim
2978,18,masculino,ensino_medio,7.7,6.0,3.5,4.5,4.3,2,7,6,3.29,nao,sim
2979,18,feminino,graduacao,9.2,6.8,2.6,3.4,1.5,8,6,5,4.0,nao,nao
2980,21,feminino,graduacao,7.1,6.6,3.4,2.5,4.7,0,6,6,3.24,nao,nao
2981,19,masculino,ensino_medio,8.2,4.4,3.9,3.0,4.2,2,4,4,2.85,sim,nao
2982,21,feminino,ensino_medio,7.8,5.0,2.4,3.2,5.4,3,5,7,3.53,sim,nao
2983,19,masculino,ensino_medio,7.7,6.1,3.0,3.0,2.9,2,9,10,3.32,nao,sim
2984,23,masculino,graduacao,7.5,5.6,1.3,1.6,3.6,1,9,9,3.33,nao,sim
2985,22,feminino,pos_graduacao,7.1,6.1,3.5,2.8,2.8,2,8,10,2.86,nao,sim
2986,20,feminino,pos_graduacao,7.3,6.8,3.9,3.3,1.8,3,7,7,2.66,nao,sim
2987,19,nao_binario,ensino_medio,7.3,6.2,4.6,2.3,5.7,0,8,6,3.13,nao,sim
2988,17,masculino,graduacao,7.5,4.3,2.8,3.2,1.9,3,5,5,3.43,nao,nao
2989,23,feminino,graduacao,7.5,6.2,3.3,3.6,5.8,2,6,4,3.06,nao,nao
2990,19,feminino,ensino_medio,7.5,9.3,6.1,4.0,3.7,3,8,10,2.87,sim,sim
2991,24,feminino,graduacao,6.1,11.5,6.6,3.2,5.5,1,8,10,2.42,nao,sim
2992,27,masculino,graduacao,7.1,9.6,5.4,2.0,0.0,1,9,9,2.83,nao,sim
2993,21,masculino,pos_graduacao,8.2,3.0,3.2,1.9,4.0,1,6,4,3.19,sim,nao
2994,14,masculino,ensino_medio,9.2,4.0,2.4,4.6,7.5,2,6,8,3.39,sim,nao
2995,22,masculino,graduacao,8.2,3.3,1.8,4.0,0.9,0,7,5,3.7,nao,sim
2996,23,nao_binario,ensino_medio,6.4,9.3,5.5,1.8,2.2,2,8,10,3.58,sim,sim
2997,23,masculino,graduacao,6.9,9.1,4.4,2.5,2.8,1,6,5,3.19,sim,nao
2998,18,masculino,pos_graduacao,6.9,7.2,5.9,5.1,4.1,1,9,10,2.47,nao,sim
2999,22,masculino,graduacao,7.0,11.3,5.4,2.0,2.2,0,9,10,2.89,sim,sim
3000,18,feminino,graduacao,6.9,5.7,4.6,7.5,4.6,2,8,9,2.81,nao,sim
