id_pedido,peso_produto_g,distancia_aproximada_km,tempo_entrega_dias,valor_frete,preco_produto,nota_avaliacao
58d91d85a637d0643c2cd08aefd19532,353.0,655.45,10.18,17.05,87.5,5
398f1723ca5725d585fbc000ec3edb05,200.0,99.09,3.26,7.83,137.9,1
9d532b51b8f3d1f0103c34fc72fe1816,1550.0,666.7,15.67,17.67,59.9,3
a8ff452116db2ff4a2963f490afe5471,250.0,426.54,5.44,15.37,89.0,3
505efa2eaeb145cfa984edf0efc092f2,1800.0,621.66,20.26,16.62,122.9,5
f32b1e3320d65b3c94140ffe559dda4f,150.0,2354.31,9.37,19.04,14.0,4
830e68f85c573a0b3ad78cc4915e0fcd,100.0,1086.19,3.27,15.65,9.9,1
e1521d92b7e6cfbb454d764235546c32,150.0,1508.95,22.01,34.15,19.9,5
c3e2a651c8f9d7a02054e2e37e977c1e,300.0,88.08,11.3,7.78,13.0,5
03edbc910db946c979e09e67eb6a0d9f,2600.0,269.87,7.59,12.98,91.0,5
ffbcbeeac5c9c9495cd729f896bc1d5f,1000.0,124.99,4.83,14.89,82.8,4
d0c9dbd8a44871e5b5624050cb44abf5,15500.0,2992.95,21.85,66.59,599.0,5
4696cae9482bc7043c17dad5cd2e50d6,300.0,380.62,12.27,15.1,29.9,5
f2b0b1751d796ee3bf5df90cb7c1c213,1900.0,504.42,10.04,18.07,70.0,5
216c6c60eaa02facee10abb4ca3a9c6f,5275.0,115.21,5.93,17.48,109.66,1
550d67c58e5a9c64c7a4f15c8bda75e3,1050.0,2093.01,22.99,38.4,49.99,5
1e1a6b58ec84f9f80db12fa7a237eae0,5450.0,354.27,12.77,18.59,72.9,5
09f86d1a5a7c2e8dddd1850a65f5a5d4,275.0,294.41,15.22,11.85,12.98,5
e4a95c672918cd518a26dd7426ddd817,233.0,409.52,10.42,23.32,250.0,5
15e5d4cea5f386d7f1d2d2600b830aae,8900.0,369.81,17.15,20.26,110.27,5
2b10fc23d5db1ae332b19fd2427b28e5,250.0,304.93,16.4,12.32,117.0,4
c2fb2be28249222077a2d3b586195433,1150.0,68.05,8.36,13.93,49.9,1
5f9a36af29314160716f48be9b146d03,1550.0,1946.46,8.93,43.14,122.9,3
bf9c50664a2f68936562e38446c321d9,1750.0,534.94,25.72,17.67,49.0,3
760e70b6d3136376633a2c6369da1c69,6550.0,132.52,10.36,23.83,139.0,4
25fbf27ebf14d822b62827aeb77d9d10,200.0,1869.88,25.84,20.53,69.0,4
150d0b8f9129df81f8190e24c9254477,325.0,825.58,7.26,16.07,89.9,5
ab8f85575996e2f61235b8943be55eb9,300.0,218.85,9.84,24.15,864.9,5
c95e5fb0ca685ee52a7db232285bf70e,300.0,716.86,7.31,18.3,27.9,4
c92bf2822e45c50c51fc4c31c5e96cca,929.0,143.65,6.76,9.02,179.99,5
b061c1796cd341f652a36bdd8a5aedcf,300.0,137.62,3.79,9.27,69.9,5
9e7076697b77903d67c852e3d2dbcdae,8950.0,102.36,3.55,19.07,128.0,5
3bf38a1291bd775229ca3420296fca97,350.0,320.94,18.3,11.98,68.0,5
9371281837c6362f41236d947e32710d,816.0,185.32,18.85,18.4,720.22,5
15b491e3b8cc65b5a45e2b1bebd89042,250.0,28.65,7.31,7.43,23.99,5
0960eb7bc90d80c2f02eddc17c25ee2f,200.0,2464.43,22.36,24.8,40.0,4
4a14e50e1d032b0fa7809a49f285bfae,165.0,531.02,51.57,19.13,179.0,1
25329aedc3217909f194254caa1e2bb1,1150.0,842.44,4.24,18.23,43.0,5
6f91268a084c516d7ad2ede51294e10e,1850.0,360.06,17.33,35.93,59.9,4
80d0ad65de53f6ff0e3ebcbc52d3b3b8,1800.0,1469.97,18.74,19.65,59.0,5
6db1acfb7eb6c31cde5a3fd0a83f8b51,750.0,381.94,5.82,16.39,89.9,5
6a98ed4567b5d3044bd9f1cdfcce5eab,450.0,496.31,14.11,15.1,39.9,5
3c35a673012104c0ceb001325c00bff4,6600.0,810.62,10.81,16.6,50.0,2
66797603772acb9fffb18082921fd797,500.0,427.36,12.25,15.1,35.9,4
6f88df04acbbbb0f5c98ef28271d27ea,200.0,430.99,16.98,18.23,45.99,1
279eab1ce88064419806859e4575a10e,2300.0,375.59,30.93,14.52,12.98,3
d29b96c282ec82deff4feb268f3df620,107.0,490.58,11.78,14.23,69.0,4
62c56a57f999877042b4e8a6fb4264f2,50.0,416.42,12.55,15.1,7.5,5
d131625abf3dd1daa6fd04443cbc6729,1650.0,1448.75,24.55,19.65,59.0,4
160325be3833553d6a8155785eb1e7e9,200.0,500.87,9.17,15.26,22.32,3
450acd2e753be51b02a7db4e9f742b52,200.0,2104.5,13.81,21.15,29.0,4
917a1e55e47868301492b1f8f765a6f8,300.0,169.54,7.77,7.78,29.99,4
9ce475d5a0f449a5b6f9c86c7e98e331,11450.0,1490.58,36.15,50.36,250.0,1
e1de983b29ef4a602a14eea41156ee4e,600.0,355.28,10.41,15.46,99.99,5
0d5286ba45f14f5c1d188ccfe21a79c4,450.0,2327.39,11.08,29.35,295.0,4
3a6d41a4fe7a8e841b7c8e4b77d4e301,200.0,635.74,12.46,15.13,53.99,2
2efd11439a203a20e9a473a10a2c18f1,1650.0,105.79,3.11,18.51,749.9,5
e1b095573ee9260b571257f2ff8a4798,3650.0,419.98,7.8,16.6,120.0,3
541bb2ccd254b84fbaabf01e82324cb0,750.0,855.89,32.04,15.39,89.9,1
f68cab86ff2a610cff4a1c13fca1cdd2,1825.0,166.69,9.98,12.13,89.9,2
2e2b335489d4f06ec73386262189e7fe,1350.0,155.11,21.28,12.4,99.9,1
91203c4e456f0e1cfbd86125383976c1,337.0,72.15,5.2,9.96,199.9,4
9d53d672d0f8a9f2884dbf37bbb4d7fc,667.0,826.1,26.42,20.19,535.9,4
c63e118d1a3111cb82af1fdb95b68646,1363.0,3.53,5.81,14.76,140.9,5
dbed639a12dc60f5e3c08f284bb686cf,17300.0,464.22,9.62,46.31,259.0,3
66f249e4d7ab2f3872de7bd6d74719dd,400.0,854.37,25.24,18.77,330.0,4
7f2f03f3b7e68c7b510177e04cb2b40e,150.0,12.12,3.2,7.81,79.0,5
d382b95db47e1184844771720a5f947a,1700.0,537.8,19.31,17.6,49.7,5
b6f781aae89e5d40f9cfa52fb427416e,800.0,15.06,6.57,8.88,47.9,5
68fb895df51e234a55fbf5c30c873fd2,7500.0,348.17,6.07,18.35,109.9,5
7e257955fd806152344c4d9a66ac631d,2600.0,2265.69,34.39,26.85,259.9,2
78ed13dc9c5f51a880ae17567451dc74,500.0,795.67,17.32,17.61,51.45,1
8872e48bafe00195f92e3a6f1d81bfbc,450.0,1067.29,12.25,22.28,49.9,3
9aab0bd41ca1b740b564ea50fd2440ed,250.0,95.96,2.34,8.27,15.9,5
ef445757c25db3525a25a2b9641ef288,400.0,662.81,10.72,16.05,34.9,5
4b8a3b3d574a15cac939eb0a2d4fecbe,1075.0,334.39,14.13,18.35,299.99,5
9858c41d96443ebb71329d305f62302d,1300.0,737.79,8.82,23.05,35.0,4
a530dc19f1969dc7898a1b96fcd6e602,200.0,22.17,2.26,7.39,17.99,5
df7e288b85ef0dd4db4c94c910b31057,600.0,2519.39,14.03,25.69,59.0,5
eb2e70f9dff6ed61b9b0e5a02001d973,900.0,829.6,3.62,19.6,90.0,5
e80af3d621fbc7add2b8a64511f1012b,250.0,242.29,8.14,12.79,23.9,5
6cf42125a37be6793fa08e470569048f,150.0,879.51,12.11,15.1,34.9,5
554647072788557163baf06383119edb,200.0,6.06,2.07,7.65,55.0,5
1ad4a4025f564f7589eb7d378060a63c,350.0,892.14,13.01,18.23,29.99,4
54ff9c7f5e48a0e6ba2ec182428b10d7,400.0,229.17,8.91,15.35,549.9,5
722d538cc82ebbe96084de19ed6f7fad,300.0,1157.0,16.12,16.79,27.99,5
1535ffdb181e70ff560cfced342c4f40,150.0,523.0,6.86,14.52,49.0,5
e20e66069c6d2f4cd62ea63b48bbaf4d,600.0,571.61,17.91,16.11,45.9,3
5a644293b3539f7e7876ab0b4536b320,8217.0,30.2,17.97,18.73,136.94,3
cf77a280bc82f1008e6cbf4c16435622,900.0,629.5,26.41,23.28,99.9,3
c934cfe574e2fa46180d1c2166a43beb,400.0,322.1,10.67,14.1,39.99,5
20f00da0cbd9a5f5d8caaa7f5a5e438c,300.0,1750.4,20.5,39.38,384.09,4
c88e6fb53503e3e625713f57d94360f0,8350.0,484.61,10.93,21.43,134.9,5
d567c76cfa5212048dd3be0f0595b358,750.0,41.14,1.87,11.58,79.9,3
8a8fe42973aacdf0b83fb915d722aac6,400.0,148.39,8.38,9.07,79.9,5
ca66e72f5578f9b35b68982c4865079b,800.0,797.96,11.5,20.37,199.9,4
40ccf6af09b0aadbf3e2710fb2f17715,850.0,1280.32,14.67,25.24,298.8,5
63df9c400a34f212a2b147cec366dfa9,444.0,461.45,23.18,15.79,149.0,5
bcc74496281fa806f6939a8d8f80f232,200.0,166.32,5.25,12.79,6.27,5
0b9b1c5bbb14862e0e96660280048b04,250.0,139.63,2.14,7.39,8.99,4
61fa6d238ae5d2e7063f2df458609c91,150.0,742.04,24.46,15.23,17.99,5
365a8708db2878154916b372f72e17ef,1600.0,1502.49,10.84,24.89,99.0,5
7922e481eb24d257ec8c04c6ca0ce170,2050.0,35.72,9.83,9.04,185.49,3
32a2a69103ff2fe1402e4d61c624c5b4,12250.0,422.09,9.12,82.92,230.0,4
a9cdfd538e3a7e3fa7f39bb4197c6a44,1900.0,914.31,35.69,18.47,127.0,2
ada812c7806382c3085a5f5024bc17ca,200.0,320.21,8.85,15.25,22.0,4
fcba992b4475ba26d07f17a27a23096a,650.0,2312.1,17.91,19.38,119.9,5
518e28f28e634069d2f5d642dd7997b7,1100.0,311.52,17.67,11.9,72.9,2
d54ac520ded2abbe3b4ada40dfdecc96,2500.0,246.45,7.41,17.62,69.9,5
02fc46ea58b91abb0507c92e7f6e33ff,250.0,8.04,3.39,7.78,26.9,5
4d7abbf4bd3bb90f0dc241c1a6b2f1a1,900.0,773.41,21.03,15.1,47.99,1
e147052b9ecc00bf938f9e8581944207,2667.0,2033.22,18.57,43.95,220.0,4
c83dc126a7ee10b227493835cb8370e4,400.0,406.52,9.07,15.56,22.5,5
67e1523ecabbe030f525c66b8cc57fa2,50.0,488.17,4.09,14.1,19.9,5
15e4f54bacc1f99c567ae071a016fa9b,6794.0,1791.5,13.44,39.65,299.99,5
e4c9031df14928b20f99e53c11d6e1d4,50.0,60.15,1.48,7.94,27.9,5
26e388ebc7a8a0fa0998ad6cc4755bec,3250.0,216.7,14.52,20.32,149.0,5
a19c1dc4214e26a8fd902af45444240f,850.0,697.1,5.93,45.13,189.9,5
a24eb60f1866ce0cf8d9c0a47f738d96,7650.0,355.11,11.57,20.29,179.0,5
5dcaecab15d20be174a67f4f5392cd84,16133.0,33.21,13.09,34.65,229.96,3
1429d024a5b24651ee03fd7216d95247,13000.0,2230.78,31.58,206.5,169.9,1
8275d4aa466e4679ed369b23c8eda40a,292.0,951.77,15.9,19.41,219.0,5
bd6a649dcd082eea6d1fd07aeee18a87,700.0,1187.67,41.92,16.11,49.9,1
844b8b73a94f61b9ff8dc1e88c081365,1050.0,189.49,14.9,14.08,29.99,5
259ab6d981e68ad563951cdfe524f86c,105.0,579.24,8.95,15.1,39.9,3
54e21f5480d90336080ff89ec1ba503e,1250.0,246.83,6.66,18.14,49.0,3
f7f10d7a910905b34e6d773deb330f8a,850.0,810.81,5.28,18.42,69.9,5
682e90d16332af76ecbdaee2e0c74bf6,5250.0,2781.9,25.75,38.81,599.0,5
80486ac4792fa4fe4ecf6011109b0edd,200.0,101.81,12.99,7.78,19.1,4
1f43faaaec9d571cead8f6591ff97315,444.0,524.25,11.77,15.77,146.0,5
63e2032f511dd7a0ac625d8bda0a07c9,7050.0,329.73,8.08,17.73,69.0,5
11a79baec5be1310ebcd7c9f2d0ab7c1,750.0,28.35,3.14,9.79,205.0,5
30dd65877d1287c17a2d2198a5f80da4,600.0,368.37,14.11,16.14,54.9,4
4495f509457db82fbd44608ebbcddca8,350.0,315.07,6.99,11.74,46.99,3
f067b296555af485cf64c4d69aa38a0b,7000.0,64.25,6.43,14.13,58.9,5
6d2f0dccc294bd2e21a2c8c93d0121bc,409.0,428.46,7.04,19.49,198.99,5
7d28a5b95c769d0f8a58ce0c93671baa,3200.0,462.37,5.93,21.61,159.99,4
c5437b7b7a52d4dd0ed6fc0a1f18f7b7,350.0,88.37,7.32,8.03,110.32,3
7e3766d472dabd56a59bd81503062ff7,350.0,1976.45,12.94,39.1,149.99,4
a78de2cc0d6bc691e86e944979c373eb,225.0,554.54,20.24,16.0,177.99,5
70398b900647b9a57f8ff2886f0cc942,207.0,418.09,13.91,15.38,89.49,4
b719566c82ba52d70bc1312f2cd80fdc,3900.0,1142.78,7.64,35.99,209.9,5
7dbe7b520d00d04a3f695cd91e904980,400.0,439.89,27.51,14.52,48.99,3
65728b4e76bd429d053d9577654076da,1400.0,394.45,29.02,14.34,84.9,5
11b7adfd63537ace6ab5ede1feb62610,250.0,67.42,7.6,13.0,49.0,5
6e585d7418d756180db763b08c37e372,3450.0,341.07,9.93,17.99,27.0,5
664a44899f2e94b4b928c781547d7bee,100.0,821.18,16.04,16.01,179.93,1
a79648ef5e1a257af5fde4c5f27040da,650.0,478.71,24.97,15.18,59.9,5
64b1521e5b9b804d124fe8a6edce33a7,700.0,166.91,7.11,12.66,59.0,5
c60c3441e0f514547c9408b300e74ef3,425.0,446.0,12.46,18.23,23.0,5
aab255ef2ea7066420316c7ae7094fe2,250.0,10.59,3.83,8.44,145.9,5
8719765a2c69491f63bc8b06f379488f,150.0,23.91,6.37,8.98,199.9,5
b0afae22d864d70e1af1d87a017c71d0,4338.0,272.0,23.84,18.97,155.55,2
985680a4287cdd85e885a79a6c24b023,5450.0,21.07,2.04,16.4,157.0,3
9856503e3360fab415c2efa086e44c85,200.0,480.38,10.46,15.23,18.9,5
12d833b5570676e6df1febcd8fe007b6,30000.0,450.63,6.82,154.56,379.9,5
517378a05081f7b18f04a01a9cb8e866,540.0,2324.77,6.48,19.09,259.0,5
bba30fab08220779d809343f597e9a46,100.0,9.43,5.65,7.54,39.9,5
2d6714a64529023a331a4768990126b5,400.0,1.94,4.26,7.94,39.9,5
2f26a96c2724ad15bc65ec1660e6dc20,267.0,454.21,6.15,18.6,549.99,4
ae0b49f902be4012d913509645004e98,3300.0,1469.41,12.45,18.84,99.0,4
3bd5b53dee9d54938f56208bcc03d855,400.0,1496.11,8.06,20.8,45.9,4
93d1d708e3c14a6565de485c5f62b516,300.0,359.17,9.78,15.3,29.0,1
93ef5624aaaeded1aa197fd63116d902,1275.0,518.27,4.7,13.88,43.0,3
19e2a5909c8b0167ecbe280ecf35112c,200.0,399.5,10.65,11.85,13.65,5
7e24e731800bb0c5a1c85658bd140da6,400.0,1853.15,14.74,23.34,119.9,5
9ccbbf2108a513e80caafbde31524683,400.0,730.57,10.4,15.61,122.99,5
2d0805e3e830d6d2d694ee7a3aa58502,200.0,302.93,38.44,15.1,13.65,1
2299665d9edd455e536eaf31b9cb0493,308.0,559.96,9.47,19.35,178.0,5
2c2f4107ae44d8fdb3b92236ddd18a0c,300.0,31.09,7.52,8.29,38.9,4
b32f34114b935df368070009548b3806,500.0,354.06,22.18,15.1,27.9,2
fa970cce95e940c0f5adae718f25364c,7150.0,36.52,11.13,15.79,147.9,4
43df08b645b3c5d452c2b73461c3259c,300.0,273.81,5.96,13.05,55.5,5
8ee3d811c7a49f0f3be646dfb3489e75,1283.0,25.9,8.22,10.63,299.0,5
a66a3c75736a9fa41b2e36a663a42c56,1800.0,920.08,7.54,23.51,175.0,5
e4a25d24b8ace6dee14556ace31e9ff2,300.0,368.31,16.05,16.67,99.99,5
1721eb90ee8c1fb7d6c2f81e8acd2a22,1300.0,294.5,7.58,16.43,113.99,5
9f775377f0750b17db861c49f3bcc8d6,250.0,595.04,18.91,18.23,29.9,5
6ee68064c217ce0b644b6e3bea56d50e,900.0,191.71,13.13,19.34,299.0,5
0d9b3b609f29c14a165ceb95c0ab91fe,900.0,86.76,9.14,13.44,59.99,4
4b2b9a77b0645d1efdf00bc2ac1ba023,600.0,506.29,27.43,12.83,69.99,5
10b4aca7d76f1ff55e0dfc750e4e0016,2200.0,857.37,29.38,18.39,520.0,1
7b6b4f3f9ceec2248dad997d2f53650e,500.0,273.81,13.26,13.04,346.99,5
695a0091620b9e01ecc38829ad3e71f8,200.0,632.32,18.33,15.1,47.9,5
679d28292ba2c51a735c96d9e8b7ab8e,200.0,2179.31,11.93,24.53,259.0,5
049db9aade07d0056ead438e182f2b52,147.0,318.51,4.04,18.56,64.99,5
fada5293c9a23323a95ffe4129f45f9c,200.0,63.41,1.34,7.41,22.0,5
89a591b9a088299ff2b3938b877f3ea3,350.0,1447.92,16.62,17.16,64.9,3
68a5e21e84986b92e9de694590c5a22d,425.0,77.32,8.0,7.78,29.35,3
3ae04700e729d283cfd0b9d1f9fdfec6,6400.0,472.55,12.77,24.17,169.0,5
be5435c57df6900352df2542b39a99de,1200.0,358.53,10.78,17.16,129.99,4
ec6dc3377849564c30896b7543229e2d,830.0,953.65,13.17,27.62,154.0,4
1869017c844a8734ceb468c7da13a88e,500.0,823.41,7.58,25.39,1221.03,5
d19c0ba4c4755afe2a5c8de1c4d52035,3000.0,422.02,7.15,21.97,189.9,4
ced1aea35f3b1e1474390a452a02d750,850.0,720.94,7.7,19.59,56.99,5
647cd1d569c405ed9c09cbd6cf0813f9,200.0,21.04,8.55,8.72,42.99,5
b48a3d26eeef8f09cc2bde23ab930234,1500.0,148.79,4.62,13.72,99.9,4
85daf7307b6fe2f3ed3cb569633b9f9a,4700.0,1232.99,6.45,42.09,190.0,5
e1e5a84a3748808d3ff0dcb4b58ac5dd,700.0,65.63,2.72,17.39,1299.65,5
ef8e343c4abd7135c59d2a6179bd4351,900.0,333.44,14.81,16.6,120.0,3
abc9c2786dc2f953a2ca3f812ab0c89f,1767.0,495.81,7.65,21.91,119.0,5
411863c544c533d3918d4e274ce334c8,460.0,2316.04,35.48,18.34,152.0,5
77139c08bb5f077f2b8dd52a1ea309a2,800.0,323.53,9.83,19.35,54.9,3
ae577e9c807a2335fb55c903ca5e90fc,1110.0,274.14,13.05,18.23,47.65,4
ad66f64c10df4649e7b50b942f5f4bd8,478.0,136.05,1.79,10.94,339.9,5
b0ef7f818e22c209f99d74eef200d2fa,650.0,326.92,14.9,15.56,40.9,3
475884ab4a0fd44c36d533ce24ba64c7,150.0,10.57,3.18,7.4,19.99,4
d6e170b889c3bb4770d46aaa63e498eb,1800.0,938.15,10.53,58.0,175.0,4
b84a7eeb925e2c96bd6cd7796394ece5,173.0,539.8,10.68,12.74,87.0,5
84d8cb80e8228cbea6d970499c3ce3c3,418.0,39.38,19.58,13.82,299.9,5
5f7363eba95d6b80c0b0d44e53193e0b,650.0,2265.52,21.39,42.38,35.0,5
aee590f76dc95d8c147146ae04100704,850.0,343.95,10.7,17.03,120.0,5
8349d82bb3c36734477e55a95e61e0b6,8500.0,136.62,22.99,28.33,790.0,5
089e38da3f1d828e95e2117ba84af02d,1550.0,788.32,9.25,20.29,149.9,5
bc7de131c11fe08e0311312624e2d752,6663.0,36.75,5.75,13.13,249.0,2
008dd5e80ebf8f849aa0c5bf4e22ce7a,5650.0,72.22,2.9,8.74,199.0,1
31a6cf15863af3a28c926044c0b50311,1000.0,713.52,10.05,16.11,38.9,5
1e7aa60419488b934fe799d6faad8b7b,150.0,9.77,15.24,7.78,25.9,5
00f8fc0cb9d9b7813f1f54fbd75426f1,1950.0,168.01,10.6,14.77,149.0,5
b81ef226f3fe1789b1e8b2acac839d17,800.0,845.89,13.82,19.53,79.8,1
734e66350ff1d845ab707409554c76c4,3450.0,809.58,31.24,35.16,199.9,1
8c65d56ff533ea4260692ba747aebc7b,1632.0,30.17,3.24,11.69,95.4,1
b70a20de4d773c7d77843695098779d4,9675.0,43.42,19.54,21.22,129.96,1
1d5627fc461ef90a7a7c03f06266aa54,150.0,838.55,6.94,18.4,43.0,4
a4569e83b396f45f5bad001bce729da0,450.0,345.01,15.94,14.13,54.9,5
d169981e02b7b8019f6d3924b18f80e8,150.0,18.03,3.12,7.39,49.0,5
c0d68ca2e27d53c566c02dc89021ee76,5350.0,477.71,6.55,27.61,89.97,5
bc9c2fb123725ad0d99fb76888543245,26000.0,489.73,55.41,140.91,389.99,1
7fa3d4b04565f46b2457bb270e06eea6,150.0,1322.64,32.88,16.79,19.9,1
9f6bea24fd370c2775d47a3525a4c534,9200.0,213.02,29.27,24.23,119.99,5
47d8487055416af863e81cb7f28f4f19,1800.0,857.24,7.07,23.46,93.99,5
681b8fe190dea1a0fcb73637796862c5,6250.0,346.68,31.02,22.72,57.0,1
d77216a3568824e12f455a229454fe60,4475.0,525.8,14.22,17.95,99.99,5
6c42561edb555b388b19e7bd2abb27b5,100.0,136.4,29.09,11.88,54.9,1
117a6f28c5cf04526b4869a9291c9d61,1250.0,346.97,8.28,13.03,53.44,1
0ff01ca1108c8fea3d74a51ee283841e,902.0,769.91,26.04,27.35,89.1,4
636d45d43d34423e6089d87a1869a4c3,1700.0,599.56,8.68,18.91,89.9,5
ee26442f130a74cb3b1d184ece5acd12,50.0,54.54,20.09,7.78,29.99,5
5a8cbabf9050846cfba3b3f011e2cad0,11600.0,11.0,3.18,21.9,265.0,5
b3294cf5c413e45a9f56014be323601c,3050.0,8.82,8.44,14.3,99.9,5
873e00f0d09131c528f460aab0f488fb,4338.0,495.56,8.04,18.89,144.0,4
832fd2df9c576a07c015ce8f0d88466e,550.0,838.28,8.06,15.23,49.9,5
fad45938bae3bd8a63fbae03cc8ae040,1100.0,549.94,32.83,23.37,829.0,1
259bf446f0b02fe474a518edf7a1862b,1200.0,157.24,6.2,16.14,54.9,4
be5c91507e2c4ef294ee991d22b2d8e2,500.0,89.27,3.16,7.78,67.5,5
82a51ccb2a300179554229ce57f2b05b,1250.0,491.23,9.28,15.98,156.45,4
23fcffe57a7d7ba1b95f489fffb19bb0,1850.0,546.1,18.93,18.65,199.7,5
f1f920036ae5e94e294eeb5bf898b9d6,200.0,708.45,12.07,14.52,34.99,5
0a8488f892c3e8631099327c1ec55d08,200.0,2281.85,14.06,51.28,80.0,5
9f10d04a296cb19c784bb4e4ff20d83e,2450.0,566.42,12.02,20.17,140.0,5
6d6f0c5bbf3fc7bbef3b260c1a8c89f8,473.0,72.49,2.15,10.13,102.0,2
f7fa5cf8386e51037856df1add3e1228,600.0,837.28,11.3,14.29,76.99,4
29ca95187f957e422a8474b950fdfa71,50.0,734.66,7.54,14.1,18.9,5
3fc88ecf6531f387f4888fe47105b4a4,6400.0,2258.16,44.2,64.29,229.9,1
1d90d600c94da3f52f85add77a68fef1,180.0,628.13,26.2,16.96,74.9,3
bfc0058e93f705f5dd29ca7c2499fe0a,3450.0,626.78,13.59,26.17,189.99,5
cdd4fd6abe91d418574b7001b682cf87,200.0,344.27,6.72,15.51,252.0,5
03d409e5b5b19ae88c43b41b503fdc5f,553.0,81.14,4.03,9.34,23.9,5
a575e7dee2aa0e8876e2e8a1a3bdd644,1800.0,349.55,8.87,19.05,399.99,5
1d2d07309f231879bd8097c707d4ad8c,1550.0,415.59,14.38,13.37,49.9,5
43b496a7732ace398ea4eb3bd520ab22,21400.0,2313.31,8.91,171.5,498.8,5
ddfb686b5b2ac3fbece69e652701a876,450.0,426.31,15.34,15.85,157.77,5
9a1d12fbdb2aa498f08b214188f80b57,187.0,373.72,12.08,16.15,55.9,5
19988184f9c2b5a7bb91bc3a4eb13ff3,800.0,545.18,10.22,14.14,160.0,5
2385d136c16c57565bf3b41bc45e6551,500.0,45.53,3.95,8.96,29.9,5
23726774d1a868c3e1b13c0fa85d1308,200.0,371.22,9.25,16.12,195.0,5
1a36784e5c696071dad8a242f26b230f,342.0,328.65,8.08,14.62,229.0,5
1388e91d7d43769d6bd71f89a48a2929,550.0,340.12,7.34,18.56,107.99,4
f8b40129171baf5eeb5ef5ea1af01386,1300.0,85.94,8.37,11.15,39.9,4
164eb359d3649dc1dd4bc6adcb1bb0a8,900.0,130.48,7.35,13.44,59.99,4
b9555bd71c90a01a953792e5f2af95c5,300.0,637.41,27.66,14.52,6.0,5
b790cd47d5cb1c9d14ce268a5a076782,200.0,195.02,10.22,15.1,22.99,3
79c5f579e409b09458cabc132855a2a5,250.0,331.37,13.12,14.38,89.99,4
48b7d84507eb52608a007fde9d641daa,600.0,52.43,3.42,8.29,40.8,4
a7b8a8948215052693fd30a5c9ab6736,584.0,310.33,11.25,13.25,115.0,5
d6499996b16da6981a7bb82d562d6c4b,650.0,324.07,6.92,16.32,29.99,4
5a3bccb60104b1251c6a39e051c428ba,1800.0,479.84,8.72,41.33,49.9,4
bf12f28c7dc6d25a5427ca0ceebff36d,10750.0,1736.55,15.04,56.28,288.75,4
5a1fff3c127fb5c7f1faea51f9a8310a,600.0,139.15,4.1,9.74,48.9,5
ed13c5b7c83748412c1331493e28e36e,200.0,332.0,7.18,14.1,39.9,2
ec706e6ca42af828f8d9d2495e6c39c3,175.0,272.09,12.18,15.1,44.49,5
184dd3c3d6153c3128cf53c3f7c9d60c,4150.0,430.48,14.12,25.8,137.8,4
bf1956dea4fd9c8118a6553cf6dd375a,600.0,820.9,14.85,15.43,79.0,5
d0b9b4ddffcd1fe48c13d9fec485302d,586.0,2009.38,7.7,38.23,188.0,5
394907a7e0a1e9aec1cda252b4548179,6550.0,22.97,12.02,13.78,109.0,5
5204d67853f827d1ee32810bf8f2d6c2,2500.0,263.68,8.93,21.34,139.9,5
6e522b46c78b3f2ba9e3b02f35b099de,2600.0,615.48,6.18,0.0,69.9,5
70bdd8e366d92d7256c453272fbe5251,236.0,385.14,6.06,12.79,49.99,5
c74223049609b069ad87a46eea34ca45,450.0,607.03,26.8,19.97,299.0,1
f98bb654902a31129a96822d0aecfd75,500.0,84.13,44.01,9.34,50.0,1
34ed4c9c261d1727b6d9be5e70dbd513,2800.0,133.78,6.29,13.63,86.99,5
d16add0ce9751d6b9e83bcbea48aaefd,5800.0,462.44,8.26,24.05,179.0,5
f4f81d9284f8b6894f76d2a8fa524467,400.0,354.35,5.02,15.78,96.54,5
feef55e09c84e8cb17cc8ccd1b05f5ec,1683.0,193.88,6.76,17.67,76.5,4
ed97636c23f94768f347b01d4ba20e64,703.0,138.68,4.97,14.99,98.6,5
663ea079977e933b9c2c27fe78b93629,145.0,248.17,7.14,13.3,92.0,4
8ddd550f59752f7efbbf0284aee4631b,2400.0,22.58,6.05,14.23,239.99,5
582ecddc80251f58adb996143e81d6e0,292.0,377.0,6.1,19.59,245.0,5
8f909d2a25c1618219801a24a48871de,600.0,39.33,11.98,13.06,349.9,4
7ba54c67fabcf8bc22e2023e8d81dd84,150.0,546.86,7.26,13.47,18.9,3
37420f333a6877b6e54ea0a728af2542,100.0,2.83,9.4,10.96,19.99,5
7b905861d7c825891d6347454ea7863f,7000.0,466.85,5.53,17.8,79.0,5
459753b1d2402ab3f8eab4f908129043,1500.0,566.49,18.41,17.67,49.0,5
17b7508c1910a10c24406ce07442115a,1825.0,962.5,43.03,23.19,86.9,5
2f1142c1bd6a656c18928bd51215565d,7433.0,714.81,24.34,57.1,119.94,4
34eb48efa7e9b176505b9e6797f25a42,543.0,213.1,20.71,21.8,527.9,5
62f3b85438e9485d84c4940776f9ed67,1582.0,203.13,13.78,18.41,299.99,4
9a7d887bfce614393f07fa23c246e26a,750.0,151.07,18.47,18.06,329.2,3
08427834d148946950a3fe92a596e1e4,500.0,1629.1,12.37,26.92,54.9,5
6917bf2ef92587d31987c8c01aa1b4e0,50.0,145.53,3.02,14.32,139.9,5
99e4c7eebc4e218f0ef4729921038c19,1232.0,608.0,27.76,22.93,44.9,1
143b864e7d873503cfa334367580b6b7,147.0,553.72,15.39,18.33,64.99,5
322cf8d33165964665e1529f6cbf4f28,950.0,31.38,7.1,8.88,51.49,5
10c3c7fea20a1ed15c6e55e90b3fb084,50.0,163.8,38.98,11.85,13.99,1
0b06c30e567314a9dd1c74fab08ad81f,300.0,780.47,6.92,18.45,49.99,5
573a63f55da869597574d6ce4e1719a3,1600.0,2703.72,38.8,35.63,243.5,1
790fb58b26bd95b481d6df9c7a0ea696,150.0,488.17,17.57,15.65,109.9,2
eae3ed41188ee048187bd4841ae52b9c,1650.0,495.18,5.28,17.88,89.9,4
b65d2760746d1872f57f872c7c881c4c,1100.0,1391.6,14.32,22.42,69.9,4
cb57221532d6c0308e93781532d321f2,425.0,2660.73,16.91,29.43,629.0,4
5d0878aacb99275519d63933d82cacdf,10800.0,702.03,11.39,21.54,149.9,5
8a7b84dec7fc7df583a40c69e47d7774,600.0,794.87,13.84,16.11,43.9,4
133f36e23b4b0a2f8ae2ddd6463ae161,300.0,1615.72,21.34,36.95,450.0,5
26d9036f1da95e03bf243637f07f5638,250.0,52.91,5.34,7.78,24.99,4
f3e4f61152aed686fbbb83e794cc246d,300.0,10.38,2.38,7.78,56.0,5
e8f5f9fb65db20f08e707adec28407c9,530.0,1028.96,11.08,22.2,586.0,5
578fd2f519e7343bed8dff61f0af122a,50.0,480.16,16.69,15.23,24.99,3
f65e1dc7684d79de91becec744a61f83,2841.0,667.72,7.57,17.96,179.0,5
b7579d24f5b2dd3e20f2e57d0e07d170,5150.0,367.75,33.96,19.28,447.0,1
3d531c28fb36a432495acd5a1dcf253f,4550.0,84.52,9.77,18.8,299.0,5
cda58baf4fa440869e819a444c1a65cd,4450.0,2214.04,9.28,38.41,259.9,2
77acf92b72b1e4c4f6c704fe19635896,200.0,547.34,6.66,15.1,45.0,5
17110a49ae77577b41dea127fe1df35c,10400.0,37.91,3.27,29.28,130.0,5
5c30ac49014e51744e821a352437d1ca,1050.0,492.31,11.11,13.5,119.85,5
88b24cb0678cf5b316584a332f724969,2275.0,2415.8,16.91,69.71,1099.0,5
a7a059568a1148582144bcc98773cb10,275.0,685.42,14.8,17.8,300.0,5
2a520d819adb06eabf4557143110ade4,350.0,289.93,7.38,15.31,79.9,4
5b7ffb8d013b6d0b4ae7a8f454fa9bd7,4825.0,19.96,4.22,13.12,80.4,5
6fa7b013916486d1462ad66ad1a39b1f,400.0,433.21,11.82,12.54,59.0,4
61d158e103c596593eb48b325c8fe035,1800.0,1621.34,32.84,43.14,104.9,5
33f8dfc5a51063c31d7b12e9d43a45fc,250.0,26.73,5.39,7.39,18.99,4
a6885484f375e5b08eef9d9cac53af34,450.0,6.59,3.47,9.4,37.9,4
2c85266fde39a3694a2b4f7917680ff6,450.0,16.51,4.54,8.95,112.49,5
ee3a699807c80432481120cf1deb06c7,600.0,566.61,6.37,23.0,59.8,5
8389e56bf17964405109e56799563a03,1150.0,369.03,6.43,15.91,99.9,5
dcedac1406b3713259927ba54a3ad206,500.0,358.1,10.06,15.25,69.99,4
b2026cc24ae47d44bdfb8fbe3b38b78d,488.0,612.33,6.98,19.0,127.9,4
7af8cc0ff9ec1dcbdf0880dac7cba603,1100.0,796.69,20.02,20.18,64.9,5
5ad7d897998f9bab0176a1c82b7437ea,600.0,480.16,17.09,14.29,76.99,5
b8433dcc9c5745016d68b7ed9087e3a0,1500.0,1089.17,12.19,27.22,69.99,4
6a93cbb588894c2518200e99a8fc2c2d,350.0,337.03,11.83,15.1,49.9,5
7a6c48037234cbc7887f82848bf4d4cf,313.0,103.9,8.26,7.89,89.9,5
3323036048eb47c4c617f997fd201642,12275.0,345.28,14.6,22.17,179.96,4
68a36ddf13d6fcdd7ea00d9ce11026b9,500.0,1698.76,14.15,52.76,89.9,5
1427ef2af9580d8d943b1f0ed1f8e050,650.0,347.72,6.02,13.61,78.9,5
a5102272df11ecf366a4e9d4257b672a,1050.0,597.28,8.08,19.6,89.9,2
c3a4f2b35690a1938c71e4543dc6cb18,1200.0,843.83,15.78,13.4,54.9,3
816712dda4284eedabcbdf0f9deb1b71,490.0,707.79,10.04,16.53,110.0,3
93534e882600a1678683a51e57bb1883,300.0,29.59,1.85,7.78,49.9,4
39c7d4ae602c664a264c6da2d674f418,600.0,160.13,3.04,9.26,49.0,3
612122563fa653c20d2ee959472a96c9,1200.0,1485.25,10.53,18.81,81.49,5
0cd266ef44ad3b8afcae07e465edecc9,300.0,822.87,8.4,15.1,25.9,5
7b552795a31c3247f5e0d3bc02addcfe,300.0,308.68,8.18,11.85,22.9,5
eaedbddc7cf568f1b667398781159118,1232.0,208.73,15.35,14.44,44.9,5
91eefa3cd52e8361bd4f6106356c6d0c,100.0,333.88,7.94,14.11,18.99,4
6eea01cfbca90a278819c163602d0a69,200.0,472.11,14.24,18.56,65.0,5
56e46d1a61ebb9b86fa914b4007d8a97,250.0,733.67,9.33,22.09,54.88,5
f33c74a1f0e8455e000cb264ce877e84,350.0,816.11,10.04,17.78,8.99,5
aa99d4d374a4defa38916e38322b1749,1383.0,2293.62,23.57,33.06,86.9,5
1a398850849e1f3b0532d27dddacf637,500.0,549.65,16.17,16.11,37.5,4
d92ec01edb4390e4a8e311202039e06a,5800.0,239.15,19.61,27.81,425.0,4
66cc026722b3407facaaa00f34cfef52,750.0,725.44,15.06,18.28,39.9,5
7072d06682bebe0a0e66c3ce1f30131f,250.0,116.61,8.2,7.71,29.9,3
67ac603e90054a9d303d24bd48fecaa5,233.0,1739.26,18.1,21.39,85.0,3
1bf38e3450f15beeafbebe6e0665d612,650.0,1123.28,6.93,23.52,226.8,5
dcd55caf6dcb4c4a54e6f09eecdb4822,50.0,124.9,5.12,11.85,13.99,5
a06a3cf27cfd40d7af7e264e94b9829d,5867.0,2059.69,35.22,38.67,159.9,3
d8917c684fbf577ca5d76423b29f29da,800.0,290.02,5.09,13.43,109.9,3
8ee5be155201411ad345c45727c600d4,91.0,887.28,5.88,17.06,19.9,5
fd1dfd657df57a8183a8bd5ad5725538,600.0,11.87,6.3,11.09,68.0,4
285d05509f58145ec6c82cc3407ee55b,100.0,13.08,2.91,7.78,19.99,5
61433627bdda467b4c2e9c3f4c17854d,3800.0,94.96,8.73,16.35,150.0,2
5c51a7f4f8a9a7abd2e089844082f748,16550.0,23.85,8.2,14.26,94.0,4
e5d223ea6296e491df65d5786ad215d2,150.0,478.88,13.22,21.19,34.9,5
dc700e0b4f7cb79e78aec3f67e817ebf,1250.0,883.47,9.16,18.59,46.5,5
3ee995f2432d1efdb2369e87acc095d2,600.0,370.1,11.85,15.18,59.9,5
7e7ed851224124724e3058ab01051711,225.0,1610.37,16.4,22.06,28.89,5
0d05881e40ca056d5ad848217bc92cb1,2965.0,445.38,8.02,46.48,289.0,1
4b7472650d90b16f5169d774d1e32292,2144.0,44.63,3.99,19.98,1060.0,5
814823738ce02d399f917f00e77393d5,450.0,705.02,7.14,18.51,57.99,1
94534dca4b70b22116250b471102602e,12250.0,809.81,15.99,49.98,230.0,5
1001037af2faeaa0440e04c4cf69413d,1400.0,352.86,10.33,14.41,94.99,4
876c8ccfb730dd9208e4396dc70f12bb,300.0,63.69,8.04,8.82,15.75,5
da708bf3b3d18eabce89e0b1d84588d6,2413.0,651.45,46.73,21.3,115.0,1
99044ba4cee09a5fd69a8c9a25599f55,9450.0,720.89,6.92,19.79,117.0,5
d5242ba9470b26e23e540d936c9c59b0,1300.0,609.4,17.31,14.94,274.9,5
ec22a18f14eba260f8f395dfc96fa72c,180.0,70.03,10.94,13.96,106.99,5
b1846dcb6fa367fc58bc4064ff4ef38b,363.0,506.6,21.09,19.62,248.0,4
d1ad273eb19cc217511bb7d6f6de894f,434.0,334.44,15.0,14.29,77.0,5
4d544ef55956dd8aadf1162dc1b82ae1,150.0,15.93,3.36,7.6,49.0,5
ebb7f99f3da056facfc31f1fd9c56b99,6950.0,757.21,13.25,36.32,549.0,1
11302d4542ca6da5b505416f9e04f0a8,1500.0,676.71,16.81,17.6,39.99,5
d7273b44707722d534c868f279e235cb,346.0,2109.37,14.12,19.51,319.0,5
8b03a3a298d3b5831724d10b7c35ea95,500.0,838.93,27.37,16.06,185.99,5
de33a2445c0420d1e174add3c1e5f10d,117.0,268.4,14.22,12.85,59.0,3
36dfc1a57aa696c9c9a2c47aa4799326,350.0,2361.06,9.11,25.46,61.99,5
e8a8ff2fda1e5eeeed6e56a9a882f648,350.0,1666.31,20.1,23.04,77.67,2
164f22d152f646ca5ebb5a2049e3adfd,1700.0,206.25,11.28,18.2,135.0,5
061c97a9bd7911f9d2031e1b820c344f,500.0,435.71,17.88,16.26,299.0,5
5d5bb894cb86c2b5aff1513531e63055,250.0,763.2,8.15,15.43,78.0,5
acdbc7396e191931c263db11af241d62,1350.0,5338.63,29.05,29.25,121.9,5
003edccf16bc5ec447f592913b3df2b4,217.0,2237.15,26.59,50.85,14.0,5
840d702062c0e3f061669071b0b27747,1500.0,798.29,10.76,17.93,40.0,5
d4a29f6b845d320ee77c7e2be449704b,200.0,617.89,11.81,19.28,199.9,5
c6d222a38df267553737a56da260cca3,353.0,846.11,14.97,34.41,87.5,5
5c092582307d1169e1a475648c90003f,400.0,2646.08,50.75,25.38,49.0,1
4948f06b894477c108c871a15fd4f1d6,1067.0,296.64,9.01,19.56,53.0,5
12a95a3c06dbaec84bcfb0e2da5d228a,1200.0,502.94,12.92,15.77,79.99,5
bb7817474bcd6bb7ddfeb4180a5a61d3,300.0,648.99,11.58,15.1,29.99,4
55722f117fa81b20ab36bbfc3c8878dd,666.0,904.21,23.88,19.57,86.4,3
750d41eea698eb46b84a70de18de2a5f,5150.0,372.64,11.07,16.74,69.36,3
ecfdcaa1a2dacb4e5297d8251b115002,1350.0,1780.87,9.49,24.62,59.9,5
daa82801011a09e5047dca31d70b6be1,750.0,39.08,14.55,9.31,79.9,4
3e9933bf292ae1d5b09f1fed31163522,350.0,916.62,53.72,17.35,129.9,1
862492c97a277f223e8cb4d665d80c0a,250.0,191.31,11.89,11.85,18.9,5
5a1162244090096d45dbdd8c9037a720,650.0,1216.68,9.36,24.09,134.9,5
660f8620fa6f2cb3014b516eb8cfd24b,2467.0,683.42,14.56,16.11,41.99,5
982b3bee67e10358cdfe18e0bbee9d08,2200.0,373.08,4.16,14.44,40.8,5
8c3337e8848790574f8d28f6591afbb3,450.0,2517.04,10.21,37.36,64.49,4
bc46a904b86fbf6c3d2f49a74fab7e66,850.0,125.53,12.81,13.41,55.0,5
a7586f18de9c78a682d841ea07939673,500.0,17.22,5.67,9.34,69.99,1
c15337f7b22d68e4ea7e1c0a483041f7,400.0,2489.13,22.68,24.89,56.99,5
1c319576cde33909a59cb779cd50b2b1,400.0,1858.99,26.47,36.01,98.0,4
d153828b4671c4e7f706bf676b05eb67,7800.0,870.6,22.17,38.27,99.0,3
b950746ff8453f54ce5e11384e854e80,4800.0,437.49,12.94,18.63,49.0,5
2445a82ec841c77c3fa6573bc3e00dcb,10225.0,501.75,14.07,16.68,139.9,5
724ce270686637620b2fdeb626828db6,500.0,410.52,9.63,18.54,62.9,5
c73bbcd64afe483b00a38c3d28c1c66a,875.0,512.57,7.06,19.89,99.9,4
a0819d5b3f3ed0dd5e6d4d852d51ff79,550.0,84.99,6.12,9.3,219.9,4
d43ade6350b54f4b4d26b52007496a3c,200.0,41.36,4.77,7.78,53.99,5
a62cea6420ca6b61d36c62aeb795858f,200.0,1052.56,21.34,15.17,59.9,3
a688fe5c2beae8c79ad4514b1b02c8e7,147.0,351.05,2.91,22.27,79.9,3
d1e51d46442dbad6b79b800dc7293869,200.0,455.38,20.15,15.1,20.3,5
a6739d71ac53122c06071dad1d765a49,2225.0,1100.52,12.71,28.27,188.0,5
c9db7e953006c9303b92dea9d91878bc,625.0,566.19,15.05,16.42,94.9,5
2e5737bd3452cc165fb76f3a57447398,150.0,10.79,1.44,7.44,24.99,5
66d72a05add1a253c4e8390c215c8306,100.0,13.21,2.37,7.39,8.9,4
39c1a4a89678bf3fbbcaa3719ba937dc,175.0,4.32,7.86,7.78,12.25,4
54df3693869c9e8423b07e0287194059,4338.0,297.83,5.82,16.74,158.0,5
cfea2c141cacb975b65831b7ffd6d194,350.0,2119.17,22.1,25.63,19.9,3
2ad9dad7b4962fc37fd33869e09ae5b6,1130.0,162.77,6.55,11.35,47.06,5
790710021a014a0263cef04999d451ee,1800.0,662.91,15.38,19.32,49.9,5
21ae9d6a114e6bf02be6b59e300b74bd,1500.0,36.82,3.78,10.39,139.9,5
10ec043040f8a284bba89547e8a49cdf,850.0,1809.75,11.78,51.56,120.0,5
a71e537206ccf830e74464cac298bf9e,3000.0,666.72,9.06,25.71,124.9,5
274a1c50ff2991f27b21bd8465c43882,650.0,379.92,20.82,16.32,79.99,5
1f084ff83b5bb40072e2ffe6f52ec7f2,1825.0,584.14,11.96,21.56,86.9,5
75d3527e66e8fc1d5f941e849c0de41f,750.0,9.5,3.05,9.44,89.18,4
ea9b010cf2c27393c24c5e0b8a9c07d2,1900.0,799.55,11.22,22.45,279.9,5
8692f02bfa6e672dc1feec8381f8127e,550.0,354.65,10.14,13.85,39.0,5
bc4c53b286be3b64ee817827e1999f1c,200.0,1219.11,22.32,21.15,24.9,5
1c0d93546a9b70093cb412cc8f50a405,7225.0,341.67,8.42,23.09,79.0,5
af4e2e186d1553f35c402a9e153f9444,461.0,800.32,21.59,37.07,249.99,5
61b0d0e5364491e1c839a21fcfedc08c,1867.0,25.02,9.18,13.08,29.5,5
30b971d10c8ea1517964eb4b7f720f2c,350.0,736.44,7.58,15.11,15.99,4
666ede5bf7b6eebd0d2f61795ee14149,750.0,322.23,3.11,14.14,79.9,5
b7cae694c780d4c511f348d882008f63,1950.0,119.82,2.45,14.13,144.9,5
6439653c88076433f580f0ea995949ba,875.0,569.77,7.55,19.95,109.0,5
2ec3fb192c828ca618c797ccb2c22a3e,17500.0,202.55,13.32,36.04,139.9,5
0a327f9c209a8317bacc1f86dda65f52,450.0,91.93,2.27,8.51,49.9,5
70e4a16cdaa84276ed287a38cf800b41,1200.0,388.83,13.96,17.6,40.0,4
5c8016724722d7906a7e8cfa22d7727d,200.0,217.36,10.81,7.55,42.0,5
3b73af98e156e78b9589279586399d8e,200.0,304.71,4.09,13.43,58.99,5
65626f06410c787b69aac226e3f0f6e8,150.0,279.85,16.29,18.23,23.7,4
85b58bb30d219374cf9cfdebbc5fbb69,750.0,0.0,7.34,11.81,59.9,3
c2899525db44fcc73342e7713b932dea,367.0,225.82,7.64,11.85,39.99,4
8e8f66d7e07a38eded748a76f43cff5f,1600.0,12.85,3.02,11.73,59.99,4
f947483d17043c99e4de12dacdbd763a,200.0,691.9,66.12,16.28,119.9,1
44820bce2c8acaec4817ffc156cca3db,1350.0,1560.4,12.98,18.12,78.0,5
78532cc9bdcc3c18c8ad8fe190844253,1600.0,807.87,7.1,19.34,220.0,5
3b3e0d7f5d77e227da21f19fd5e20c47,250.0,106.49,7.87,7.8,77.0,3
45a3ad6381d921b1ec16fb788b2a9a19,2600.0,369.39,15.86,24.97,119.9,3
8756f67f8fca03ed9d9f098a2148c32d,300.0,374.55,13.92,15.1,19.9,5
0dfd5d2f0b9f06775f9630defe80d510,217.0,209.42,7.86,11.85,34.99,4
f09126bf1e12e8ed060f26f510be949f,1525.0,469.65,8.25,16.76,72.34,5
1d93bcd12780547aad1ea6a06e64b49c,850.0,12.64,7.26,9.24,69.99,5
01a6ad782455876aa89081449d49c452,300.0,924.85,14.45,15.1,34.99,3
e6a4c64b81f572a51ecc005e12ccb92d,2050.0,26.21,2.0,14.09,219.99,5
96a829e0e554c697670638997aadc45b,300.0,176.14,25.93,10.96,44.99,1
00482f2670787292280e0a8153d82467,700.0,1.15,1.8,10.96,7.6,5
c3c86ecc0f7508ffce2a4662f49d9d8b,250.0,710.87,4.06,18.23,9.99,4
1c2e03f112c29c38cc65602a33043198,6350.0,367.68,10.47,17.8,79.0,4
1f56d6730df1a47e92e167f773c5f37c,200.0,821.6,8.56,14.52,27.0,5
68051b9b65c4b30fc1252a2b69fe1d0b,1900.0,252.53,11.71,26.77,99.0,5
be087f2e4d527446e82a0e44d5f95d34,500.0,343.89,7.92,14.13,53.0,5
a9a6fd3ca2e803548ec0685c9261a4e2,925.0,150.44,9.15,14.34,109.0,5
5f69f6bf68dce110479aa0bb515b47c8,550.0,49.44,4.08,8.72,30.0,5
ef519547cb72d3ac42ff707948fdb963,8500.0,595.14,47.99,19.97,299.0,1
f2bda88ec797456b974f810a84814028,150.0,452.83,21.28,18.23,6.0,5
bf3aac7b998a34f5bc14f646652e7bed,2200.0,343.36,3.6,26.9,84.99,5
f15028028ff1a3ccfd539531e3321975,6950.0,485.36,5.87,30.53,104.0,5
111fd867f837d390ba296535e5ce8b92,1300.0,16.17,4.89,12.28,179.9,5
1a9979add53335be401feeaca64ee040,650.0,363.6,8.43,12.76,59.9,4
49b569121eeb2f246d369618b5804605,4650.0,792.79,14.23,22.0,215.0,5
1affc4ad6b0957720114bf91c2f39879,3800.0,61.03,7.84,10.96,16.79,5
e5e60230ff5dc8932810d73a4ef6417e,50.0,269.01,14.79,11.85,39.99,1
f9d0e3b4c20495f400a845fa3aab20c2,150.0,150.53,8.41,12.79,49.9,5
112f1c24ebff7575c3829274cad94e28,1700.0,22.43,3.33,36.69,85.0,5
473db6bd9e60ec3fb425cd204fb8f4c1,1775.0,126.54,19.92,15.94,634.4,5
0c77e9308e3c15bbeb6c16405a2da080,850.0,549.9,8.05,13.71,99.0,5
41d047e77cc83775301117a02c15b4ca,1600.0,1983.28,10.43,25.63,49.99,2
85d32072051813056a0a92fdef601cbb,1100.0,2193.16,35.04,43.46,199.9,4
14b8a3dec1630400442e5cb91e6a3e38,200.0,705.08,8.67,19.07,169.9,5
cfd085695f8aa8900050cd7b077f412c,100.0,350.99,7.93,11.86,51.9,3
b525c6d19f79d13ff968c544e517bafe,1825.0,448.62,8.93,21.14,92.9,4
674dc699bdf7b477fcf8efa0b898802a,2500.0,436.78,16.78,20.62,99.9,3
71e297393a1e63537a76e338c10dbff8,214.0,272.56,46.58,16.28,74.89,1
2f4011790ff902584d5b011f0e35ff1d,350.0,121.41,6.36,13.61,166.6,2
9a9493d725526cae22a6a7aec2d5aff4,1200.0,815.89,10.75,17.54,99.99,3
a9016dde97a6a447890dd748aa844b85,200.0,297.32,4.89,12.79,29.99,5
5b733d05e2c2909d6e5e9a81408ed99a,513.0,576.04,19.92,15.38,89.7,4
b6480a468bd89b1732a3e73ba16a270c,533.0,2092.73,15.81,25.18,149.9,4
264eb9cf9edd31016e9e59017e746aec,600.0,194.13,2.47,9.26,48.9,5
c570fdfe7c52f1a15c7f002b4dc46f6f,263.0,3.87,10.01,7.51,34.97,4
695eed4f6656d10f32a49760523169de,1900.0,282.26,35.34,17.21,299.99,1
b4472226dccdf2b8b06bbc4256cf7b64,175.0,393.75,6.83,18.53,60.99,5
71c22e96648b3b4f4c78e6e4de6bdc0a,1600.0,825.43,4.84,18.82,145.49,5
5e73c84a4d8bfcb7f5f1aca946e843c7,11875.0,1431.99,24.17,49.8,169.99,4
ac1f454dcc22f536ef0bd5fc3d25cc61,800.0,881.64,10.76,15.14,54.0,4
a28535f14ee96c734e574170b72034aa,200.0,66.3,12.92,12.97,75.6,3
25d3716d0097db13efad1ec47ea26551,50.0,373.88,4.05,18.31,29.99,5
d09ca8bb763241ddc7f4ca43816ed10c,11350.0,457.93,7.02,26.97,95.15,5
cadb75b4ce8646d41b77eff5faa5d300,1200.0,807.95,22.21,22.93,39.99,5
d04eac33e07f50f9ca76062f344a3dbd,4338.0,308.27,8.0,12.76,179.9,4
f8046b5049a674585e048bb954e3b494,1700.0,223.98,7.04,16.41,299.99,5
0630ba8015b69f03e65dbe4be3aceb4f,4105.0,530.32,13.95,22.29,117.3,4
5d86042018c63cd078fd946e3540d565,1050.0,310.03,17.57,23.59,144.0,4
db7059aeda4a4b33b40700c87731ae15,350.0,1458.07,10.64,17.06,14.99,5
78b7aeae3630346231847e749bfd8a18,350.0,310.99,8.27,12.41,129.9,5
d628ca546be1f0eb162833abafc51a4a,550.0,1740.94,28.84,39.23,559.0,4
6e1a8bb31b6a7f387513f6a62ca4a66f,250.0,22.27,2.01,7.54,39.9,5
8faf0ebac1a886f5df3dc9bd7ed39b58,800.0,239.74,6.24,16.45,98.0,3
3c7ad0e853a5d0f0b08290127e7325a9,7650.0,577.79,14.33,51.12,179.0,5
2aecd29fc36d9e1ca2ea9f74ef4c7c05,400.0,6.18,8.77,8.72,64.5,5
31ff2ab0bf20340ff13605c65e38387f,600.0,710.54,19.04,16.35,84.99,5
881206af1a6a9cd34119b99782759dd4,350.0,73.87,3.94,7.87,36.9,5
3b0e2a09a2ba5ae468fee216d5cd1a22,1500.0,958.94,27.42,19.01,59.9,5
c7c8deaa5fca16ea52f981110df2537e,200.0,429.0,7.94,16.35,229.0,5
3160f9fa13bf36dda5ba225649526968,575.0,1442.54,22.89,23.97,148.22,5
5e8222f27e709f2c61364ae886df8ac8,450.0,191.91,9.95,8.55,56.0,3
ddebf0da62e7da325ae548eca16ce5e8,4450.0,325.72,8.77,25.68,119.9,5
ac5505acc449a5a79dce26cfa549dc5b,1700.0,807.9,8.12,21.23,129.9,3
9819957d2d80bb1cdb7774bb0b623d85,175.0,2726.49,34.66,25.47,62.8,4
4b1104831c2d0c40dc17dc5c9d5cfb35,450.0,415.06,8.8,14.9,104.0,5
643e340c6c562d108526c36d5a94c027,5400.0,2555.07,44.11,30.5,139.0,1
3eb5983ab1e64ba4a4dd7425a6d6d48b,550.0,14.18,8.08,11.82,88.0,5
588017c78f6057bfaad9fafa5a05f5d9,1750.0,1456.48,19.52,33.38,119.0,5
8b94c85a97b61f51a419a57e451d4e3a,100.0,847.56,6.91,15.65,10.99,5
a5bb508b158c65e99f596d0e8a2bc08d,700.0,478.39,7.45,17.41,120.0,5
ac0804adece431f14e99d82ab558c3c0,1500.0,663.88,8.29,23.19,55.9,4
a3f91830d0e848e2824d4c772ebb7772,2500.0,857.7,18.27,21.04,79.0,4
07900b3f0c35328917b0bec1c06cd28b,750.0,767.32,18.14,19.5,75.9,4
470e4a0aae7ae6c3bb0aa161b7abf205,750.0,342.05,6.36,19.71,73.98,5
18d4a70e332d1cba03d4bc1530aa3df3,3775.0,428.76,12.02,13.35,109.99,5
215f3324d1e0ac9abd788d1ac6d65b9d,200.0,479.36,9.47,15.1,25.99,5
9d5dfd77cf32bd319a504f77a137491b,750.0,374.67,24.26,17.26,185.0,1
7a72862f08ad9a6b9debda8e2a65d762,800.0,2168.34,18.72,24.84,34.9,5
813a1597ee0470b32160904f9f454ab6,4105.0,130.86,13.03,17.53,117.3,3
ffe5736050c2890fa51a28942820258a,11880.0,6.84,12.89,14.55,79.99,1
f14a9b375fa15329cc541a846cfb03fb,5950.0,98.59,8.64,16.71,143.8,3
4f7efc5c210804c2178266d4e12d6968,300.0,23.76,7.85,8.72,46.49,4
3f78a6201286f6b6bcffb1a2b883b1f5,3625.0,2474.42,25.15,22.55,69.89,3
2ab274c9a5e207ca4445d7c6ab29e46a,550.0,1187.67,9.48,18.23,39.0,5
a65f614a7b51b56f47bb90f4d9fdf16f,150.0,13.39,13.14,7.78,18.99,4
27bee06c27de3976958f786390f2d31f,450.0,27.77,5.44,7.39,39.9,3
8ee8d07f430f05cc64d93f3c70bd41a7,1150.0,14.66,3.14,8.29,69.9,5
b3a63f4fb89da65142691825fc1443dc,150.0,2365.91,14.65,17.63,15.9,5
ce4c50f30197a0330b034d27da7f5ed6,2700.0,1548.75,9.11,31.78,129.49,1
0e5c4fff98e1b7885f4ce7e7e13e37f1,820.0,822.25,14.94,19.82,82.9,3
901db8b5147279a8318455a65fcd653e,200.0,318.0,25.38,14.1,15.0,1
73dfbf97cb48a39c55ddb4425192d931,250.0,521.45,8.27,12.48,24.99,5
7a47c118c1f2f25fe139e684610c3b97,3575.0,2344.3,9.94,26.9,34.0,5
d00c0296f63ccdcf9062c425887095e6,575.0,211.94,5.77,13.8,32.0,5
22849055311b7748c424a30367967406,350.0,366.76,7.11,15.38,89.0,5
c2ed06437a123b8c578ce63581930191,600.0,511.43,11.92,16.62,349.9,1
0ee415fdc549189ef34dc8f7de4763cb,11100.0,1930.56,16.92,28.75,42.9,3
4bfda23ff0ed8665aa9113bfb4130bf3,13700.0,16.75,8.22,32.98,650.0,5
a6e9b80a7636eb8dd592dbb3e20d0a91,3000.0,379.93,12.53,25.79,465.0,4
5d322f251f819899cfcc89e316e4f4d2,2100.0,79.13,4.7,12.6,199.99,5
e4a4383d0ef8c742a8c2c58be61b9722,507.0,865.02,10.28,14.59,119.99,3
df8013c634d895a53cc8e6e396a93533,400.0,615.67,14.91,17.02,325.0,5
976e9ab712a374c4dad3d2d0e7e1001e,173.0,473.19,7.43,15.36,87.8,5
6a6a5e595e782a6d0de7abee5fab0b89,450.0,538.77,5.28,19.07,138.9,5
c2453c426084d540cbe9433887844fd8,600.0,822.56,5.13,23.57,762.0,5
88ab6b0ede7f19c65b5b71771b88254f,4150.0,2142.93,16.37,65.5,150.0,5
21a6a3d0477ec6bada948436fd516e84,8200.0,1831.78,31.08,38.53,199.0,4
81727d69b41f367b7d1e9e305d7eb92b,5500.0,683.51,26.05,26.25,106.94,3
578b634977ea194b887ef0cee6d501d1,1400.0,467.31,17.96,18.05,114.9,5
afa3e30ab7bdc8d5e7770d1d189076a8,242.0,643.77,9.86,15.31,79.9,4
759ceb2a861358153b8c0727e3552c65,4750.0,255.05,10.0,20.54,139.9,4
ceca47d82e889cd6dc7b1fcb59e79df0,225.0,140.76,10.51,11.85,19.9,5
6482040c4887d33a7129473d3db4d0bd,1850.0,329.33,9.34,15.49,199.7,5
e74cddc9bc11794b017044166896d69f,250.0,265.22,10.19,11.85,24.0,5
c576c7d1b3c8437dfb227e02746d74e9,333.0,35.88,3.63,8.82,11.49,5
82494202b66a95f0b6298e21f88b95ad,150.0,743.78,11.47,15.59,69.9,5
266f8c8ad2326ea2f2272adcb43b7ed9,800.0,288.21,10.24,16.11,45.9,5
d398e9c82363c12527f71801bf0e6100,250.0,2360.14,8.57,21.19,55.0,4
dbe7501db7b1a43b25c86915eaff1112,4000.0,322.6,9.14,44.76,136.9,4
2c53bd1388754e218f18b97bf025d935,4650.0,2107.33,9.62,31.94,209.99,4
16a8f7a8bbca3c9cc625c7f5e7b912e8,750.0,408.83,8.8,19.67,99.9,5
27428009109805ea69e0638806aa97ef,150.0,14.84,3.05,11.76,79.9,5
884b1394fc8888e6a877df86eb19e74c,1110.0,64.83,9.82,7.39,47.65,5
b34f46c28be69a2d65c7f3f3c01c3673,4950.0,503.28,11.14,27.23,129.9,3
4aee412a7e32769844bd23a9d6e885b7,9650.0,17.74,2.29,41.58,219.0,5
fb1418494ba4e6ced8a7ae840dd9fbfc,10550.0,395.39,10.99,23.01,29.99,5
b46902d53ee0054d077220fefa87e7d5,750.0,483.84,5.88,15.65,63.36,5
d82fd3fc3c5ceb51ec5f5db847dbe0a9,350.0,11.52,3.4,7.78,55.0,5
5fdcee361d689906697597a4415711b2,250.0,37.7,5.98,9.44,89.99,5
45ea696753b4d93fb0cffe87c816a064,300.0,472.07,7.83,121.95,38.0,5
64b6860d0ff4339bec73a08ed44a99f2,150.0,14.81,5.14,8.72,49.9,5
87d3f1164e8055f7438ae314fe816cdb,400.0,226.17,4.66,17.44,240.35,5
578e406b34a3ef878b509b9fe1813dda,175.0,351.06,13.51,19.32,47.49,5
c70fef01838263b8faae59464fd721a3,500.0,720.19,7.44,18.2,349.0,1
084e6aea84bfcc0627bf4da8d657938e,15475.0,301.01,19.46,43.19,136.99,3
94464ba991f95b4699391b7759c29860,5950.0,713.14,19.08,23.0,59.9,5
4682ccc1cc6188dda05e841ad72bc5e8,750.0,747.3,23.1,16.18,59.9,5
02971473bcfb16642904d57bc3be50b8,1200.0,21.05,4.03,11.9,99.99,5
22a70dec3f33737fa17ad9ae098b37f8,500.0,8.06,7.01,9.79,139.9,5
aa207ae2ca98908eb855463f1b385a2f,1350.0,14.26,2.96,13.37,39.9,5
acd7029e70d5e80091c71c9be6643758,650.0,84.46,42.99,9.94,48.9,1
964c6b3ee27c9fc1f196358f7065e774,27800.0,879.08,11.99,128.44,126.0,5
f709f3fec102226ab1dce1018209b7ff,700.0,1235.74,8.46,21.46,170.0,4
28c82a8f08d843332818f4f2673e0128,4338.0,554.67,21.84,16.01,179.9,5
602a7458f2248260d368f81cd86377a8,800.0,1490.64,10.93,17.92,19.9,4
5999ead09f96d2b827245b36f86901bd,400.0,837.03,10.81,15.1,33.5,3
2bfb7f8b84037952c9081f80964396b5,3000.0,1233.86,40.85,38.01,124.9,4
c503f01e35a4c24abaa34ddaa0c2b3ff,950.0,843.7,11.22,15.24,69.9,3
7e1d7adfaf4e026419cedeaed88f3a4b,11767.0,2745.42,30.96,108.36,189.94,5
bb3728fa34a2d05bb2bd04df7dad8418,1600.0,347.8,34.39,16.98,104.0,1
0e0d0113e6a6e1dee034ffae4c3fd225,300.0,520.56,7.6,15.14,139.0,5
7744b010dedfdb100e51ac9096022331,150.0,20.52,4.87,7.78,54.9,5
38ece426df6061a1672fecbd2cd3001f,400.0,850.52,11.95,14.44,99.0,4
c40251d941c82933d4c4645793793577,5550.0,305.18,10.08,28.1,1097.8,5
b012f20bfa8d71028da47251f0201d6d,350.0,19.27,1.94,8.29,18.5,5
ea7221ed75c18585b0558f1df2979bdf,207.0,273.69,16.95,15.38,89.49,5
9c047f1058da1c399c10a1526f528855,1750.0,422.1,6.2,20.99,49.9,5
877e88c213b1ca25f07ece4878bb8acc,1383.0,259.29,10.65,13.03,84.0,3
0016dfedd97fc2950e388d2971d718c7,1500.0,1193.77,23.94,20.8,49.75,5
45b8bb0bfeacbf5aebe4c3f5cbcd2b06,283.0,474.46,2.45,14.58,59.0,5
00e6bc6b166eb28b4502c1cad4457248,450.0,364.8,3.8,19.03,132.9,5
bfc9b6d89dbb2d9a7dc7fde5843e0ba2,1200.0,612.37,11.38,23.31,104.99,5
fed7b21403712a0adacf01cd49035495,3850.0,354.02,8.89,23.01,99.0,5
38ac0cc1879cabf9cb23a2e8f217acfe,350.0,165.25,2.25,18.13,857.77,5
20469319e0bed934658208f7bf3015ee,1250.0,1623.37,11.99,38.46,129.9,5
06339e75ee1b614953aef978ef01d766,1100.0,1152.37,40.39,20.98,43.9,1
55f48d94df188b3d4f74c9db5396b6db,3700.0,1478.64,21.08,27.77,149.0,5
42873babe11a5362e2b59e1bf80fbd92,300.0,2373.91,39.26,17.63,27.99,1
0deba00189593870535a63ad3e6d9ab9,245.0,903.5,17.95,15.31,79.8,4
b355f6e4f3e1a61e94e4448e62f928d8,850.0,518.53,10.92,16.38,89.0,5
f9d9fcf57feb770b0ea568f6a92bb2f2,1500.0,300.37,5.6,13.5,69.0,5
6ace9f71dee0013cc1f49942b5279b0c,300.0,194.12,10.01,11.85,22.9,5
fca0397489a3333e988ec1218efe40b6,2550.0,495.88,6.89,21.71,89.9,3
50fb2be4ba420484efb378781afaad67,1650.0,359.3,9.24,13.43,49.0,5
2589706e89ca32933a2371219bab4143,250.0,492.86,9.5,15.23,49.9,5
a216d63457e3501eeab4375752f0fbbe,1300.0,27.42,12.12,13.45,124.8,4
5df11955c9e776e57bf66071651f6db7,150.0,21.02,1.24,11.27,93.9,5
f354a10235b5d253194c5285396abad1,817.0,545.34,11.04,17.16,199.9,5
18b9bf2dbee620dc2f5b9d4a747c2819,450.0,740.37,37.25,16.11,15.0,5
0c1c40ddebf6bcde950f7932248b2529,1200.0,1937.34,19.67,38.27,102.9,5
adbca6192a6df354651cfc657e0935db,2450.0,784.95,12.13,18.34,155.0,3
7d37bd17f502baa7c5a25453abcf9003,9700.0,39.44,3.59,36.48,139.0,4
5bfb6e0571dfc12cf4710357871f00ba,1200.0,312.83,6.41,14.72,89.99,5
d8d281c1a1398a1e835fdc4adfb81e2a,2825.0,422.37,3.9,38.41,664.0,1
13f13b57aacaec347d9d8f974528cf62,3800.0,522.72,6.19,42.03,150.0,5
1bfb2199760a3d5c410cf4fab44e868c,560.0,920.24,11.27,22.77,119.4,5
3d6031aba8562253267cc241b6113b98,400.0,10.55,25.48,10.05,151.74,1
ec6cefe08111fd7ada75b6c9af232fad,300.0,808.73,9.14,15.31,29.99,5
65a6146689b83878d498e1a7d03782c7,1500.0,844.74,6.11,17.73,69.0,5
c111660003fe3dd242a376599653b22a,150.0,2299.99,18.47,42.38,19.9,5
55cc5dd784c6da7dfe2e5408af3a58bd,250.0,49.1,6.91,7.78,44.0,5
6751421a5f8978f08dab6b35213d769d,1850.0,209.01,17.2,19.33,799.99,3
3ab84542ab355348729b9f7e564a1acc,12000.0,804.09,19.13,61.37,230.0,5
8800d14eb6eb6031624538ca8750b921,173.0,286.73,49.03,15.52,109.9,1
75090e5cd5378d0ed281964a43e7bca9,1050.0,717.32,13.64,19.05,35.99,4
3c910682dae253cf479fb6cefab5e751,300.0,167.56,16.22,14.52,6.0,2
644d53f0bf14fc2b7b89008c00ef5f45,250.0,228.62,9.05,10.96,13.9,4
d41226bc535a19fd17ad5798958ec1d1,7350.0,425.04,7.85,27.48,200.0,4
cf72398d0690f841271b695bbfda82d2,3500.0,12.8,9.81,15.49,269.0,5
0e5c1cacfc470555872819fae01e07ae,584.0,515.66,13.72,0.0,110.0,5
6abcaedd175c7aa362cb758f3f728053,300.0,504.22,8.05,16.53,254.9,4
71a2d0d183bfb1065bfa35ffd449471a,200.0,11.99,2.22,7.39,45.0,5
0385da8ba64dbb10adf8f80e55cae6f4,750.0,12.4,5.02,9.47,159.9,5
308a27c02747a7b997944034c014302d,2000.0,1204.22,12.72,17.28,121.99,5
80128feb8f15a7ebaa8371aa0a718604,9450.0,513.46,12.02,40.4,210.0,4
9e5a1beaee5b0847c3254738fe668243,200.0,1758.1,83.76,16.11,8.0,1
f66098258f2a0ec8b2836377097fd48a,2300.0,46.78,2.02,13.49,170.0,5
8912983ff47de54fb2cf774efebd8f09,1000.0,358.86,5.41,16.95,139.9,5
d496c7682d606e5b5e371b47849d8ad6,138.0,263.67,12.18,11.42,116.0,5
8567d0e0c41a3f32730d8d68b7a73d33,2600.0,306.96,19.12,21.26,110.0,5
4e67f143b0c25b22aeab8e13b0dfba81,1350.0,17.75,8.81,9.36,78.0,5
60a28eb91eb313b6113313511e38a87d,6050.0,267.16,21.79,45.09,89.99,5
add07aec0f5cae7d936f30137e686c40,1200.0,334.95,13.14,17.67,59.9,1
764784b2e19d54da239286b0757f222c,1000.0,1946.2,15.07,39.04,109.9,5
67f3b828f1f998df84200e854c3119e1,1100.0,397.83,25.91,22.14,607.95,3
27214261769c9a48e5294cfe2d9869d4,2900.0,84.31,2.26,12.6,99.0,3
d360a6c1f7b7eb35282e2c574c5cbf8c,328.0,269.44,10.92,15.1,13.33,5
b3312a188dae0d167f15c025aab9852a,1200.0,191.5,6.12,14.48,106.9,4
a294c654ef8ddfa4587ab732ff8aa101,125.0,625.5,10.03,12.48,19.9,4
cd6abb02d781babd935ee80555d3972e,190.0,97.51,7.02,8.63,195.9,5
1a57b61de931e82f09abf18a41271ac0,482.0,1610.99,11.58,23.17,64.89,1
7059c2afa0f74d0d09b1a8bd04ed2f7f,369.0,1691.82,22.24,23.6,399.99,3
1f26d6dc18f5315e3177b291a579b492,1250.0,1881.31,17.96,38.55,143.0,5
32eb9533178668935fffbc324671e9d2,2100.0,1574.25,20.49,19.86,87.99,5
a2cb7138f0dbd806834e29cecfa9f454,823.0,1440.62,12.76,27.66,159.99,3
e4a0627e35b5bb50621fc55c9ccc7ea2,150.0,354.91,8.14,14.16,49.9,5
f19d214a923377a6b52d8451d06f946e,100.0,12.55,6.97,8.4,8.7,5
bfaa65d09b9fd34aa36a23ad90fa7db3,1614.0,619.66,4.85,23.05,35.9,3
45b888816ea926cda441a7e65e7c1b9f,450.0,1469.34,20.31,35.45,235.9,5
7e03de7edf3bc774fd1ad0915464e41b,200.0,906.62,11.4,15.1,35.99,5
1f453524ca7946b73a175299b82a66c0,1550.0,355.72,20.45,23.52,133.9,3
1e718803a62786233aedeb09414e1495,400.0,1784.85,41.4,35.88,80.0,1
f8e14f9760ef6679d468a83bc48d8de4,560.0,264.23,12.19,14.04,229.0,2
a241bea87dcdd0160ca94ebdba5bdbb9,408.0,356.96,7.28,17.45,279.9,5
6ce881977271c8a9ee70289bea9f843e,9700.0,471.51,12.45,34.04,109.97,4
8d8fe1ce7c12058c8405c96cc799d490,13650.0,350.46,9.86,49.98,230.0,4
85607d3592af1748d85f39e8f2d2709f,2200.0,11.13,5.69,12.23,59.0,5
5d7d650b7b91849a41cfc2389d1b4e03,950.0,343.15,13.05,19.45,68.8,5
e44ab38a09c7c1c8491ba831c5527914,1150.0,811.8,13.38,15.24,69.9,4
be46dcfc990766bfafdcc22141c7fb2a,400.0,488.13,11.89,16.28,199.9,5
9a3966c23190dbdbaabed08e8429c006,800.0,2668.01,4.78,62.74,3980.0,5
d2d558357a6c69ca47cc4eca7571f593,7500.0,356.37,18.49,22.52,240.0,5
02661696e065aa02977870f3a87940ab,5550.0,136.92,6.93,13.57,79.0,4
12788f3056c6392e73afcd37df5482ad,950.0,237.08,7.3,16.27,73.35,4
f4eef947e4385f95c5a7184a689fe241,400.0,324.8,36.93,15.56,21.99,1
c85617bff1ff615fb850f55304688d60,3663.0,583.21,6.52,35.65,270.0,5
5ea0678e7b34c19e5ecbcdf8a3eacea2,700.0,305.88,6.49,10.96,12.9,4
b30e8706285c15e74685d5e1c5c56366,200.0,26.95,5.44,8.11,31.9,5
cffd2e0d6321d2d79aac6c8166a55085,1225.0,804.01,29.62,17.95,99.9,1
ecd05a067963a5b65651b89dcfda9995,500.0,277.19,8.57,13.52,169.0,5
ab0bb51a710692e96d316072209e1c75,525.0,42.15,8.85,9.78,203.0,4
6d73ecf533649a9f6e32b3c803c76e57,1100.0,350.79,23.91,13.61,83.9,1
25d2a391f2bd247e905a176c97f355e6,1200.0,380.79,13.63,14.49,209.99,5
fb823d96051d7f90b945ce49c2e4dc8a,100.0,359.51,5.02,11.85,34.99,5
a767d7ce801115c680495fc2ecdf36a3,150.0,611.5,9.27,19.07,169.99,4
b801ae96fd6e107d3bc7695d36c62f4d,300.0,7.63,2.34,9.34,15.0,5
4b796163426fd59eb29d85f487d695b2,1350.0,344.92,13.44,16.86,87.0,5
ce8a790838d6b4304ddde9481438c679,6350.0,375.69,21.81,17.87,89.0,4
d4e1ef173ac9e00a6f0c0bd6954183aa,3000.0,8.06,4.21,17.09,412.0,4
713646be0226c051688714f343a1cda5,2000.0,104.47,9.19,12.18,139.0,4
c9b70da85e0373973856f7a37dc6f5d4,150.0,283.79,11.08,15.14,55.13,4
495b9ae2b9c128e387b6c48ddfa390b0,250.0,1843.77,18.12,37.04,22.8,4
a1e04dff9ea10fdbe31202f5794c9b65,800.0,339.46,5.03,16.36,23.9,5
6438d704a058758bff33c039c32f655f,2200.0,881.0,10.7,16.88,89.5,3
774415b72c8f9986307793e527a0670f,200.0,863.33,7.92,16.97,459.9,3
79e0593968bbc9f0599883ee0266dcde,129.0,392.35,8.32,15.31,29.99,5
6c2dcfbb6b7343d1baeb186ccfc217f0,10450.0,87.03,7.19,31.95,79.0,4
e04227003e31c861c6d5953a9ecaffb9,250.0,1112.25,18.39,18.38,207.25,5
2dc3f680b2788d38f7162482b575e41a,3020.0,1076.29,12.43,27.44,385.6,5
d7e08a6a516357efaaf0412c6fcb1cad,400.0,365.6,5.91,13.01,81.49,4
e705f2cb7b2c63e98fd9ccc1c7c1ee94,900.0,3.53,10.11,8.88,29.99,5
7059e298ca1c44f113a32fe9719bc4a4,950.0,99.57,5.24,11.23,29.9,4
965f57ad446a9d190bec51db7f0fd8b5,450.0,11.71,6.41,9.34,34.0,5
52077492551466732827ca46228dcc1e,500.0,484.76,6.26,15.3,29.0,5
8b693238573589337ab106bbf08ed2b3,850.0,724.57,17.93,19.35,54.9,5
4e6247004972e262cd27834b7d270d84,150.0,88.6,5.82,7.39,39.99,5
96cf7ecd8c676d61be261ffdda90b008,500.0,6.27,3.01,8.43,39.0,5
3d37b8d5d488bfee6a6f456504d2fb82,150.0,195.48,10.2,12.79,17.99,5
12404c66f4ea97b16664395ecbf61889,1500.0,387.29,10.47,13.44,49.0,5
044bcd01474ba715e7cb11d5a70ccf0e,2600.0,359.81,14.91,20.06,69.9,5
3f1a7cead33aa1b0af3f491ed618c946,2850.0,350.63,16.97,21.73,93.0,3
3169ea0ca9e7b527454873b4aa6e6583,250.0,57.43,1.97,7.78,65.0,5
32dad65c7c23a695894f80922d9299ec,100.0,939.35,13.21,15.79,19.9,5
e1b7512618fd9b1dc5bba0cfe3a7aee4,1900.0,405.29,12.37,18.09,119.9,5
b5d77498cbd81c314b36f2086c5bdd2f,560.0,13.68,3.87,9.34,118.8,5
d3c03dbaa329d4cc4c2c13d982a94438,13699.0,330.04,14.78,28.84,92.96,5
b0cd3123ecc7babec23f9cb415bc6db6,150.0,921.1,14.05,19.13,178.0,4
54e52b3d64eaadee5422554c2f2a7056,2600.0,89.21,14.14,20.79,116.6,5
eec9f0b827bca9150bee156780bc2989,2500.0,303.63,10.24,14.96,124.9,4
99a29a0878f41a8dd8d2e20b2aa621c6,9950.0,247.59,7.84,25.81,139.0,4
e803d4e56a315a38eb3a6d339b02278d,850.0,302.62,9.4,13.98,56.99,1
107140930f283788e31acf6904a4c50d,125.0,926.61,13.05,15.94,169.9,5
8a9834818b80c700d003832e77e0880b,400.0,20.35,3.9,10.07,330.0,5
12788af294f51dd5ba2aaed208a45969,1650.0,1037.6,17.46,17.99,59.9,5
b19b0d1dcf07ad7d58c75f45e9744ba5,3700.0,37.28,10.18,9.65,119.9,5
0e3ce0f00c0714004ef73e0b334ce130,200.0,227.44,17.83,13.49,58.99,5
b4b047bd2b601010cf106a8d20437c2e,450.0,1448.81,15.98,17.11,56.9,4
5f93c15063313abf1a114e682d6b6d71,67.0,1.61,3.27,7.55,9.8,5
d178d91e51bdffa31e6832529317771e,6550.0,427.63,6.97,23.83,139.0,4
e7ff3e04ea51ac8a43db1fc220c76ce2,450.0,1169.68,16.24,21.26,115.0,4
070d0196420dc138bcfaa72cb10eea02,1050.0,22.87,3.64,12.22,144.99,5
264ce11c5e766e56fad7ef4046030511,750.0,297.95,16.03,12.93,69.99,5
31f49b876b40d899bdb6c403b4d2b20b,200.0,4.72,6.91,7.78,49.9,5
766604e12d26178b47d6f8cb51784f54,922.0,598.07,8.94,18.26,144.95,5
4a4b366c2487504cd4962ab3fe4bc8fa,1150.0,354.98,10.79,16.32,29.7,5
c9e99f4780a721d1f0b532ca7f1c00d5,3900.0,365.52,14.87,14.8,149.9,5
8a8bf0059b86c0231bacf33f3dedcba2,3500.0,2631.29,24.76,33.4,280.0,5
efe7afc1f3087fc5294dd8a208208d4b,450.0,866.34,12.75,15.34,65.9,5
68b77ee56caee09a1bfcb38270c05173,9700.0,706.18,5.84,69.72,1499.0,5
e21f9ce5061dd5af2d7ba49338c286da,600.0,530.9,13.37,15.44,97.9,4
d5b69ea836793de5711675fef3e119ac,150.0,344.56,14.89,15.23,13.33,3
e26a762d72841db1944e70176311fa6a,1500.0,1459.3,8.05,20.15,59.9,5
491a13233c0ef7bc510a3e3703e5c226,7000.0,484.73,14.47,21.26,59.9,3
4a5cc9b4e332e03d76bf553a7f2fa5d3,567.0,734.45,18.99,16.88,159.9,3
949685852c781dc1ceefe5810f2fbc27,975.0,986.78,15.83,23.88,104.9,5
9bf690bf6db94b0702d0b348b7461437,150.0,87.79,4.96,7.78,15.9,5
6ef39ba9ebeec91e5c34444a2c9bbb24,444.0,294.91,8.52,12.32,129.0,5
4d3889f52fc68c6517bc1c164c35ae49,1700.0,72.89,3.76,12.43,99.99,5
e6acc02d71b1678caaab70ff2555ad3c,1850.0,436.48,9.69,35.93,59.9,3
cac247cece621e1bc64748d44331d22d,610.0,1842.17,30.08,23.87,249.9,5
7da29e735c26d64e18e421e8eadf2f1b,1900.0,70.79,6.51,8.36,89.0,5
caaddbb1afdea8bd329d4a63dda44f7f,1500.0,335.88,18.04,16.88,89.9,1
e10784ce2ff19f0a34f8b748efac518a,975.0,1232.77,16.91,20.29,149.99,4
3c4bb13fb00d3bc789b3dca0789480a5,650.0,68.71,6.35,8.82,43.0,5
2d27207b384323a3320175c9dd0b6784,2550.0,680.11,18.31,20.84,49.9,3
d614d13ed2aca6884ec736b100a96c50,600.0,83.24,4.87,9.22,67.0,5
6f4c8d69711bba5c237e9a353acca903,250.0,891.5,14.92,18.23,29.9,5
dbaaa77999c0f5d953d543efe0f080f9,900.0,142.51,6.15,12.69,22.62,5
2e9d8685e015feaba98d02e5544583f6,2650.0,1372.03,7.34,40.85,1200.0,4
071516a72b8a838c15842568d1b995f9,1500.0,39.68,2.97,16.02,135.0,5
4273d1dff20ccc8e3abbbb34e4a50b62,757.0,446.65,10.48,13.99,139.0,1
2adb88df15a33d97f2990e59b1745820,175.0,839.83,9.88,15.23,12.25,5
f11a42c865e929c2b7709f3390d1bc7f,1400.0,335.6,21.91,15.56,19.9,5
5f4da1a51f1cb709019272b1bb9b7c51,300.0,961.87,29.77,16.79,29.99,1
b2cc014ee51b0ca758fa72abdc54d199,1250.0,1826.48,12.38,53.26,130.0,1
18bab9568c4898babcda154767606442,100.0,540.14,7.59,11.85,24.5,2
4bb508ed8217864a44341f4e5e41e04e,1167.0,862.58,9.75,16.8,79.0,5
5fa163d53dbfa40c6363e9e47f6bb809,1750.0,425.71,3.97,15.07,107.9,5
f099e6fb7d901d838db4dfd5f2bfe249,300.0,288.25,10.12,12.69,25.9,4
ca88a60b7e43b5f33ce8ec9fdf8d217b,2133.0,213.82,6.9,19.4,189.0,5
bbfd7ab56f4f985f9224215c00808d04,900.0,348.94,7.09,16.16,285.0,5
f00c74caaa25430b1fa361c158e8996a,1742.0,1933.62,41.76,25.09,137.2,3
d7db188906a24b4ae6a02dc37693752c,308.0,455.14,15.26,14.64,448.89,5
36eb70069f7101d0960ad249d5228f5a,7900.0,677.39,21.87,17.6,47.99,4
932fbcd8ff83452581f2b710115f094e,1700.0,1357.59,9.89,26.82,129.9,5
2d587ea1d70ea2fa8bc79a23cfe02ab4,1450.0,866.59,14.37,16.18,59.99,4
7eee54ba457fae7999f42b79f623fd66,1500.0,492.33,33.21,18.21,89.9,1
33df70afce3d048ea97b52a230185c90,8050.0,378.01,6.58,33.08,85.0,2
8914a09684ca4a41b8fb6cdf7d7de429,1500.0,263.22,8.13,13.63,87.85,5
d796fb3fcd8046bf2eedc21bcb2e407a,600.0,817.64,7.1,20.49,32.0,5
477140a02351a2a01918ec67d2d68ac2,250.0,877.18,12.37,17.78,34.9,5
cfb3e7072452d771156c3fa588c1db10,167.0,400.27,7.45,18.29,59.0,4
37af0498017bcfbffca8855bdc9ecc6b,1900.0,447.25,21.13,18.32,153.0,5
6597e9dbbb1d813a8807828870c2a0ba,8550.0,420.26,6.1,16.81,294.0,1
3157a4052d9fe8c58017857eac745f0b,350.0,722.32,31.81,16.46,99.9,1
e3c8ec2636b34ec7a41bf25dba83440f,50.0,351.43,11.23,15.28,24.99,5
4ffd6039e12a24d2083cd4a4dda4791d,4000.0,846.47,12.16,18.11,239.0,3
96c01643f38c59fe8ac1ef0480d423fc,371.0,425.99,4.88,17.08,69.9,5
7eebf0a4be5859d04ca7da2ce039c044,5950.0,973.1,13.07,36.53,99.99,4
0bb7e708846c7f44630a64e18292bb87,1400.0,155.95,4.01,13.72,99.9,5
70d311beea4bad34a599296c2095e449,333.0,678.52,11.39,15.71,136.9,5
7ac910f78c4cf862326b6372c1e30ca8,400.0,46.17,2.0,9.27,34.99,5
d301cecfb230ab6585d1afcc0d63a417,100.0,53.44,1.91,7.39,14.99,5
0bb34cb6a7308c8a0be897369360bcd6,7000.0,565.13,5.36,44.27,99.0,5
6cb79ca831fc2210fa584592cea3c5f1,300.0,834.67,22.71,16.15,200.0,5
464a1b1092ddca5bd47cac2e7a0fa2ee,1383.0,552.88,12.67,17.88,89.9,3
e984ee2c3000147d2599bcb32aa66ee3,2950.0,370.15,5.67,43.39,299.0,5
2042b08cf14adb53b8c4c1189d162375,225.0,442.83,6.16,15.1,46.86,5
4f4f01b70590d58246cdcf1c675738bb,575.0,420.93,13.29,18.58,99.8,5
68edca1fb518ddc5c9f8607eda598b58,126.0,545.13,7.03,18.33,32.99,5
d1bca6bd89a51ad2a0753b608c06f469,245.0,559.61,7.33,13.54,59.99,5
5a63a60ea2852393994270157cd61e0a,700.0,649.41,11.05,17.67,59.99,5
15847be2cbb3423e9344e53b040ef2a6,2600.0,1955.08,19.06,29.9,69.9,2
c022b7da8ab7a4a04bd561c8f765a14a,8750.0,799.45,7.55,25.0,169.0,5
cb9330eec7f496a4f3a7c9764843edce,350.0,465.51,31.13,16.11,29.5,4
2d090553a9ceba4ebc21832844dc9ce5,4000.0,335.3,9.98,32.05,1390.0,1
ae51ca5d283359defc7f5ff6f471f1dc,2900.0,40.87,1.45,12.6,99.0,5
0ed1ecbc5549385cca91dd012b659584,400.0,123.51,4.83,12.48,36.99,5
7aa518be998a5e4ae20ebc594ddc96e0,900.0,666.03,28.1,19.02,349.9,4
536ce58ce3bc99b96b26bdd987cd683d,584.0,584.33,23.15,18.69,115.0,5
0e5f77f8bef9424afd3d6e904e873275,1700.0,749.79,8.71,23.28,99.99,3
87480ba74c6a68d47d28b4277439c8ac,1750.0,427.57,13.35,13.37,49.9,4
b8b7561e1191a899ece8259bc042117c,700.0,1094.37,15.96,19.26,79.9,5
c7a4d51facd152881353d10029119a40,1600.0,488.62,4.56,18.16,129.99,5
a55945f45b2bf0c2b8b3ffae52d10213,350.0,294.94,21.84,11.85,24.9,3
7ff5516d271630c6a60fa2fa469d7b89,1500.0,386.96,6.49,13.41,55.9,5
69177e2a4ded7df4cffeb0b2a0e3a62e,117.0,846.46,27.74,14.1,44.9,2
19b55ae80ab60aabd581aced47f84e7f,169.0,1407.7,15.17,16.79,40.0,5
6ac28bc08c8053bb1c00241b19daea2b,575.0,496.51,39.24,16.83,152.9,1
f9556cd22578140995b4179fffee7c4a,1538.0,769.52,19.46,16.51,76.99,5
219666ef9b38f40246321c0e0df41cb9,100.0,266.11,6.28,19.95,25.9,4
80c3447167bed567a8646b0802408d48,350.0,10.09,17.13,7.78,69.0,1
d8f560d2563965001d1f853e74c82b0c,588.0,150.99,7.85,11.17,79.9,5
668a8c6658202dfcedaffee43fdd4523,500.0,125.09,9.93,12.69,9.99,5
668ee4108169a1d58c55b20ddc3fa3c9,341.0,1234.64,20.27,18.13,99.9,5
e4309eeca1cfe3c6df5a187c38817a5c,6900.0,2076.85,42.4,44.5,114.9,1
d53709cd2507666542fcf8f6120b99f0,100.0,2483.42,21.34,24.84,19.99,5
77c34615b2963e4bf4b48d59da0eb5e1,4105.0,635.68,12.71,22.29,117.3,5
e0d0c37730a3ab2629b6f24a3466ddf5,1250.0,132.86,2.94,11.73,74.99,4
8da3063f18b30c590bab1b8d083b03fd,200.0,504.02,9.0,17.66,58.99,4
25be1d2d060ffdd6d8f10daceda67087,2841.0,18.45,3.08,8.84,179.0,5
c142c7ab64bc271555af4edbff4d53b8,300.0,1774.11,10.4,24.25,249.99,5
eb46d05c021b6c642a9bb429a4a2eb2d,900.0,26.96,5.87,9.63,88.0,5
c7f2160ec04e1391b0c36a9414fbd118,280.0,1626.31,10.09,16.79,6.0,4
6304866866c7683271828d0a97c0e2a8,320.0,274.75,7.86,18.87,109.9,5
3a9ddae8c6c9ec787ccf981dbbf34499,500.0,46.16,9.4,8.88,50.0,5
05871d52118762aaae93a3682fc5fe2f,16400.0,430.11,15.12,60.31,329.0,5
9bbc9e86ec19f512983335c5af110810,250.0,141.76,2.47,8.11,29.9,5
16531229b848e54d09da87453688db0d,2483.0,1093.91,7.91,40.82,237.9,5
cb4468949989bffeeb1d3aa03efb25d0,100.0,1179.27,12.96,15.1,24.5,3
aa5472de2f22cca7b5a661f6fbc94389,200.0,116.59,2.99,7.58,45.0,4
6b62b6fb8e065b8f7fe252c9850a62da,100.0,1455.75,11.37,15.79,12.97,5
32171e467d31a017b609c0cb44441ee3,4300.0,690.81,11.85,17.67,59.9,4
49a87cbe0678fc2f068332f42fa05241,1950.0,299.48,9.96,13.65,89.87,5
f04479bb4e07ce7b8ac1d2287b528541,2146.0,1161.46,43.78,18.0,129.99,2
356fd0826eb73e2f62ab842bfe38b4c3,9850.0,44.0,13.71,32.28,179.0,3
223a155e5dad113ba43fff75ecbb3d06,1650.0,1146.94,24.12,19.66,49.0,4
78c4c41e23fce373ccb74d07aac38c44,1357.0,393.72,6.18,12.93,49.9,5
eccef5ddc0904de000c633f3d1e36217,500.0,901.17,33.92,18.05,89.0,5
1ac18d97e1b6b6735f1c5ff4f4757380,2017.0,472.77,8.95,13.66,91.49,5
ed8a6e0832d4fbbd240110423cd1b707,1550.0,741.21,20.3,17.64,49.0,5
c5ddf6be2ae50588b29222f7b1fd84aa,250.0,841.3,8.61,18.44,49.0,5
bd5fb1f78168328d1f86591c9c631171,545.0,26.22,2.9,9.34,56.9,5
b3158056db07efa2b7f1a0642d5dd1c4,150.0,670.72,14.64,15.92,250.0,5
a0325a9eb3a1eb5e4a83facd8937ebbe,6950.0,111.73,4.8,22.23,59.0,2
eb1340135e81ffed22e5703c6fbbe879,1350.0,318.72,9.23,14.46,52.9,5
1cf843db5be8c3ec934d6bc2b58e5061,775.0,890.74,13.18,27.45,130.0,4
b7a70c5355ba0e41915b2ae56209a2bb,400.0,30.37,1.65,8.65,199.0,3
b89fe4be84bbe9ccae46504cda83162f,835.0,574.95,18.88,18.09,119.9,5
13ff8a02b63113dd72976dab2e01b171,300.0,499.36,9.0,15.24,69.9,5
28071571611dcdb56bb375c9d6ad3fab,350.0,221.18,5.3,11.87,52.9,4
2e99a8c55fe4b528eb671351410cd81d,200.0,661.03,10.84,15.1,29.0,5
fb3579e233140aac61c80d50536941b4,1500.0,13.04,10.25,11.76,79.9,5
3e6a8242ed19ca13a5da5659bc36030f,584.0,644.03,11.88,0.0,99.9,5
d0e90fb668eb0cd266dfec287a74306e,17450.0,108.84,6.17,15.38,184.1,5
9223919b300f6989e1715333fca0d6ce,40425.0,223.87,25.9,16.32,80.0,5
048846960b74c996a4af7802498f52f2,2650.0,85.7,3.17,8.79,149.9,5
62b59d3fd880df7032e73ddb97f7f00f,11350.0,495.27,21.76,15.27,55.9,2
6bcce39be127575854779e39a50f2059,2350.0,39.88,9.91,11.15,45.0,5
a99d889887e1de4ac286fc3847455a97,550.0,481.0,2.25,16.89,99.99,3
cca79f1e5c4dcf95bfadc53c7a97b4ff,15875.0,412.72,8.1,95.83,1054.0,4
e257fe6c043babc3b737247f4f2a88c9,1650.0,212.22,8.95,13.86,119.9,5
6e5fc24bede0e47389f2042dc5f8473f,2250.0,1512.95,22.56,31.66,144.99,1
0c431e960acdfda9c7a640ee9bac19f0,900.0,11.42,7.99,9.49,96.99,5
4fe2e8b329e56a00aba9b0136b46f00f,1300.0,321.76,7.02,13.07,69.9,5
e326a262b6e44dcbb1df6b74f9aea574,200.0,56.7,2.15,8.72,13.31,5
f34fd6ac0a7e90bea64cb88ee0e475c8,6550.0,793.67,16.89,51.33,149.0,5
1a96f8947e6b2c89ddd029f6c4a64913,375.0,526.6,8.08,18.3,27.9,5
602a793bc5e2389ea3184fef278d8b0f,750.0,336.47,5.93,16.75,79.9,5
152066afaaba08a8a38cb198f0b9b38a,350.0,131.79,9.93,12.48,37.9,5
5f12df808d35ea25be28ad052f4aa3ea,400.0,103.98,3.96,10.07,330.0,5
b6ec749459197dc03576375a5b65f5a4,8450.0,1016.97,16.62,34.15,112.99,3
3dc8ca7de518eae32ebe7dc2dad8ae77,300.0,18.0,2.38,9.42,29.99,5
da5c9003db4a2e616ee1b5bcc0448401,200.0,707.98,12.6,16.05,39.9,5
d45182d981794b5e86d5f433ed2d6e71,150.0,354.54,7.16,15.23,14.99,5
248f977b0cbdc09f2c33465578b76873,925.0,1158.99,16.34,27.23,98.0,5
2af4817f66a5aeb427fc06e41204bc7b,300.0,143.26,2.94,9.74,12.99,5
48b8106306f7a0a72b4e74eed5635ffc,300.0,315.21,19.65,10.96,7.29,5
2095778434755b568ba4c3c2325096fe,200.0,158.35,4.97,8.11,47.0,5
046af6e24851f4a0a0e7849112980219,450.0,376.84,6.22,14.1,14.9,5
b5201a0b6f9977a55b5e41b5af2817be,600.0,17.01,2.9,8.72,29.99,5
7c6b6a9c3d77dcb56f9d216b3edbb1a9,1900.0,707.28,9.04,17.37,89.99,4
b545ad53e8d904631211fb300ae92de8,450.0,121.83,14.07,13.83,198.9,5
7f8903f6568b27ce902d983d179386e1,1025.0,471.04,11.38,15.76,145.0,5
e4dd49ba0611671232dcae9e0dc08206,167.0,534.55,10.9,12.66,75.9,4
64dc7842b184ebd280aef040ab951134,550.0,365.89,7.94,20.31,159.9,5
16b4ac6ceeaa0dd48fcff2baebee690f,100.0,35.03,4.89,7.78,12.97,5
27c666cbe2691774436144c46aefe216,800.0,682.49,7.09,14.87,159.99,4
b40c4af3ffbbc82b406eb247212668f9,7600.0,343.72,35.01,30.01,174.0,2
2e1205ef23c9d6445449283ddfe660ad,200.0,573.61,7.14,19.15,149.9,2
d46a98b33046509aec0ca7142d63b9b1,400.0,1045.71,13.12,20.08,198.0,5
e19cd34df6e55d39ab0bf8412fcda86a,2150.0,435.76,8.07,14.57,119.99,5
842fbaff9da558be5528caf78d1e0969,100.0,359.67,4.99,11.88,54.9,4
f494d83d0d79852364e3128ec6cc44a1,1750.0,623.37,10.42,21.35,53.9,4
29c6b96c5e696a196f1506078a1346cf,650.0,1444.81,8.95,22.06,180.0,5
18fff28b262a583fa603571f53521574,1700.0,623.25,11.97,24.31,215.9,3
91256287c54349812a38220b628d3c10,150.0,1090.62,15.85,17.63,19.89,2
ba2a82359a00bf0bd1f5ae32527a5a40,200.0,88.08,5.37,13.9,59.9,5
d5b836c3e4d3591c11cfbc0d8a32948e,450.0,147.82,4.09,8.72,49.9,5
9b04d275dbe50bcbb039286dbab3288d,307.0,9.07,4.31,9.74,74.9,4
41e9d5f1e8d3bdaf6500baba3502970f,2970.0,426.19,7.71,27.22,339.9,5
6e787abee7049d6c51663bdf25a4b2cf,600.0,562.42,19.27,19.53,48.9,5
ac29dc202ed3414563f9093e2dad9ec3,8250.0,1247.47,10.02,55.98,79.0,3
1db212a53e1922f5a77f524426250b8b,1600.0,682.82,14.27,23.63,149.9,5
3364be119eff03652aef3e3abf764889,1350.0,237.86,6.33,15.52,64.86,5
dc2e682924e6b1dcd20240a5a45f4b8b,883.0,2125.07,3.93,21.09,148.99,5
4dec20e5f3480964ccd41880b79b3863,6300.0,1868.01,27.51,46.43,249.99,3
2a81af36abe7c237e184b5f84e5b27bb,650.0,28.47,4.24,9.24,70.0,5
4f4c78935311aa885158c44fe04d7257,900.0,655.5,21.0,18.3,246.62,5
b05df0dfca38d85d9cc0bcdbd8bc643a,7725.0,575.33,18.08,18.11,122.62,4
dc6d833bfea9fd5fbb4336fbc918b39b,50.0,638.36,6.26,15.1,18.9,5
3a5b3bfc6a2277d612dbf7eb03faebb5,3000.0,300.8,7.26,13.57,78.0,5
58ae1d454a356757c2e45298bcd0c9bf,200.0,494.12,7.35,15.23,44.99,5
84f7db01521f80940a5251ef37175555,850.0,868.77,8.19,27.17,89.99,5
8aa5b35619d1aeb3068187d868c9aa41,1950.0,86.18,9.44,14.23,173.0,5
df120e93c49ad7a784ea04bf8b97663e,2050.0,837.01,14.27,16.63,54.9,5
b8363d01d95d576ce95a9283c6e12edc,118.0,518.05,16.18,15.44,98.0,5
2f4b5984b0c48fc5bf385ed7f51051ca,1650.0,254.21,16.93,13.14,79.9,5
9660767a8d96cb12bf8bd94b3797bb75,400.0,608.47,13.67,18.74,122.99,5
6848638dc76d21225ff520f55b46b0ef,900.0,7.98,6.64,7.39,49.9,2
f58228001d45c09c8447ef1f2fa6a2df,1100.0,423.57,8.86,13.37,49.8,5
c22e53cbe67ea326ea31cdeee2be8943,10250.0,29.45,14.28,15.63,290.0,5
96bac00ebfd18ba64dabd7cb27471282,6550.0,2196.95,29.2,38.45,129.0,3
b888a76fea30e300ec8c6c53d8033583,600.0,45.05,8.77,9.34,39.9,5
08c6860a0281fefc591da60249d5fa76,1000.0,833.77,8.72,17.75,129.9,5
36ea72943a97d3bf36050be233ae1151,9950.0,248.24,9.42,25.81,138.0,5
d24c7346d4b0d3dca97138e03ef34ffa,1000.0,378.82,9.46,13.37,39.9,4
c4421eb740558d775cda9f659561f4c0,7900.0,224.93,15.02,21.01,99.96,5
bd897d9f69ca937fdd3006b3aaaecfcb,1350.0,360.71,10.44,16.02,179.99,5
fc1d4a8adb62b480c591455600955b2f,1550.0,408.08,6.12,26.53,63.72,5
889e1d99762dd368ffbc599fca39bb91,2300.0,493.69,17.37,21.42,132.9,4
fd94e66307d89e3285cde20f9766bafd,750.0,16.62,3.32,13.75,389.5,5
edf0efdd0fb952f2a470f4a5d871b7d5,1110.0,336.12,9.94,18.23,49.99,5
3451e358dcd1b3eb514821e4e9772ccc,786.0,67.83,5.53,11.9,529.89,1
8382255ca7fdc3ec278ab4c83aef9122,1600.0,315.7,9.22,12.9,80.0,3
90594e2a39ba4a93cae555437837e9a0,444.0,542.74,11.27,18.73,121.9,5
82daed31f80350ce51f518369a8d181c,200.0,83.53,2.25,7.88,89.0,5
e3c93a72c954974ce7fb82a5f97d8b89,300.0,329.67,5.68,10.96,38.0,5
4c9fc17c613ece433527a91aab30f1ec,3350.0,480.54,20.23,23.59,149.9,5
d8e2d2a26010eb732a91d8b6952e2c9e,2600.0,1951.25,26.43,29.9,69.9,2
fa5a7d839b49e173198586f7366939cb,250.0,385.87,8.61,16.79,31.9,4
d36ad3f4b22bb20d764f83cfe6ab045d,800.0,373.74,24.26,12.69,19.69,5
ff49f52e3e1a9422bc1899208d5b8591,150.0,18.77,22.78,7.78,24.9,1
7e58fa9d237f327d3779827e62ed965f,200.0,633.43,8.02,14.15,57.66,5
87ebcd73de7c03e3ba13f9e9466c15c5,2350.0,1361.3,17.26,32.47,228.9,5
774359a2a8b6be829653bae9390a0dd0,463.0,896.47,7.06,20.19,329.9,5
f0cd34ba1dce8cb8adc7e3b61fa0bf2e,13350.0,41.99,19.63,21.14,156.94,4
4a43d3c22320336cee933c3b90a9e55b,600.0,942.31,4.06,27.5,79.0,5
64f65d9b37717ef40554badd2b22d6f8,1450.0,37.4,3.48,12.11,129.9,3
53c9a0d2bf333276fee812b2f2bcec0a,225.0,1887.92,12.46,24.84,13.98,5
0a5862d87bffd3cfdc0615c7aafcf408,200.0,134.01,17.42,14.08,29.9,5
9dd72a3853b3514932140ba93b5192c9,370.0,891.58,22.02,15.35,35.9,4
5bd09c25c13fd88f4f9928d25cba13e3,444.0,268.05,5.86,12.62,159.9,3
255a21c87a4a96bae0476d10dd3800e0,750.0,114.93,4.93,11.83,89.9,5
8bb932f44e796fe5ea0bb0707157461b,750.0,354.55,7.08,16.79,290.0,5
1ce43b051dce1e2139a29c0b64b5df53,1700.0,570.16,10.82,23.5,99.99,4
89ce68f38090867719b22774f8bf5861,1700.0,167.82,8.65,14.06,148.93,5
cb54574d034b9ad15bb7088f568abd98,5650.0,466.21,12.13,22.95,299.9,4
55237a86ff63f2db34b6b47bbb3d694f,16100.0,399.65,17.33,36.29,89.9,5
15327faedc0b46ed8e761a6828b9e039,250.0,507.75,20.75,18.36,69.0,3
91f71835acd6d20c6c5362c5c1907367,600.0,18.33,2.96,9.77,175.99,5
a43f06aa18fbe7db935630bd59aa0cdb,50.0,856.68,14.31,17.42,139.9,5
5dee8eedf4516e7562d1ec0f62833392,1267.0,222.06,6.89,16.94,186.99,5
5ddb2ce1958a158606319b7a9204fd8e,400.0,1263.41,13.37,21.3,72.0,5
ad8f6641cb556bea52f1b3f0d08f1fca,7200.0,37.12,10.72,13.86,120.0,4
12a9a890cc3d7680ca149fd16535fb69,800.0,18.61,4.41,9.35,76.9,5
9b34a8b59a65874925bc12d1551e5256,250.0,1525.98,20.2,16.84,56.99,4
4f80c4f6e510fb8a22b31c912541de1a,250.0,662.03,14.99,17.06,89.0,5
fd73324057cc65cae5776cf4bc9ff56f,200.0,16.39,3.94,7.39,24.9,1
7fabd5670856f9508229716816520d5b,240.0,543.33,8.91,15.1,37.9,5
ca3d75df70f40faa8b83505b242d83f1,800.0,351.82,13.44,15.11,30.0,5
cc69d0cbc95281b9e751fe0f694ecd7d,250.0,485.05,10.81,15.43,239.9,4
6180176978a92ed9fd65b8a884601955,1600.0,737.81,15.56,17.94,99.0,5
7c48889642a4142114249d57bb4bdee4,5050.0,86.95,6.35,16.84,349.9,4
f7d8cd54dcedff57206bb219f1edfb5a,500.0,164.37,9.46,12.48,49.9,4
de5e00f9f07e671f1664172898ebf7a1,431.0,827.54,10.2,16.49,248.0,5
dee9aa5c49815ac54d9348b7e4899efb,1300.0,1081.68,14.8,20.75,40.0,3
9a9b8909d5262facaf818727cf3c9251,1400.0,314.28,7.05,13.37,44.35,1
50016cfea9ee1adce87144110716aa4e,1100.0,342.29,8.62,15.23,50.0,5
1e6add8e062fefaf389db3e1006dde0c,4200.0,670.87,6.31,23.42,119.9,4
4243bef9583d689a9c8fe6f055cef332,100.0,347.15,10.84,11.73,159.99,4
5f5fda6bb6bf0aa8f49f50506b1584ca,13400.0,267.37,14.16,54.45,265.0,3
8adc7186d6a1385039f0717a994aaae6,2500.0,722.24,10.17,31.35,99.9,5
f4648b67b522b668ee82118f15e903d6,200.0,53.24,3.67,7.78,29.0,5
bcaa9390e85fe694eefdf1e33f77b3b5,200.0,564.92,58.28,15.1,48.3,1
f9a56a1e02546f0d1baf56f282fa0659,500.0,235.16,6.23,16.53,109.95,5
77647c811d173d4d74674fd37c098c17,3450.0,490.49,31.11,38.26,119.9,4
347d96fed35c336eb4656e8965e0d1b4,371.0,40.7,7.52,8.27,59.9,5
56b0badd7be47d6b03b5b4a692791495,7800.0,88.54,13.03,17.99,179.0,5
7c666dfeba44ed20c9ad3f4b3d7c5e8c,10225.0,184.3,10.94,14.0,139.9,5
63b6bb683b45ebaf42d0979fae65ad35,135.0,504.08,51.29,15.1,42.9,1
6a346767428dbe844fc5dc660510bc45,493.0,827.82,6.67,17.06,89.9,4
b6b94b1cc59892d36b45ad8df8055206,1100.0,1334.75,15.62,20.98,43.9,5
e778ff1d0d9c3fced0e2af730435dde4,12850.0,6.2,4.51,28.68,58.5,5
cebe9a3966a2fc8ffd1a3c5996678283,250.0,639.66,6.59,18.65,78.0,2
39a484e6a644f8edeb11c2c8ed218069,530.0,296.67,9.89,16.57,590.0,5
f0e14b83b8b12697246a18f91e0377e5,1450.0,1983.75,10.13,43.02,136.99,1
36b3e868e7c59377f81266ad905cbdb5,200.0,929.61,20.0,16.79,16.99,5
d0acfe7fdbf94c390d7b20b589fa9bbd,8975.0,383.49,3.12,21.07,165.9,5
5f39964152b7c80a427cc4bffdfe757a,887.0,100.14,5.09,12.04,119.99,5
3d218f39d04ff6b133d343aed4364de9,700.0,381.93,12.43,20.71,849.99,4
ac44d431499dd1f572a4dc7408581e7f,538.0,117.71,4.29,14.26,158.7,5
51b961a61693c869d201aee32178ad77,150.0,598.68,17.91,15.1,23.7,4
b82b1a7017f4c904921dd5c6c6da8804,1000.0,503.71,14.68,17.75,214.9,1
785ed304440ca3ec9d982f8bde46fc54,650.0,139.63,4.94,13.57,59.9,5
04dfcefdc5881bd3db8f516999a758af,2250.0,357.48,6.1,18.63,119.0,5
318034c29181efd4952394fd0892c3dc,400.0,80.22,4.2,12.77,308.99,5
696e7a79f34c788e7b79e59e35756fdb,1750.0,925.82,16.96,17.67,59.9,5
90ff532c672099e61c781421d7e8593f,400.0,678.04,25.17,15.1,23.0,5
6f5287c7bb4cef1435b9666c23c54f9e,250.0,92.21,2.76,8.87,229.8,5
aa447b34c5c14dc2b2dfe8fc943b0687,584.0,268.47,21.0,0.0,116.9,5
b513a14f9b8b4de3fe87cadf03715229,4900.0,12.66,3.97,17.55,399.99,5
36a654dce46c360c165a2c3e8f54a42a,1000.0,419.4,6.86,16.82,151.9,5
faec0a1b907c6ceb300eaf9d8157028b,900.0,356.9,7.71,16.91,164.99,5
422643519f1061cfc8efcb75a97f87c6,4400.0,226.72,7.99,20.47,129.9,5
c3238b66f1aaff3377a91bf1a3990e1c,500.0,984.58,7.44,20.01,349.0,5
8be7e186574461ab90c1674973c58b12,100.0,26.3,5.86,8.72,11.9,5
f5af86a3bea41e5daef5c06e7a02ad2e,7750.0,277.38,18.69,22.51,99.0,2
790eaf31f63a94f924509397ed8b15c2,3400.0,967.5,8.12,35.65,269.9,4
ef095afed99d361bb81103c9d6380397,4000.0,346.5,5.44,28.03,150.0,5
b26e3810d22f6c580f65bba31809c43a,3100.0,258.43,19.98,35.76,317.0,5
c7fbf4fec3e516001a347b5b186d804a,760.0,423.24,18.05,16.45,177.0,4
07946e40cd8c6b2ab27f0fe14f21f7dd,350.0,667.8,9.71,23.05,160.0,4
c5c02641e7ce2d2ba7049722b338ec70,150.0,86.24,2.99,7.88,89.9,5
6d20c5b5d74d900b45b27fd6e6e01089,1200.0,139.61,6.37,14.58,69.9,2
25b62036b2db47025c3d61123d159c2d,250.0,69.0,5.15,8.72,28.0,5
88b40db56f2c37efbf1b4e83db2b40ac,200.0,31.67,2.23,7.78,29.0,3
4f92b447221c7c5e08918d145eafa33f,950.0,305.94,14.01,12.06,79.99,4
c8a943770fb49db56e8f9621794fcf23,150.0,570.7,18.98,17.92,24.0,4
a17fec30c4ce5a766edee3f4c7701c0f,4200.0,742.34,11.73,14.52,49.9,5
4ba6cf8c58812d65edc6a67cf37c4aeb,150.0,338.95,8.29,15.44,49.0,4
2af6a9d6406504aa92a844c413551a60,1000.0,24.73,1.75,9.34,39.9,1
1ae9416cc460b54e019ac44ba53f5b1b,1217.0,697.51,40.19,17.6,47.0,1
97eb8123f2508dda8d9234f0aca79572,950.0,269.43,11.05,13.85,69.9,5
e8ab363cd45a4e68e65455199d62b45a,1500.0,114.08,5.08,16.25,69.9,5
41efbbf74c4dc9530e8ab1e0c3f947c0,250.0,22.02,2.82,7.78,45.0,5
a8098c74d0b6846c8dd5ea90952879ce,649.0,503.76,10.33,14.1,22.5,4
7ac2d00b969e92c7ff873e5a751f3b3d,1850.0,948.72,15.21,17.67,59.9,5
a5849d6f70582d4c5217bac6616a45fa,450.0,327.18,6.49,15.51,59.0,5
e36b754064ae37070ed35ef7a9fad5e2,8350.0,282.29,4.78,24.12,72.86,4
7729e4f24027d10a411f2ca08df03327,15200.0,315.32,6.73,38.44,99.0,5
611ef72664b4aee2a96a05d91c92ae1d,6950.0,233.37,5.06,14.51,59.9,5
74db91e33b4e1fd865356c89a61abf1f,175.0,64.24,8.47,7.78,12.25,1
0f9751081b734220a998be212c391523,3300.0,1395.37,14.29,33.85,199.9,5
1f8f107ec282753323eb8c093b00767c,100.0,382.19,11.45,15.1,49.9,1
e94049a4979c0cca812d339264c0792e,150.0,359.34,16.91,14.14,55.0,5
c0c1edfe2e51faac7f501bac1827c056,15875.0,419.01,6.66,95.83,1054.0,5
fdc9d53919c301a0d27f2aad205c5aea,700.0,872.56,18.77,16.8,79.0,5
cb1f639d88a5c4d9049c6c61d563f5b8,10150.0,21.98,5.21,27.63,248.0,5
b4d1dd77cf2c5fe4f153c568189a1e39,800.0,184.14,10.81,12.69,30.0,3
2cee7217cf66ac4e8027f60d3b105524,200.0,2055.04,18.06,24.84,39.9,4
9c4bf952a421aa0ddf8714352db3f799,1250.0,8.8,3.04,12.61,201.34,5
c421ebe75a8bcaabd8540cfae6aa4a7f,1200.0,690.07,18.29,20.75,500.0,5
a285ac76dd23bfb0ca14b34b894e9af9,736.0,528.18,14.49,16.46,99.85,5
58bb1a30c2cb9520d5de66b39ed7cc0e,500.0,852.11,8.97,15.23,24.0,5
5ab6412ef2b60684cba4139fe9eff658,600.0,347.01,9.16,15.11,44.99,5
ff3a6dc71d198630c018885d4049ef6b,1500.0,319.57,21.03,11.85,48.9,4
299b68ba840c1126001409fd0c4011f2,200.0,1135.61,6.24,17.88,135.0,5
fe6de2a2f0a13307c3b9718817d14c7c,900.0,516.57,10.9,16.11,50.1,5
b08b60cece524686b12c2201f977ba42,200.0,1481.84,12.45,15.79,49.0,4
00404fa7a687c8c44ca69d42695aae73,584.0,293.19,10.85,0.0,99.9,5
66039d5c09809a835bd5e6e34619efc7,400.0,473.19,5.34,13.28,119.9,5
bdb86a981cb75aa7ea9ca816e2485904,200.0,544.53,9.65,18.43,79.0,5
a5bb45ed4fdd4becba2dd4f863580dbb,10225.0,166.38,8.24,14.0,139.9,4
7df620c5efd94b149ee17db0a48e4916,200.0,17.26,2.08,7.88,89.0,4
d129a390b12dad8097fca575b31aba6c,10700.0,1942.86,46.37,59.14,139.0,1
0d597bde3929912cb11ba2fe571a4267,1750.0,662.95,22.25,17.67,49.0,5
7e2abfe12599364389f3fcb145141030,275.0,442.93,11.14,15.23,68.9,5
b154ff1c2ada796573437001346a322b,7650.0,246.6,23.86,30.06,568.9,5
bf04b0c11f0a840b83b25819a1a8d98d,600.0,36.27,7.07,11.99,69.9,5
dcfe16b7fac604ef53179e3018c26ed8,200.0,544.27,3.92,15.1,39.9,5
67e9625c39f8c6e529f81ad4c28acc5e,25150.0,572.45,55.68,92.47,650.0,1
d790743eff8a57ec6b1bd64865b8c60f,553.0,346.05,8.74,15.11,23.9,4
5ba2971983dbd7066539c01bcaad029d,275.0,75.47,6.15,11.85,25.0,5
0f6a5e91a0432f84b83844d7b001d765,1200.0,283.56,7.83,17.95,99.99,5
876bcc47b24377b358f9f3e7f59b48da,800.0,578.88,8.27,19.38,59.0,5
9eed56c2c8e96a33f6f266f2437d0897,550.0,37.68,7.21,12.69,25.0,4
8eb725aada1a0c4ee389c877da70d60d,1150.0,872.14,17.71,18.21,89.9,4
b46a585f4ae96d0dec633727953055fe,1025.0,9.94,2.68,8.62,65.5,4
ff69de2237431040b7e8d1fcd79c0a7a,1700.0,577.32,6.89,42.76,75.0,4
71b6b0dbcea45b0b6225395f940402a3,7150.0,534.33,22.41,19.45,67.9,5
0af4a846cbf75b456c934b786d683618,2750.0,1383.69,12.99,40.85,1200.0,5
0cee13b4c26d8a1508693a49a3859285,400.0,381.41,15.33,19.63,249.65,1
79ecc3e68b2d54e056223964de8bca98,2400.0,400.43,7.75,18.08,118.33,5
b063bf13bfec7c847d7a6bdb54554c00,1400.0,411.36,7.59,14.8,89.99,4
fa534840c9b5b3a7052a37a863ea1790,2700.0,94.84,9.97,11.8,85.0,1
d3ca7b82c922817b06e5ca21165c5ea2,450.0,2.3,1.0,9.51,99.0,4
85dd1b320b4d8dcb8e905abbc53f8ed0,3200.0,467.74,28.3,27.2,159.99,1
756ab8926e5a8c5cb52f604c40c15767,8550.0,427.01,7.07,14.49,56.7,4
38e9145bfbed86212bf884f4a8420fcd,600.0,503.96,13.28,16.11,29.0,4
0946ea44283ef9035521460a12da1569,430.0,2228.73,33.93,50.85,49.9,3
6895b2b445ba6fc95b205ec5d0d5f25f,350.0,627.93,9.26,18.82,102.9,5
ce9a4145e5720586690aa60fd0128597,50.0,464.72,7.35,15.1,40.0,5
aca32a744ead78cb64a902170bf3147e,317.0,128.42,11.93,13.86,124.99,1
2b954554f16bda26b0674892c02c6684,6050.0,579.46,42.84,50.5,89.99,1
20ae21b63b409890b6f852c06d2458f8,390.0,153.03,5.89,14.3,182.99,5
529803de3fafe0402da504545ed10047,1200.0,54.74,4.83,9.61,42.97,3
dfda82f701815b8d9306b1343ca3e2bd,150.0,760.87,3.15,18.44,79.9,5
5af72703d4208ea6a92351eb9806b4de,1000.0,314.92,11.99,12.8,65.9,1
aa3bb8a5c7740d386e6318f44046ac14,1075.0,444.33,11.17,23.35,110.0,5
3516e5d5f67c23496363aa89756c4cba,2000.0,343.15,26.79,15.67,129.9,4
bbdcda6bc4c7d4051fb9d26422a602ea,1250.0,83.69,13.23,10.11,185.6,5
42696dc99cfcd6fc7cf7d426ce456cff,2150.0,291.39,28.15,17.1,210.0,1
cba6084373248c908b641d3fea44ab42,380.0,30.17,7.78,7.94,35.0,5
2395fd4999715780712fd089ccc57d50,500.0,334.83,9.46,19.52,824.99,4
6cc462dbd8849dc8a1ac2f9023901fe6,750.0,726.52,14.24,16.88,89.9,1
56f46fb5630f80cde51dfe4f07de78bb,1550.0,733.23,14.17,19.66,59.9,4
adfdb27a08daee708353f76e9b690c75,2841.0,805.77,8.79,27.91,179.0,5
87da169130c3778475f71ef7ed36b4d1,9750.0,4.19,3.01,8.76,215.0,5
9e3a37ffccf4190a8b497c3e563fd95e,550.0,790.14,11.12,16.29,84.99,5
08a19256bfef2a2b1f0fc654723a9c71,150.0,2506.62,8.7,51.34,89.19,5
f1b5a776430ea0b0ac4ada8349125900,200.0,59.93,5.09,8.85,204.0,5
6353f1b671ade418ad05f552dc16df4b,2750.0,80.08,9.79,14.79,199.9,5
a70b9fc38f6fd0bde4a3f02b19643ec0,1600.0,1974.53,25.16,29.42,145.49,5
3db26f82a9173b4f87df15e4b6028954,1673.0,1668.91,22.69,60.54,569.9,4
d836fc392b89243c807bf3366c68fbee,250.0,303.25,10.08,18.56,65.1,5
27cbba95b3a45285af049060be4d4d10,3100.0,364.32,3.47,22.39,329.9,5
59e57d3a260d94d24e665b2c817981f1,10800.0,436.29,12.26,17.09,149.9,5
56ef80c564f6fd57cc662adee0379746,150.0,522.27,6.77,14.52,34.9,4
88bdc1b450547cf9abf79d07f2aedbac,1383.0,858.37,34.05,15.38,89.9,1
56b6c0c35525102d39f7314a90f95977,800.0,525.45,7.25,12.72,54.4,5
7e0b3de10a1a384e3981f68540b150e6,2850.0,264.67,12.55,21.4,129.9,5
18f15d3fbb7850283b527597c8f58704,900.0,442.63,8.44,19.68,69.99,5
f8aa9d218fccb3e05cac6d9744a19883,1300.0,113.98,10.4,14.35,88.9,5
0e96a13c8fd38b3cf8d5f8e30b7a7b8b,150.0,724.69,7.9,15.35,34.99,4
ac5ad4cfc85f922013597f80a6c59099,900.0,343.59,42.93,13.25,249.99,2
4a48b339cd870c3d677d9a5a5afd352d,1050.0,116.87,6.07,13.72,99.9,5
5fb2e82d4258afcb90c79e2e6f0ac185,250.0,928.68,11.07,16.9,171.0,3
0d266849a05d14eb00b7c5db250a2943,1500.0,539.45,11.38,18.09,119.99,5
3dbaee49e261c2196c0b7be676957e0e,125.0,155.69,3.28,8.14,57.0,5
7e4d4a50dc999bcf59d2e055db0f4b37,550.0,642.73,11.8,19.66,59.9,5
16f1d9edf9452dd60d94733527624571,18050.0,100.55,15.06,39.44,119.6,5
bea4e26a5e3cb0a9eb16c8703a21a7d3,150.0,830.1,8.47,15.38,39.99,5
b8f556e0eb31034a9346b2d045c90186,19200.0,2011.62,18.16,194.22,949.0,5
3890fcf8a1670d214325e87baaa8c526,150.0,2362.91,18.16,19.04,21.9,4
d6e7d19f0fe4b6df00f3e0389d859e44,1143.0,116.39,16.8,9.8,140.9,4
a2df93db5bfc1556857dd71cf685f2f1,1000.0,14.79,10.8,11.73,69.99,2
9dc6090bbebbe8d60da36a471fa46ddd,178.0,411.49,11.81,10.96,15.75,4
5659543f2c384877607595dab0690d5d,250.0,540.17,6.94,14.33,140.9,5
28abc29a8eb4b7bef7ce1cb43dd3cc36,167.0,757.37,10.05,14.1,14.9,3
40c557817a4ef8b8ca3481447849539d,223.0,545.04,8.01,13.75,58.0,4
0dbd7242192102a62fc3677d4d42b5a1,1250.0,1.35,2.57,11.91,59.9,5
314c025c229f30a1b32658c7555269b8,4100.0,277.18,21.82,17.16,59.9,5
59229a140708a54d8e3a52865dd924eb,1000.0,47.8,4.93,9.94,59.9,3
88619b87b77a72ba17043ae30bd6378e,2150.0,17.69,8.02,13.08,44.99,5
4146a8b684caef22542409dd06db0d32,700.0,418.22,5.0,16.8,148.9,5
5cfb7b2cbf52f4ff3ec4b58f69b02351,6550.0,322.81,9.61,40.45,159.99,1
fa794cef99ed64f42ebb766a8af51c64,408.0,127.66,33.11,13.79,989.0,1
ee86b68eb9222b0cad7da50f4f758a35,600.0,345.09,2.62,14.52,110.0,5
dd148019cfd83f2e45f6c5d5a09771a0,167.0,74.87,4.18,7.68,60.0,5
3bdf42bf290aa910a8df3ece52413067,3750.0,727.26,9.77,26.6,579.99,4
518407e9cd288a59d32297bc40aebfaf,150.0,604.75,8.31,15.1,21.8,5
50c2a6b25b1df03eff6f7249da47f931,900.0,1464.95,8.3,24.05,246.62,5
49268496ecf8148bd16540c2a23c6c70,5070.0,9.56,12.79,37.71,109.5,5
c884d72c3ddc5b65c6eb6c37f2d14578,500.0,767.75,10.91,15.11,45.5,4
2ab55ce9d54cd19626cf1540d2e6cadb,100.0,19.33,4.03,7.39,49.9,5
b23dc118eeff3026e4439226216f5246,500.0,817.14,13.2,14.1,20.0,2
78e175d0771c10c3288b4d4327ba2b57,10825.0,127.97,15.26,34.63,194.0,2
3bce4193e30b36d4d3284df3fa96d77f,850.0,150.3,3.1,12.86,74.9,5
15c371c7aa7f65f363f03818e30090ad,1758.0,896.34,33.85,21.31,259.6,1
0dfa0cd73d2c16254c2cf4ee72d13c3f,1100.0,865.44,14.24,18.09,74.9,3
931feab1a9c2b8c04c3a132e309a0c64,100.0,2237.41,28.9,25.63,38.9,5
48d91da7c9395c02b5d9e02dd9b8c278,550.0,1159.91,9.99,22.13,28.99,5
f20ea43e9a47fc54e94b12d3de6bfefe,450.0,27.12,4.66,8.72,57.9,5
7551a449a88847c6b76206cc5fbe5993,900.0,439.21,6.09,17.95,99.99,3
0cf8368e4bd533308d1d3b77bd9f2844,461.0,1715.23,14.89,35.69,269.9,3
f9caecc41dc2d3c623aa7b362611fdd2,2550.0,494.58,9.66,27.51,75.0,1
c85ea30e9a24abecb353caa26294c81c,1000.0,985.65,12.32,19.08,53.9,4
067d7f81fe42137dd925344dceb47d20,1100.0,294.07,20.34,13.51,69.9,4
7fd6cd7e778c71e9b3721599948c104c,665.0,658.87,14.47,15.64,61.9,5
da822a9c701ddfc1e11802d3c2545964,100.0,347.76,14.24,15.23,33.49,5
141ad0192cfa16174e4fd0a1a7e7ba4a,641.0,77.71,1.97,9.58,94.5,5
64cc5ef24e102ee02c47f7a1967b8d27,250.0,593.01,8.53,11.85,49.0,5
b74d9d05094d192b78eec20610faec65,600.0,489.29,27.91,17.78,289.0,1
47eb16c7c5c5142c9c161ba03eb77d91,12650.0,525.38,20.09,40.12,149.94,4
3568894fa3afedc367d3a4816983dceb,7400.0,72.71,15.6,19.53,320.0,5
9d3704763c7a62e8cc450c779bc811b3,7000.0,390.27,14.11,25.25,58.9,5
6e17d22f876e565a56aeaad937d6b951,1614.0,59.17,5.14,11.62,35.9,5
908fa8f2c6d9100f8efb75338167c8a6,400.0,568.37,8.34,14.42,153.99,4
e22acc9c116caa3f2b7121bbb380d08e,1500.0,110.57,6.41,12.0,129.9,5
889d938cda41ef5efe5e59f2d72506ca,444.0,1997.69,45.45,29.7,129.9,4
95a79263ff4f759875074b9c5024edba,100.0,480.55,4.72,18.59,69.99,3
b9de9e1eb84649fb4958de11ac492b6b,500.0,1480.73,23.14,26.25,139.0,2
a80ae3246c6abb0feb814b27027266fa,100.0,775.16,7.74,18.23,19.99,5
b13cadb185f2bb978f8d4395bbdb496a,400.0,569.09,5.05,18.86,107.9,5
eae6a3184617bf13d153139ea39ba3a7,1700.0,454.62,16.95,18.3,149.9,5
3cfb7adfbc262ab9088ebe345a8aaef1,200.0,76.33,3.96,7.78,34.99,4
c8c13c8c58d62b12f9df992a5fb5710c,200.0,18.34,1.52,7.78,19.99,5
0573b5e23cbd798006520e1d5b4c6714,650.0,787.09,8.96,15.1,36.85,4
f116ea300d14283e0d41ee15a18c93a6,9400.0,447.29,6.91,35.82,139.0,5
7a6cee8d80a2a71e4c1dd74b0dfadb3c,250.0,15.07,2.26,7.74,69.0,4
4a46b5e1fafd4a6ab3f773494ba1b331,4105.0,8.62,4.47,14.43,117.3,4
5d246b537802d7ec7fbcf84ba7e43199,450.0,804.57,7.48,16.51,115.0,5
96402b1c3c1c2d9a3dc09966eedbd0fc,100.0,48.33,9.69,7.78,32.99,5
bc3fe72748b0db594e369b6060b1e34c,3900.0,345.83,16.74,14.73,139.9,4
eb84695b82bc1d046f420135f35c52f8,1825.0,1163.35,18.68,17.86,86.9,1
1f59870d6111d909e3c3f511d4d6dfe2,10100.0,164.35,3.47,15.44,19.9,5
9263d44e38972f77bc8c17ad8c063fa1,444.0,437.64,29.32,18.74,123.0,1
ef70439747aa47b2855565412ab21f9b,500.0,21.68,1.55,9.45,179.49,5
94cb2dc75a318daa6b70375697c4d3ed,526.0,368.96,20.1,15.59,119.9,4
786baaa6b659351627edf0bbbee0648a,750.0,382.51,6.66,15.61,370.0,5
795c0e28181b5f39aaa6e2ea7c708439,200.0,862.47,12.23,16.63,54.99,4
7fb085d3a1c04cbdd118129ed37ee4e4,225.0,26.13,5.66,8.72,136.9,5
37ba9866dd63f644c50fc7a9351ccf8e,459.0,284.02,5.4,13.5,119.9,1
1cd4fb5e05e05b44a8a827fd5187095c,792.0,479.99,20.23,18.58,189.9,4
787590b924b0ef0a1da6164beb46a05d,375.0,341.2,8.4,13.78,160.0,3
1c796e58181a405d61b3c861feb64dc1,733.0,452.85,10.1,17.72,66.89,5
6a29741b0ee05eaaa2b4dd7a40b55890,10100.0,252.84,10.03,25.99,165.0,4
29e51ca4b5b37a60b607bde44f24d37e,950.0,554.33,7.04,23.98,169.0,5
04c28d1572e04b2b3e5b80ca7559e750,7900.0,861.58,23.87,19.52,79.0,1
dbd30a7576c4b37b30dec899b4f0b174,200.0,745.72,8.62,15.23,13.65,4
db34c05a3a62253b75d21d5383f7f094,5550.0,1457.01,12.14,31.79,105.0,5
6efa7ab74072ac5be10003b8ccf246bc,88.0,584.98,9.37,18.23,16.9,3
2f3eedb1154600a40d3529dd83441775,17550.0,146.76,6.67,58.76,1299.99,4
3900b88a922f66bc0aecfeb3807bec9d,5450.0,451.26,11.88,18.02,109.9,4
34ca4adf4033386240f7ac16f25b14c1,475.0,15.81,2.05,10.05,119.9,5
f28d2797b047549663f2e82b4afbdc1e,1800.0,109.5,5.57,15.09,188.99,4
697789906708747b503c167370b963dd,150.0,1990.09,11.0,21.15,25.9,5
d568db372124bae10404acba43558652,200.0,260.02,8.24,15.1,37.49,5
9c03283b70dffe64bd49cdb4254e33ca,800.0,820.44,12.27,15.56,35.9,5
7ca0d45bfb1db7f420da4dcbdb3338ce,1110.0,183.24,12.9,8.64,59.9,4
82232df364f1356b3d4dc9bc5f855ebb,300.0,668.93,20.34,19.32,35.9,5
929ccb6e3021ed4afe8860fe50791967,800.0,342.92,6.9,20.33,747.0,1
cb27e0d6c6f92df591073fb6ad5ef7f0,1450.0,367.38,6.84,15.81,149.99,4
c87cc78ca07ba880ee80a9a881583a0d,275.0,769.63,39.35,16.24,194.9,1
02754590c907eb40ac34ed9b446970f6,300.0,2347.81,15.47,17.63,49.9,4
8333c49adbe3515e032c472789e8201e,450.0,531.27,8.91,19.0,129.0,5
5fbe2b81bb0cd59643b435d2ffcad024,50.0,822.6,13.37,14.1,16.0,5
6fed61864e73f5457549fa69ad7c88a2,300.0,486.64,10.19,15.1,24.99,5
7cbb819f10680054c5b2d2d1992c1826,100.0,1396.37,21.03,16.79,50.0,4
323edcfa718f1be4d393578d24d3072a,875.0,308.05,6.88,14.14,80.0,5
00995d799817ecc3bd2abd8fbe59c430,2550.0,36.86,7.31,12.92,49.9,1
0a0f50037a1e1b7c239ac621dbd8a03e,100.0,200.6,7.17,12.48,25.9,5
5adc5247dae5445e0e95b51b2d29ebdd,1900.0,154.55,5.22,15.8,104.6,5
6fb8f79677df0623bc0a613ccea59105,2300.0,260.15,14.11,15.94,170.0,4
012bea13f9a355c983efb59a3f23583a,100.0,800.7,20.95,15.1,21.99,5
f6c08fc8e2fae4534791140858e82621,1600.0,109.2,10.91,14.5,129.9,5
2583b27eb8957bea688a9cd41b7c0f47,5000.0,355.64,17.56,28.07,249.99,5
8baf86c7fd7462703a46b07ed2c3c3c3,3500.0,2125.99,20.65,20.75,49.99,5
cefe70775d8821c8dcf166f843d38d1d,350.0,407.71,20.11,15.17,59.99,5
61f6ae0e872b9606ece03b676b113436,2920.0,514.62,6.06,16.95,140.0,5
2721cdbb603d7ab34553d2e44a6f9ae0,243.0,219.93,8.45,15.37,89.0,2
0368dc5a797fb5e3dbca70876ad9c164,2500.0,899.68,10.85,18.47,174.9,4
f298d9cc0b7aea1a3bdf95d298c3cfc3,600.0,854.26,8.76,16.07,52.9,4
efa1a52a1724dde7ef9954873517bf2d,1200.0,692.09,8.5,17.96,159.9,5
637c727b1b59f7bfc89233e573d05715,100.0,2128.45,21.22,19.81,159.99,5
46401f2377e0c45bb5483227a21b812c,100.0,341.23,11.22,14.1,23.99,2
57d9af1de34ab593d3ecb3c06abfc12a,342.0,1246.81,34.67,24.11,219.0,5
dcddaf0d2359e8b282ad24f1d84857bc,4100.0,1882.2,52.71,24.55,59.9,1
cb478ef8997c7e80eaf0bae4ccc02a6d,300.0,341.78,29.83,15.1,49.9,1
d9a7926047f158ca6ab53261baaef77b,338.0,491.87,9.25,15.1,39.9,5
00e054d0da011d5016f31011af488f4f,1100.0,356.94,57.83,14.82,104.0,4
e3a59f0c0070cef211194f618687ee20,750.0,545.63,7.82,23.96,166.0,5
faa068942b581bc31538abdea52e6f35,1150.0,603.98,14.39,12.85,99.0,5
87939211002bca774df103ab153b62d2,675.0,592.14,18.32,21.56,827.89,5
10d94479d66117fb7748e5117855db0c,4350.0,672.57,11.24,27.16,119.8,5
49ca48df0a214b5dd020f41336cedf5e,3750.0,747.66,9.92,27.57,120.0,5
4e6998b16cea0eaa364e4e20c31ea5a5,2550.0,692.37,11.15,43.71,129.9,1
b33b80fe1b350e19b343f79f30b3df95,800.0,348.89,9.33,16.35,54.4,5
3a5fc5a4374b66b42bae2135cfcdf9e2,1285.0,163.53,6.19,16.19,159.9,5
bcc4d7b9422f45610ec4008b5012e842,1500.0,53.17,15.35,13.64,89.0,1
a151248b1f51c21684d1a9a65a2c04b2,200.0,879.26,5.99,14.1,15.99,5
9885b9682bcb820c6a33464aa0bc683f,7500.0,31.02,2.94,17.11,68.0,4
41d9fff5e0bfa8712b28b761fa2f6bee,150.0,461.62,4.97,10.96,19.9,5
44e7fe65fc17f2be51cf831609788a73,1250.0,426.13,16.29,15.41,79.99,4
af912be10bef7ce49f288385afc1717b,50.0,310.09,7.24,12.79,13.0,4
9e9f909cd250058d062bb2b0b0161c92,225.0,363.13,11.08,15.72,137.97,5
b84394f64014d2bc61ef7e890cf10a0a,700.0,840.3,9.17,15.23,66.9,5
b081a26ca9566254713995a623e0941e,900.0,485.41,10.19,64.92,159.9,5
faed4646f30cd940f469d0dfb42c4b29,800.0,814.53,14.19,15.14,54.9,5
92c735f4e752b94e7ba2fbebda5f4027,1000.0,10.6,2.17,8.98,33.0,5
fa4646aff1ebffa86487953e4143125b,450.0,1470.67,7.85,21.71,509.0,5
b02fd360342e2520c0361b430c150a92,140.0,173.11,5.88,11.85,19.9,3
d2cc32c3614a3446aef94cfc1ade79b3,300.0,754.62,32.93,14.1,44.99,1
725bc6e0462790b11f170e3729723857,300.0,105.15,2.19,12.87,29.99,5
d9769d29d698f5f17838e97bcdd1ef07,1362.0,2219.37,17.01,38.04,69.9,5
44905b3e611d2f738de87a2cca4961b2,1800.0,673.09,7.94,15.1,44.49,5
5f9f4bf8ef5d9068d9753c5964f5b50c,500.0,564.65,14.54,12.86,104.9,4
a76525ee60ca2449ba03f448197073bb,300.0,726.59,22.31,15.94,169.9,5
853847abbd6dd9c640113b42c3f10cf5,2900.0,181.78,4.03,19.62,219.9,5
c9a7187610e0bf2fb8231f0e278795f3,250.0,999.97,13.75,18.65,78.0,5
ece5a3af75e2c8f290990d36bdf05ef9,300.0,337.92,4.09,14.1,27.9,5
bf205457ee84ab84c423d67b88239982,17400.0,329.35,36.21,83.64,2649.99,1
8c482c28bfcadc891bc37e13dc7ace34,175.0,76.26,23.45,11.16,38.9,4
5746305e595500896b4f6621e08a80aa,200.0,46.55,5.04,7.78,35.0,4
611a2fcea0dd6ddfd383514c75a6834b,1450.0,840.12,9.8,41.53,79.0,4
1ad2e5e9d162ef3b6c99d6e19f589212,260.0,2141.14,16.61,21.18,105.0,4
5118fc0388588e95a1eb25564d1a3946,1100.0,2111.91,13.01,38.11,79.9,4
4628d3d8311acc92810202b9a41b3dad,150.0,21.04,2.36,7.82,80.3,5
5b305608c98ca66ced71cde019aba8e9,4950.0,258.28,7.84,36.88,249.9,1
784df479a4539ae049540a6578cbb39c,150.0,330.41,6.19,15.23,12.9,5
5e5e51997f0e3a46166b7f5dcc32dd35,250.0,144.92,4.9,12.19,99.0,5
acaa91b87fbd9e2ff9171781226f73e9,350.0,47.75,9.04,8.3,149.0,1
afee33d890fd033519fe6309de74c611,250.0,8.86,1.98,7.82,79.99,5
7237d14c846f1436c907372891468fd2,100.0,334.73,7.88,15.3,59.9,5
588085f388f3dd80c9c56681b47bf588,850.0,2211.42,47.02,36.86,74.9,1
032bc75236a1cbaf410bb596a509e774,700.0,352.54,9.85,11.74,39.9,4
363424d26d96395e168488b25d4b9efc,100.0,161.38,10.08,11.85,24.9,5
49e76d6a1b1f9ff4d04f85b2304ad378,2100.0,95.16,5.3,14.64,149.99,4
98b32fa8a6061086a412ad8606ab2b09,500.0,106.31,10.14,12.83,69.99,5
fef42a935645baebe981cf96008dbb1a,308.0,491.93,5.08,17.23,149.0,5
6c95d23402e2f0bd260853d11f45d3b7,550.0,8.0,3.26,9.23,99.99,5
f16e3a8c0140ade96be78de15312125b,450.0,1209.83,9.81,19.04,35.0,3
d7a3323d7301fb3fcdbba1385ae56042,675.0,87.95,5.1,8.82,48.99,5
0e391a35ebcc42be741987c538330764,3050.0,478.75,10.51,26.73,269.9,5
ee876df28481f4593364685acad97f87,650.0,48.73,3.23,13.57,59.9,5
7de128de4c6d4ec918618030361c8e3e,500.0,896.48,13.17,18.95,599.99,5
8365af41fac1717b66572b10b9c060c3,4105.0,563.69,5.79,25.66,117.3,5
dfacafa5fce5542f18db6d6bb7ed5d16,1372.0,134.69,11.32,13.04,85.5,4
756445ff67f2676d72ae774c8cb5b0f0,850.0,851.55,14.24,36.55,175.0,5
e63271442e778d83ae9868408c1028e7,530.0,1048.13,29.93,25.81,586.0,4
30d26db01f4ba88841bfbdbf5aaa8711,165.0,2139.67,28.05,51.75,178.0,4
5b74abebfd5bc1d137d7ade71c5cfd36,900.0,348.13,4.03,13.89,44.9,5
459aa8ae0e09ae140ba9f75c1f429524,200.0,683.0,10.66,16.05,44.0,5
4aaa7913ae2e01354746761242815566,150.0,575.87,8.07,15.8,150.0,5
554439efcd602dbfd71bbae1658f4ff0,150.0,52.7,4.22,8.94,27.9,5
2eddb869e994d4a82873f1ed56297e67,3450.0,317.22,15.86,19.41,158.99,5
5ee1e8b9ec2a16618f25fce5407f136b,317.0,384.77,20.08,15.1,39.99,5
67773c483666d5120da1ff6188d8a00a,200.0,342.34,7.43,14.1,29.9,5
cea5026b69096ddae036dee16fb94afb,200.0,136.15,6.79,10.96,16.9,5
3cc14e2cf62e0a0d4d469d77141dfac3,400.0,362.78,9.6,19.25,240.35,5
852caeafa74327cfaf00268125425cef,150.0,1219.51,14.73,22.28,49.9,5
f50654324d7bc3b79e01a02199fe1585,300.0,314.53,7.9,12.19,98.0,5
c676e726f8a14a9527b41b9dc50ca1bc,5925.0,223.46,13.14,36.21,99.99,5
e105d0f5799042c758b417e6dce2c3a5,300.0,346.55,16.23,15.1,19.9,5
6049ab061f1a014ee71d10cf04e045ef,250.0,385.58,7.15,15.1,38.5,5
38535f25144db56a22c827fcb546a0f8,200.0,431.85,9.55,15.1,49.8,5
6bf03fb2e1bfba95e698287241ad732d,107.0,343.49,5.44,14.23,69.0,4
20824837882dd673707e0adfcaec1bc1,200.0,352.24,5.06,14.24,69.99,5
1e1fb779dc3ea5b2ece7892f4b1824cc,350.0,13.57,10.91,7.92,95.0,4
1b36920ded6f3aa566e53f04957af0e7,330.0,836.6,4.11,18.68,82.49,5
b3fb87dd5ffb58351fd40c4f9fe03cdf,1850.0,15.02,5.72,11.78,108.9,5
5a92b60d387be04eb53698b2f8b9b043,900.0,69.74,5.59,13.66,189.0,5
41738c6711aba76aa0f4f07640600772,250.0,287.89,7.66,12.08,83.23,5
25f4849a6afc2184f9c368d736e18341,479.0,614.41,14.78,15.83,249.9,5
418f45a2544c9ab8f50c4d6843642a98,850.0,299.8,8.43,13.7,314.9,5
5765cf3a5fe5d5d74cfac532f9d48939,400.0,920.53,5.99,23.88,309.9,5
eaf654ecfd0270019b5a997aad141e80,500.0,742.9,17.94,14.1,15.0,4
c5ef8c0266eff0d27d9d8f279a2e85cc,250.0,168.24,2.69,11.85,29.9,5
2e4ef279d418d092749185f9a030d1c2,9500.0,19.45,11.0,23.02,369.0,5
4825259a3bd87ab7c288fc72ef4d3067,4475.0,12.01,8.74,11.73,69.0,4
823fe1a57db195a2e5cf3e1297d831cb,700.0,82.92,7.0,14.52,134.9,4
7f4ff75bb83f26aec27c8ccc039a449b,150.0,671.54,7.41,18.65,110.32,5
32e48287f7d1ed208755d25cc12077bc,400.0,1038.62,6.72,18.45,49.99,5
1a7da20c277ccf1418cd18daa7a169a9,150.0,494.27,7.93,15.1,19.9,5
faff16fc16c4344af7f60cedbbf6cb2c,140.0,664.11,11.04,15.16,59.0,5
243fd4d4dbddf371c229a0122ac3e661,1650.0,460.44,7.36,23.57,109.9,4
bf1884f9aca840a9b8738d4bef0945b0,850.0,47.78,12.47,9.56,199.9,1
848888ce8cca87df133ef1dc66decf88,247.0,322.92,6.19,14.1,35.9,5
49865c5eeb869113155c217d234a777e,2050.0,1061.34,10.71,18.94,199.99,5
035d66b23a4bba74f8119f9ebe3458ee,450.0,876.44,18.81,15.57,99.0,5
eb92f6fdb8dcd9a9ab21c341b4a3ca5f,200.0,28.01,13.52,7.78,13.99,4
ca5c4d665a41e608da0261a9c2739c32,1100.0,414.8,9.78,17.6,40.0,5
e2af4ae300d48b96b78846e01a26c034,250.0,629.59,103.76,18.37,69.99,1
d6a41a84e4678642f3d747326570ce4d,900.0,43.77,9.48,9.54,16.9,1
7bccf6f8e394c22407daecb91ff10198,8350.0,1490.09,11.58,70.73,1150.0,5
e85d619370a54fcece7535b81d3221f7,500.0,892.88,7.49,19.81,516.9,5
bc53a2a089447a4242222abfe51bd96a,675.0,393.16,11.02,16.95,99.99,4
8ff212e48173a7e4d4cbeae4146b3a75,317.0,764.68,6.09,18.23,49.0,5
ef51a7ade9fbb3f9fb91ce79e86591dd,300.0,352.29,16.48,14.1,44.99,5
e0429b09a7ddac2d49e09ccdb6d95e59,1750.0,1346.11,20.83,19.66,49.0,5
18dd3f41a84cc95b6106008449cba262,600.0,1222.72,26.32,17.03,84.99,4
dbe6677f2b80aadfa0b4b87ed71e7619,700.0,352.29,13.27,16.36,55.0,4
afc5c2d338fbbfa4e162a76236fe8ead,200.0,508.44,33.81,15.1,24.99,1
39fe0f3cac902673a46b974f5d4a8528,17550.0,83.85,3.95,43.28,149.9,4
81592016a877513bc82acdf4a27dd987,650.0,85.3,5.23,9.53,30.9,4
33d3a462459921b054d39254daa7e60d,2450.0,896.97,18.53,27.01,132.8,4
96d725684b5d02f6a5ee7a58c17296d8,1750.0,171.56,5.63,9.29,104.0,5
15c0a0d5bd5e9c58f17414d100104093,1000.0,1979.36,20.42,23.08,108.0,5
45904bc2f27b4b3d71f27fc638080399,150.0,100.95,6.88,8.03,110.32,5
52363fd30a7df27f6789c3d086f4aa0e,1100.0,332.38,9.7,16.6,34.9,5
b9c0b1f4d54b647c2de2b065bf82adaa,850.0,11.58,4.0,9.34,56.99,3
a852cc31ae30e70e308d7e21bcc47990,175.0,64.27,3.55,7.39,10.9,5
9cb1a5b9af2fa27ca6a510f64245f869,200.0,507.39,3.27,12.77,181.55,5
7cd7446904e8e1b7bf7ca80444f1dffa,1550.0,282.23,6.05,16.95,169.99,5
55463b6644570a60e7bd7f1c26c3c46d,7000.0,441.35,6.87,17.67,59.9,5
5b97959bc8102d72edcb01bdb5a0e9df,850.0,339.44,8.56,16.6,9.99,5
871eacc5e01425943ac0b26298b0b899,1700.0,182.21,2.04,12.54,149.9,5
967cde7a2c0b8ea6e85560f633d3e704,3100.0,31.22,2.24,11.8,85.0,5
6a4331f30cfdb92d9f0485ced1fc0878,431.0,664.33,10.06,17.74,69.9,5
8db53c9ad7debeabb7cc7136cd7c6786,3300.0,367.76,11.99,18.14,205.0,5
8bdbc426f547861538f7d59ac2c21c9f,283.0,441.44,2.86,18.38,40.0,5
49f3ca1235b168529decb2072cc26da8,240.0,471.6,8.96,15.1,37.9,3
978564f73dadc05775f6347d1a508e12,1400.0,2348.37,39.08,25.46,129.99,1
49b25de91ca7ebe3b4b740b332b5e0a0,600.0,721.36,25.45,16.11,19.9,4
3f832dc6ed52a23f1f8ad91e7610396a,1350.0,195.43,14.07,14.08,49.9,4
aaa3852a53f716761fff6b45173f223e,10475.0,140.02,31.27,25.15,119.99,4
b8ddc399e43d44b438e323ca1cd368c0,2433.0,171.61,2.52,12.33,120.0,5
adfbf6c2a620196f9a3ec747491c72b7,1750.0,667.58,28.73,17.6,49.9,5
55d61651bd48809af0402aa14f64e523,650.0,514.12,11.01,12.9,79.9,4
816f324de6dab02dd379c72216ba5bff,250.0,40.3,1.51,7.42,79.0,5
513719ed3bd467061f631e80002f231b,250.0,830.51,10.96,15.23,39.0,3
03b2144a8822e91cc05da7907f21ea1f,7950.0,1334.5,5.17,22.85,139.9,5
904bb8d83ce0a924807b5d34e698a439,900.0,319.02,14.18,16.18,349.9,5
807cfbea3c04fa82a5bfda36d63e88d6,150.0,368.33,5.19,18.08,269.45,5
5e54bd3e9a482630f9d68d9624b9b5f6,1250.0,78.13,2.55,7.87,48.9,5
a1e5d54e4ed39700c6c719e8d49869a3,900.0,491.48,11.59,16.42,219.9,4
16a73b59c868ed5c7152b96b0ebc7693,7600.0,2899.16,13.77,77.98,129.99,5
c594dcc4076734aead2277d898c2d187,150.0,311.1,5.27,15.27,24.8,5
fca018a47e2170d1f13529d7542d6438,1200.0,293.11,5.05,13.37,39.0,1
509b62447c7e923930921811c30ac6a9,500.0,146.11,7.9,13.76,59.9,5
a36b30ffa314719ec4905208a46387cb,5700.0,753.53,14.1,20.0,159.9,3
ca0f56eab306ab99911de4c96727a104,5950.0,1428.79,29.24,30.05,143.8,4
9e85367165bb242141b1f2638d6fc239,342.0,988.73,7.4,19.53,204.9,4
ed88f938dff33a241670e8fb3b8b95e6,600.0,1421.64,11.24,18.28,18.9,3
5316d7254b2e8e19620f2aec8a6f822a,600.0,2221.76,22.37,26.89,44.9,5
9ca192d3fd38d4aff0c137f84cf7e121,475.0,808.22,5.15,19.04,18.9,3
9ea091924b1229de50a0ab7dc63a797c,83.0,60.66,1.89,7.87,29.0,5
14e4354a0f5d87e8db773937a3f2331e,8550.0,1443.12,13.6,17.96,55.6,4
d8383347058bc8ff0edb2af23159641d,15875.0,62.14,6.09,35.96,1054.0,5
1836232055a6243d56ca67b74cb77aea,1550.0,682.14,12.04,17.67,59.9,5
bc235dc48cca3cbf2b7de10a83341903,1250.0,392.79,14.62,14.43,99.9,5
99c9fec8ab028336e605f216e55337e6,200.0,254.43,17.4,15.1,49.9,5
1936ad02cf90caffb1558f148050521e,9100.0,40.47,7.45,19.71,53.0,1
86c0e519ffee48220503670fac236e1b,3000.0,766.62,12.92,24.17,49.9,4
c2f824d0d682afdbc47d03ee761da916,400.0,347.18,15.24,14.1,39.9,5
8bf374450911ac76af4ba0a4f1233d0e,675.0,52.43,7.23,9.44,90.0,3
241a31d78d0e20975a8e070a4882505a,1000.0,98.67,7.92,11.91,57.9,5
071a4b7cb627e6acfcbde9c7ec233893,2200.0,346.1,8.77,16.6,49.59,5
63eced9d22684a7634b9a451c38d1ee4,550.0,2120.17,18.76,34.38,82.99,4
1566cecea18d487c7958eb073713e8a7,1550.0,413.6,11.39,13.4,53.9,5
e212133c649bc2cb01579ef9fff04e63,8350.0,2021.88,9.41,28.96,79.9,4
6beaeac28bfa1ae5265ecfe29c71ccdf,100.0,1484.86,15.81,20.8,18.99,5
361f034789232a97f47cc1d000c930ae,3300.0,908.26,10.11,26.27,205.0,5
65fafe7de184fc57f3b77381cf6dc573,1950.0,774.68,19.44,23.2,129.9,5
418648b0abc882677f47aa3d23e275bc,150.0,2084.7,15.83,17.63,9.0,5
7f43dd9ca3fa1b6ac3d26dabda86d82c,300.0,479.38,7.83,16.1,174.99,5
fb08dd566174dbeebc7a8657b0c1aeb7,400.0,469.4,12.23,14.61,122.99,5
47106d9b98c54756baa304fa0f9c36f0,300.0,78.2,16.28,12.53,149.0,5
16cbf959cfdb88c47ee2a29303547ec2,175.0,825.29,6.03,20.58,121.0,5
22401427638873c7bd3cffca5c9f38bf,7000.0,43.5,6.18,22.37,79.0,5
2a5d9a5a8aeecf75120e38f1249a32f3,600.0,464.61,12.21,16.11,22.0,5
9a0b40ce54455397568178b50178b29e,650.0,447.74,6.33,19.89,99.9,5
a5fb2c24c73613e69c4d3b11d5b67869,975.0,300.95,7.12,12.79,63.9,5
58e67ac26a9fbfd1f5ddbb90b4766a21,500.0,62.64,5.76,7.78,59.9,5
e1143a99ea4cc1bd3a625b3501484dce,67.0,809.66,5.37,18.23,9.8,1
f14285a51b784d0a199a4e8193fead6c,400.0,433.84,13.09,15.61,122.99,4
30ca6695cae8ac10c2431a366d30f0c2,2125.0,302.79,9.84,13.65,173.0,5
4587cee7619ccea5e9958dd64fe2db8e,113.0,33.45,5.14,7.39,12.35,4
958c2c6f97278761a6dc851ac6bc0f1e,12000.0,881.92,10.99,54.55,250.0,5
fc9478f69096b445f096798b968fbbd3,200.0,101.45,5.17,7.78,23.8,5
42764ea3fe3c6143d0c7e3deef849e78,200.0,327.56,5.61,14.1,49.0,5
cdf746aa8492ace4e8785a606adf00f4,1050.0,879.34,20.96,23.64,119.85,4
7efedf2c0bfaa6cae462a2d447584503,350.0,803.34,14.42,16.49,248.0,5
ea25a7c224e8ab2c05c2425da85c033d,800.0,671.65,5.58,18.32,23.9,4
6e423e84dad4440e916d554b5f0643ff,122.0,422.97,9.16,19.26,197.8,5
66953b497ee497a9823fab9b0addc8b6,1500.0,939.81,13.33,17.6,49.9,4
31b0ad9590cbb7cce97820802ad69c6b,550.0,837.18,12.09,16.99,269.9,5
106ba1f32b6a3c0abf4d2845e03b3ab8,4400.0,2047.77,19.47,26.23,135.0,5
115b0af09e238258e470c0ca6350fb3b,7000.0,2899.77,16.92,37.08,129.9,4
597c3302d155d4d75ee6734213ab487e,2550.0,307.61,10.91,13.01,215.0,5
1bed03d048b494e693abd504e67328d1,1000.0,353.57,5.97,15.94,104.5,5
772bb5d1c259f2731fb87d079c3808f0,300.0,51.37,7.46,7.53,38.0,5
4e8ccb7e52d788ba5787160a8bf84b60,1200.0,2107.5,14.19,27.38,159.9,5
7931c99744c2989d6f5218d38f439804,300.0,2019.87,8.26,51.98,179.9,4
cb8ec27d37e47fdbc81f78fe926c7dbf,530.0,383.85,11.03,16.57,590.0,5
d75df4013540c60cf8eb7c6e57aab1d9,1550.0,446.97,11.29,13.43,59.0,5
4a631d69e25800fdf31d9e2d0e08b1ba,3050.0,395.59,7.32,22.31,260.0,5
5cfb9fad9f8d6f2ef8a17144088bb622,538.0,14.2,3.09,9.52,189.99,4
4d9e1d72435984adb22e59511ff36b7c,700.0,226.97,6.21,13.52,71.9,5
0830f0655920234ddca71663beb629cb,4500.0,597.63,16.37,34.33,112.99,1
a0cad5ccb5a47034235dd39c3768e900,600.0,448.05,12.0,12.69,48.9,5
236dc705223e6458673e808d1024d671,75.0,2159.15,38.67,24.84,18.99,4
ae4f22807612872a18f951767760f6bf,10600.0,375.42,24.18,17.8,79.0,4
73130e7702a070351d67c7859ed9e12a,1500.0,86.44,1.67,11.15,49.28,5
175f436110df7b451689d7d969ec64f5,150.0,479.34,13.44,15.53,112.0,5
b19b72e56e6641e94e3858dc4a311b14,2250.0,1249.22,28.9,27.54,115.0,2
6d23c62a64505799abe7e3195e81aa73,650.0,414.72,29.57,16.7,134.9,5
95a73758f9a0f238d54fbdcc11617ee4,900.0,336.05,5.19,16.79,85.0,5
fea5a631859ef3c5c4a7ee9ff36096a8,400.0,2181.71,12.74,22.67,42.9,4
1117adefe1d6d759e691b366fa392487,400.0,24.23,1.47,9.06,122.99,5
b2899a43c8dc465bf845340ea77aef50,250.0,2367.33,12.05,23.13,59.0,2
cc3ab641e31e8e235693965d26a49ce4,50.0,296.19,7.77,18.23,32.9,4
c7716af159290b14d5c7e68534ec4b50,4017.0,415.2,11.95,18.32,152.9,5
296de8739429e4b169c52441fd333bf9,150.0,864.01,45.13,14.1,18.0,1
2c28c8ed0ab7031e787379318449b44c,950.0,533.94,22.19,19.32,29.9,4
c82d05a27c07ba92d333b046a6042d32,3110.0,815.22,10.04,25.64,128.9,1
b2664e0e967b1c146e574185530e813d,5100.0,309.17,11.05,16.39,109.0,5
ebe03df05336a64593a9d06ed6b09db5,667.0,536.14,7.05,14.2,168.9,2
f939e05d2451cd2ababeb205da768278,250.0,724.55,16.37,15.1,24.99,5
4d7b8667b2e583a64e2241b51d25f3f7,733.0,431.75,8.32,20.97,67.9,5
7208ed743ba6f3fb18b053cceca90240,300.0,562.02,4.01,15.1,34.9,5
8624ba83187b6280c6d8b7664a5f5607,250.0,1662.09,14.89,22.06,49.99,5
435f78ae47ece6a55453fc7f80f19ed1,300.0,564.08,15.04,16.18,59.9,5
315525dbd71c2330c3f38a92d8fbba32,156.0,537.43,20.87,15.18,61.9,5
f4db4affcb95da2a38c0713f619c8313,200.0,137.73,4.1,8.64,17.99,5
aaba8a4672d1dc9afd30ac83b4c024f0,925.0,2255.79,17.86,38.24,98.0,4
b9b426ab253dc328825da35f1bad83f9,200.0,833.09,10.62,14.79,149.0,1
7b037997dc5c0effc3ef3339f5e3d509,16550.0,22.6,7.85,14.26,94.0,5
44c4f29a13457f2c0e36f5520a215609,450.0,504.02,11.15,15.56,115.0,5
61665389f0cccf5ec8135e3b05efc714,250.0,546.84,16.17,15.2,64.9,5
680c07899bf40cd24cbf3e97b9bd7052,2450.0,750.37,14.01,21.41,274.95,5
491208d141876b40c6381fa49e8dff6a,1500.0,807.95,44.4,16.88,89.9,1
628208ac37365620cce723ba58775d8d,300.0,571.38,6.69,15.31,79.99,5
885f4f4ae28b4914c99d01be5bf570bc,300.0,29.63,6.94,7.78,24.99,3
2c46af8307c9250d7f461ca2b388da5b,800.0,428.41,6.74,14.63,46.9,5
442ec78ed357a4b45b7a0a5b67c2f050,300.0,20.65,13.86,7.78,37.9,4
41d12841c459809ff4d25ee0c8313de2,200.0,2485.23,21.36,19.04,29.0,5
caa35247989b88633f114300d557a468,584.0,787.53,13.64,18.69,115.0,3
28c667d6f66b0f0078e9a521d850816d,2200.0,2128.34,16.89,38.08,75.0,5
20e8b3dbc61b2396969ef5c3d02773d3,600.0,18.97,4.1,9.17,59.99,5
84bd1040859c31fc8d677a25de8093a5,833.0,189.91,5.08,12.7,51.98,1
f01954cab76ef5d938d291d2f1d201e5,11867.0,1195.94,42.6,77.23,399.9,1
e5f6bd268d4bd846621e1c3d99729d13,650.0,1046.72,11.09,28.98,290.0,4
31069757739ee9a464caa583f8c98fbf,433.0,564.35,14.79,15.17,59.9,4
c6deb8388ec8288e163d7b5ba4f06099,1850.0,347.56,20.24,18.2,56.9,5
570a2d92be76532681e5a09ac38c8e78,200.0,336.48,26.68,14.79,149.0,1
e32f30334d29fb3811f44538904a8517,1900.0,35.58,8.82,13.77,169.9,5
5ab00c62f565cf0916a6fc76adf016ad,200.0,455.4,14.57,17.81,79.9,5
70bd71735041b0632436794811a49864,100.0,565.6,9.15,11.85,19.9,4
7c62cf0327c291a9f3d7d3394b4c0166,450.0,1333.33,4.85,17.34,58.0,5
a05d9f0572c423875de7dd4d2c24e34a,1700.0,317.15,18.18,13.37,49.7,5
cd616a07efbf375e0b1fba8b5ff969da,200.0,222.54,13.19,11.85,19.9,5
d2fdd09f4f50c75c2895a3252f0c7418,16450.0,23.92,17.54,35.54,196.99,5
95a0819142cb868109a4b84a410098f8,1300.0,351.1,8.25,12.69,49.9,5
8bbd7c85404f2985106229d03d281d55,167.0,279.31,7.17,11.85,45.73,1
5ef46c939902d5213ce1ce081146a410,250.0,116.65,11.82,11.9,56.99,5
0c350088bd84d6620d87abdd2b1e09ca,5850.0,467.45,18.26,23.69,159.0,5
465e367896219452ecc8d8dc02f61531,400.0,824.52,7.39,18.41,44.9,5
b37375a82d682e5d59381c0e7c86a719,2300.0,392.22,25.37,18.0,194.0,4
41b939b480e02f40d24e6a2d5429f5c0,200.0,373.53,8.13,14.1,29.0,5
4be4efe219340018953ef852236df257,517.0,1293.98,35.45,36.37,149.87,4
16288edc7382ecd4230909d0907fb939,1400.0,847.63,12.59,17.23,139.99,5
e2d38ab302de39ef3087f6a3a58c8e6d,479.0,2288.13,42.28,63.65,249.9,5
1905a6fa69b8fe273cc0ec81f8ec31b5,1563.0,538.27,11.77,16.0,179.0,2
c5c6895d5f18ff51c8fb2af8121d1c9c,350.0,96.98,4.33,8.42,36.4,5
09a1022dc99a8046b87235a846062035,250.0,565.09,11.28,18.23,17.9,5
4de1d6ff6036a6aec2cedb92da5f8241,6550.0,981.83,18.06,45.06,139.99,5
37e222dbbccdb08629912770464dfe9a,3250.0,554.32,17.59,34.59,149.97,1
e37462f737a59fcd8f12079e0e927205,200.0,662.65,15.18,15.79,31.9,4
bf58fdaaab7ac1fa204ea7f60aeb4e45,800.0,164.28,6.9,12.69,29.0,5
457ad46174cf848b645e2ebe12038917,200.0,317.87,7.57,11.28,96.0,5
2d7aa84a54a8c03cbfbb2cfd8ae0307d,450.0,2566.32,14.68,39.19,357.0,5
f20f3bd3916e50fee33dbbb0b29164d3,600.0,545.63,11.33,16.26,70.74,5
abb44283b833f61c7c76d92b607ab4cf,12275.0,365.63,21.8,53.79,169.99,2
674fde036873612fe9ea8e4cff66ead0,433.0,287.7,11.48,19.27,198.0,5
f54b0f9fdbe3e0a69bcc611b4f3de1f4,550.0,653.75,11.19,19.66,59.9,5
e1ecfe26de4293cc0e26bac6c0359f09,15300.0,346.05,18.95,34.46,169.99,3
c73b0385112900ca02c36977ef4796a8,7900.0,3.86,2.11,26.48,250.0,5
289bd070da69f4fc36ce78622dd4b2fb,150.0,584.11,11.15,18.44,79.9,4
aa57296ceb0b170f4823d71a06a43037,475.0,422.94,7.28,16.54,49.9,5
2629f879b3928da2cbad95a46fa904ac,125.0,445.26,12.48,15.44,98.9,5
b6d9338eee161115391cb4c93bb1a0fc,1950.0,1022.34,16.04,20.63,199.0,4
23bf05f6cbd0c492740a22cb3a2b3ce8,1567.0,402.19,12.08,22.93,44.99,5
23012529620559c40578e18d7746f3ff,541.0,267.26,10.15,18.23,27.5,5
01c26a0b2736899633cfd6a3c1749428,800.0,193.87,40.97,11.81,59.99,1
c7ffb347c8b6adfd234f93bf03ee2e2f,250.0,9.52,1.93,7.78,38.0,5
1db6b3e51590f33eb7c5f063687a8f2d,9950.0,237.26,9.84,25.74,129.0,3
78a040518000bd952718c7c856d1d3fc,600.0,178.59,10.83,11.09,68.0,5
0f79d33b1365193e6f789e898ecc5a24,6550.0,467.3,9.97,23.85,149.99,5
265bb549f8bbcaeaa66023404ec02db5,5750.0,558.37,60.89,18.31,59.9,1
19f395a57cae29f6cc7413119e0b45dd,650.0,428.45,9.11,16.11,49.9,5
74a2402aa92d4f9c9685c890e61fd606,12000.0,1162.24,10.17,57.38,419.9,5
cd033f73c64fb6c49b8c92a952102631,1500.0,328.54,9.98,16.87,88.9,5
f280cc89e43c0261d95d1ee72a78cb8b,1550.0,559.56,22.66,17.6,49.9,3
504b7cb87442ebd376fbcab13b114a3f,2350.0,516.86,6.05,20.52,146.99,4
d6018fa8e6aaedac9d0432e734f94503,400.0,325.61,14.01,15.72,119.99,5
6512b3c07826f1163a862a02d2f54351,1383.0,569.13,20.03,17.88,89.9,4
092ae6b690ac68b7ced1f67eaf5e37ff,1450.0,1547.47,16.95,38.59,148.0,5
fa939fb695a0a458a472916809af767d,363.0,466.01,8.08,19.97,298.0,5
b0a793772ff8d61844c0b654b342321c,1675.0,119.54,22.74,18.72,92.1,1
d99bb25e168c15db3113f5d5db1ee1b4,180.0,532.86,17.94,12.65,74.9,3
8ec26dd02af502c1a8210efc0bb02c0a,600.0,299.51,4.96,18.5,56.9,5
f530e66c74816309f2bf8eb5a619b3ab,1250.0,2014.74,51.21,29.59,169.9,1
a54631fe619310f5beb87f833a0467e8,3000.0,551.86,13.39,25.26,59.9,3
da274e08fb80aeff81a543aae3cf9784,200.0,970.81,10.07,17.78,27.9,4
efe34eef7701ffb344c58af77b116019,383.0,497.32,5.88,14.81,150.99,5
3aa2ae7ecf5c78c8928b540fed47058f,6550.0,1139.35,17.36,25.31,119.0,5
0872d0faafe0cb56e6f2c594cca1522c,1100.0,319.43,10.39,18.02,109.9,5
4c7278311a8fd4a51374e5577ef92e27,200.0,90.43,3.57,7.78,35.0,5
df6ab6dda739712cd11176b2d63e4575,1250.0,378.9,9.04,13.71,28.5,5
d77c5cb217e302146127b857e56ee27e,400.0,2217.42,24.98,25.02,75.0,5
9b4fffbb9f849f5532c6fa81e6769892,1100.0,507.53,7.66,16.74,69.99,5
c7ef8d3455831ad845d815c8cd993e5c,700.0,21.46,4.36,8.88,55.0,5
c4d641da04a6c3ef517a2f03bf42a151,213.0,2159.43,23.44,19.53,119.99,5
1313bcad758bb2cb6766488e4448de3f,350.0,423.63,6.0,15.1,25.9,5
80c4a8fcf4e47aff10048cb8bdd0bee5,500.0,1154.43,33.86,17.66,279.9,1
e5896b4982934748a02e2d3d889fd1e1,1084.0,108.08,3.73,13.17,119.0,5
94c785b60f1db2cc7416df3f2326704c,7950.0,181.33,14.99,25.91,179.9,5
ba20aec042d23e822e02149895665b97,750.0,415.16,8.38,12.8,56.97,5
7f6c38d94419df12f35f8b8b0ba9167f,2425.0,833.02,17.12,23.49,166.99,5
2c76b3bb994ef70103f11d24f4f64d42,300.0,297.07,13.92,12.79,21.0,4
b167109334768a2c342b85139a6437d6,4450.0,131.37,4.81,9.55,280.0,3
401de49ffa73d6f2b442357b6c84beab,225.0,1081.62,6.83,22.33,56.9,5
8ca35ef9366e216446621215448b381a,1188.0,210.75,10.73,12.93,49.9,5
dbb786f88b6d4e52fe3cb5d771b979d6,1550.0,131.06,1.85,12.07,149.9,5
6e0cccf352909a9f784049b8e9005e82,514.0,75.56,10.49,9.75,199.9,1
1e93085d89b5c7f620b569c05e89d904,10225.0,506.46,9.87,18.55,139.9,5
2ecf1e81869aad99fb1eaf286a7eb119,50.0,430.5,16.87,15.1,24.99,5
81b1c5ab3c30ee9f67392bbd60dc0f58,2900.0,115.2,12.37,17.82,158.0,5
08e678b21510aad65dccc928f6599921,533.0,1848.87,7.41,21.32,149.9,5
d2c57d721916c36343711be4e205ad5e,2000.0,23.38,9.04,11.51,69.9,4
a236e52ad4592e2e25502b20473e84fc,1650.0,348.59,5.05,18.11,44.9,5
c1fea3ac1f26d7e51e4a78e564291a6a,1300.0,349.06,4.92,15.12,299.9,5
f61217ba862409d7241c2d23ac2c41b0,600.0,1013.4,13.89,15.12,53.0,3
82905f4b411a687464762216db4424b2,400.0,661.04,27.74,15.61,122.99,1
101cabeec1a36f2968ceaa2690b80807,1475.0,468.06,13.16,17.78,75.5,4
2e24930adf68f4ce65ad35e0f23f08ee,2300.0,1928.53,33.2,53.29,132.9,2
d710a78f61cc62d2aeb7ebde38ee7738,4800.0,1176.34,7.78,56.26,199.9,4
0135675503322d804abef7ec5ed4824b,1150.0,690.38,8.01,17.98,104.99,5
7f2d63de7e9e8a81f52cb8cd74d24277,1683.0,638.51,16.26,25.23,329.0,5
6c2ef493d3908b2a6046a0668f52e87c,12050.0,747.6,14.22,48.37,656.43,4
88d027f03744cd2419cc5f1a64a9b7d6,584.0,217.56,8.56,0.0,99.9,5
32d7800197408f1dc16884bf75997754,350.0,91.61,5.78,7.78,27.9,1
a90935cd3ef2041119e57ab117b352c1,300.0,2374.28,15.67,25.38,27.9,5
3d6b0a5241a441368d12c56b313c6f70,800.0,334.91,7.99,16.11,44.9,5
4a6de96da1acf53b98a7185f65af99c2,288.0,44.14,7.13,7.78,40.49,3
e918a18483ed36b716b6fbc8cf570e83,300.0,242.66,8.29,13.61,38.9,5
035c0a7b70aeddb6865a1faa3ecd1cef,350.0,12.67,6.0,7.78,24.99,5
25f0e2e1bdd2acf4c251364f1f6b4c0d,100.0,169.1,8.08,7.92,25.0,5
ef2d13d781a97ea071e0ad0236e35f49,293.0,68.93,6.53,10.96,45.49,5
cfed34f41af534e5a559e99136d02ba5,150.0,88.3,3.17,8.44,169.9,5
a5b16df50e965748a0f8406dd415f23c,1110.0,41.88,2.5,7.39,53.79,5
38fe76b8f86dd618f6647bb4f23d57de,1925.0,270.53,8.33,15.0,99.0,2
fd85ec210522091e1e3e0318218860c8,9850.0,1090.06,14.0,20.21,139.0,4
c3c91195072b499b9d88eda4350a7a55,5500.0,383.13,11.0,33.91,79.0,5
a4679a28c7ef85f6277954e4139a3fad,450.0,297.46,5.98,13.03,99.0,5
3783d39f4bead686266f9f7b4362ba6d,100.0,58.29,1.81,8.09,129.9,5
ad22d501d12b05b17afda08f06ce8bfd,150.0,483.0,17.03,18.23,19.0,5
3ae6f437745a33a4fe67a0e350dadf7b,900.0,299.44,3.81,14.06,69.0,5
386725597660fc7a49b706655de2ffdf,1000.0,157.84,8.14,9.74,49.9,4
0494bfa608beaca61486b71439135973,400.0,52.28,10.7,11.17,79.9,5
a7da4c5d1aa10f5bd43694601bea7057,7000.0,426.76,36.39,17.8,79.0,4
abe6fc40cd1fe4d8d308811303a443ec,13350.0,1370.38,22.94,51.06,169.94,5
9e2430e1381d80fc3665bf37356d87a9,1623.0,1746.89,9.87,30.59,168.9,3
1bc2604f66282211f5aba0bf67ca3dff,10800.0,440.38,10.41,21.54,149.9,4
e1f72316055b5f5da7834780f994d6c7,1050.0,14.84,7.17,11.73,72.99,4
e444d35248c6b1c8b408719cf0cdae3d,100.0,49.37,5.86,8.27,4.9,1
30d4bd6e4be06a901edf9f3cd4778e24,10893.0,426.89,7.63,44.99,74.9,4
9807b5bda81d46b139365f3850fbda35,800.0,343.03,18.7,16.37,25.9,4
484e1ab05a56b8ad354e449200a41742,12900.0,2361.34,22.02,61.28,209.0,5
f6952ea226398c9ef2809ed39031f768,1200.0,336.57,21.32,16.6,40.0,1
525649cfb87baa1b132df49d8297901a,50.0,819.33,23.01,14.1,13.99,2
b287d35d6e864f28c166376e6c02c9a1,7600.0,108.22,21.17,20.5,84.81,4
651d23074e72bafaefb84f47ace1b9fb,1750.0,282.72,34.59,21.48,140.9,1
35e29aad915d0ccfeeb308572ff8fe79,250.0,864.58,13.17,15.11,5.9,5
627275b5ff757bdc2c6bc89946ac43d3,1050.0,511.29,16.18,23.64,119.85,4
461af692e9fc0636eab95d6a0460e703,7700.0,379.54,22.13,49.37,120.0,5
38de766f3fc1c31882865a217ecf15db,300.0,1453.52,18.54,16.79,29.9,4
c0a70f802fa139670e7987afc9acd16b,250.0,37.06,3.18,8.29,19.9,4
f65681ae52bf95372fcd66c697752f3d,125.0,152.6,11.86,7.39,12.47,5
42edfcdf41308ef5e7528789f082b336,300.0,52.24,4.12,9.04,39.99,5
d0c74e12dbbf527b5557190c591ac98c,350.0,69.66,6.41,9.27,52.9,5
0755fe651d86dd2feb3c6fff952d81e8,750.0,634.5,13.07,19.01,129.99,5
a2a1ed735f0637ffdecf88eefa01399d,450.0,739.95,6.36,18.66,79.9,4
661852f3da0209d0a351f28950878c9d,850.0,449.6,13.48,19.61,59.89,5
a8b8b7289262a652bbc1c042766c97c8,450.0,784.58,13.74,16.05,29.9,5
1deac17b4e5cbe75d56fd0d33882ea20,200.0,446.06,11.93,15.1,39.9,5
4310f91feaa68e3b065256b3a4debe75,17000.0,44.61,7.23,28.33,269.99,5
a7126b0cb60c6a688dfdac0b29f66f4c,3008.0,2072.99,32.86,38.09,77.8,5
5cd334950cf4627e45b33a86ddb5248e,2600.0,489.01,10.09,17.6,29.9,5
ae86389756e9af7f5f5f64aa266a439a,2600.0,213.2,10.41,11.45,119.6,5
21c362b5b414c727c47d29ae5a653c3e,400.0,562.67,9.73,18.23,29.0,5
531e665dc22a8076daa802634cebfea1,500.0,820.64,6.63,17.92,69.9,4
9d39599dfc361c9c47a4b03d29938289,700.0,24.47,5.9,13.37,35.9,5
b025ae09d0783f8194ec38b10c65acbd,260.0,163.18,10.32,12.48,23.8,3
2ff3e8ab6f85a5b98e1020c071ca5f12,1050.0,390.41,38.31,15.11,26.0,1
c279543d72807dc9b91e39e5d87b5493,1300.0,95.14,16.83,13.21,89.9,2
ce86fa5a5108884726a2244bcae51ae6,200.0,10.54,11.11,8.72,10.9,5
0b34845fe9cff17643b298ed508ebb7f,1750.0,335.26,8.33,16.54,399.0,4
6f00a39a2a8139be075d362106da2450,1700.0,408.16,12.24,18.3,149.9,5
7db96860cb4e02a87c7f0a97c48496d6,1383.0,546.84,18.21,26.69,86.9,5
028df34320b87c04ef6de145db2e8444,1250.0,521.33,6.39,17.02,118.13,5
0fe61eaf67314ed2f6b045d2365bba42,3717.0,20.9,4.97,7.94,69.9,3
86f5f7fe2f0e743fa54095370a545033,400.0,785.04,12.03,15.14,199.0,5
4246497ce0c7f8915544d27745f2e6c7,3300.0,372.39,10.01,20.26,109.9,5
c7b67f6e3ee300d8fde6627ae6b50041,1450.0,724.89,10.0,23.39,115.9,4
76ed9741ef1e5ae8641e9c885d775c82,9950.0,254.77,8.55,26.92,120.0,5
be2d17e0af05916e706b4d0ea44154ec,688.0,263.32,15.83,15.1,32.99,5
271a60ca2e506446f84f15a5246bced3,1000.0,323.0,11.89,15.52,108.0,5
31c97425f34d48507d57e56e0ec2986b,850.0,1162.36,12.85,26.89,35.9,5
cc0ab0fd1ed4c39ca56a885ae303aa87,200.0,2087.0,12.11,23.25,75.8,4
61f46021dc3392729c54f0a596a63383,915.0,1869.4,13.99,57.54,1005.55,3
1cfee098c50b9fe736b638203f7077df,350.0,151.5,5.06,7.93,106.5,4
434cecee7d1a65fc65358a632b6f725f,350.0,87.64,0.78,11.86,50.9,3
3f4d752085db597cc5c802381e0a2488,8450.0,738.7,14.3,34.2,119.9,5
1eea4fee5608c3a7087b63a20a3c7b18,2700.0,430.33,15.6,26.52,63.0,5
21094f6fd8017c8b7339040142abea71,850.0,808.92,10.09,16.64,63.99,4
b3f296816426c556cdf428974ffa9543,8350.0,854.1,8.9,23.81,134.9,5
aef03c27f5449124b7b71ef2164df561,950.0,18.77,4.93,9.34,49.9,5
d69e5d356402adc8cf17e08b5033acfb,1700.0,311.21,11.09,13.63,149.8,5
17abba481cb8e119c2d2fe55ee7e6bee,3350.0,535.54,15.89,19.63,189.9,5
a932657c2a8f532655a478c7170642b1,150.0,7.43,2.07,7.39,9.0,5
a094215e786240fcfefb83d18036a1cd,400.0,114.17,10.77,9.06,122.99,5
bfc653d1beeb620b62d4cee364228609,4825.0,822.46,20.15,21.05,80.4,5
8cbd694bc3280b8cbc9120d759a30b0d,100.0,732.29,25.38,15.7,86.0,5
a4575978f0926901f0b481061a24d73e,15250.0,955.73,8.41,85.34,399.9,4
d45b396bb4c8c3aad3b68edadb33ecf1,5350.0,482.89,9.35,15.23,39.9,5
7dac325f7f1f94784e6bc6af3b4678d6,1850.0,1569.74,5.94,26.95,25.0,4
52e8d4898a4cd3b8234d0db5502b382e,2100.0,2345.85,12.13,33.21,108.9,5
67273b39a82f449a02c95a8b28fb0037,180.0,57.57,5.98,7.87,12.88,5
96a3e667da37fbf1a734e7ac4cfb566b,700.0,867.34,12.85,15.65,29.99,5
ba9e135697c2fbf721ea10bb6d7c0d17,400.0,366.7,14.06,18.74,122.99,4
50be9eb370672ac7e49a1c1741cef069,342.0,555.95,12.38,18.72,209.9,2
fd5bd3708628df1f0104d49b995f87d7,150.0,343.86,7.16,15.23,17.99,4
9a17a8d78fe01948345e0beecbb3f879,800.0,142.57,3.31,9.58,109.9,5
fd2356259b01adb02b8da459b14a92fc,550.0,93.7,2.12,10.4,319.99,5
4bc129a90204375853b00493c4c57516,1950.0,3154.5,34.49,37.56,199.0,5
5eeac31e1838a5a8563b9d111cd09a5d,1200.0,41.64,11.33,13.99,124.9,2
4f72b49b048975b1160ded0b1237e5e1,600.0,294.16,9.94,12.79,21.99,1
dbf6877228cc3660405cab36ede2947e,150.0,10.3,2.44,7.39,29.9,5
f7d17bafe7c67afef77b8a96ad5abfd3,500.0,907.21,18.89,18.2,89.9,5
5c51684e9930d09a7f209a96c71064ef,3400.0,112.58,1.95,11.15,74.99,4
df1a358e7d663001a78f5c0d0ef374cd,14100.0,3.99,3.22,35.37,999.0,4
31ce9eca5cbb13db5867cc427003c308,100.0,22.18,4.8,7.78,19.99,5
903554ca228ef992478ff8d6730cc2d0,175.0,40.73,5.94,8.27,15.49,4
5af2ccecee36c806f9dd2b49c3a8d09a,150.0,423.67,9.16,18.34,33.9,5
38f774e2c34f2f57819fda4fe0de9d56,1100.0,1039.48,4.46,23.29,69.9,5
5ee7b62e53d3ff1201ab0f826ce413db,250.0,886.25,9.03,18.26,259.9,5
9e9bb251429e37919252cfa83702d18e,500.0,426.49,3.08,14.14,79.9,5
6a20f514a1f78b69741f2bddaf832c75,350.0,1901.48,16.1,34.15,44.9,5
1dfe1249fb9a3871f918c37f1e5f68a6,1150.0,618.59,3.63,18.54,105.0,4
7a541b113a2aad3f0854eed998dc7ee8,400.0,878.28,8.88,16.05,41.9,5
be74baa40203cbc62e442c4887378cd8,3400.0,384.99,4.19,13.59,74.99,5
21740bea241f06ee46a7febe29061c31,1500.0,628.33,24.72,17.88,89.9,1
62c5d13fc49db297fd55a998c9cde780,100.0,29.54,5.32,7.95,75.0,4
bbe6905304b4ffcdd776c85a16a71976,3020.0,118.01,3.51,15.25,385.6,5
1abbc8bf93e9e4ad7883860cdab7c6ac,1800.0,392.66,16.87,20.98,127.99,5
b362e77722405d304dc6fb5947ea3bea,1100.0,465.72,20.93,17.95,99.9,4
7fd85cb0143de098a4c5ab5a57bfbd91,2200.0,880.53,13.4,20.73,59.0,5
26d7357adcc99525a7f5133dd2b459ad,583.0,130.91,14.9,12.49,69.99,5
e8ea9d1180aed78c71b3a9361bcdb9cb,16550.0,2469.72,33.68,34.83,120.0,5
6c9296925051cae6d38b3678754b678f,950.0,355.89,7.96,13.43,58.9,4
3efb7f6339ec54c071e9fa5feab78356,350.0,613.0,10.61,14.52,29.5,4
6031ab00318c3f43e623b567c6073e32,600.0,501.83,10.86,16.61,59.99,5
0c3f17e10268e00c6716de19889e2cf0,200.0,1079.86,6.99,17.78,20.9,4
395522d74b4f19e9d229bacaab803c99,350.0,2228.9,37.14,38.14,207.0,3
1f06e0b20a4b5a839950bf1f9f779957,1550.0,794.67,4.71,23.28,69.0,4
29d0a45c5f4c8f6d17e390ab762df890,2100.0,2131.32,17.17,35.31,98.99,2
a3a243e267c153d4acf4c49c2c6b68d6,200.0,871.17,9.96,14.1,25.49,5
71359a053b02802c8974b69049cec60a,1000.0,79.01,5.93,10.57,259.9,5
3fff175860497ca456d60c90b1f2b797,400.0,1826.32,25.76,39.57,129.0,5
4cae8f063630ed7e8cac158618f1c83b,50.0,304.04,8.07,11.85,13.99,1
4edf2392a7d2397850d5c53a1df11921,2250.0,227.2,12.25,27.13,118.99,5
471af150dabb3b168af660f139fe01db,1110.0,9.42,6.53,7.78,49.83,5
3eec01b486a4d08de50a38ef2fb87b79,1300.0,301.61,6.47,14.56,35.0,2
3482fd5db03ecb3857123956a9eeb1a0,17600.0,2858.66,11.94,127.41,559.0,5
a26767d79ed74e1a32e2855451fcfd3f,250.0,8.49,13.22,8.64,35.9,4
da0686c22c00de36d95422798bdd9cde,150.0,365.1,37.81,14.1,30.0,1
7d65e9176091ea193a460d908ee39737,900.0,540.92,7.93,23.16,1199.9,5
d6433f92f95904f2d4a77beb2769e8b2,1500.0,343.45,6.06,15.0,129.99,5
fdc16f82eae13ca294b737e810effbfc,6600.0,708.46,56.81,17.6,50.0,1
115cf7c242febcbed832ad6d631db40e,1200.0,50.88,5.4,9.74,46.2,3
83669a296f7c04168e60c26b274c5cff,14100.0,268.09,8.98,69.73,225.9,5
b6d5def32b42c4da4683c57a8e43fbbb,9725.0,39.02,17.07,21.63,139.99,4
bd8ff252732819c1375fb43d9c3cf529,1950.0,1428.91,12.19,31.0,49.9,5
d8e82d1f482cdb6ddce0701ace3bc6c8,12550.0,105.63,20.33,25.75,176.99,1
6f11c30244bc873b633797dd9ea4fced,556.0,125.78,5.77,14.91,189.9,5
3478ceafeac42f48c6638021262660a2,316.0,366.98,6.4,16.27,198.0,5
09b6daf7c780e789668ee3b7f4bda1c5,1150.0,523.62,9.69,19.73,76.9,5
50277adbf19aeba5171ee9cfcb9998a5,150.0,49.62,8.11,10.14,104.0,4
0ea08b72c67b53b70201a88bf14a417c,550.0,27.3,4.23,9.44,79.99,5
77d66e0dd1fb22e462b621cdc2da1192,9650.0,2124.79,3.86,71.56,320.0,5
9592e993fa9bd76e414ffecdceaa13c9,100.0,828.56,13.36,16.69,259.0,5
7e0f8681296df43a561897448828f476,150.0,1707.83,33.19,16.79,29.99,4
bc1b17c4df3e09a8dd95e9db2ddd1772,1700.0,398.37,12.04,23.43,89.99,5
089b005e56c360e749ff7185aa4814af,1650.0,545.44,12.09,19.01,105.0,5
09c6a742ab99ba6516e8acebf60127b4,1600.0,197.14,10.12,12.54,119.9,5
5fd0d1844c46d95e756c563bf148d01d,145.0,154.25,6.45,13.08,92.0,5
192280704cc4c1f82086c55f0622f09b,550.0,1131.94,12.01,19.63,62.7,4
044d94a4ac73b24fe28ff5293ac35bd8,200.0,1622.94,6.73,25.63,39.9,2
d9b0d609decccee6466fb61adbc03f3d,150.0,851.8,12.04,14.1,21.99,4
fa1e2a95826b093d8c6bdee094c13c2b,1867.0,397.49,12.18,15.98,29.5,1
8a5a0a35111f447f72a0854ef30c576c,900.0,936.42,15.82,17.19,48.9,1
f9ca78db37320d8b51acd2e6eacc3f22,11850.0,465.11,11.21,47.75,489.0,2
d12a47d442a17b323b1a2cc05b2c217b,314.0,283.25,11.43,13.36,99.9,4
1043d83f1c9a2f7d84385aa1611d7652,250.0,93.38,2.9,8.53,110.0,5
6e717532e0002abd1bdb69428673bbce,1500.0,1715.71,34.39,28.82,59.9,5
51c7735438088dc983751f683f652995,2700.0,505.1,5.96,22.19,126.49,4
0a53fca4f1040863a7aa5e7b0634ac09,200.0,494.31,3.01,14.1,39.9,5
593dcbc6068648f021eb48b2d55ae96c,50.0,202.48,6.92,11.85,40.0,4
bbed43d93838be47e3a0b194063660e2,750.0,219.27,5.15,14.06,69.0,5
79fea4eca2e5b9c77d549cbcdc60c8be,10150.0,426.34,6.95,46.27,259.0,5
80fbdf1b4754726acfa023f81805a91d,1800.0,742.9,10.93,23.05,35.6,5
124223dc899eca6ac54187a54f1e3632,350.0,8.06,6.52,7.95,99.0,5
45a560d32442de061369b53f158fc828,5700.0,34.7,5.53,12.69,48.9,4
6258f184f313311383d31c1a6ea59b7a,1250.0,542.25,5.94,23.39,83.9,5
970345ca1a351f023c4e32e6ab4e8e1d,550.0,339.83,5.87,16.32,38.0,5
883454d5fb48deb4193c387cf1c64a49,500.0,335.11,20.03,14.1,32.9,5
3a93b4a83b7cfce5720745425c43a856,238.0,104.68,8.25,7.81,79.9,4
2b79deb9a99d3d4dfecbf19beb6d2847,500.0,1935.77,15.63,22.05,179.0,4
f43dce59f4547d6918c7b2360f27698f,250.0,514.78,3.12,15.23,38.0,3
3a53c89c1526bec25191f47b5ab57df6,200.0,783.59,12.33,15.1,45.65,2
d72d3f4cc43d48736c9d01b802a85bd9,5450.0,402.35,6.28,21.74,157.0,5
bfaf52f28000e56f19ad821354fa9cab,800.0,82.86,7.06,11.09,238.81,3
4854bc4c9c26ab65c3b7ff11c0a03586,410.0,1158.72,6.46,22.3,53.44,5
c33548afe8a1590b82f9f0c6141ef508,6600.0,779.5,18.26,16.61,52.0,4
d758b90e0bc24cf60e79e90ad8dabc53,200.0,888.14,16.56,15.1,27.3,5
9f78c08ae4928d0b51b8ec8da9585714,800.0,132.49,6.74,10.96,34.9,5
a7c96c67b28612698cc5e0fb735dad94,200.0,400.21,28.82,13.08,59.9,1
b46c295d27c87441788cfd92b75b1a3d,250.0,77.12,3.4,11.85,24.88,4
da32fa81177a5a6ac35177b05714742d,365.0,690.04,9.73,16.79,29.9,5
3b18ad0839d6984800c3bee0d41eadcd,2000.0,1097.42,12.67,48.95,59.9,5
7262ed3f8bffae5e3c8b15638ae38f58,6050.0,636.83,15.31,50.5,89.99,5
09e04558408bf0fe846b66132dc5d64a,173.0,493.99,18.22,12.71,82.8,1
4f2ed03887c7e9a4c420d897e077c172,175.0,1028.21,25.94,15.1,21.99,5
ddb7a8a2786d0021954b09fd87426bec,150.0,14.39,4.25,7.39,12.0,5
af4cba92abfe8fdc4502754b7d91beb8,1800.0,844.37,11.56,17.65,199.99,4
a27f62a78cf61c0b88a3897a2e5cd8a6,1032.0,493.65,8.38,15.2,65.0,5
7b4fb0197b18a0fd0e75f9e44b3fc757,367.0,1034.1,11.43,22.62,99.0,1
1b4d9a7458ed02052dc6311884a2b1d6,1350.0,460.59,13.08,17.95,99.9,5
39deb3539d110b3b863fe3c055395969,310.0,595.61,18.75,19.05,166.66,3
0ab29b3ae0c49bff1cfb0b0137c20da5,200.0,604.6,8.73,16.79,39.9,5
b784702b3377c4b93c2159512fbf937e,300.0,350.11,9.64,10.96,30.9,5
c785921c49242bfac499ee30c455154f,300.0,2137.85,19.74,25.73,65.0,3
94f506e669de10a239ec04627d90eef4,600.0,286.07,12.24,14.44,21.1,5
3e94a8c8e34e42fff9e500e404d5d233,600.0,437.74,2.96,15.23,16.9,4
c08f4e8a8abee08ea51d5ead6f24b126,450.0,406.82,7.61,19.32,16.5,4
ba2500147cc381c7d587dede7f034f2b,6250.0,616.71,10.93,22.15,699.9,4
01cc71a8154340ae61126b5ee9b48fef,400.0,88.75,4.92,8.64,44.9,4
5dec793c15adf83097986036f1072cfc,350.0,204.36,7.54,12.79,14.9,4
831b5d6b49354f211585641a51a48ec2,2438.0,350.49,6.16,20.61,159.9,5
98179ecee6d0176b359568f49c5ceffa,900.0,2382.52,10.99,27.22,96.99,5
eef277f1b21da736aeb8b4dbcdeb36bd,3300.0,850.11,13.37,22.38,219.99,5
cf543c73693f031709ec6defb524241e,100.0,928.42,16.47,15.1,25.9,5
8e350d5e83f49b662f870b48cf3f5b29,7750.0,507.33,11.71,157.32,849.0,3
4391a26ed0c1a51aab108f63313c0b28,1383.0,649.24,16.25,21.1,86.9,3
41e33d3c157e00a75938cd0345e207de,1650.0,2352.11,35.18,67.96,149.0,3
0c73113256d69beb31380c221529f19b,200.0,8.2,6.62,8.72,13.65,5
0a0e7f9881dffec612b28e2682242574,533.0,1631.19,24.4,19.59,149.9,1
3f78fdb829925037b11baf136f99980b,200.0,489.53,13.32,14.13,53.99,5
0bbca56fc4659e5b3ee85bbe37284f13,250.0,28.84,2.36,8.38,31.5,5
60949b693497040edfbbef6045e4d024,1500.0,1045.12,25.29,17.6,49.9,4
e776adc60e8c76f0cd807332525d8cd1,238.0,2067.15,20.07,37.04,36.79,5
3f1cef1dad28d66ac73d711f75a8ade6,2400.0,1167.56,14.65,23.06,109.99,3
9490bfca05997e51ea0beb78eb0918fd,100.0,371.97,9.73,15.1,29.99,5
73bf036e9d518e060d6f766d816483cb,300.0,18.09,4.02,8.88,19.99,5
c4589f9bf514a6f65302fdb08ae87b6b,1813.0,88.52,3.5,9.42,87.0,4
4391587db1177046a9ce911424451edd,2550.0,397.61,14.09,16.44,115.0,4
57f49d7a95cd831411b2ccf01fb36b67,308.0,515.98,10.14,19.56,240.0,1
82cb61093ee5284f77c35265ea66c4ba,250.0,19.21,7.22,7.39,18.99,4
351c9272da4d3af9d74d3b30ee84cdde,250.0,581.75,11.4,16.39,89.99,1
3f3e73711d749f4c39da2d5e55927d84,1850.0,1716.31,76.09,24.62,59.9,1
9b4c1520f96ed1e13a3d6f8c2aba947e,100.0,356.3,20.57,14.58,119.0,5
7d9bff34ab96999cbb7b18cfe622c731,100.0,2271.55,27.78,34.15,49.9,1
096b267153128e0d7f9e593bba803956,5350.0,16.9,6.18,15.28,69.9,5
d273ccee1a7ee1a7013cc285da0ff429,178.0,328.31,9.51,12.8,19.9,5
f01de19516748496ecf55ffc821fad6f,5350.0,336.77,12.29,12.62,69.9,4
ffd5e80bfdaf69504efd7562a3d522dd,2550.0,80.51,1.22,16.65,584.9,5
8e401549ad1337dd0ac5ca3eab054c5c,100.0,1916.04,18.36,25.63,49.9,5
5ed0ef9993cc883d89e624dbb08fb74f,800.0,482.3,6.9,14.07,149.99,4
3d7d9c3454ecc0d556808546b6052355,3675.0,1967.71,19.59,31.45,169.0,4
f46423982b1927442355a79e98c8bb29,100.0,326.95,6.67,11.85,49.9,5
c96826f70a2d5d38af58a490427b9333,316.0,32.34,4.84,9.77,225.0,5
fe3ed37f8447cf637b8433c92451513a,501.0,792.12,32.28,19.17,185.0,3
5ae1672c9ca83961989aad88b01b6e1b,1533.0,273.93,16.37,20.38,169.9,4
603e8f221c6d0513efe14f9de8cf4fb6,550.0,1460.6,23.08,17.2,79.99,1
d4ecf069cf056cbde7553bbd394cb753,550.0,474.51,10.32,19.54,36.9,5
e74c5411558a7a26de918d23a07e1cef,250.0,80.82,3.49,12.87,29.99,1
c920bbccb7c36a0527bc4f95e518028e,50.0,13.56,3.04,7.78,16.0,5
500ae586f3dab7aba8557a29f0073de4,6550.0,376.34,8.83,17.6,119.0,5
6bc4d884c713e5a93fae26d2e3defe0f,902.0,675.36,5.6,18.82,99.0,5
0ac69790e2a6e4c075edbd78648a3594,250.0,14.02,2.06,7.39,7.5,5
189c5481e0ff2e96da113dfe289b88bd,125.0,499.58,14.16,9.91,148.0,5
d00beb3dc9b2e213d9ea5ee30b0541f3,8000.0,521.78,4.79,23.13,79.0,5
78b60b2b56698f828379188688d16396,1100.0,350.08,10.25,17.97,458.0,5
8193af9e3c0361af46d8c6665c838753,700.0,1094.56,8.24,17.6,27.9,5
4a0aef3a36c8f8f2d9500b15400ff513,442.0,1066.4,11.75,15.24,69.9,1
1db33e72df6ceae6380551c0b6022079,5250.0,505.43,15.18,21.75,129.99,3
976d9425872f2283bdadfb50fd7e4188,268.0,450.35,9.04,15.24,69.9,3
d2553946a905ea785bc3d4910cb10c4e,7650.0,1154.75,45.43,90.12,179.0,1
9d00e5dd1d0a6dc258a09e9c90854357,200.0,4.02,7.12,8.72,7.9,5
7bf07dae0e08f5a2b54f5d784c8bdd12,375.0,722.8,13.86,18.81,579.9,4
1c3680cf7c64b8f0419ae839d0a44db6,12050.0,21.85,2.23,7.39,59.99,4
fe6bd37400a094832d8f91ed5ed3856e,6730.0,1145.41,12.55,21.64,163.9,5
f0089d43f99d1bc295c05699b4facbed,2560.0,363.23,12.2,54.97,219.9,5
35fdc6a25ee3a21b000346caeee26e29,900.0,414.92,26.87,27.39,187.68,1
8b4fc455b9a8cc1559dca8dd2d392ddd,2600.0,788.32,57.86,18.26,259.9,1
e6f4dcae8f74d19df7183854d1276023,500.0,90.93,2.14,9.17,139.9,5
163e9678df3d069145613d032b4ab0b8,700.0,1076.59,5.4,20.4,15.0,5
c2d8fd0097ccdb4f3ace3eda887e7c64,100.0,1615.74,12.26,23.69,169.97,4
57ed8be469a185c4797b2d3e82572315,2150.0,339.99,11.68,19.84,46.9,5
955cfc6fc88baf05abb8692e1285a9d2,650.0,313.25,13.05,16.18,59.9,5
9147e4f91a0a2071875cf411ec60a10d,12775.0,26.17,18.36,25.14,79.98,5
f491c8a7d687daaf24c15726af6477b7,250.0,25.02,1.23,8.44,169.99,5
69f4f52c9fc3a2b6f7b72516075657d9,5400.0,998.86,14.1,17.67,59.9,5
91dcd3e6ecaee5bd1d977fefc7b26bb5,225.0,335.99,4.59,11.85,49.95,5
cbb837e370beea845d4aabda89dede0b,12250.0,240.59,8.16,34.87,229.0,5
d1845227bab7e5c1f169cf2a98d742a1,650.0,499.21,8.02,17.48,109.9,5
5514f341fc1dc2f32da4facf97699be2,2350.0,583.26,13.12,16.7,134.99,4
17b129bc47ae24191ca5670deaa170f5,1550.0,1277.25,35.66,17.67,59.9,5
dfb257681efc64103bc309ffee479b9f,350.0,325.08,7.01,11.9,56.9,4
1bde1f1942be558c1527a73da61695d2,100.0,987.69,23.2,15.1,23.99,5
94559fe2283a8ce81e14d3fee1d4e928,2069.0,8.31,2.73,12.48,182.0,5
439e088d80f64c9fb6491a96e37d7ed7,425.0,73.0,8.15,11.03,539.0,4
5cb2e7396780669f8f84f6c2fc3c52a4,1267.0,27.71,5.39,9.33,159.99,5
b714825751e17269c60b3d2291e85026,117.0,2308.38,16.79,24.84,19.99,3
b0f8126b6f93fb75365140979fb5d865,600.0,48.28,7.62,13.71,49.0,4
80028e205983856e71a9cc12fe99d17a,314.0,304.92,12.87,13.13,98.0,4
8c771415273e87e3770092962104fa65,260.0,373.65,12.5,15.23,34.99,4
104d88e666e2ec697eee4ce419862e5a,1100.0,745.03,24.11,22.14,607.95,1
a5bee526a0ca9f2a66f3704b82ad7833,680.0,17.58,2.9,9.34,16.9,5
37c8cbbb816470ceb8a3026653cf3d3c,150.0,1240.54,33.38,25.63,43.89,5
2f2f33a69a673fb2559f95de9f14538c,250.0,7.9,2.69,8.72,23.7,5
b885d5e857bb433aa2d6c530a08e5e44,900.0,481.39,20.01,23.27,349.9,5
9af102143a095d583da618988ffd3557,400.0,667.24,5.76,17.1,569.0,5
ee23b3b765cd771cec0d54bebd5364be,50.0,1384.17,34.11,16.85,58.5,1
e5700a52207ef266413e9f43a7b0d5f6,4050.0,352.05,8.89,25.88,218.9,5
7c2aefdd602f9df2ae6eb835d3973974,200.0,600.17,6.72,15.1,16.17,2
707c0049eb07b71b44d80b989f18719c,150.0,552.35,11.22,14.1,39.9,5
6513d58f817f52bde8e49d1186c1f1f9,200.0,1082.84,12.71,18.23,17.99,5
12cac2e81071090f280a21a9e267ec86,200.0,1115.69,16.56,18.04,189.96,2
cbea65029850e25bb7ce971f2982f471,1400.0,2128.95,29.04,20.75,39.9,5
599029e205a62a6a520d087b5f25b88f,342.0,294.26,8.3,14.68,320.0,5
9afea2441fe052dfb87c02f739712316,1250.0,937.18,8.93,24.1,64.9,5
2a1ceca1522e8bf484583ef111e921c4,1500.0,341.58,26.26,20.99,37.99,5
516b0fe870022210bab4e170fbf10ec1,225.0,2221.59,9.95,22.85,14.99,5
e2bdd50123225ac6e08ff517b00fd06c,3850.0,929.82,15.78,25.59,429.9,3
0f884853f408247bc673050f33f2c5e5,1500.0,535.18,10.25,18.28,504.0,5
ba7349a4f248a6fa6c18ca067662c2c6,1500.0,657.89,24.48,17.84,84.9,5
5b19e6d8d588e5f729477c3df4552051,2200.0,485.18,9.63,17.86,159.9,5
82c5ef9af05ba4775bcabac8b9520c3e,200.0,1472.52,49.73,15.79,39.0,2
ebee038c5993647eb1defc78207cd187,1250.0,493.71,12.28,18.25,96.0,5
0f375a22986f5561dd6c2a22c86c6b25,433.0,311.73,3.3,13.97,89.9,5
3ba333b554f8465f34ff42c71561e53c,750.0,574.34,18.27,19.37,56.97,5
86f3eab0f6458fbf53389a14fc8ce71a,900.0,360.34,6.77,18.26,499.99,5
dcccedd7ddcb971baf4602e441503030,200.0,433.21,18.49,14.52,25.99,3
62c7826e311deeddf387648c11f95711,650.0,375.95,13.6,15.23,45.5,5
33f7f48fbeb5932ce834c34dd204a6d3,3000.0,1520.0,16.17,36.19,125.0,4
7bc63e447b9ad4b44da2f65bd74bf793,17300.0,613.49,15.91,99.88,279.0,3
d7511947889e0d0717a337554a6216ac,7550.0,439.23,6.91,8.8,118.5,5
c8c07db73aea73f15237a4eb11867551,10150.0,431.28,14.9,46.22,252.0,5
cdb4c1d38fee4e877cf3102aa0c5b814,1750.0,396.57,5.75,14.78,98.99,5
8e75defef52610477f8662c16b16498a,300.0,657.45,8.83,18.3,28.0,5
122e87ea620589cbdfb91829a251ab1c,400.0,469.19,7.18,16.02,265.0,5
8484b56b3b3bc2afabbfb853f86cda93,175.0,57.61,2.34,7.78,13.3,5
11afac295480894b1dcdf9cf95815731,1525.0,11.97,5.03,13.35,109.9,1
9a39823cabf87305e23b619a5636920d,150.0,807.2,9.29,15.23,15.9,4
ea7e528106f7ea156423a2cbafd75bc2,9000.0,1163.0,28.01,41.08,99.0,5
e328a6bcc5577fb747cb1c2a16bd07ea,67.0,996.81,16.53,15.1,29.0,4
74309f1c6cfb3fe784849fe33b811243,3200.0,855.71,13.23,27.27,169.9,4
a4d7c8bca45b56444e3c59ddcca7d7c9,1750.0,410.59,10.37,13.44,59.9,5
cf3c1e2bc533171445481ee9622691be,225.0,99.61,3.7,8.82,28.99,4
7bbf4d89a154102fdd36ae71da6e0326,6050.0,661.21,8.85,15.25,72.0,4
61bfed38f9921edce07bf34cbbacf25f,400.0,604.41,7.31,15.24,69.9,3
73716792079a3819a7022fdf6500f9fb,2600.0,160.78,10.6,15.21,299.0,5
0ee8b349c2365dd4a396a819fc586cc1,270.0,1888.03,8.27,51.96,177.0,5
8f078af5f7dd54fad5abd423dfb4aad2,150.0,301.4,10.67,12.79,17.0,4
c185967262e6222ac9a864b18647ebc9,867.0,227.67,13.16,16.22,66.0,5
c7a01909a06bdf140604711177208036,2900.0,587.7,12.08,27.13,119.0,3
a14a2e543b33add9891cabe38fd844c8,887.0,1098.37,25.33,19.66,99.0,5
1f4c55439dfb0750759521284d322815,1850.0,873.81,8.02,18.8,79.9,2
de3d4c045bbe60df44e296c60a50bae2,200.0,77.07,3.65,7.39,11.9,5
8ca359188415aaef358f04e23e462a43,300.0,376.01,7.02,15.1,49.9,5
070d6fe21e7d454b11f1cb27ca2c15c0,500.0,951.17,21.23,19.23,99.0,3
4fe44efd8929f9dc43de71da5537c25e,100.0,57.33,1.95,7.87,50.4,5
99b4647e792ac5029235bbd15476e6bf,50.0,487.5,6.09,13.01,50.0,5
9f7a5181d7e444fb3cc09b5cf99d417c,250.0,337.85,7.39,15.23,49.99,5
3d2dcb01fbc5f4d34251dfc216cb2034,100.0,627.8,11.69,18.23,43.5,3
c31af7b37cf89bd6d945fcc664937338,115.0,340.13,4.32,14.43,97.0,1
647e1ede683aa8684314076d4a3b4eff,1110.0,97.58,3.01,7.39,48.9,5
642d9648ee8c3cd7d0a2be2b8816cc91,1700.0,2029.43,15.04,29.44,149.0,3
0ace5fbf6db2942061542a808558b9f7,1350.0,764.95,13.29,17.95,99.9,5
6dc67cb39f917644a71c8f9410d6505a,4350.0,543.81,12.91,27.16,119.9,5
09519116d7d66f8a0ed5c02048573c7d,500.0,2450.14,18.0,27.45,69.9,5
3e6cbccd0e3c5e4972f1f1f178b81b08,850.0,656.92,10.01,19.63,94.9,3
8e25d7ae5953ee779b0bb0a71e434b4c,600.0,708.24,79.36,17.97,219.0,3
29d3feafff91c156f661f3cfed630f1b,1025.0,2457.82,18.88,19.37,65.5,5
2621d786cb446a7f7f5cffa979932acf,500.0,391.15,14.68,14.59,59.9,5
749fcca936a6d6cf6373d2b6f7d72530,125.0,807.37,30.44,17.78,21.99,3
ea28640cffa87eb4e40d8c864fb46aae,680.0,443.71,10.14,11.92,49.9,5
45cb2e92427657e6b10542751b5c6805,250.0,112.44,4.98,7.78,34.9,5
c83791759b06d1268e4305586aa9fc84,400.0,134.41,5.83,9.09,44.9,5
436a9aef30267664e39faf27982b0921,500.0,43.62,14.9,9.77,229.99,1
7e4be1fb343cfb05e87f6a4394420b55,300.0,136.7,12.73,8.64,44.99,4
00b676b01c289cc661c6f7732492771a,6250.0,343.77,12.83,21.19,50.0,3
61fc1e01fc9cd8344b0d1fda336a8be1,450.0,535.42,20.05,20.52,649.99,5
b1ec9e8e3e3186b99318a464c0a38cb9,250.0,4.67,5.65,7.78,64.9,5
705e297aabac0f1fae1db3971e90952d,1150.0,938.26,12.94,28.06,159.0,4
a9ddf1f40e51ec5d1c828564cef4d92e,175.0,515.4,9.16,15.1,18.8,5
71cddfd6e49811c604b95c4b69c4393a,300.0,115.94,6.96,13.74,36.9,5
f311dd8468b0b3ea94823b43c7708951,250.0,435.63,6.27,15.37,89.0,4
c7331c9cf37d4a3f6b0fbf4bf4c543a8,300.0,28.36,10.75,7.78,11.9,5
b409363b150c3fc8fe6dddae1bceb1d3,175.0,361.37,7.21,12.79,43.0,5
132c1bd080e7310cff7fac26d6d3ee31,1100.0,341.3,10.26,18.64,119.99,5
2365a103706753a90b96a806e02061bf,1550.0,1122.88,9.71,27.9,134.99,5
1129997904eb031a05d781b6179078d7,850.0,87.14,2.28,9.37,79.9,5
332cccabf2107750bda6430e1696198d,250.0,469.02,6.77,18.65,78.0,4
e775e2a68408d7fa3fc0297268f1abf4,2450.0,885.44,20.32,23.23,274.95,5
880e262ca224fc654e306f76653f4d25,975.0,409.79,7.34,18.36,79.99,5
e21124ab31068ff2d96510278646010d,1400.0,294.39,10.08,14.56,118.9,5
28443792b60e1229531d828dc74087ff,8725.0,464.94,14.38,61.38,338.0,5
562194d4cd77e33b171957ba3c8526a1,1372.0,172.57,6.85,13.04,85.5,5
2592a2d249009fdfd066161c0c2a726c,11683.0,936.72,9.85,47.0,149.9,5
96245f4488be31192a246b608e6deec4,1250.0,650.0,9.91,16.29,99.9,3
3727244af1446bbfc36da7351cde0ed4,2250.0,55.67,2.14,14.29,31.49,4
e0281f23b49ca718b12ff1af3140db6d,1400.0,513.61,3.24,18.92,160.0,5
dc82732094ba2671604e8a318714bb78,6900.0,539.1,14.43,22.23,169.0,5
270087d97c6abc409514129d62d3a513,1200.0,321.0,8.2,12.69,49.0,5
3ea0f9eb52e24e617df91f59795c8e97,150.0,2369.97,15.0,17.63,18.99,5
6166e6ea52d287f2e083adefcff3d19c,1181.0,2784.86,25.37,41.12,229.9,5
ef8ce968377e840a2be50d7c49a1f4ce,8050.0,1948.86,11.36,66.21,388.9,5
02a0929986b1647b2df9bb303b4851b9,8550.0,30.92,4.05,39.58,259.0,4
3b336014b6a2b0774fb872f338dab7a2,2700.0,105.88,15.28,17.97,212.99,3
0499c7fe87611ea8ba76fc6ddceaad0e,200.0,486.04,14.32,15.58,69.0,1
31ac604de6bd9460ebfc6af9e5401ee2,121.0,119.8,13.42,7.39,9.9,5
679c0e911bed52d5404ba07a1e2e1715,1350.0,48.6,2.72,11.73,59.9,5
b0edc0b20a380c879d0775721c5b5b20,600.0,310.43,13.83,14.11,37.99,1
d47c3e59ac03430c6e743c61f7e6bb6c,450.0,216.02,6.77,10.99,54.9,5
7a28c31014b18e07f3d37e80e06ad6d3,300.0,903.18,18.97,16.11,25.99,5
7e72ec73eb316f40183f574d738eb99e,1700.0,159.47,4.13,15.99,240.0,4
7a30c15d4766a1dcd8e9cb869cdb328e,1100.0,1330.61,14.45,22.28,48.0,5
38f1e6ca3a0de904e7597fd07ad95b6f,200.0,28.3,7.08,7.78,59.9,4
7133cd362a0471dc79e40be4dc66a410,150.0,18.49,10.94,7.78,25.9,1
4ee4abefdd469c7756e296aca7f29361,335.0,475.15,6.15,19.24,162.9,5
3c6566c0b8aa1eb2382e08cc0ae4bab4,300.0,5.33,4.42,8.27,34.0,5
00fdb72e467da6f3b000b19b368a6cf6,900.0,722.81,7.03,17.6,18.25,5
feb1e26e42fcee9ab068a2a4c7334707,700.0,311.07,12.9,16.19,61.9,5
6c37a73c622940bb9dee7b76f6d4058d,200.0,1436.98,15.97,17.7,110.32,4
29b56ecd8b55b6089065dad2fe85a0b8,200.0,394.05,5.82,14.62,64.99,5
02cb7027f3074adf1407706d712298f7,1500.0,2104.37,10.06,23.67,135.9,4
341d0ee42d08b192c88aaa1c360f97e9,584.0,537.05,35.25,21.42,133.0,3
9611e941e8b7f96fafa5a05714bb944d,500.0,341.76,12.93,14.1,24.95,5
477f748c749a6106d2abdcc7de0be7d5,800.0,520.84,8.13,22.93,46.98,3
4bdbe1f2d1b360c34d90175e10ec090b,2500.0,1157.92,57.81,27.69,169.9,2
cb73ee65ccf0d207e4397612b10346dc,475.0,2314.88,17.34,39.35,379.99,5
9f15e7cf61018edf0f17edb4c4d77b5b,1170.0,34.14,5.25,11.73,47.49,4
b6659c782155d09b529dc57d587fd87d,835.0,565.12,13.61,18.04,113.57,5
b12077e26b8a52d9944ab81e165e5a20,250.0,78.22,2.64,8.29,49.99,4
31e94b867c30c7627862d2311ec5e9b7,400.0,99.41,7.24,12.67,59.99,5
842b6e7534c63c7956d72bb3f64bbecd,1200.0,402.91,7.31,13.37,12.3,4
5a7b40567394cf2a17b67ace5ea32329,1400.0,495.11,9.75,16.6,32.99,5
f2f05e9d559c20ae65f13bbb6d499b7d,3650.0,566.06,16.43,28.04,279.9,5
89f586f0cbddc6428831c41c8c333c66,300.0,534.6,7.59,14.59,29.9,5
159d9198e0ccf96f69186d394d590fa3,1200.0,2445.9,22.18,44.97,159.9,5
6fc237eec099504ef31e3f3896596be7,550.0,21.0,2.29,8.41,35.0,4
7f73f6d23431719381a2b967e70556a5,1000.0,2194.15,35.28,23.08,108.0,1
be85a93eeefbad9670c7b2d84dfb7502,1500.0,2331.04,15.63,28.96,79.9,4
3522f6da18c89c3dfc0ddb540afac391,1100.0,1091.88,29.41,20.75,34.9,1
c49661b8b4d13d77de66b23c6da12b38,2900.0,859.1,8.3,15.11,12.99,5
bab0a62e41a5f0abc7f04989cdd7a6fd,300.0,1974.52,17.83,25.86,195.99,5
d82a297437092371e1c2278befb2314b,725.0,1562.73,8.15,27.4,64.8,3
fcab6437822c11cb1be696ca48db49a3,350.0,543.32,13.87,15.1,24.9,3
fcfa8ef8103d78c6f2dd57ec67713360,250.0,1493.46,7.91,15.84,56.99,5
b81a6b90b7a473ecb855ee9f4a881032,400.0,17.47,11.45,8.48,44.99,5
27daa394276d904c4a0fbe8307e854b8,4400.0,203.83,12.43,19.21,49.99,4
3f4d4de8598b31eee79eca23f927f676,3300.0,342.11,6.59,14.52,109.9,5
3003eed153ba33c08d9352250d65ba75,300.0,1444.38,13.69,17.53,155.0,1
ec46fa0c63f83339ec26fb20a159d488,17300.0,574.95,14.01,76.73,540.0,1
cc812bc2c7f8350a08add17abe7bcc84,1232.0,526.67,22.23,19.32,38.9,5
338fbd3c36de682efeb03bf89d62ae95,1200.0,119.28,2.64,12.33,89.9,5
a1f3e74249308258ba4eb2c22902d995,1950.0,124.84,5.85,17.78,124.9,4
51673e0d82449e7f4ccd8fcd64fe0c15,450.0,471.13,9.16,19.0,159.49,5
ac190835077b797903f673fa82dc753c,550.0,2358.23,14.2,15.24,67.9,5
c1c7631c24af4189464f9bc75189fb55,500.0,363.44,9.72,11.06,65.0,5
13bc75256bad09f3273a88f49cff00e1,375.0,49.78,2.0,8.37,158.0,5
1ae76304686bb902dc30d60e5dbf9237,4700.0,361.2,8.17,42.09,190.0,5
9c23c5e00db2827a08ee53074a3eb60e,200.0,804.87,13.29,14.1,18.9,3
6be8a1100f67ca1774bd0eea9e5a44b9,3000.0,22.61,2.09,13.08,48.04,5
d307290675e59c844ebde65696377750,2500.0,1056.96,26.17,25.35,399.9,1
e981933dec07dfe833f737618e90afe2,500.0,101.28,2.14,8.62,64.99,5
f1fe1abe0870b0cc06a9c43744964f69,1150.0,535.04,8.5,16.11,48.9,5
f503049e1fdf861c98ca1668862c3534,400.0,2224.2,13.02,23.07,325.0,5
28339865523dbb50062d7e3a07aeb27c,150.0,865.79,13.02,16.11,5.99,1
7b6c4c1c9a1d498b62e1ff1eb235a153,500.0,439.46,17.09,25.44,49.95,5
47b057651b917dc455af22ed02390172,100.0,574.9,12.22,18.23,10.0,5
9d8698c08be0d1824923f62270dd0d3f,2600.0,39.22,11.04,13.52,32.0,5
addef08806ad9aecf14f8577435cc798,835.0,305.17,8.28,13.76,105.9,4
c52d58426aab3759ad2cf6fcb69e4add,10950.0,2146.89,21.94,38.08,75.9,4
866ee8efa015a0dbacb8c2628096a8c4,250.0,345.38,13.44,14.15,56.99,5
71a49be8a212eb4987b67078140a1434,1000.0,683.58,9.62,17.66,58.9,5
4ab03c392cee35c50b2bb0c1190618de,1550.0,274.42,8.95,13.44,59.9,5
f3534c412bf7774091285cb7c57ca373,200.0,1300.38,15.95,16.89,65.0,4
cc20f1526c8c9725da26e2563d40260e,500.0,558.0,7.1,16.14,199.0,5
6ca01767c49571ed5701f01124f6540b,150.0,43.94,21.61,11.85,35.99,1
06a02b60d897c8f12fb3287e9de120e3,250.0,513.0,5.89,18.56,65.0,1
b324f4270850cbba23533b9a9d3434a9,11489.0,21.6,2.79,41.3,117.8,4
79c6130ca63ec6a1dfbf2b33fa9a87c6,950.0,582.08,8.76,15.1,49.99,5
916dc974baaa87d11f1f1c829694e6ac,1850.0,179.73,6.93,18.71,129.9,5
60f6e33dc906f7b5b4f5096f979ab9f6,1200.0,614.53,6.44,19.32,27.2,4
46d7f4b6bd94be776c180799b944fa43,1100.0,197.29,10.0,14.07,149.9,4
d40f37941fe5d7cc0ee5bf4180ae9f3d,1800.0,24.97,7.1,11.68,93.99,5
36bf83403fbfa11f0cf0691bb545752e,2100.0,146.14,4.76,14.13,144.9,5
7ff80f1b42a18dcaeabdc65c1be8016f,2100.0,360.5,12.89,17.65,199.99,5
1fd53d1caeb51ab6526e5b38f525c202,840.0,332.01,6.01,14.1,43.9,5
e5cee28542e829bfd8e8ab719c386311,4450.0,1128.64,16.82,19.9,288.0,5
0f2eddab2cf0edb934c4086172712081,250.0,296.68,8.96,13.89,79.0,5
087b7573e7bda014f7f61b472a7cf555,300.0,233.34,11.9,14.52,34.99,4
f204f70875d6c6b3ef8858487847fec4,2400.0,556.32,10.11,21.18,98.7,5
1a89170dbb050ebb1530d3f2c574d4dd,1850.0,327.81,5.74,18.42,88.0,3
e3c4a1f61400e7db82ae759cacedc9a3,750.0,686.68,26.0,16.11,35.9,5
f399b1b1cbfba9dbe26183ac60e6eae8,1500.0,393.83,15.38,17.81,79.9,5
ea497a8fb762e77015ca8d85236d6e47,175.0,86.32,4.74,11.85,37.9,1
276c36d0f0218b24c09343edf53cb98f,400.0,164.28,18.49,10.96,7.29,2
801486e590af3202e69113a4542ef133,150.0,507.43,8.08,12.83,55.49,5
984238b9906320ee4e847b98f9f2c699,600.0,22.61,2.23,9.09,105.0,5
5a91aca4cab56a1119249a6ab5d41318,2750.0,2481.15,13.84,27.67,144.9,3
4780bb3ca4c85d0e4dffd6cd2b6d6201,350.0,181.29,6.5,12.79,8.59,4
0e3586e663acb9adff4f778c7d174890,1050.0,311.05,8.02,11.82,131.99,2
19290f8cbb9b669a38cf4c56f5976bf1,1050.0,916.78,14.0,15.11,35.99,5
fbe1b2aeb4cba6d2bc309c735a062549,800.0,471.04,8.92,17.03,119.9,5
6be4566ff84c15f3069e3751958576dd,1500.0,484.24,7.12,13.44,59.9,5
594bad57a253656f86d8282c5365be89,300.0,526.3,13.94,18.0,174.9,1
d6cdcb841a56b58210e4b5cf51842ae5,675.0,85.48,4.1,9.27,19.49,4
011105c3b5b8693eda1bfb1f152cec2a,640.0,1886.24,7.96,43.49,208.1,2
04f7b342a4b3d7b33bdf6aade899d685,200.0,667.24,7.04,15.1,15.48,4
3fb41161786b24f4fd477d6a3af4dedb,900.0,95.85,2.99,9.41,84.99,5
93d5e6e96278f675c4d917ff0bd6e0e3,150.0,1005.71,13.21,16.79,18.17,4
cfb163e86f6f63e7a247fd9ef32321d7,114.0,9.39,3.16,7.78,26.9,3
cb5e5871967a2d2ff1594d2a652fa290,3000.0,594.93,17.12,22.66,169.9,4
853052349cf24c16fe2a0a29df1d7a12,200.0,429.67,6.62,15.1,29.99,4
83adb8f44a5e98ea2d58a04ca0b7fdc7,1550.0,568.58,7.29,23.17,84.9,1
7cc42e63e4677cbb3e1434f08601b329,1950.0,299.01,7.37,17.26,33.0,5
9bdab6a58999d4197bb9182919f89712,700.0,86.01,7.11,15.64,170.0,5
dbe5b409519c5dfb85b5b0955913e5af,150.0,2100.31,8.84,37.17,68.49,5
16e1e21ae459315114f092dc02743dea,200.0,86.77,1.42,8.53,110.0,5
e3bab59cbada81d5a3df124e0a95442e,2750.0,1999.2,18.9,31.46,159.0,4
176cf0b19224a77a9fe04e323627fa7e,975.0,55.08,11.38,13.51,131.99,5
246c48e2f25163a7427ed75e3217205e,250.0,185.16,9.93,12.05,78.0,1
7f3709520054ab89300a657a5f480939,2150.0,137.41,3.87,16.68,149.9,4
144486c68a71eb11c9bd9fae9ca29da6,300.0,650.2,14.53,15.1,29.99,5
32103451af075fc1af5ce14d86aa3179,600.0,1716.39,14.25,16.97,75.9,4
3e238891b4618a7a2224ea32becc04d2,1425.0,468.54,3.91,24.34,220.0,5
85f5aa79a7370114c788fd6752d6fdb9,350.0,285.43,15.98,12.79,49.98,5
57caf8a4f24c13ac1f4ec44f39a18a44,450.0,576.1,5.9,15.1,9.0,5
fea563d194760a0737be8bff36ca8c40,1900.0,317.97,8.99,17.67,59.9,5
bf983191809f11fbddab3c4f88a804e0,400.0,448.31,27.75,18.74,122.99,4
bcd5dcb4a6d89edda53dcf1e9328823d,150.0,409.51,4.85,12.79,35.0,5
537be38441cb6b55c59979427abe99ef,1125.0,135.05,8.12,13.6,82.99,5
e18cc7fc5eb938dd26feb68acbf88642,5650.0,1104.24,12.89,69.21,249.9,5
95ac7877d664b64345e78a8ff3003730,400.0,125.69,11.58,13.53,200.0,5
5478595838b69d4f1d19e87ec399eee6,500.0,2536.28,12.28,25.73,99.9,5
24d467b091af7611de89fe9d2c4b76c9,400.0,124.06,6.27,14.68,289.0,5
58f9ab98b542d84139dda631d9e257d5,275.0,450.1,9.71,19.07,139.0,5
e3a641fa10d7f975e743158d69c10ddd,250.0,836.65,21.86,15.38,79.99,1
83eeee55d222c6e3b10f716700517529,173.0,149.24,23.01,8.35,86.79,1
4e36ca9de4b97cb87ff2c474107c28f1,2600.0,4.47,9.24,13.08,75.0,3
1dea8bb55507de40f0a05504ebc1bc7a,400.0,1315.14,21.58,17.8,194.25,5
95a7802de396f3df0c682ddafc8f3152,600.0,123.12,6.95,12.79,64.0,5
780a9cc080b68de71009118d45602439,410.0,714.67,6.05,19.91,259.0,5
f8fb768a4889846eaf601b29827b596a,553.0,14.67,2.5,8.85,98.9,5
6b1a7e1ba96a182c5eef89a67ef8217b,300.0,1586.76,15.06,22.16,65.0,5
4800f69c8e5130af7653664ac4172dad,100.0,20.64,5.26,7.78,19.99,5
75b6f8722f53c2f4ec267dfeaaa8808a,900.0,99.5,6.87,8.88,33.0,5
1b62de526ac8804be889b4b51c7dbef5,1050.0,12.05,4.3,11.73,72.99,5
b3f8f9990d57ac78665ba9cdd480a633,183.0,186.93,14.52,12.79,25.3,4
0953ccb40a8fb30d5fd5ce0c06bbf4ad,550.0,342.72,6.09,15.35,84.99,5
c6c0485c02e45b1f484c318d540257a1,550.0,305.06,9.85,12.79,65.0,5
20ea92819d0fe38fe45b7d09dcc1a4bb,225.0,1982.11,19.88,25.63,29.99,4
9858ff80b8f867c868a4c476eda9122b,217.0,587.41,8.36,15.1,34.99,5
fcb9ec0e86e6d326a21a96c2008c8610,100.0,290.66,4.14,13.29,89.9,5
2fb597c2f772eca01b1f5c561bf6cc7b,16133.0,2076.68,194.85,105.19,239.96,4
55239e09e4cd4de5e2e69452283e9b36,1000.0,946.38,18.42,18.83,342.12,4
93d7cfb112111edec49fd02555f48da3,1050.0,589.08,7.91,19.64,64.9,3
ab21d46cb0d123ea937d107425f82829,1200.0,374.99,7.8,23.1,42.97,5
5c54271ee917cae6f59c5609f8baa986,12250.0,366.51,12.52,50.49,250.0,5
0629771ee9bc4f49e6d2fb6d637f00a7,1600.0,353.55,8.11,15.04,135.0,5
225c2d5256f969a58d04909cccbdbed0,400.0,1541.51,16.13,16.79,45.0,4
fccf0d3397491d555ae0d9a4689bfc29,400.0,483.03,17.14,15.67,129.9,5
8356e1470c66aabf58e1d3f3ec25a20d,1250.0,1029.08,20.24,27.69,105.0,5
f8e1c556dbd76c6784f4283973f0095f,1825.0,402.69,35.51,21.14,92.9,1
cf68d1708492cb14a50e5aeb9b7abe1e,2300.0,315.89,13.23,13.86,119.9,5
459a7160018ed718a744f12b450a46c5,200.0,761.55,21.02,14.16,44.9,2
9006464e8413a8fed96d20843c6c5ea2,350.0,394.27,7.08,15.1,19.99,5
5261141ee2f17f6a0dcb5f7aab6acaec,1400.0,450.29,7.33,14.56,118.9,5
539e4c852e657b3cdf03f83c371853b1,400.0,2072.04,13.07,23.55,118.8,5
bda15d43b16684fa4eff328a7db33d8b,400.0,118.41,2.05,9.0,119.99,5
c05394da933eae4ce6e374978c70998b,150.0,471.13,8.91,18.29,58.5,5
b30a09b85513a03dab6e86a547a73219,250.0,24.58,3.88,7.6,49.0,5
32638cca2927b1658ac8e3e154ed4a66,125.0,353.96,4.83,15.8,99.9,5
46725157f2a21347b2c792dda26536d4,7650.0,254.71,7.13,29.42,159.0,5
cbe8a22b7de5b1b59e05b5011a1e53ef,300.0,85.47,5.68,7.78,29.99,4
ce9c02c63ccfd380ecd3ccf5e8894f96,750.0,440.94,6.22,12.74,56.97,5
899eb681966d4b5df1e1c9b21fc113ec,1600.0,587.84,10.3,17.13,55.9,5
4c8962d1aff37c5cafe5190f4f9b6839,1800.0,516.7,8.91,17.93,97.0,5
af256e5861b37190d89da2ecd8dcae4a,200.0,8.65,5.24,7.59,47.0,4
723f99b0beda55330ece6bebc46b3d5b,400.0,420.38,13.3,17.02,325.0,4
9bb20141c47cf5f8919640d4c91f1b31,117.0,2114.22,19.89,25.63,17.99,5
4bd17c85bd06ed500f1619f6692ea8af,600.0,313.9,11.12,13.85,38.0,1
eba78f5ad48cd2dc7f836491fd62e335,1450.0,391.25,14.92,18.76,169.0,2
041d39835d57e12ebcd5d992e2cc7360,200.0,2350.91,20.57,22.85,9.0,3
b4f9debbfa5a394d7f4ab610fd8eae11,1750.0,336.96,21.73,16.54,399.0,1
e2b405a4cccf1e66eb8d2b73a4bba700,4338.0,462.75,37.39,16.84,124.9,1
15c4d15a595aaff02d4de63093a4b57c,1400.0,417.58,7.56,15.78,210.0,5
57e34f23ea6f7d6197a2792928bfbb04,1750.0,86.77,6.82,18.85,109.9,5
a48eabba6adc895c6392572ddd644cfd,468.0,369.89,9.34,15.89,144.0,5
8907bb31267526a99da12076a84a87b6,14400.0,63.41,5.78,39.51,1561.0,5
2e0ff81253a7fa54020cedbb9835d1c7,15300.0,878.63,43.91,23.84,299.9,2
66c1172ab0ddb605d4012ce1d4339ffb,6600.0,461.37,9.47,44.84,149.0,5
3e4ed3610f9edd2a3598aec6e93a345d,700.0,1095.86,12.82,19.32,48.0,5
3ae23891986e183545f58cbc836a0106,1300.0,578.34,6.96,22.93,49.9,5
003423b755b562962a6225a8de40d12e,1600.0,1018.65,16.42,28.58,232.75,3
6cd1a4eb4b9a14b5a991a897f096d443,350.0,92.33,1.69,11.86,50.9,5
045e9ebd4d41affc66333d58c3d107c1,18225.0,325.06,11.73,33.52,176.96,1
336e923c0b5e6d95d3d0644bf4c516c4,9750.0,329.45,11.74,34.56,169.96,2
9c44a03c9f82cd2488ff7a09aafb7413,269.0,524.39,23.99,16.84,299.0,3
1aa7e7505275a3ce08be4b00f1d7a16d,1575.0,209.11,4.74,26.93,89.9,5
2df1ebb1aa609632517182df5fa53a6c,200.0,6.86,1.59,7.58,44.99,5
b0df2a6f7569a5a874e3d15bd27bbd6f,875.0,326.88,26.36,16.81,119.99,5
bced6994157f0832d51623583ac46719,123.0,389.89,6.65,14.53,51.9,1
9032c0ac4021b04e4dbe6dedacd3f3ed,1750.0,1792.75,25.34,40.32,396.0,4
af79884abd4a25e4ed96f94bc7db48b3,4400.0,895.1,9.67,23.12,119.0,3
8010e9e1fe4c8ef75f5a261f6ef9e748,670.0,8.55,13.19,7.39,23.99,5
f5b364f870f2417bb837200eac7677d6,1625.0,323.8,6.93,15.31,219.99,5
6c8e7fccd3a9d60db49c0264c1806ed6,120.0,328.2,7.28,15.66,130.0,5
d1f789756b59a9fb40b3becadeac90e4,5417.0,640.35,97.47,27.29,139.0,1
b2bcc44cd738d425393e6268c29f096d,50.0,453.9,16.01,15.1,24.49,5
c86cfa96924b46157a36d72bfb543e55,350.0,485.21,6.89,15.23,25.9,5
76ae7f8d0104f4808d4a93f4b81661d7,800.0,302.79,11.49,11.85,48.0,3
ecd485553265a2cc3ddf9727901541af,250.0,25.87,7.22,7.78,65.0,3
90558ff73a60e332ae75a7eef8d36b83,183.0,796.29,10.21,14.73,139.99,5
46fddecb6bfd9977d21332483ca3fb5c,444.0,469.32,9.1,15.87,159.9,5
a6ac4552716d0eff2649af4aa090619c,775.0,110.91,5.79,13.74,22.7,5
b12634fbd8b98d3805320cca29dbdc9f,200.0,168.38,3.86,13.82,69.0,5
d8f3f6f587c473f30872ffdf8170fc6c,4800.0,13.76,8.21,14.34,105.0,4
ae11d192084ba3db24965f271590124d,420.0,285.04,41.92,16.49,249.0,2
9c5548e522bd06824106a8713a019e1b,1700.0,552.96,14.37,28.18,299.99,4
6f019df1013d847952dafbd0abc55c94,250.0,154.98,6.21,7.47,29.9,5
011e6e76dd0cd56d26b5b0cb036e80a8,350.0,86.18,3.14,8.29,14.99,5
0d31aa9078990c7f19f4fc432d3fc74f,8161.0,356.43,10.29,40.98,449.0,5
73eedc4ca4a789813a63fe30856c805f,107.0,588.56,16.32,16.92,69.0,4
0347673d14e454a696bca6aebe61f23e,2197.0,1091.49,24.9,15.93,69.99,5
b7052b027c0d0f9034f466378c59248d,650.0,120.15,16.78,8.29,39.9,1
a435fd4d1e31fb6948a243c50533c1a6,250.0,4.49,4.04,9.58,109.9,5
a4e16b2bbdbf7c2243d008dc4b9e46bf,150.0,34.45,1.97,7.39,29.0,4
3a0ad73a22a4ca1af66f3f7ee5c6c3fd,2600.0,39.63,13.94,14.79,169.9,3
5dc381c7b65e21b5912100c620d09615,650.0,575.42,8.22,19.32,44.99,5
a017bed18c5f129119f36a92642a1cc0,2400.0,152.02,9.31,19.64,259.0,5
dc39e9b4bbe970588456c5547324593e,314.0,537.71,12.02,18.59,102.0,5
c0f229f61498b44c4a8790aafbf9397a,2700.0,15.18,5.18,11.73,69.9,5
9f9f7954335300799dadf3248f229115,335.0,310.13,12.42,13.77,158.0,5
df5130410a20fcd7faec983640e48078,300.0,128.47,3.74,11.85,29.99,5
d6fd1a476eb810f979d9cbd33ce43bd2,396.0,532.81,19.49,15.52,109.9,4
f813aba63e668c603b5e723e0f8f7bad,200.0,546.58,12.12,14.52,42.99,5
813b5a476617fd4a0d4f49f875a6e99b,250.0,13.06,6.12,7.78,29.98,4
85d0c23b95880fa1aa38c08bac7848ca,250.0,5.41,5.78,7.39,29.9,5
afb67c04593c89865f383745e2993cef,50.0,421.65,9.77,11.85,24.99,4
1ff2e9584155b7fe38ee7718f5cd6ed7,150.0,1085.35,19.41,17.28,120.0,4
f6e6afb31fd4986da7ac663a6b0c93b4,750.0,731.71,33.34,19.44,67.1,4
a1a904e8b9bcacd940d9e8f476467cce,400.0,1764.02,8.38,34.5,99.7,4
ee604aa0fa0065d16fa19f49ca51ad76,50.0,200.47,7.44,11.85,13.99,1
e31ec91cea1ecf97797787471f98a8c2,710.0,999.03,12.95,22.07,689.0,5
db33c2c3cc0b7e95e31b9ea491ece2a9,1350.0,922.51,11.48,23.6,64.9,3
cad08f9cafe86a00a19ad9376c356779,329.0,1689.39,17.45,34.15,35.9,4
8c10a70852b8d854532e8f283062d56b,600.0,243.78,8.95,10.96,42.99,5
87a5815d49ea848c69d0d3227c5699cd,250.0,1453.7,16.6,17.06,49.99,5
f6f0b540e89f9b3f6f256e9c5c739f6f,500.0,42.06,9.28,9.05,52.0,4
70f357cca87c1162357bf3c0a993cbe5,200.0,527.23,10.93,16.66,58.99,5
ff81a4d6caf5a04e852149c674789478,1150.0,337.41,8.92,18.49,129.9,5
43efdc225443ada11da1258aa555c24f,700.0,339.22,12.58,17.73,69.0,5
a04084799bcf2107344626146b5f70fe,350.0,461.36,14.35,16.32,17.0,5
bffbaadd10618f8f654b42bf0a7dd15f,150.0,515.25,13.99,15.95,169.99,5
1451f4e1d7e9367d2fe5173de35b9656,1500.0,993.73,22.71,21.67,689.89,3
d58bf4dd85230e05725202c1f0b4b800,6025.0,307.08,13.97,25.71,199.99,4
da0b8ba8e2730558871c2f9eb672e787,550.0,321.43,3.89,19.46,39.0,5
49f02b4e9f14707b1cb78c09ecb89ed3,1200.0,1914.1,33.99,24.21,69.9,2
0bfa29f2e2ca95b17ab75e7ecf1f9df8,1300.0,1126.09,19.91,20.11,124.8,5
b336214a092c49699b59cfefc4b19ff1,1110.0,129.49,10.2,7.71,47.65,5
4e906592ffe21666b515f88ec700cdeb,1100.0,273.46,30.13,17.6,40.0,4
e2101b7f68035b709716010fb28abb99,7550.0,500.9,22.86,44.56,109.0,1
bf0b0091259a3839db4a335aa1b4c8dd,400.0,35.71,5.31,8.78,119.9,5
ecf9330db0f11c5086969ed6c7468d4a,200.0,2206.43,34.35,34.15,44.9,1
0640b06b89343b8b664b6ddef40ba020,653.0,365.07,9.83,16.11,49.9,4
4033aa2bed487107c0ab9ee14ce180e6,950.0,628.97,2.93,16.75,72.0,5
cecad90bcb7f2d198f1c2e5087d070ee,1300.0,105.67,3.43,9.14,120.0,3
3ca5e7693386a872242471df60bab834,157.0,43.33,2.18,7.55,53.89,5
288fa21578528e37e861275a550873d1,150.0,619.61,28.84,18.29,58.99,1
10f727ff394decc79ce4fe9d02d3528e,250.0,141.0,7.05,11.9,56.99,4
171b2216b2d1b1f42bc9481f06dfaa40,550.0,618.2,9.32,19.46,38.99,5
d9952ada4955694cae66806b7d5ac6ca,4450.0,19.19,12.92,7.68,59.9,5
9fc6440104c0af2d54ef7ff9e71703eb,675.0,2268.08,14.45,38.51,65.9,4
04af40a6714e5ab254138fcd4863f0c1,400.0,31.03,5.78,7.39,40.0,5
89754e8d7a02b0a3f7aa92d800b25c14,1350.0,331.52,18.8,17.6,39.9,4
ccbffb63e772cd3ec727b371925c25e1,400.0,277.81,6.1,13.51,24.18,5
df6b027b8ccc733f264b64dd4f6de13a,500.0,170.2,13.14,12.48,10.0,5
ce989095754190db3dfe99fdc63e1124,1250.0,2147.03,15.27,38.36,115.0,3
3ac5f81cae4e0191f17d05323fb9ce6f,300.0,868.24,9.74,14.1,29.99,3
5917ce1efc6236fc7a96079d1f91a966,13450.0,545.83,7.33,51.88,450.0,5
43bc7c4536c8e9551370565d9b101904,500.0,13.83,11.36,14.41,799.0,4
174394823ac1f610113794f480f3b60e,250.0,440.47,6.22,18.23,29.99,5
0507a74781354ea643bff372311d2a97,150.0,92.7,2.12,7.64,110.32,5
37f6e52783daf8d5b0a61c8876c23b38,2500.0,1301.99,18.03,25.15,99.9,5
cad9cc97c8f0878b65c04815fb985252,875.0,1948.79,21.82,52.91,80.0,3
82ee5cb36361d105c438c357e9926473,12300.0,284.62,7.15,20.99,69.9,5
030d5292e5796b7c461070e04a7ad556,150.0,447.7,5.59,15.39,89.9,5
f8a7ddc8ce9090a2647d48daecae3a24,16650.0,75.93,16.97,37.05,219.99,3
8b39b1a490a2cc8906ec4b08ef88a40c,517.0,446.59,11.2,16.81,149.87,5
9802c8064442c734074a7b608505a3f8,1575.0,906.82,10.55,28.13,199.99,3
df9eb91b90f72e0b73a3b71466a9a44f,850.0,2350.21,33.07,27.13,397.0,1
0e259b373316a562c9e71cd725ce1120,500.0,1206.49,8.24,22.31,54.9,5
a9aaaf24646d60bb635aee235c06db11,13050.0,1061.81,10.87,165.15,859.9,5
714e708f39c09ff4048aa43423ab2a0a,4100.0,395.25,11.3,12.83,189.8,5
330a8410950e2c8bd89631999a37b2c9,1700.0,574.07,18.65,17.65,129.9,5
483f86b7cf498c438e3be9ef583d7548,2500.0,15.66,5.99,13.41,159.0,5
ffbcdac3da2c2f23b699666818b0d38c,300.0,793.45,8.96,18.65,78.0,2
7897a2eebb3941ae97159cb88f65cb1c,300.0,50.14,23.93,8.3,150.0,2
841db6722b61d17ec70ba20934e58528,1750.0,427.83,12.82,13.44,49.0,5
9df9587a3db3e8ad4789a07841a0afe1,150.0,53.42,3.44,7.72,65.0,5
cba96e186e4dd8d172b398e01df4027d,1050.0,93.2,2.33,11.28,93.0,4
a4601549c0054db50e2c61e1a7d49678,700.0,310.94,24.7,12.7,51.92,2
8b1dd2533fbec1b2a1db8a602791dfcd,1500.0,409.38,9.22,13.44,59.9,4
df719e82188cc47552d259703d5413f0,1050.0,616.07,4.13,18.85,149.97,4
b6776d519223f71fa9fdb62a7b79e5b8,450.0,109.12,1.86,9.54,203.9,4
52586b1b9916f51d8bf0d76295da9f6a,1000.0,622.14,5.56,15.56,45.9,5
aae5882b35279b55f02104b5ff4a50da,350.0,268.58,13.4,11.87,52.64,4
05580ea6005bac590a3f143473c9b296,2700.0,584.91,24.03,21.82,189.9,4
67f2f913bb16abed933504fb19d4ade4,1200.0,400.19,6.92,17.6,25.9,4
2af7994de778d60a50bc24d1ef9e2331,434.0,1080.93,10.1,20.42,52.99,5
13a129044d7c671ff1ca959083f80653,300.0,116.74,4.05,11.15,48.0,5
25ba9b359798bd58693b37d552c5d08c,900.0,334.58,8.9,20.36,198.0,4
0350e1e5b7265e23e84b1e467e0b6b82,175.0,86.81,4.56,7.78,29.98,4
68561f321bfa3dcaf142cf65f8df2033,2050.0,351.47,6.62,15.17,199.9,4
836e4cb15d850d5cb77cda4c3c387665,7700.0,356.24,37.43,122.32,1168.0,1
027e4543814c3b3509bbe890c569a841,10550.0,2378.84,11.21,54.12,329.0,4
fab4e2e40db7e482ffeadb406729d399,2450.0,350.73,6.87,18.27,99.0,5
89aa696d2bae84d88b2f855b0db40800,10700.0,506.36,14.49,18.38,500.0,5
e4e87503e23bd920473b4bbe54e015b5,600.0,692.09,9.44,18.0,205.0,5
e299b9edcedc7009ca224fb5a856afdf,1850.0,2135.97,11.88,65.58,114.99,5
0656252be8b31ab4b264a730f9e600cb,10075.0,101.85,15.21,18.95,119.99,5
f1331ba967671bd1a0cc183d806c57c7,248.0,1311.53,14.32,26.6,189.0,5
9d7bda1d8caaa92f82edb8e4559852a8,400.0,301.17,31.11,13.05,349.0,1
0700a8e0947d76a90800538ff87da453,150.0,777.31,10.42,18.23,15.0,5
0b691ae66d643c4c266fd72bd6ce77ce,1100.0,548.72,16.89,15.25,71.99,5
b61baa7b1523a2a7e4e1382f25e6f9de,2600.0,341.8,9.93,14.56,115.0,5
16b2fea16c665281ed07933ee9b9f095,1600.0,1710.59,10.0,22.19,69.0,1
d94b232e72e4c7c22f765be9ee391b3f,300.0,228.51,33.66,10.96,26.9,3
99e3f90c535337b45eace6f8a8a9400f,400.0,891.12,8.3,50.0,45.0,5
44aa6cb9b49cd7412acad36a95e32212,1800.0,490.62,29.7,15.63,59.85,5
7244309fd0802a48b22151820d256ce8,207.0,278.8,20.39,18.45,81.99,5
63033c7afa7443f6f4d862d70fcf413f,1450.0,409.28,9.06,16.74,69.9,5
dc072ac65fce2a16ef5cc9473e91dfa8,27350.0,599.58,10.39,67.57,538.0,5
db8a99e0ff1f9fc4a61e0e5567b5467c,550.0,226.04,6.97,12.86,28.99,5
cc8ae3b6f1e14041c68fb899d1d83303,300.0,545.18,5.0,12.21,29.99,5
bcd1f5bd3d7c694c6e68bd6b5e7f24a4,750.0,853.61,25.06,15.58,99.99,3
442da52f7e1c635406d2ed070bf1c358,100.0,8.16,1.58,7.78,21.9,3
8b74f8eb433512f288e513c2e2f391a8,390.0,369.29,4.64,16.48,329.9,5
b170f1243a620b65504157b83f69a2e0,3375.0,15.63,10.49,20.57,59.58,5
f6dc214828640155295589cf7c2ed4e8,150.0,960.11,50.14,22.06,19.9,1
dac9b7a51d7f27bbcfa19b93433f65d2,3000.0,663.45,13.35,26.2,412.0,5
d684202253f5f00621b0afd578646f3d,1350.0,267.0,8.29,13.41,56.0,5
4bfccd93522d928f8732e455310da85b,430.0,20.06,14.12,8.72,33.99,5
3010bb1af2af6f8743b4eb307633d044,225.0,324.12,4.23,13.62,168.9,5
4b938d32f7c4a575aea3a5cbb5ef03e0,1200.0,547.84,7.11,20.84,39.9,3
e4b2030986f453ba45c63a508073e3d3,21450.0,502.24,16.29,124.07,129.0,5
cdc6ceaabb2f687c33736de20f6c0b98,1200.0,1169.49,14.09,17.95,99.99,5
af06bde35029a2f75949ee83a195f5c8,9650.0,31.67,4.29,21.58,219.0,5
c526aa9189a06bf511e79dbc0e0e70b9,100.0,690.18,9.79,15.1,24.99,5
4f5a529c594b7fb29daf6b077313ebcb,350.0,495.54,23.02,14.79,149.0,1
6808f7954e27254ceae6640f4e903775,300.0,2706.13,18.38,25.38,49.9,4
c58cfe890d48c47bf22b6bfe55b6cddb,125.0,2028.12,23.13,22.06,35.99,3
fabf6de4b124e6dda46615c09ecd7476,5850.0,54.52,8.98,14.13,159.0,5
f387eb734dc3346d68ecfdaf4f0ab0ee,950.0,18.79,27.95,9.26,129.89,1
fda88f9d411c7657f60cce02440ec0f8,200.0,364.28,26.88,14.1,35.0,3
5981ae276b32c4b5d69ed39efd08d0a8,600.0,389.72,22.4,11.19,82.99,1
0db1291d4169060a3cd5b83f61c2904a,1450.0,9.3,3.51,12.11,129.9,5
415c757c7bfdcb97055fb594b1672748,9000.0,20.31,3.56,20.65,99.0,5
c25acd72d5c2eb2ec89c3c8d7cd7d1f2,400.0,29.99,4.26,8.72,49.9,5
4a1ea52e0dfcd2d974464a1cb86cfbf2,550.0,780.37,11.7,18.16,104.87,5
de1368ef7490f21023cbcdfa8eb6728a,2000.0,1381.99,25.71,27.86,199.0,5
48181682578362256145d6338e6488aa,350.0,14.99,5.2,8.05,100.8,4
3f9e443363932c59458a52c1ffd3655d,275.0,853.15,10.94,15.1,11.99,5
417b5687161450887ef2e6b283c15c32,418.0,1979.99,19.56,25.76,67.9,5
a266e0f988a0cf8c1fbbf64e0687ab26,680.0,409.21,14.35,15.17,49.9,5
ea9184ad433a404df1d72fa0a8764232,233.0,786.32,7.98,18.72,89.0,5
38e61f4af1178dd0d6d02b1b01085105,340.0,488.85,10.38,14.96,173.0,4
b02fefc3800702d58c988da39c132902,1925.0,171.55,6.98,21.92,739.9,5
a589caa6892ceacc6bbf2f8cc30a8ad4,1795.0,2267.45,16.25,30.3,109.9,5
6471b260244ab316f8331321d689aff8,9750.0,1072.94,19.01,28.49,158.0,4
4421f094ff828b78aba6d18db005821d,1600.0,1527.24,22.0,23.18,65.9,5
e06698baea08bc0dd2705f763e7d1c89,1100.0,677.67,7.19,17.78,148.0,5
a86a34972a168f819d4e6fbf8d07a264,300.0,392.66,16.83,18.27,24.0,5
84c8d881929cf4e631a02b92afbb9524,7750.0,2040.95,12.24,56.85,369.0,5
6e89707fcdbc3ebec7af18514966cc90,200.0,215.68,5.38,12.48,48.9,4
71d8ad12c759cd9f8f9083bc6a540007,2200.0,653.98,10.21,21.6,159.0,5
946618322795acbec1b5c63fb3634ba0,150.0,864.88,14.52,16.79,18.9,4
31209eb386cfc93a1aeacf7d2da74f86,900.0,248.75,31.69,17.31,221.5,5
0870bb57b1b24052c8ac2cd8df433553,150.0,74.37,6.34,7.46,28.99,4
c635b7e8fb0f2db9ddb1481111af5996,6038.0,87.82,3.7,14.93,219.0,5
9a327776c4009cd0980497d9386b1472,400.0,944.2,8.86,19.19,72.0,5
14a206c35ee9f241453e58a9b26bdc76,500.0,13.7,5.58,9.02,179.49,5
103333c1fad5bfda8e9b1c84615fae2f,479.0,1122.9,35.88,23.56,264.0,3
917e815e734e27d699a971dcbac12e9e,500.0,477.15,16.01,14.1,24.82,5
1e7d79d08a87fbdc49009885f8990ccc,300.0,871.49,8.33,18.65,79.0,5
6a4b27f33e33875ed99945d3e271698e,1850.0,757.96,11.65,22.27,350.0,4
6be0e40ad5ed600b9e6b90fb9f58ba3a,700.0,863.97,4.29,15.79,129.9,1
ab1f91e3f37cb07da2a18c32782ad717,12600.0,121.1,16.87,32.13,156.99,5
6f8d53661cb6c0103f103915644d0a06,850.0,51.36,1.99,9.34,69.0,2
b085981e816dad29812a8972f65d3fc9,350.0,849.83,8.72,18.13,79.99,5
b92a772cba8a9bd47b3440908ef29359,200.0,474.97,7.2,11.85,28.0,5
1c8ea3262201c0562eccbcefff3da202,400.0,463.22,3.07,16.14,149.0,5
a0fb93bd5792f18bb55f4dde921ed0cb,200.0,341.59,7.4,15.1,31.49,5
39a88f719920998e92f0d3f7b32040fc,800.0,1096.26,23.15,16.18,59.99,5
acc2a63ccf0116a0851f085f5f19b7a0,300.0,379.23,13.69,15.1,49.9,5
60c2fd4bd6d23ab4fa7a910b61dac591,251.0,7.42,4.44,7.82,79.9,5
278684c636289c6fba43aff030c66603,200.0,575.18,16.17,15.1,48.9,5
0bf51fdc3af690e954d2ee0c4346b47d,150.0,499.72,8.83,16.79,40.0,4
9c83e600b8c156f1b50b753f30e93634,300.0,1292.11,9.35,34.15,49.9,5
4888eb67727162d62e275521e8d6bf41,850.0,869.5,12.85,16.45,68.0,5
c6a45cf151fdf09625a38f65bddc3082,1150.0,475.31,6.06,15.7,89.9,5
b23f8178f3b6555a78a4ad844ed11c57,650.0,73.83,6.33,9.02,179.49,5
b5e461698d26f74f0316a419ee853f39,200.0,313.12,6.96,45.02,79.99,5
0fc95c806aba2b8aef43db06838ec606,2490.0,46.26,5.1,27.42,2160.0,5
732c61dedcbe590b6b5d8a7609bf25b2,1250.0,305.08,2.26,14.43,99.9,3
12a72e49c959db8d7552036e53a67f49,8450.0,317.94,10.12,28.09,143.99,4
e9a38530c1e59ad3e44e59f1921f148f,200.0,163.16,11.0,12.48,25.0,5
d386985bfd6c699bcfc94596740fec3d,4200.0,294.21,8.0,23.5,46.5,5
8e7fa56d527246ac36501c8bb7dc1acb,400.0,437.69,17.49,15.1,44.9,5
83d9d9a85946d3089b6b360120a54dcf,22183.0,669.98,25.73,48.72,1390.55,1
83e57ebcbcf567c776aeb9c96f9181f3,879.0,93.14,5.13,16.55,189.0,5
e471b8e7eaa8fd21277e359033828817,175.0,90.56,9.27,9.73,140.0,5
0fd20e900b40f5cb8e6fd31df27aabbd,448.0,1641.92,35.37,22.5,292.9,5
81db4954527dbb6dbda29235cf4bf043,500.0,2334.37,15.76,22.02,173.99,5
b7aa6fd1a55a501926e5f7253617ac90,7450.0,537.8,63.94,17.72,279.9,1
9d76974325109da947615c96eac22698,1950.0,2091.61,46.79,21.02,88.9,1
fddaf32439eab4df416cb63ef0a0ddda,800.0,317.83,3.08,14.39,149.9,5
77474f59024d12a846fb80577dd24ee4,9050.0,480.96,11.0,51.32,959.99,5
ce387eba3b0e5a8145a79db39394f728,250.0,374.42,6.07,15.65,78.0,5
002611a77fe03d076285fd4ca95db77c,200.0,1604.84,23.05,21.75,135.0,4
1415b17c0425330751b1b6770dc5db23,3750.0,144.84,4.99,20.29,315.0,4
75a75d6f39a5e6639e107bdf8760ac50,100.0,21.37,6.33,8.72,10.99,4
95e9a74f93bf0b409758d0e5a5765f12,200.0,3122.98,15.65,29.55,25.0,4
b214fcdd8f4dcd52ce3cb58499a15ea4,2375.0,697.58,8.05,21.68,169.9,5
81285232bfb6ea93fd49ce339b4de97f,810.0,928.31,17.39,16.11,44.99,5
1a82ae1928c32cea24d0235445148454,450.0,721.81,14.26,15.1,49.95,2
31f64c63fe5b7363cb0ba4cda8110f44,17600.0,1084.1,43.45,41.43,559.0,1
a24f325e05191fa74f745a0e89ea6d11,2350.0,774.56,21.39,18.23,49.99,4
b7e435738b0ea12306ffc33a2896a57f,200.0,680.93,8.16,15.1,16.99,4
deefc8712615b2422c59328bbcba7211,4755.0,506.93,10.79,26.89,198.95,5
938e650cbf8099b9464bdfb48c457129,367.0,256.07,6.17,11.85,22.0,5
bab98c05fd4887a8b9f9bfae0fa0ac3f,600.0,311.75,10.3,20.36,799.99,5
1205025dd1d1757c82bc1f437bcc39c5,2100.0,2703.98,10.05,30.88,209.99,4
c067fd2a8d499e47d3399202a11d268d,200.0,642.99,12.84,18.13,339.0,4
fd1dfb6b7188b47e56f2ab4063d08e58,400.0,8.34,1.7,8.72,51.4,5
9c6481009a4a4323ca90650c811ed87f,200.0,496.29,5.1,15.23,14.6,5
3d09c01f56c367a5c7e576aa1fe45b0a,16250.0,482.44,5.38,20.5,59.9,4
5fae5b3e4e5a5c6b02a38d8e4536a81a,7500.0,13.08,5.17,17.12,69.99,5
06bb67936cfa5ac3f449e4f6733de4b1,1350.0,930.68,7.87,20.22,69.9,2
d640892cc6e635047b062a06b5f9ce32,50.0,555.86,9.6,12.9,34.9,5
6fc4efdbd3590258aea33eda644ecb12,2600.0,815.27,18.09,19.98,69.9,4
ef6f87b9bee14a58053b754eb1be1fef,150.0,461.63,23.85,15.1,21.9,4
2e386010d72473c60bdae32edf6823ad,2350.0,1178.34,9.23,31.43,79.9,4
34f336174dc7538b2fe8d1b6098d76ca,250.0,34.07,4.17,7.78,29.0,4
d81b4394870364ad09c029cc7d9814a3,100.0,8.06,7.45,7.78,23.99,5
99f1b8c7375ffb25df3f411e1268cd7f,400.0,816.52,11.12,12.03,330.0,5
08733fad8b29896d4920d381cd3f7cf1,200.0,3139.08,20.24,33.24,36.9,5
ce8502b200546c12a54e51a65f313f34,200.0,913.17,15.09,16.05,29.5,5
a2d034676ee5e73dd49f9202b58bbb39,281.0,455.9,5.78,15.24,69.9,5
7ad26c8f2f119d81460033a51a648dc8,2600.0,844.0,9.4,0.0,69.9,5
a725f913c3df1559afef9ba684eed503,150.0,764.18,12.92,16.05,18.99,3
ad979a858d9d6a2b8bbec764d452d1a9,3600.0,410.17,7.28,20.3,285.0,5
54912035e047f9834df97cdfef0d2768,175.0,2.73,3.79,7.39,13.65,4
132761d24f94ef259bcbde9dacecb2e2,300.0,501.25,27.92,15.1,17.9,3
bb9a1bc465b8456a8d36e06370273b58,350.0,2030.56,26.71,60.49,61.99,4
8bbbef97d763f4dcf2e12cc5b5e0cee6,1350.0,783.25,9.76,47.8,106.9,5
c1c4e2a7fb7eb8066b69234d0b3fd446,250.0,207.19,37.97,11.87,53.5,5
c2fb804b4b295e3dbb9bbd7388946e32,150.0,1089.15,9.04,18.65,78.8,3
5c3f34d1746b84450b26112f62f6419b,1000.0,721.29,16.09,19.7,105.0,5
9e9d4673d9d0f8c0d68a48c13638c606,2200.0,857.92,29.99,14.28,76.0,3
565923f847aad52e7638eb189cce3b51,1850.0,721.45,10.42,17.81,80.0,5
cb803ef9c0e2f97215fed6bd31bdbd48,2500.0,94.29,7.27,14.35,105.99,4
492e8ed750e427ec9d97ca8d4d4eb69c,700.0,520.23,6.58,15.63,59.9,5
008eaf9004164883520d0bd32b107261,2500.0,682.65,10.99,21.44,135.9,5
1e605726b99a5ab7e1cbe02875e3ee46,1050.0,4.0,2.53,12.65,99.9,5
b4c81661d8cdd68b499e77ba4ce04aef,200.0,497.97,12.93,14.17,59.9,5
746e40ac3c01101618e8a7d582b1029a,150.0,1701.62,26.18,25.63,21.9,5
6fae9a0c40ff98d96a5ce24aed7ad0c7,680.0,481.27,22.86,15.18,59.9,3
41b3745609d5c6c750f838cae9f18804,4475.0,769.12,12.13,17.95,99.99,3
7fc163ae2a200d57c1118812221bcf8e,800.0,45.88,9.48,8.96,29.99,5
1a945a3b76b7ad9955320a6a9000b567,150.0,879.09,8.99,16.79,13.9,4
c853154a864decd8d273d8c6aa17ee60,500.0,1583.07,19.39,23.83,189.9,4
7bec0ef2b65e6c75fc082d823d0a59ca,1175.0,2094.22,31.64,25.04,69.9,1
ee46e60afd0a0052089f6729df72feec,350.0,773.35,7.68,18.23,45.9,1
263ab9a25494623c1dff19c7cb1e3fa4,367.0,121.87,12.92,11.03,59.99,3
5dbdb8a54c3c54da706c4b123ea075bc,100.0,265.54,7.8,12.94,39.49,5
bdfa4237c19c14513acaf750e3e8b7f1,500.0,81.57,6.95,8.29,24.95,5
67ff6057a78f38214118680c4a286f2c,800.0,107.24,18.43,13.4,54.9,5
c0aad5efb9be7c339afb7dedd1acae49,2950.0,67.45,11.2,18.66,149.0,5
98887ed2917a8ed8181ea225dc24318d,600.0,648.49,11.13,16.79,28.8,4
86d358acddab52d41c7ea21a648e40da,533.0,1478.41,13.91,18.98,149.9,4
e15f9bb155a2c4220bc17652dad20a4e,67.0,357.63,4.92,15.23,9.8,5
b0f3b60e4ef21a14515d0e51782a7580,400.0,55.89,5.66,11.85,21.9,3
0e717e310af82d130a1d253cd5fe8c7c,1867.0,14.02,5.11,12.43,35.0,4
18706eb4e0b3e500ece5690acaefb220,800.0,311.87,17.26,12.83,69.9,1
a40660e306af15d3771b1b2e0a3a75db,8200.0,328.87,3.93,14.24,69.9,5
f0480d88b450df6f626639e82382b722,250.0,516.92,7.74,14.72,78.0,4
d53b0c7749144befd074083817d58880,800.0,493.12,10.46,15.11,45.9,5
73cfaa863221d5987b3f6aa644affca3,1650.0,451.72,5.06,20.99,49.9,5
5dc24bf5707bbc27e862fb141ac5872d,200.0,463.33,10.97,11.85,35.0,4
25177b0d5cfe450e1fdacf9c6b5c8f5e,1000.0,1207.52,12.46,23.66,105.0,5
e4e3b896819586eea806108a108aad30,333.0,153.42,4.98,7.82,80.0,5
394c18a986b05efaea171db3c1b11652,150.0,2404.69,13.96,25.63,19.9,4
3c52e7be8ba845bcc76da9b51990e6cc,1825.0,82.0,5.86,19.41,1129.34,4
825c221a4e981f278e9c5ec6ead83a3f,1200.0,293.13,10.61,13.54,73.9,5
864a3b3cc4c7ea1045528ea46f1848e9,500.0,767.73,13.42,17.95,54.9,5
76f8fb142cced489b53c34f1a4a4e23a,1100.0,1332.65,26.96,19.12,59.9,5
6a4470891791e62891c4c6b8dc8675b0,1800.0,634.44,17.67,17.67,59.9,3
acc3d23f43622a2ad8db0ee9d65003cf,250.0,147.75,8.08,8.72,56.99,5
95fd5e469d8ce5093adeace50b5a4389,200.0,22.32,5.62,10.96,49.9,5
b2fea8ff370123b5e89bfb2a213123e3,250.0,540.01,24.43,19.56,239.9,4
f4e89e886af11935090e0dc7c401ee3a,550.0,1184.16,7.71,17.47,89.99,4
ecb29eb956683b4c0a93b0a6ad9da2d9,650.0,1309.97,12.3,23.35,27.9,5
a47f62aeafbc824976b432affbfdbe67,1700.0,229.62,7.74,22.1,229.99,5
74bbd58cddb2228b26c9c73ea8b4d9e7,383.0,338.7,7.66,14.52,16.9,5
99a4238f13a11d486a5eabe5c8b1a1ab,550.0,770.5,7.8,16.05,42.0,5
1fa468994c6de461001e0d8849f60a7f,1500.0,706.2,28.43,17.92,16.9,3
7575d831a96234bf02a093daaf34e375,200.0,354.01,14.46,14.1,27.9,5
8e6c27f398014811b5c97729cd6ec20a,12750.0,889.63,9.86,58.0,388.0,5
bded443ac67a4c815ca74ea219ad30e7,333.0,61.57,10.15,7.87,11.0,1
ce76ba808390da98cbfd753c07545bfd,250.0,2227.24,13.88,21.15,45.0,2
fc473b8de8c0167920c1a693670d4c41,19050.0,836.81,9.24,97.32,142.0,3
d6a7e3621ef1e50b038deaf06e44fe6c,113.0,523.68,8.46,12.48,28.9,4
b3c763d35ce46cf0a205b217814323ee,50.0,2541.48,14.41,28.96,239.9,5
1572f182d2e056c2c49d7ee8a7bbdb28,100.0,594.28,15.16,15.1,10.9,5
0e630c27c4c2e4919aa18c4861c86aaf,7300.0,395.39,13.64,24.03,59.99,5
f44cb69655f8e4d13e7aae7cdd3d3c25,363.0,82.86,11.65,8.35,155.97,5
e05fc2bf6a17ea7abb299e131dde76fa,200.0,24.11,8.2,11.73,58.99,5
2d687102eef8e4949a9d2af49e8fa946,416.0,513.43,26.17,16.09,190.83,3
c8213e60d923c834447d410caab1898d,400.0,2395.88,10.09,43.56,949.99,3
1fa5ff94927b15bd84bba43684f8fa6e,7100.0,1079.1,12.25,41.92,629.0,5
235d0ef0d8ee3f66ac576093363be5d0,1050.0,76.79,17.04,11.86,119.85,5
1be3fcdefdc438ab6f01a8547b31aa5b,200.0,546.84,15.97,18.23,19.9,4
231f0baccdba5c1d4ec4dd711da58b1e,1900.0,495.76,8.2,44.64,120.0,4
294a163a5e62f051254e16cf0c98db6c,800.0,364.25,17.19,15.88,159.99,5
19f7c2937f28a1340a7a3c5c64a26123,444.0,506.81,14.33,18.71,118.0,5
8e3cbe2ec233a68c159847fac6e43c3c,1375.0,605.81,12.56,17.93,96.9,4
8fe3b44d3161e377a52ba346b2b0ec08,400.0,150.27,4.21,8.48,45.0,4
e1509672293750128968e3d0089e1b5d,1100.0,785.04,10.52,17.02,179.99,5
c5f664e73dcc25378764b81c1de812d9,1200.0,1131.66,15.02,22.13,59.9,5
d31a86f344f9c8ab4f01481b4ef0e68a,532.0,171.24,22.0,36.57,177.99,4
fd27a031c5f2efd93917e23822de573e,2450.0,592.25,7.99,26.7,57.7,4
1db6346bb9b84ddccb41b287b6ca1fd8,200.0,1467.61,16.78,16.69,177.99,4
55c863e656258bebf75d429db9055bec,22350.0,26.86,8.11,44.62,259.9,5
e90f54c60527a57006c1beb79d15f03f,450.0,59.34,4.13,30.0,119.9,4
aea27cd16b5e532056c2ea57db75b66f,350.0,25.92,3.36,7.57,100.0,5
49fb77247e87be7891af41f66d899673,450.0,116.32,4.13,9.09,105.0,5
c00f7921a5003d2b642bea9583d40166,550.0,348.0,8.25,16.5,75.0,5
6c91816cad7d95fae9a51fd93671289a,1100.0,379.42,6.13,14.32,84.9,5
8e52a68d565e91ac8c01ec9c8e39c77e,1550.0,422.33,11.78,13.37,49.9,5
ca4c67dee2a87da5369fcce4f80598de,10050.0,99.4,12.74,34.51,138.0,5
f6bc6adf1c408945d9032cad7c5b07ce,450.0,600.48,10.69,14.52,29.9,1
1774ba82c4fe803da714e3f5c48cbcdc,15700.0,273.39,3.08,74.69,119.0,3
72fac1240f2dbf9cb8947475f525d588,250.0,922.11,18.96,42.38,19.9,5
f6b0d97a919d6bfe7394a370b8f5f678,1100.0,7.61,12.86,11.16,19.99,5
420f72eb3154e9ae555ce1510011d477,1500.0,139.29,4.82,13.72,99.9,5
5b361f79a49d353fe005273cc5dd725d,200.0,747.27,12.25,15.23,13.65,1
1a7ea14458cd657d2d1355cc8cb2f547,3700.0,144.19,1.81,12.96,34.9,5
6c721c8ce1b433e68655575af4955976,100.0,920.21,13.22,15.8,51.9,5
a60d97427c94f3cf9e9c338ac3e9aa14,4150.0,677.6,21.22,34.52,139.89,3
f0a82a328fd64b2796242bbfddb7e1d4,9350.0,553.54,24.11,19.83,359.0,5
b8ffa0a64c94706b40a3eb420aaba9d7,150.0,120.37,25.24,11.85,21.9,4
80bb8e6802ed134ab01c6c5ac52f0647,1800.0,1835.01,17.82,29.95,129.9,5
5156f62d18510bbdc946ebbe9846a6d4,250.0,479.35,10.85,14.11,51.0,1
5d77e951a4327143b2844fb532e7ac82,422.0,797.69,8.1,16.35,179.0,5
b05c947b44026d14b7e7db05402d206a,9700.0,380.93,11.94,32.21,168.0,4
b73095e1b4a660f696d90a6f5446b58c,100.0,21.21,4.41,8.72,55.99,5
31938103922393f681c7f0c0fc14cd20,2550.0,871.76,21.35,22.21,129.49,1
9c916cda025ac7a244116346b9e82344,1600.0,679.02,18.05,18.0,129.99,5
b1c87cf3c9ac90d18dbf33b6a5c32d83,250.0,124.15,9.24,7.71,29.9,5
e9a18a01a641ece17c11a804a3651208,6150.0,10.16,10.24,16.96,98.9,4
9a0ff85473ef691bca39a3636f6753c4,4383.0,405.27,14.7,35.04,214.9,4
d809c236053cf2dc908107360b97302e,100.0,711.81,7.98,15.1,25.9,5
13ff6c4c055b81a28af3b21f157f4255,400.0,23.84,10.21,8.72,56.99,5
086f617d66181efa193629791e0a9076,350.0,448.64,11.16,18.75,92.9,4
7b5c9b9ae5e759f77cfd085d21f18d69,150.0,9.91,4.57,7.87,43.0,5
0e6998991870142c2ed25d6173ea587d,1700.0,370.58,22.89,17.21,349.99,1
c6dfaf0f0cbfbb5e1f2964e4feb57160,100.0,357.02,7.94,15.23,28.9,5
70ca1c80e14fa0391a567797dc294938,5650.0,485.85,12.23,25.95,220.0,5
02d3254501ce969c22c38d060166bf68,6050.0,414.04,8.96,23.69,99.99,5
ff85153644cf018d1530326b28743073,300.0,19.81,1.78,7.41,21.99,5
51c8ce1ad9c1fdebc69cc37fbff27f5a,400.0,1185.96,19.39,15.17,59.9,5
7892114ce9e8834d860b44a782ef9af6,300.0,1571.8,11.87,16.79,24.99,5
2c7e5cbdab3bc1cc70b61425a7648ff1,300.0,172.06,19.07,11.85,31.9,5
e86118c5fd6d905b7346a83baca017e2,3050.0,832.22,25.85,35.43,269.9,1
4c342c53eed805e5712a130cccf665ee,1600.0,1890.32,12.96,38.39,119.99,5
8413ac0b09301d03b78adeca5840866f,150.0,444.04,9.48,15.1,18.99,1
b56522f2eb41c4d499be5f343973d5cf,1167.0,2097.29,36.78,20.22,419.9,4
320fd6cfc4bead8197eca162b2f705ef,3900.0,659.89,5.94,36.08,135.0,5
4fe6e6eee2e643359d66860e9954cb84,14500.0,454.86,14.63,60.4,2130.0,4
db2bd06455f798cb0da8e649c3aa06f9,1200.0,374.72,16.43,17.81,80.0,3
5d70582531ed37f284797ba1354e0c50,9000.0,416.68,10.17,31.23,69.9,5
95cf9f239f724799131f7ca949209bd9,353.0,15.59,5.26,8.39,89.49,5
0e0b2c3867ebecdb54f64e443e7f1921,200.0,394.43,17.02,15.1,27.3,5
9634a2f4e8ae92d44d182b5acddb8955,188.0,860.23,7.32,18.58,68.9,5
49e209e4415e51644d1f13072b00d8dc,300.0,1505.83,18.24,17.06,29.99,3
6d78521e00f69cd15f0a4f73f9f561e4,1700.0,332.06,7.8,15.36,149.9,5
aa9f47b4e7c06b6c495bf26fff85bb17,1200.0,281.89,4.4,13.0,59.9,3
9cea4da315b929647107f229c6f8cfb7,1017.0,252.17,3.46,14.11,107.8,5
6b0b9168bf15f093a0153ef4d51f60b4,600.0,801.95,7.27,19.54,49.9,5
58a2de891c9d6c4e5b5a36320350bfd2,6550.0,1175.44,27.36,65.89,129.0,1
3523181d27be330ade8446c606e5e924,1683.0,76.82,2.15,12.43,68.0,3
46a9ef8b08f32e1f040b1196a4b1fdc8,393.0,2366.65,17.05,34.85,149.9,4
7450a94d5ad749cb013c5b1166520908,750.0,2065.52,17.29,27.86,189.0,4
32c02fe039c39b0f5675fda43d532d9f,1075.0,1541.57,9.95,40.02,249.99,5
b3e3c2b3031064109b437b0e1dae36d6,175.0,658.57,24.64,18.23,18.9,5
8391a032db0a71458e548af0b6e9eb8e,400.0,13.96,4.81,10.47,325.0,4
6c5222e0550b757a63908aa2f0cacf95,2000.0,824.01,16.17,17.27,145.95,5
7ff3ca8faea7dab783c1b45a736fb744,1400.0,23.08,4.51,11.82,87.96,5
2618af576d21149f490b1baea011b8a2,10025.0,47.0,28.86,21.09,149.99,2
232ed087a5c59841a1a56af1fe8d797d,2500.0,1664.16,19.57,35.14,74.9,4
ec1fc57b72a7bbe5b32f9c606510db76,6550.0,430.93,16.12,34.52,139.9,5
dbfe4e468c74ac901314aac3d2915e40,650.0,355.19,8.12,14.96,94.9,5
a126eb32402a71a28a7c314405a24f12,10500.0,816.34,28.93,30.56,139.99,5
5a8e12083eb7fe31e98674aee1f73269,1700.0,315.07,18.8,13.16,116.9,4
3223fda0de8d832b8e1224f6add1245d,584.0,343.64,12.6,0.0,99.9,5
e05ad3bb40dd7a1f005c828e86493bcc,100.0,20.7,4.15,7.39,22.99,5
0bec54b12e30ef962cea0714ea592545,1200.0,900.92,17.9,15.11,49.9,5
537f17846f5373310e18e7bcc734c39d,8900.0,188.38,8.45,28.96,299.99,4
2113e9503e6160f8ec18ad18d9bed051,300.0,367.46,23.72,14.31,80.0,4
293d3c2a058c0395d19e7d1a4aa87f41,400.0,21.58,10.88,8.72,56.99,4
6ae112d3d80d830e6e97b777b24b4c56,3750.0,181.28,6.32,19.7,199.9,2
f6fbf7907913892ffc12ada3bff286ba,1300.0,1311.92,10.05,38.18,89.9,4
2a6f4c120a863a097e15830fd31b820a,1350.0,283.86,10.33,13.92,128.56,5
7b539e31732dcb7e50afa35e6042717b,200.0,475.55,14.12,15.14,55.3,5
171fac25aa2fde5b05b3109d582d04bb,350.0,996.4,12.03,15.14,55.0,4
54c5976111a966ff8a2224dd242cd07a,550.0,1937.83,8.16,53.89,219.99,5
5e0d2c150ad3048c4cf22d46956f0585,125.0,776.56,20.96,15.1,28.9,4
5c9a0939b9e4b6d310a738b443bd44e2,1925.0,166.16,7.92,12.6,21.49,5
8fc946cd9c823c0d350def51cea2f603,80.0,70.35,4.87,7.78,5.9,4
2d8d50ea5c81b884a2dfac05b44f04b2,250.0,144.19,7.17,8.11,29.9,5
dcd8d1436b8fcc5acd68228aafd77de6,250.0,314.43,7.16,15.39,89.99,5
67a98eaf984ba84c596f9f5456634f20,5950.0,585.71,11.63,50.84,139.0,5
67dfef90831fae7aa3b82e90e93ed02a,250.0,955.96,8.35,22.76,149.99,4
794d8552a259e61b5e8a46a573c77b41,16250.0,495.49,10.12,61.44,99.9,5
4ce9d69b3090e93c33e18de78c029403,65.0,1435.14,9.33,16.79,19.99,4
92ffa55d1d1e77f655127aac213c1e38,300.0,1314.56,10.34,38.94,290.0,5
6d2010e542102f9a4ba2316b70a556be,1200.0,334.09,8.51,17.16,129.99,5
4a7c656f502a83b8faeb608f3f1f9f46,1067.0,104.8,3.27,9.12,53.49,5
151458af49738a9727dd61b22cde2acf,1200.0,1278.69,29.14,18.27,99.99,2
525e11b26fdb7f41471d289897d0f6da,1400.0,1527.28,167.94,24.72,74.9,4
b4bc40a1e857b8ebe41c4ecb73594e58,275.0,262.55,10.21,34.49,97.9,2
2490acacc509d48df78fe4d3a44f45df,600.0,240.47,12.69,11.74,46.99,5
84af086627ce9dba6fc470fb3d899de9,1350.0,292.02,10.34,13.87,121.9,5
79c2ffc2f003219f466be98942ec35ae,900.0,953.88,16.71,17.3,66.3,4
995301b350aefb0f7d794060ed4dd187,6900.0,830.21,22.34,59.33,249.99,3
c21e26a623796821b827547ac056684c,350.0,1922.88,35.73,25.63,39.99,2
b97ca4dfeb3b285bbbd1e7a528beba92,6950.0,100.64,17.83,23.12,47.25,5
339cfa1a6bf1f4f0c50db99c5255b714,2000.0,369.57,13.74,19.4,159.9,3
30b74a76659e17e592e4b869927fdcc8,200.0,121.62,5.0,9.09,24.9,3
fc8b5696b23d0710ae737ff9c16f80ea,200.0,717.02,11.59,15.33,83.23,3
168626408cb32af0ffaf76711caae1dc,1614.0,430.33,1.11,15.39,45.9,5
7d038f7eeec76a7eb898fef8a12e6157,800.0,45.05,6.33,8.88,47.9,3
ca593d45479b927a7cd4d0a39d73e545,380.0,1383.1,14.32,20.14,527.99,1
beeff7037aa708c19973290382629a4c,970.0,304.09,43.59,12.86,209.99,2
5c9c68fa207f9a2233b3152907f44851,1110.0,270.47,5.36,11.85,49.9,5
390e5f12e01c2af04027580e4cdde515,150.0,2383.78,22.16,20.01,189.0,5
ad87776df87aa84719c1be3456cbbf4d,2000.0,814.25,9.92,15.11,52.11,5
b7c08284b115aea29927fb5c60c35ee3,2584.0,66.28,12.14,12.05,77.99,5
445d0c0872352cc8c31b797c707f4c47,175.0,9.93,5.3,7.78,12.25,5
6afee35d4619c0d99cbf16d1e4e461eb,3350.0,629.57,23.53,21.89,149.9,5
72344ea1113e3227494c465a64ae58aa,650.0,1464.38,10.03,15.79,49.0,5
9a1608e06e7944465b6edfeca5d2ce7b,500.0,498.53,5.28,58.9,149.9,5
9808a7f5f5446817c3ebf7a804111d53,215.0,3.62,5.76,7.78,24.9,3
eb909499d5b377c57b0af7ce0b005bb4,550.0,27.0,5.31,7.39,12.0,5
649d437623f7e3876334425683ecb20b,1400.0,304.13,18.89,16.04,58.99,5
6f1187fc8053e3eb750bf709d0329c0a,2950.0,211.34,6.94,19.54,375.0,5
13d840efe9026dc20ab05e59663dff7f,250.0,452.74,19.96,11.85,49.0,3
838f8e96cf584a1d8d22eaf7143c7772,150.0,4.27,5.95,7.42,22.99,5
29afb9bd764e2f5be034429f3d6811cf,650.0,301.05,13.94,39.13,162.52,1
9320dfc3fd49dc6e3fb9f688c8ea6c37,13800.0,1480.94,19.17,64.66,154.0,3
2beef95c5b98fdfefddc581a17f27b82,900.0,312.98,23.37,15.17,58.67,2
9a0ea28810c690ef91b1a70c0ed9703e,125.0,926.34,7.18,18.23,15.49,5
2ca1f43a3b966324bcd1fee4818d01e3,650.0,8.79,4.17,8.88,58.99,5
b233cccf8622f1f4fea0bb355b1488ee,1550.0,705.53,4.37,23.75,135.0,4
fab488165423ae4a65b46569091cf205,1825.0,289.3,10.41,13.67,86.9,4
7e6d0e5b8f1f04ddb5b183f33aec691e,2025.0,270.67,5.81,17.65,199.9,5
9550c6dde457784adf6688cea59cd6b8,650.0,81.23,12.11,8.88,19.0,2
dbaa485d0f1b926d88f11b5c685d6bf2,300.0,2404.14,12.0,61.73,239.0,4
9d9551f39ab1dfc1287b84fe2da6f55f,2250.0,348.58,6.41,27.34,149.0,5
691ce30a6856b8f3e9b25557c238c196,200.0,384.6,19.21,14.76,145.0,1
16656bc6faba3fd5740dd2305e5a9a94,950.0,759.32,9.95,17.6,32.9,4
90ae645ceacd8832133a491224beb6b1,250.0,352.43,24.23,15.1,37.49,1
a673d797cc8f5076e53e3b08a5512bb2,584.0,716.43,12.99,0.0,99.9,5
e2f3a90e59ee340336eda6e45ce3fb24,427.0,365.37,24.2,16.46,99.9,3
bb953a084ab406da9e19dfdc06df0245,600.0,1053.27,15.22,23.44,41.9,5
6d306f5d7fbcb1959017af34579fb7a6,1750.0,900.09,13.84,17.84,84.9,5
2d14eed4ba25e17b811cec469919d16c,933.0,679.92,20.31,18.8,175.0,5
5639e62ac4812b66eefbb05288c44eef,6000.0,773.8,12.71,21.63,162.9,3
8237160b16b119b5390f8072691974f0,1550.0,817.93,6.37,23.42,89.0,5
790a2b1cebf279ed28bf91f4fe91478c,5300.0,1051.03,13.47,51.59,134.0,1
774847476ad545e9bcb605a75dd40de6,9950.0,285.48,7.93,25.81,138.0,5
bf2b54be17b7da2c70dc289ff2ee16a9,488.0,60.97,4.5,8.09,118.99,5
3d356b012ee1e4e469b7b56910afdb6e,100.0,850.1,4.04,15.56,65.95,5
45d708b533e84fc3718ffde7cbbc6537,350.0,759.08,12.57,15.1,12.5,5
66768c430bdcf5b52888fdcbd5877992,3050.0,447.75,7.96,14.25,72.0,5
0daa8301819941dd352fe651f9fa70d5,500.0,127.76,8.48,9.44,26.0,5
7d7b903bbd7d3b762ad60115c30185f2,3100.0,134.54,6.86,16.38,107.0,4
2a30d0183924e9ef95a30acaaa8b8d3e,283.0,801.41,14.49,18.21,110.9,4
1c3cc69b45823b560a77c0d36740714b,500.0,383.6,7.18,22.8,1149.65,5
9958682e9a3eea5beb7a32fde4612f65,1383.0,594.71,23.22,24.82,86.9,5
56d01e37808556640e75a40c8202b0a8,800.0,315.48,8.11,13.71,39.99,4
b016e89611c45abd1ec9cad23df2b290,16550.0,902.21,8.39,23.38,120.0,4
c12f6da2e568142b38a24c3c2bcf13a2,463.0,203.77,5.02,12.79,32.9,5
7e19584d74aa3faaf95a90fb32c68502,1583.0,279.76,5.28,13.37,30.21,5
cf6908e8b524d8fac0d70a5cc8bd749b,2400.0,1408.36,8.36,50.11,1100.0,4
815b68de0bc7fa6c117e4bcf855734ef,1400.0,1028.07,141.97,21.05,59.5,5
f6f36e0dd120cbeed7e28697a600c329,200.0,121.77,9.94,13.43,58.99,5
efd3e6079ebd4d192d41aa488cbc1757,2850.0,317.39,12.05,16.21,82.94,1
b93a19a84516997a69f59da9b871d109,1550.0,535.84,4.95,14.93,89.0,5
c2111fc685de07490729134e8d37188c,500.0,16.37,2.07,9.86,149.99,5
c9b2447b34e74d4e83900fb91dec3e56,6900.0,86.18,8.91,21.67,338.0,5
a5a8d8582dc652909c4e2fd3599e7c74,3170.0,853.46,17.71,32.6,279.0,5
76b8258d41352cf46d8f0a57404d9c03,1200.0,2316.51,27.17,38.59,149.0,4
85f1a7c5b82d38cc3a4e8bb7111a40d2,2150.0,19.45,2.71,12.78,124.9,4
ea3c8982e2aaa8f92872beb90375f41a,1550.0,578.6,13.11,17.67,59.9,5
a3df0981c7418c75ec3e64bcbaf4b82c,10800.0,99.69,6.78,17.62,125.9,5
fe650e72e3f39d6c3a0e3d87da7971cd,500.0,181.73,16.04,12.79,46.99,5
797b565b282c371004d602d05ae7d3b2,2350.0,1896.52,17.78,43.44,146.99,3
1f6d522523ec744025ba19da53169f45,1050.0,518.18,10.94,12.48,19.9,4
08448f27d81d804598569621e1fb1d8e,400.0,19.72,6.36,8.72,56.99,4
a0726e4fe3c5c989d0f89d5432c905b1,275.0,63.81,7.6,10.96,47.9,2
bd1e1a304d04fa76626646f8efa12f77,650.0,445.09,12.98,19.32,47.9,5
dcc5d3c9b9eaab642229ffe7b651e172,2910.0,561.59,12.32,21.82,189.99,1
b8f82235baaa1a837797d86544239b5c,100.0,2363.49,19.23,19.87,189.99,4
372f8e1a08cbd807194b89b3c31a448a,2300.0,19.96,3.02,28.4,2300.0,5
bac2b1fb4eb632cd04d6c26f47b61ff9,283.0,1727.44,17.41,21.15,23.8,5
13525797d8c75a8c92126b1efe3f1e1a,1500.0,1902.9,8.9,26.12,119.9,5
8f4be74e60d163c72a59ba577a642d70,2200.0,220.05,18.05,15.88,109.99,2
a9a6b38d59cf5f6c56d86dc3513a9bb9,550.0,66.8,2.3,8.37,29.98,5
b2b7043343c97ca1dfc624e1d71e43df,269.0,101.07,9.58,13.37,49.9,5
1c5072c286f0b04c4cbd03de8af6136d,1200.0,334.09,6.51,18.39,115.99,5
adc0c438fc69e3d7797ed563551573c3,1238.0,29.34,3.96,12.24,140.0,5
b1b25c32832c6654e6cd3f949355a561,150.0,513.8,6.67,14.73,79.9,5
991a833f96a0e2a37ff3edab5969e44d,350.0,360.34,8.79,18.23,29.9,5
ce7da3c96f70e4febad6c91b835784d8,1200.0,5.96,2.06,11.95,133.0,5
8e2f6e8aa36fa3770c9f33a7129e81a7,350.0,411.57,20.89,15.1,39.99,5
e28092688b076f8a163428deea7e3bfd,200.0,53.8,12.09,7.78,25.49,5
373ed2d4d423781420b5755892ef90ff,150.0,338.68,6.45,12.94,27.9,3
0ccb5b7bf95c5b642f3717b08c633361,300.0,641.7,5.86,18.26,22.49,4
f8b03167e5ba1a53c4cf71a6980ac365,1750.0,401.36,8.33,23.84,180.0,5
50e46ab38a7ca83546cab50d4bca4835,1100.0,218.5,26.39,19.27,199.0,1
6aedefde651c239abf93383dd9175022,380.0,956.76,8.01,16.6,119.9,5
1d73d3f30d166ae684a1ae877edcead5,650.0,677.66,11.27,19.45,36.65,5
a4bec521c28b37c92e70dd4d703989bc,1300.0,348.13,11.91,16.46,99.99,4
d4e27dc356ca647fd39f91affa4feb89,100.0,696.12,11.53,15.1,29.99,4
64214eee33528e79cda8311c1a40d259,1200.0,456.81,19.94,15.56,46.2,4
d73b26310b53b3e3958a2aac75ad8e6c,800.0,290.49,12.49,15.56,44.9,5
c32aa6c419d45714f23c9df96f217cc9,7350.0,371.73,10.96,16.6,24.98,5
3a18acaa3bee904f8de00e2dad0f6878,1250.0,840.67,20.16,17.6,37.5,4
9e5ddd73e11f7b84e460dcd20a130f62,700.0,22.68,1.89,8.72,44.9,5
1467273f73290140b548eeefa70dca8b,250.0,241.26,10.9,19.08,140.0,5
81360270b5d4478eb5fcc0e12f31cee3,1250.0,490.73,9.5,17.97,56.0,5
82101da55cd8646eed9d29379b7b2777,900.0,816.63,17.12,17.3,149.9,5
a40502ef2029080537a03312ad509b69,1700.0,515.06,22.1,18.08,119.0,3
5c718680646ca12b84c0a2444a419672,350.0,92.76,4.18,11.88,54.9,5
3ba0099be6c2011cb3eb986b4e0a8efa,533.0,1026.26,13.18,23.98,149.9,5
a53b8f424d034f0f84f2c4d46352721c,21900.0,411.26,11.3,109.3,1000.0,4
519a63cb3ea1d2c4b1364552eacb6b29,9400.0,774.22,9.26,38.32,109.9,5
a73c3ddde7053504491569e480840e6d,4950.0,752.7,22.87,41.95,169.9,3
233f0d86db908dbeb6c2ae5675b31e71,200.0,512.99,5.71,15.1,44.9,5
7046baacfed62d117699e43e9cc8ee7c,250.0,580.67,7.73,19.39,184.0,4
1401bae5fe4bb9d7467a1b39ad94403a,150.0,217.03,10.04,12.28,112.0,5
a33e52fbf9a20b226a588f30d9aab612,275.0,477.45,20.01,15.1,12.98,5
4e49c4d84e4e416dfa56e61889b7113d,250.0,246.89,6.03,12.79,44.99,5
853fdd4f5504e5f2c286e302f0047f4f,1500.0,2216.56,36.1,40.31,779.0,2
ad7d9326d258f80eb37b239345f12bab,10225.0,1369.36,14.77,36.3,139.9,4
d85d798c30de34a10899fc8df46b330a,6250.0,655.58,14.65,22.8,279.99,5
d7c09edf772a5c105d8ce1aaf0dde8cc,800.0,16.32,2.17,9.34,45.0,5
b7c509157b933de261d2bb20abe06829,1000.0,345.07,17.46,16.2,349.99,5
d26bc24224fef3d3b81a759802c26434,300.0,201.01,12.11,11.85,17.9,5
133fde906cdebbd7cae1889f1a8300dc,400.0,1390.31,12.12,27.46,132.0,4
6eac1dab00b500f0d065b243b657d0b0,555.0,186.66,21.76,16.2,599.65,4
aa8315492e537030e29f1bc252d26cb1,800.0,75.61,8.69,10.96,39.9,3
aa60d116f345c481d434f63ffe565710,533.0,2124.91,9.04,25.18,149.9,5
9d141b2bebc8cf4060d3fe3e0d2f0b8d,250.0,31.44,3.9,7.82,79.99,5
90b6617b9e582f286d8b5d1603c292a2,1200.0,719.24,7.18,19.6,89.99,3
edcae211fcaaccf2cfd426f297ebd700,17550.0,404.92,8.69,67.51,1299.99,5
a759ad28933493d22dbaf7c75445cbe5,6150.0,53.4,10.65,13.08,37.9,5
e7a90091a5751ae67d5c457f53bda1fc,300.0,86.32,1.26,8.27,49.9,5
2c7c7906a21bcdda34af809ce7fa1a19,1500.0,243.01,13.84,13.43,59.0,5
ec3b583694db9a04ad2928a8f0546207,3500.0,304.0,3.97,19.0,99.9,5
af09d050740a057296c4ef35838ef579,50.0,371.16,19.25,15.1,5.2,5
eb2bc421011479d161bd927f2d43272f,350.0,892.42,19.94,14.1,47.99,4
2b0604a6abc1309c3b36f16367e6ccbb,50.0,113.95,7.01,12.86,27.9,5
ed04a2b3c21cbcd90c2071a22a8cbda2,200.0,400.45,11.94,18.23,34.3,1
bfd6463a3d508931213215b96d69f5b7,175.0,100.86,30.13,13.71,47.49,1
9b27eb18bad871c8d32a8dbd13e4f5b7,7500.0,388.64,12.13,30.31,72.99,4
d03ca98f59480e7e76c71fa83ecd8fb6,750.0,85.47,1.54,9.52,109.9,5
b0a8cc8421eab80e4bc4bc3a92cdefad,300.0,967.42,6.8,16.85,164.0,5
7dddf95f24ff803266f8140883ce7f30,1700.0,1687.68,16.25,21.15,29.9,5
3ae3969a6f3d5e57d4f9fd85868ffefc,600.0,162.28,9.35,10.96,23.9,5
3acfefca1b7d510f944c782689681753,1582.0,33.44,1.33,14.93,299.0,5
b8790ac596ab7435a12347fcb3a34341,400.0,795.28,13.26,15.61,122.99,5
36c2be04c43db09655628dc1658e5c97,3150.0,43.39,4.75,13.07,110.0,5
7ecc158162cf00a802fedcb0577573cf,100.0,510.42,11.91,15.38,89.9,5
2ded8cdec0bcb071385b4d6a6ba4823f,850.0,84.96,3.28,9.56,105.9,5
7cf64ae8137941a44a6300e23b7e25f1,233.0,837.73,15.99,22.62,129.9,3
a910935f581c2ed30ed200064dafbaab,22350.0,705.23,20.12,86.97,258.9,5
41b0e2a8a395c2cce94ad53fca46cf23,600.0,2248.89,17.09,37.12,29.9,5
687827c3a3bcdf03c6956d9bbe263ed5,750.0,1465.87,13.14,18.49,79.9,2
91038108554d2455d744ce8eb0a0ff35,2600.0,614.83,13.73,26.57,69.9,4
3b8e6e47439c0aa25ddb6cbfc6dc8ddb,550.0,540.53,4.16,19.21,159.0,4
20873a0e73e84e84c27c058b60a2e9f2,75.0,675.89,22.1,15.1,50.0,3
861135e965db93780ab935ee79c6a68a,2050.0,137.31,10.77,13.56,179.9,5
646f1971e7c3a05fe0ce5fba3d67cda9,400.0,2647.2,17.95,42.38,39.99,2
e0857a445e4a7cb184abf371f4d93509,1500.0,333.82,8.01,23.1,74.9,5
6a117de68e34eca0b676d6813e59b48b,225.0,747.01,8.1,14.1,24.99,4
d17caea6a555b8d399674e0a8e600bfb,1400.0,822.37,5.67,17.6,36.9,5
745d2763c76bb75f1267554899ed96da,400.0,755.8,4.63,15.4,93.5,3
576b3b33dc81c4368f8256613418a197,550.0,2489.34,27.31,19.04,49.9,5
42b0a4705f0e4429580990e6e0657529,835.0,193.78,11.3,13.35,109.9,3
0363c3cd0593c841b52d9817c89beaed,200.0,336.34,10.07,14.1,14.99,4
fd3b391929c4fc835fb015acdf8049e2,1000.0,8.84,5.1,11.15,39.9,5
b87a46bd85618ed6ad037478592c7e6a,1125.0,1132.93,12.52,18.78,219.0,5
1f9c4827a2d12030d6f364aa01425f65,350.0,1668.4,20.96,22.95,64.99,3
5d9d34ab320a65d476024f1146155415,1100.0,273.07,13.78,18.82,829.0,1
89472d2aaca9a6765521c309ef6c814a,6250.0,1791.09,15.54,37.81,159.5,4
65d549dc989e0c1b68a8ee77cc3e3de9,1200.0,626.33,7.02,23.06,36.99,5
0e387099da9e67758ef1bee4f17095d3,750.0,330.15,7.5,16.32,49.9,5
6026ab778a91a44d6099fd3734dfb44a,400.0,579.02,7.03,12.76,89.9,5
c41ae768eca38cee8484b87c1d36825d,6550.0,322.78,14.98,40.37,149.0,4
8cf9ba649b9084cf9c9fe4031a1850ef,400.0,998.3,10.8,16.79,25.0,5
44fdca9e41cfd8248c3ac1e369447eff,430.0,497.75,4.19,16.03,132.2,5
3df5f0a6d3258b30e0793cbd37b499f9,800.0,353.27,11.17,15.42,93.99,4
6920ef9156484c35b45b8a13656860bc,3008.0,150.04,7.12,13.54,74.8,5
797fec22e68f5cadeda77e283dab6365,600.0,688.9,11.92,16.85,59.0,5
2da401a4708b2c6309e7cdf0cfa5419a,100.0,635.41,9.02,15.2,65.0,4
fd26702a3f7ee5d86580de591ff53e3f,1400.0,674.42,8.17,17.92,38.5,5
4fb64bb04e5235a2c7b3290e21c2938c,3300.0,858.8,11.05,22.27,205.0,5
b0abfb398741998a8e47cc773b5e0edb,200.0,8.32,2.3,7.54,39.9,4
2fc8432d4f906403e2bf04d81163b220,150.0,495.12,13.39,11.85,19.9,3
d318b7f49be14ab25218a6914acc404a,100.0,327.73,5.2,15.28,25.99,5
b2059ed67ce144a36e2aa97d2c9e9ad2,8267.0,29.96,26.08,17.79,139.94,5
595a12453a3b12e84dbfc0d248331d4c,5950.0,32.59,7.77,15.76,143.8,4
9e6928e55ec6948338048d72ebdf2305,8300.0,1027.03,10.16,29.17,129.97,5
28ccec702266c9454f2cd75eb005b7d6,200.0,28.58,13.46,7.39,29.0,2
bdabc74894435691ce6c9987a61b3d55,6700.0,44.34,8.84,15.31,79.94,5
a2c2158d6a2596315ca45703207e97c4,833.0,362.08,25.95,15.87,159.9,5
b12b92b6a6b42a691ca688b4d7225153,1350.0,1127.6,9.0,27.9,135.9,5
e15220c597e20a77d293f05d69bd506e,167.0,17.65,7.37,7.78,19.9,5
c680034cfb1945850fadf876ace52483,317.0,129.2,4.51,8.17,129.97,3
768e55f3434ea3cf830ceceaf074257c,19425.0,294.64,50.17,60.23,239.99,1
b94927b61d86b53506f3e6bc8644eb77,6800.0,2353.67,27.44,124.99,2200.0,5
744c590b667776f5108a23623d7e5b91,350.0,144.08,3.16,11.85,26.9,3
11756f86e163262523f75f21a3b127af,2841.0,212.49,6.4,14.51,179.0,5
78e4b001a62cb8a87548dc306284e4f5,800.0,130.17,10.19,12.69,39.5,5
17b64a39e956f1ff14d42a2f76a37305,2965.0,2607.59,20.33,82.19,289.0,2
392b29c08332cc1f57af36e3e094c276,710.0,308.27,7.27,17.84,689.0,4
06b491ece3a9bd260341c1ad36870e8b,125.0,858.17,10.68,16.79,14.9,5
12f55fbb20dd8ff71113349776b5642a,500.0,704.12,10.9,15.68,132.6,5
3faaf3fd5977e5b69227092accef04bd,140.0,901.13,24.67,17.45,144.41,1
120b19c8ebbbe34df59e157f3dd1f0c9,2850.0,711.21,12.47,23.35,28.9,5
77f4d78e39e755553e7b18854b074514,700.0,12.39,17.53,11.58,138.8,5
70238f8ef874a547e18e58572c2c9a72,800.0,465.5,5.58,14.55,54.9,5
d44bd377d793dc513e7cc2bdcd42488c,250.0,94.68,4.79,7.82,79.99,3
90cd03f08ec3def09cf99113a1d6daa0,5650.0,1105.01,10.95,69.21,249.9,5
771fc969d198bd5102b42e8d8db12364,500.0,792.83,12.37,18.34,109.95,5
76d8b3b6bdf825ebc88bd1b2aa81f65c,2500.0,369.25,8.85,16.99,194.0,5
b1a8f9e83e8f8ebbd4393a2d846f9a8f,100.0,887.04,14.94,18.48,54.9,4
916d528035e91b8200b31e89ea89bef9,400.0,21.24,15.91,8.72,56.99,5
31f8013402a0749b3ab433b1aee11754,350.0,353.83,6.16,15.29,26.9,5
fe00e26eb05c951aad5cbc6b7f602edb,2300.0,579.07,14.36,23.38,114.9,4
06b7229726fb71407516395c69b6172a,173.0,1045.47,14.48,22.39,65.9,1
cd05a1fc2781f43f5e459c285751e26a,300.0,451.32,5.95,14.62,65.0,5
10fda92f9390e0b13e41ce5ce692a2cc,500.0,1454.47,34.65,15.79,24.9,2
e55e4860fd8e46e38f351f994f9e06cb,1500.0,17.34,8.47,9.28,129.99,5
b6fa3751148ad8ba139779f6543951d9,550.0,8.71,5.95,7.94,39.9,3
d07d8db4850966f820d3775360ccd6b8,1600.0,994.05,13.27,18.16,129.99,5
1e13e00d6605c9924acebc4441a7cce1,2100.0,524.93,27.31,18.23,13.0,3
99cca049bdfcd6019f861465e6b9261e,650.0,952.82,9.72,19.49,42.9,4
34d5a7f77e0207e1ff6a91a51aafaa43,550.0,928.33,11.52,26.89,46.2,5
c216922ad3d667fb17d7c7b6843efaab,1100.0,343.06,7.79,15.11,48.0,5
08a79aa47b2dc809df77206f0660fe5b,350.0,2235.26,21.29,27.51,64.99,5
fc355d449ceaea8f858ef33c4eba83fa,875.0,319.33,48.19,12.74,56.99,3
e9edc2608eea850423e15031ee579dd6,50.0,424.5,9.05,15.1,18.9,5
9e6fa90618070716da24cbf8fa5261fa,2800.0,557.31,6.34,25.57,105.0,5
868caab96a9a36b7ef9f89dcbd814e3e,7463.0,811.67,27.59,44.33,79.98,4
728e61b2b527529e10ce6ec9b04afaf8,650.0,416.27,4.11,13.98,57.0,5
54f6bfdef1d09a3f1d99b3914c93aff5,100.0,855.64,10.17,22.06,14.89,5
0bff41f23a1260a23cfe070af558eef7,1200.0,270.95,18.78,17.6,40.0,3
3a99e79dbc864f031d94b7f7957b34a5,300.0,26.67,4.18,8.58,189.0,3
e7c5ccfc34c262f8f9240ade57e01ed7,150.0,364.39,5.43,18.77,94.99,5
6fc21c5e0febcfc2d3e3c13d8fcd1b7a,200.0,28.01,4.15,7.67,58.99,5
6a90c84c2efab9939e578dee122b521c,250.0,8.67,2.2,7.65,55.0,5
837b75362f8a7c08c85182dfd16cb72d,425.0,6.43,8.33,8.29,15.55,1
343146b92daf167255eed8e706a25d2d,150.0,562.63,6.7,11.85,19.9,5
528bf700039fc9dd2e7261dd7b7ed92a,6550.0,511.92,7.38,23.84,149.0,5
e02d61b42452cc6737650331d8bc8ad7,1200.0,288.98,30.78,20.71,494.99,1
1524aaded819ee3c06b4058825107362,700.0,1199.76,17.15,19.79,79.0,3
33a03fef07e3bdb46a7ca7fded715d53,1050.0,7.97,15.22,12.23,54.9,2
0cbfa7741e21d7a732157a50ad8381de,1383.0,319.53,5.92,17.5,84.0,5
3668477773eb5474d397777749d44f08,150.0,396.55,3.64,15.27,24.9,5
390e38291abc646f3d82c77980db5e7e,207.0,755.94,21.36,15.32,80.9,5
931eb9b18a6471d1f635ff15fcbde0ca,150.0,66.76,6.25,7.74,79.9,1
9dd2846e2fd754eb21361544d11a1d71,1483.0,224.1,21.07,12.86,74.99,5
01ba495d945c6a1c5b198bbad63e61c6,1975.0,594.87,16.24,25.61,109.9,3
b0a3fa56d2d1b7e51873562656c0a796,825.0,1281.78,14.48,19.8,79.9,5
21dcd7ede33a335560d594e78f70499b,10200.0,356.91,7.96,20.84,59.9,5
5b4e981913377d776f83cb4ffd82ad31,500.0,209.44,13.72,11.85,29.9,5
c4efe9b9dcdeb1a96497a8f580c1e411,250.0,1447.28,13.21,22.28,49.3,5
2d5b9f995250ca7846c437a641ed99aa,3150.0,345.74,4.34,26.68,54.49,2
3236504a0e2b1bceb65d32a38f5d79a9,500.0,28.64,4.67,9.34,42.9,5
64d371a6a389e045ce802658f2bc4281,300.0,227.14,3.98,12.05,78.9,4
4a3b5641ebdc66e5c3c2a2d2e6633587,100.0,493.82,9.16,11.85,19.9,4
51fedbcbd7b8a79c8af077f9a85a86cd,5900.0,590.91,11.96,41.24,68.65,5
a8aa4724dee04db3a0440eed8cb33911,125.0,1045.93,36.64,22.06,18.9,1
43cc99c0d748acfca2d0fdc297b3c719,156.0,69.63,10.98,9.94,61.9,5
eb3b5ecbc980ff057c188ea3b3eaf722,1383.0,317.15,4.9,14.87,79.9,3
f887e6cba479b38cfeb57c84d0b5c2a6,250.0,334.57,11.68,18.33,32.9,5
cc2f0434752c03815831750224a555af,300.0,144.56,7.93,10.96,21.9,5
0f2bbeda958833e5a67ceb4368f282fe,8200.0,454.41,15.39,36.34,399.8,5
851b6c8a9c3364f7baf0ea776e33a5a6,300.0,128.3,20.77,11.85,27.99,5
082730bdb06cc2b755fbb33becd6ccec,150.0,646.38,7.73,18.31,30.0,5
006df90050498994d670b40da4651d22,150.0,18.03,2.35,7.39,14.0,5
622f616838747771f377b27f47f2d21a,800.0,20.35,6.37,9.45,100.59,1
be67d695978287b15a519b4d73c6898e,1650.0,66.02,9.08,15.14,118.8,5
4515f507dc97d2ae676665ef0b7b752b,2600.0,1743.75,16.17,29.94,75.0,1
69503da6ea02f63348e7bcbbb5420a50,100.0,587.55,12.51,15.1,25.5,5
731adfc56466bffeb31938efd036b0c6,27200.0,54.33,11.88,39.35,189.99,3
7616b98483a2f8af40e3ab4d8ef3ffc9,275.0,564.31,8.89,14.25,71.5,5
4516e24f7d61e13033494fd6252e5c29,738.0,786.86,5.91,19.5,44.85,5
d177b1b7ac6d0284008b2f610e461e54,950.0,11.46,4.24,9.34,29.9,5
621be24850f6edd2e8dbd75a0f19668a,1200.0,253.71,4.17,17.17,299.99,5
07b6fba80722b4ba2988ef68f8e20c9f,2900.0,54.49,9.09,13.53,99.9,5
fc8fa04a6621b92f945b8d0224feac74,250.0,17.87,2.25,7.88,89.99,5
59abaffabcf78a9b635f9c5f16a8cee3,1600.0,1101.38,23.11,17.92,24.9,2
f1367a0a8fa445363c4e6d5a529db4a5,200.0,51.37,4.46,7.78,29.0,3
668b19356f27bf9a854053836ced5053,1800.0,79.77,4.14,12.15,60.0,5
316d34d7998d35ca148e02a9a5611307,175.0,45.4,2.76,7.78,22.49,5
e0fb4639f54bdaa580ed4511c8d7b778,225.0,60.92,9.97,7.87,61.0,5
b1069dbe8202837514af3badecb431ab,200.0,289.48,3.61,10.96,23.9,4
bb760e550e3f6ddfa92ed74bfb364751,300.0,444.98,11.35,11.85,22.9,5
48d545666a0d9303e1ef851ae9465976,200.0,14.18,5.45,8.58,189.0,5
63c7797265c51bbc8aadc80de737f96c,400.0,26.91,4.43,7.78,18.9,5
3f63ce07f0fd566885c47bda7ad3c3a6,8600.0,320.62,5.72,13.06,69.0,4
660cb47a0b4b671c86901a47f7dbc91c,165.0,505.27,16.25,19.13,179.0,5
d1841aabfefc61ddc63d1113e5f766e8,213.0,16.48,1.87,8.29,26.1,5
cfb41833e1a64faae527b974cde5861d,150.0,7.9,18.95,8.72,12.1,2
cc93c76377b9408581cc455bd50de947,400.0,928.16,15.02,18.61,309.9,5
483b53ea654d3566427a092cdef047fd,100.0,803.97,22.08,15.1,16.9,5
791859263302f6030c2a7a1da8c291ac,2900.0,303.43,12.12,17.82,158.0,5
2e84d66424ec0ddb081078d1411fb1db,1500.0,185.23,7.99,17.16,59.5,3
b11073519dc9fe626df6281aa1965522,950.0,238.44,11.16,12.85,73.35,5
d7520dd6301787392e59dddbbc68ea22,1800.0,31.25,7.57,8.72,39.9,5
613642e8ff12626da63befddef26efa4,100.0,28.88,7.24,8.72,29.99,4
4b2dc3d5bb4accd12c73d55b2a10f856,100.0,52.14,4.36,7.4,19.99,5
2d5abff139e8101029312b689bfeae7a,1900.0,125.63,6.18,13.1,199.99,4
6514f4ab77bfe2791416987c6c136b84,50.0,128.67,5.2,7.39,17.37,4
fa2b14e880fc41311f519c101f30da3f,600.0,344.91,11.11,18.23,35.9,5
26fa398f7231045a2898e0c704f6a4be,8550.0,484.9,17.07,17.78,75.0,5
51f25abb96730e972d30b6fb22e2cde8,600.0,2224.39,26.0,35.78,65.99,4
ba1415261e29b897a230549d83bde015,800.0,507.88,13.31,15.11,45.0,5
f70bcdfa88e05f7e1233b958f9c7824e,800.0,532.03,15.84,15.18,59.9,5
68a001baa8dbd45ba5096b470f57a498,600.0,498.94,11.14,14.1,45.0,5
6f6adb6239aa458699f94784b3bb978a,425.0,402.29,6.86,23.14,719.9,5
50a790149ec089ab00a4630204396f0f,4200.0,777.22,9.85,17.7,64.9,5
37956c8c2b061c4a39b146aac4a9077d,225.0,14.22,8.89,7.78,13.98,1
881e07dca72b3b124ea46a389c69bb31,3042.0,886.21,8.18,25.95,156.99,4
c89a75d9ee5020cc2bdd4ebc2b35d2c3,1050.0,729.09,8.19,13.01,131.99,5
2d3518f1b535de87ccf593d3892022af,260.0,342.06,6.43,16.11,39.99,5
70f68b39d2f381634322a952699f55d1,500.0,500.89,10.88,15.1,13.99,5
8a3a0e49e2e3eb825a6359d932c9f0a3,200.0,509.16,12.74,14.1,31.9,5
ceaa40707ccad8de8d4dab476a970483,500.0,348.51,11.15,15.25,69.99,3
d4c6540209a24e7769655f55d8a20493,5400.0,12.95,4.75,8.46,124.9,4
4abba1209ac9ef2480b19c2e88391f23,250.0,300.55,5.14,13.43,109.9,5
85c14f3be89a889592d53a5b8ff031bb,950.0,409.3,7.05,19.46,69.9,5
79428b028497103cbec29a129491bc63,150.0,445.76,10.17,15.1,21.9,5
2fd573eea535b447eea60a9b4aa2603d,1317.0,191.6,5.92,25.61,217.9,5
99e953d50d17e4e1d68a655b1b3f1527,150.0,115.74,6.09,7.78,34.9,5
39088c337dc4bbb9ff7797fcfdeb6f3a,550.0,347.93,9.95,16.48,72.9,5
a24a47282e13a3896fb83d6f49403e95,9950.0,365.49,8.32,55.48,199.9,5
b0f4af5c1b06e24fef510703bfe9f0a6,400.0,1937.31,14.11,21.8,142.5,5
0bca8e07f15636c260b1f794be423ad9,150.0,531.52,16.56,14.7,75.0,4
fd190164f3696146e8a668324f90edc0,450.0,347.7,18.18,13.37,29.9,1
aa834e164d26bde6b0890bb9e70fbf9d,1400.0,1467.61,6.24,27.32,52.9,5
43f08913407cac4e74a898d968e58c1a,275.0,453.51,5.27,13.2,152.99,5
84eb86f5f4ba017cd1644c27f6140424,150.0,2318.34,23.65,19.04,29.99,5
b08f48a15acd7ea5c565ec963d3d1b73,173.0,289.16,5.76,15.41,93.9,5
99fe1f54d97630a40c549779ea00e8c9,1000.0,268.29,14.45,17.09,189.9,5
206e1fade437516f330a8f63e3816076,150.0,125.37,15.46,7.39,59.9,4
74fabba2032e7c6ce81eddebe5c4a368,570.0,2688.52,16.72,46.01,309.0,5
c7d862d2519c66e5adf8067b6b994ec3,350.0,881.39,15.67,18.23,24.99,5
d2ce9688abb199cda1a106b293847827,250.0,97.84,4.37,7.47,29.9,5
d3b0d1fdd97b1842ff7f5b3caec74d9d,250.0,1513.16,19.59,22.06,49.0,5
18279a656ac308b75f99ed16ed347192,150.0,1619.26,14.31,22.96,34.9,5
710ad9913c5b4fc7c5d5a890082b1029,467.0,16.79,9.39,8.65,69.99,1
b8123985fb1ec3e10334d5a94e077c10,300.0,2352.91,14.81,19.7,144.99,3
219053fd0b52b800d2c901487d11ee93,3000.0,854.77,18.2,27.8,59.9,5
59ffc24bc635a0a0f190bf021df20508,200.0,1716.61,11.62,16.79,45.0,5
9a79820753183f9ae199a37da007e914,625.0,495.51,6.27,16.98,104.9,5
4b81239fe83a49acf69014a6819d45f7,700.0,319.14,13.16,16.39,28.8,4
a36c2d374f8bda87f5ba07fe1bde98e0,100.0,1610.04,12.06,21.68,126.12,5
e5507d205012f77887831308321ac9e3,1600.0,1039.55,13.02,18.61,194.9,1
bc6014a7596f64eb97713e00e2c9f7c9,22600.0,144.51,20.0,63.58,499.9,1
5640c538d7b7c20a69fcc754ad83219d,16550.0,873.33,8.32,23.38,120.0,4
fa3a12a1271d743e56d30a902cce0c1b,6550.0,1651.87,12.27,31.52,119.0,5
8a6e531dd83a94dfe1d87985dd6c4d95,250.0,498.28,19.28,15.11,20.59,5
c9740baeefbade2c945acb18f4458c28,300.0,2037.13,22.16,34.49,97.9,5
3103926e92e716e11f3f4920b70428d8,1500.0,407.81,4.32,13.46,53.9,3
68c76c01adcebe5c1bd51c0aa817bb76,2100.0,100.83,8.98,13.21,129.99,4
cfa78b997e329a5295b4ee6972c02979,300.0,81.55,37.24,15.14,55.9,1
34b04c30d0f21489e3871bb9083582f6,3300.0,28.76,4.97,15.11,214.99,5
91917ed8f3cff7119b635ee161fc926c,1200.0,404.04,8.82,17.88,89.9,4
4ab99aa84c8140d406cbdf001bf1bbd6,100.0,292.86,8.17,12.79,10.99,5
24c5d6cc9734ba1c383389ced0ea2ca7,300.0,571.85,9.04,15.8,150.0,5
1ecda016913167c1bc9dee2cce81c7da,6550.0,1519.89,19.48,19.74,119.0,5
44e578be804a15b9c4be4b6e91eedf48,444.0,347.72,56.38,13.3,123.0,1
573de7df35639ded5e09b11ea2542d17,800.0,5.85,5.11,9.35,76.9,4
b4d847b337890c09d43b616bf0ba2ee3,6500.0,925.13,23.31,42.95,516.49,4
a1cadef58ea9a00d7e27089a29644883,483.0,79.47,5.37,8.29,29.99,5
3e1ad9b01933fc3e801cb95ecf40c14f,100.0,562.83,8.86,15.1,19.9,5
303537b4b88abe56ea3a5c0801709c36,700.0,2807.72,16.92,62.89,122.99,5
36178eae87ee6553df1faf30e2c135b9,200.0,33.49,5.23,7.39,23.9,5
3f27ed06b2513b7e6cad3d148e049bac,5250.0,18.84,2.0,14.51,129.99,5
c008cb0b0b7d411443c78fcd22282930,2167.0,59.22,4.1,13.92,67.9,5
0a40f88667e7bbb7ef87efaa9a2177ea,1350.0,325.38,10.68,13.79,109.9,5
4baefe0b13c215e6417751ad5121469d,30000.0,93.91,12.98,75.76,950.0,5
f6118c73253ff6218a76c8b2df6a05b6,342.0,43.93,2.66,8.82,279.0,3
e0dbe64f00bd054951b1981f99a58f4b,250.0,318.29,13.19,15.1,19.9,5
c40f686ce1817e9bf3337aa222740abb,1700.0,136.7,8.23,11.93,119.0,5
1c81f9f4689604517458a9438caaca30,11450.0,512.03,7.95,24.02,329.9,4
ee044ff2777c49a97d4be749aa8e24bb,300.0,506.89,8.14,15.51,89.36,5
eeb91f346c409cf3a3f4049e626c67cb,1700.0,814.23,7.82,18.16,129.9,5
378a499627b8ffb6fe276c42c57a44a2,1200.0,1196.12,18.82,17.6,49.9,1
fac46d930d37818d176f4c8e00fc5f4c,2400.0,596.82,15.25,16.18,78.0,4
a11cb431739ce0d512e8a8e96654722f,450.0,3.28,7.02,8.82,44.99,1
a72a09d3c6862bd7535300edd0e6a932,150.0,2475.93,10.94,24.35,20.9,5
09b70d085a1bfb3b4b2ad8b7c7e43353,200.0,481.39,8.96,14.1,39.9,4
e4175c48cab7af2bed0f9d9001f006af,950.0,17.07,3.01,11.15,57.89,5
118184a28018553dd791eaf04d144f53,450.0,283.8,8.07,11.87,52.64,5
813e757cecde8eee7af8d87fea8e50f1,1550.0,696.02,13.02,16.44,129.9,3
7589685540fc5b4617719f32d73f96e9,6550.0,661.15,19.97,18.15,129.0,4
c5ab3856ffd5ca3db23754e60db70cf2,1050.0,29.71,2.02,11.73,69.99,4
364bfe8be0f9a89a9a817d0e8ecd859c,10700.0,417.62,13.99,28.04,169.0,5
f40b59109981de2b6d38eb4f42033102,950.0,594.24,36.65,17.67,59.89,1
016726239765c18f66826453f39c64e3,2900.0,9.06,2.04,15.14,219.99,5
87cb6bc6178f0a340e40123b7b042243,183.0,2081.68,17.93,37.04,42.0,1
a91402873e20638661e1df60e8eb63dd,9900.0,336.68,8.98,121.22,149.0,5
be63f8e1110d08f5003ca1a255ff4fb1,150.0,243.42,6.91,11.03,60.0,5
2f91341b841ba610e8981cabfcef4989,500.0,391.01,19.8,12.79,22.0,5
191a0013ee3ec32e27da5f85cf028081,16550.0,500.61,6.52,34.38,120.0,3
4688d8a3d2db532497201af1f0f69376,1350.0,487.19,11.75,17.08,415.99,5
2c3f481e97111f73a244fdfc556e2303,100.0,837.23,7.39,16.82,159.9,4
a0489f813262544cff043d56396759b3,3000.0,963.4,24.71,26.78,49.9,5
7fee8248879e6c2eb655918584bb3ba2,6300.0,11.94,13.23,13.64,89.0,5
9ad384830a3bad800634d385f5f4d435,3400.0,579.22,4.24,18.81,75.0,4
bf88003f2580db7589007ec44bc85695,700.0,823.97,8.47,18.0,22.79,5
0c6e84e1109b6c5630774291a85fef1c,2850.0,756.74,16.73,20.99,71.0,4
784a38e6df598963bf1d5e1b633eca5c,850.0,591.19,11.05,16.15,55.49,5
3c276467cadfbfe2f055dbcc62e32b2d,500.0,205.76,7.03,11.92,59.9,5
33456509cc4acadce96036959e07ff84,1125.0,920.54,16.3,17.74,69.9,4
b917f95342573a0732028ba916ea92ab,300.0,154.63,2.31,8.64,25.3,5
379479b61c5dd31389733154ce9a6237,1725.0,1676.58,13.24,48.56,159.9,4
ee7de003de847c16e21f5298adf1d963,7800.0,557.87,6.26,19.76,269.0,5
49e720bd050835a646e0d5e8a89a42ea,330.0,22.03,2.94,8.73,81.0,5
b71ab64303680993dd9892f9be490bfb,1050.0,347.94,20.46,17.76,72.99,4
a75f9d41f99d675f35ab8b90b2dc9b2f,500.0,1790.77,17.75,50.85,48.9,5
bb54cd6c0fa2df81d9e75265c0229a3c,325.0,836.21,8.09,14.1,29.0,5
12212c72d1bc207ff5bb823d711dbe88,700.0,1225.3,8.89,39.46,170.0,5
c6f49a15fe46f3d10b7fb0ad871f8ba3,550.0,293.64,8.53,12.79,39.0,5
e82a0445876919a068e9a6101a00b14f,342.0,341.4,13.91,68.87,285.99,2
b45a5a1ecf16bbfd6254cdb7ef0dc2f7,150.0,1063.21,12.38,19.88,169.9,4
c0e11158f60abbb6f96d74228e67d44c,1900.0,914.97,11.19,28.05,249.99,5
6e81be400198dabb3a353cc5c25f7fbf,2600.0,21.71,9.3,13.08,75.0,4
958b8e9133a304e7c9e17632ee9e7e7e,125.0,415.31,13.27,13.31,167.9,5
19b6a2b67dc4c2f7cd5bad41395c42cb,500.0,1136.35,14.23,18.2,109.95,4
1a3bbdc45bf26fe719899c99c26cdc08,600.0,34.02,3.07,10.16,175.99,5
b33f1a863ad391e162a9f459117f53e9,138.0,459.27,12.13,15.34,85.0,5
393c4be3908441526fd75379ec8a6fdf,1383.0,301.41,6.84,12.13,89.9,5
c6630f530cbd8c6e773a12a891182c31,1200.0,1842.9,14.97,58.54,284.0,5
1069874467b6a425853288c450f68fc9,400.0,30.28,20.62,10.96,29.99,2
e239d280236cdd3c40cb2c033f681d1c,321.0,912.42,18.05,17.03,85.0,5
e8bbe1e50121557f66b60660a6b62289,10750.0,221.39,25.82,13.5,129.0,5
3e4875148a652a619d8615653b4c8e3c,800.0,17.58,2.9,9.35,76.9,3
373e8a6f20402ca46cedf50241ed878b,541.0,527.38,8.95,14.1,29.0,4
b05bd539cf70694e3270a23f22156f3a,1383.0,302.46,17.12,12.13,89.9,1
456ed1919e7baeb18f95d9c1ab8d2cca,450.0,468.94,9.48,15.25,52.7,3
dec5a901a17fadd6f6c3e62b5bd36bf2,1813.0,811.86,5.76,10.93,77.99,5
bdf132cfee5c1e0674b5b27eaf076f71,450.0,339.7,12.96,13.94,131.35,5
a8a92512496f02da00cf23fc2066121c,175.0,234.75,12.23,15.34,85.0,5
4c44a8ec249fe349a7e4edb44665bdd4,308.0,955.72,7.43,16.15,200.0,5
99b224dfda8cffb18398d17cfcba756b,7000.0,457.09,13.14,20.84,45.9,5
5dd2b7d78f1a564bc459f3aeb9b47bcb,1050.0,23.48,3.71,12.25,149.99,4
da9e241d42acffe7f3a590e13f030df0,750.0,1100.12,4.98,23.47,44.99,5
8eb24c188d84ebe158dbca10d4799e47,500.0,69.45,5.98,9.34,50.0,5
2fa29503f2ebd9f53deba187160f3202,200.0,3301.6,172.14,30.85,236.0,5
0286e258217733541e80588e29c208c1,700.0,1928.84,12.17,22.73,58.9,5
a41466cb3e72f333ad56e60b2d2c1ec8,400.0,360.68,5.32,15.93,118.0,4
1777854e00599d581f88f45af1432949,667.0,2322.32,58.13,27.3,108.9,1
c12658dc350b49b1970455764f1137f3,3450.0,583.17,35.35,59.39,389.0,1
f9fc53ba3989356ab3ecbe2a40702018,2700.0,359.93,4.39,18.03,159.9,5
bc6cd811b51ffe92ea712a6fda28289d,600.0,678.79,12.36,19.32,48.9,5
7e7d02281bcb8b908e7e347469114ba8,400.0,340.88,4.42,14.11,29.9,5
4b69646ae09c307e88da19eb05ee2aeb,6800.0,365.32,11.85,29.14,254.9,5
ab408a8fc0534c213e9de5b875be325d,200.0,543.63,12.96,12.54,58.55,4
a9de9da3261a82140a4a82b5fb13494f,600.0,477.06,4.29,14.1,49.99,4
7c0ed8940b941dd6795dbdf0eb639195,1700.0,76.65,2.18,12.46,104.9,5
8e713b13661ae56a9bac3fdbd4cd2df8,1538.0,283.95,4.9,17.72,279.99,5
913e9a5e8da11e9a318ab2d38a757d91,800.0,2172.51,24.92,19.04,45.0,5
d1ac8d5603f587877a5873ac2bbf9c70,3499.0,66.56,11.15,12.39,169.9,3
6f20f9a24b084da22b90cb7a0950e43b,2980.0,468.96,4.81,15.23,18.9,3
c2d07d9078b700b9198a126183867c16,150.0,375.89,6.85,12.79,18.0,5
9072e2cde2e421bafb3a41d3f01c7dda,3300.0,571.24,22.86,21.48,199.9,5
de55aaef46848b1f0c47093ba2430a27,650.0,36.73,3.94,11.08,66.9,5
4f519ece529392f7272828e7c16e1a78,350.0,13.41,3.08,8.29,14.99,5
02a54d22a5cd81b89c0a40bf9a75d9a4,1110.0,80.02,7.32,7.39,47.65,5
3b70c696a802c8faa368856e6d6309e3,2000.0,212.51,3.3,22.62,124.9,4
28d8802fab62c5e0eb5eea2a340d3449,150.0,58.04,3.83,7.87,27.9,3
b915355d5d44aa71d50cf04caeb78a53,3600.0,795.54,10.08,34.64,126.0,1
804b3f6bad007a44efd1fd85f0291070,240.0,304.94,10.93,13.64,306.16,5
aca0056ddf17f45b8d03364ba389f4fb,300.0,11.72,4.41,7.39,9.9,4
b04b5f6052511a30ad4b0fddef226949,150.0,904.74,7.93,22.28,49.9,5
a086251b34a5cee0b8f56c7de72dba72,1800.0,119.73,7.24,16.33,99.9,5
294d6eb8004bc9fbc7d7f970a51924fc,3566.0,61.64,5.13,15.38,90.0,5
a5a13962daf17458e2139021d0ba97f3,350.0,1513.26,12.14,22.95,64.99,1
b4e2b782ea1fa86d7abf9fc538af9005,150.0,61.87,1.41,7.78,49.0,4
4e16f71b2a5ddc0266f9ddfdfd0bcfba,400.0,522.74,4.91,15.93,118.7,5
b0fd41f0de4534ebb1756c04ea181aab,625.0,2368.68,8.04,53.61,179.9,4
835dc7ae3323802222f5f717e636e30e,100.0,65.57,2.77,7.87,54.9,1
78a1a87882880114ee891ccdcbd1ccde,1032.0,527.54,7.94,14.62,65.0,5
456bc7cd27fcbdf7dc39b27f9dc0d32f,1953.0,1302.49,15.09,31.44,700.0,5
aaed8fcb92e763144b26eb6ac5ec48c5,1600.0,662.08,18.82,16.61,129.9,4
0ec73995908cf00519d1da725119d114,8500.0,135.73,12.76,52.8,790.0,5
67801f243da7ba900390b8be2515605e,418.0,792.46,10.99,18.49,55.9,3
e704e063847a3055d24d485db17e30e7,1575.0,1005.12,13.24,21.8,649.9,5
4ba6b813ed91fee2b26261b064aaf348,250.0,384.37,4.42,13.21,78.0,5
08202fbf5047a2f85a0983ac291a69fb,600.0,1436.78,6.06,21.29,119.99,5
735c97c58832ee67c2f23aa70deb343c,100.0,906.62,14.92,18.35,35.9,5
739ee9313185c60eb018bf03f642fc61,200.0,813.87,21.05,15.1,25.5,5
78b9793627cb45328b53a69cc525fd22,250.0,453.51,7.48,19.06,169.0,5
ba45e84c712135fbb4ebfc999ff5fa42,300.0,1495.97,29.85,17.06,44.99,3
eb95d20e65f92b47748faa2b93841536,1550.0,147.93,7.33,17.58,95.9,5
c07b8f5324dbc378865ca2d1c9883236,2150.0,332.77,31.04,18.38,209.9,1
d5b98f30a5e1df17359cc0588f14b5ae,1110.0,135.08,8.73,7.71,47.65,5
cd6d5ca28fe5c4aabf7aec6f2968bd49,350.0,341.75,20.05,11.85,35.9,1
be5b64307f608c4be032a92527e44f66,300.0,725.85,18.17,24.73,977.98,2
3c42504a29a2c13b4251142c0405cec1,925.0,1894.84,14.62,26.88,89.0,5
59de12363514fbd1aca1eeb1b39816a8,500.0,2047.16,14.19,27.75,173.42,5
fe80ef8e06c4f85a39705d913eee0296,2600.0,59.82,13.31,14.26,222.7,5
f2006b46b9e70d59e442b6da97cd35fe,850.0,470.81,18.21,13.12,142.0,5
c51f7287f4c6537095b93e6d7bf66e17,7600.0,92.73,4.27,20.05,405.89,5
098a8457920d6c63f0cb10ccfbcd369d,514.0,78.69,4.57,10.13,199.9,5
b609be3f65463a74e28cebbbe7eb1203,444.0,618.76,25.91,15.77,146.0,5
cea7721ef82b51a0f124b20170c1e167,550.0,796.88,7.95,18.79,98.0,5
f12927715bcaf69f662d9343c1b49b00,1950.0,730.28,7.95,23.67,124.9,5
08f5487befe25744feabb3203a4dc09b,250.0,919.35,35.99,16.79,31.9,1
61dc7d82d2eb6ecf4f0ac2a3cd693cfb,1650.0,18.86,1.76,11.73,48.9,5
2c8368619bc15c47d6fd7de27cdef0c6,400.0,733.69,7.39,18.23,47.99,5
41c045db2d1876be9f05cf4a787693b2,600.0,30.95,5.04,7.78,24.9,5
dc549de29b05dad7e04a830974bd9278,400.0,4.65,7.71,7.78,19.9,5
63c9a278e2db31d8f1c92babe1b0ae5d,200.0,561.89,11.85,14.52,14.99,5
2ff28727dd7a3cbb51cf9b8053a7103a,26950.0,1631.72,6.12,102.2,299.0,5
4ff976f3269ceebad2dcd032489c9ec9,2374.0,949.06,23.26,21.47,139.9,4
2fd334a4961f67b10314902c51de811b,200.0,1462.77,8.3,15.79,13.65,5
a1a6eadae352582010f449d8527b55f3,350.0,461.97,6.2,23.5,72.9,5
488d5fc485f4624acb8132918763416c,2600.0,17.08,2.42,12.43,69.9,5
eb9f60e17d14840ff128c124a67fb158,750.0,10.27,3.06,8.88,59.9,3
d4f63c1e71dd7a25aaf45fd89286d760,1450.0,434.15,8.25,14.33,85.4,5
db4c0f9244a52fae664f9325333250e6,10650.0,802.19,9.94,105.7,329.9,5
ab69614515dc55d284aff7e3ab4a1c97,450.0,1261.64,8.34,25.69,569.0,5
b6d3f75a92e19fb13f1c33049cfb9a29,600.0,684.55,8.76,14.83,94.9,5
89de41fe841ea70c375e551ad85ecfb6,1350.0,86.59,9.37,13.84,116.9,4
109f6898323e99a194948043ea99cdd8,358.0,38.6,3.78,8.27,24.9,4
c855d7dabfd631a4aa54cdeefab7dc3a,600.0,595.31,16.87,15.1,38.0,1
cf5d7dcf1c4473152f3cf16bb9e6584f,30000.0,296.06,22.45,162.92,399.0,4
c6e48a9495130736a879f90ea27890c1,1000.0,1522.95,10.78,19.4,99.9,5
535c8ce792ddc4f50d7d860ae069049d,1550.0,612.76,11.01,19.05,257.6,5
1d067305b599c1e0dceb3864056ea527,8350.0,652.14,23.37,21.53,148.9,5
2ff0c35261b0f6905e8dbd2c664c86af,300.0,605.65,17.68,15.1,49.99,4
4d38bf00b95dbf4dcf2820177584ade9,1250.0,607.23,30.18,18.23,140.0,1
955e98990e1c4029c87982539f3bfe93,600.0,23.7,8.72,9.44,89.0,5
a82c960297e876b31d23af8b437f54bb,1850.0,1241.59,10.66,27.71,108.9,4
291c6962c2c9443529081cc6068e607b,8400.0,289.67,5.47,21.54,129.0,5
cb4591b9a09b86b55be10a9ea234de8c,200.0,2374.07,33.59,17.66,53.99,1
e080fb7aef4b2d5905e95cfbd4ddc138,1110.0,81.86,6.98,7.39,47.65,5
3282d3194ddf7794d2ac89795ed74cd1,300.0,2698.42,8.78,22.13,189.9,5
386e1d515c86ae0c848135e34e109c6d,1650.0,232.39,10.26,26.67,45.9,5
69cf676c0ee712f46af49c4b353f639a,400.0,27.88,4.06,8.49,103.0,5
147858a6d815c446dfb3d11e20019757,250.0,878.32,4.1,15.57,99.0,5
a1e28dc56f8cf4e569b82f93dfe131f3,8550.0,531.93,10.05,16.15,55.6,4
3f23bdebc73fa439fcd2b1b77fbeaf7a,150.0,790.79,8.8,15.87,110.32,4
d930f975d0dd17a50eb1bc53fff79e9b,1383.0,814.95,18.15,17.88,89.9,4
502b66ddeae1875100eae9074f5d189a,2150.0,410.05,18.95,21.67,169.0,4
74a6b2ad7f46bee735d4ea83a022cf3e,400.0,459.62,18.04,15.55,114.9,5
efc7354b6901a8603031e2dfeb54926d,11400.0,564.07,5.98,30.8,265.0,5
70a3acb4b096f675be6a2e03e2fb67bd,14300.0,1140.47,27.92,162.4,699.99,1
c3d312efaba704532c277f632796b258,1100.0,352.97,9.31,13.48,66.29,4
2abac84637c5e0ddd2923f22ba61a96a,275.0,853.94,18.41,16.05,25.0,5
552dee1afe356f3a07f118a9d0741b53,1650.0,351.73,9.3,48.7,873.99,5
ab3ef8ca43844d05e39ad47fc0bba7af,1100.0,325.19,12.14,12.76,60.0,5
0d1a58d99d3cd5017b6d59433de878c5,1200.0,318.39,6.79,13.68,93.9,4
043332e857863b02677c1e075e3cc0cf,450.0,934.41,13.09,44.48,90.0,4
9462e7a4367175b2b6f56caf761c6df0,150.0,689.07,6.6,15.1,24.99,5
c5f0b9e8bd23e3d37855d76739573355,1100.0,154.07,15.17,16.18,59.9,3
a338d0ade09a3ac954ecbf64b3b3b485,8850.0,263.55,19.16,15.37,74.9,3
3394ec2a7a1a88bffa56fb92311d8134,650.0,235.52,11.23,13.71,39.9,4
25857521bead5be64bf8305c71db1fa2,250.0,2799.66,34.96,42.38,24.9,5
d6e3a9f9be1350d1e2bb6e25e8bfd05d,443.0,9.28,2.72,9.84,89.9,1
bfb11ae717892540547adae8fea72c10,200.0,217.8,5.26,12.48,39.9,5
60cea07de0865aeead1984c1c97dee57,750.0,58.07,6.88,9.44,89.18,5
456cbabc88163cbe54a149c9d51e55d3,400.0,398.68,36.37,15.1,20.3,1
0a6312b2e86fe734ebbddaae7fabd14d,300.0,564.92,4.7,15.21,149.0,3
c532dd9ed72f4f01e704fa965ecf3df8,600.0,389.39,21.87,15.22,65.99,4
0cf808a0c021f642770317ad30665b02,2350.0,235.57,9.05,17.53,149.9,5
f09e36e258656850b92657ac5f67b6d5,200.0,381.95,6.91,12.79,3.0,5
6225c94031a1e372349fa17f1891317d,11850.0,199.26,76.38,36.6,219.9,1
34e7cd696a9d01f8a95731b8d4508ef2,6550.0,2037.8,13.27,88.05,149.0,5
063250ed406abc1e7730639c79d16a0b,400.0,422.21,11.85,17.13,339.9,3
ec6e95dcca4c512f5302ba944bb0e2b4,250.0,140.53,7.19,11.85,24.9,5
d66702922aef0a934935edfba929e95a,1750.0,119.63,18.86,46.88,48.9,5
8fa32d2fb129f27c9ba8eb9d8340d5a7,1200.0,311.37,6.02,15.56,49.99,5
e37797aedc7cd4ef82278fbc169eecaf,1350.0,300.3,5.86,14.58,69.99,5
13891a1a55cf023484b8b06a5c08049b,300.0,587.58,13.21,15.1,44.99,4
d5a1ba11ff004ff5cf6b2c1184c734ec,175.0,1147.96,18.12,16.79,12.25,5
c4f4ee4a762d4a787e43c9b8eecaf3f6,1225.0,658.0,18.02,17.67,59.9,4
fa25c1041e1b896695240436adc0271e,1575.0,1040.59,10.86,31.16,72.75,1
75ff5ef357ea667a4852b346c50f656e,1750.0,309.92,8.49,19.06,180.0,5
0210336762a2618a562576d1266efefe,950.0,341.15,14.88,16.39,59.99,5
b6fbf15260de2095643a4aac7876872c,250.0,413.36,4.12,16.27,72.34,4
4eb2ff9ddc8c3a30a20b59bce294e136,500.0,671.39,18.85,15.79,19.9,3
48ea816d75222e26e37782d2ebe2ea5b,12000.0,624.4,7.17,84.45,449.0,1
4dcc004247da52d053a714e7af29450b,950.0,2711.29,27.38,26.97,59.99,5
941d8ea654e3550842584075b13918ef,100.0,249.73,15.76,15.38,89.7,5
99441b33a55fabb1cf8b56dc883a29e9,150.0,1091.13,7.23,22.14,29.99,2
e9f01d29281098ee776a7954eae03dda,1400.0,710.35,22.07,17.84,84.9,5
89dfba99bc6a9836761392161809f4c7,533.0,1263.0,13.69,20.72,149.9,2
96950c37f6e45106dab4a4fd012e1ab9,11850.0,19.8,7.49,80.56,189.99,1
e035b961b5292eb21034e4462013fa66,100.0,1158.92,6.89,16.05,22.99,1
6af5a09bae161896af1bd1d4a83a39ce,12650.0,478.09,8.89,34.63,124.9,4
1deb4eb0317ca755e8f5f2f3c3193fbf,300.0,357.52,11.13,14.73,139.9,5
f0031384d36ff045ee1e866942d0fa7a,3008.0,1984.6,5.72,47.18,74.9,5
c0d11a106cbef6047ce147e9f8aac554,1475.0,285.99,14.13,23.3,102.9,4
911a1415223d88db2cb3009539457465,1200.0,10.72,3.25,12.7,142.5,5
7f3f24575ff9378ce7df685115ba3695,7433.0,1430.23,22.24,35.21,119.94,4
2d016564dff0c20b352e75b48e543e32,85.0,1025.26,9.3,18.51,58.5,2
6e93ed2e3c661536678cba89556cfc2e,7950.0,349.22,19.28,54.13,369.0,5
cd8f1098418f4fcc23c29232d9c04dd2,850.0,570.21,10.45,16.16,56.99,3
ec3d016217751432b67659200ab0da7d,150.0,429.15,11.26,15.53,112.0,5
11e22e541201ac67ff98e87193b4fc8d,3050.0,264.33,8.27,12.76,179.99,5
fa03e623ac862f8a010b31c379fff90e,6050.0,341.01,5.15,23.69,99.99,5
85b1f22218c7215d7cfc05e2a3800d83,1000.0,32.4,3.55,11.73,72.99,5
71cefe5177d8b6b11dce9fa4060f01cc,700.0,902.35,17.34,17.92,40.9,5
c161b053af12f2e1a9562da2f4901b78,250.0,501.66,7.48,14.38,89.99,5
38e65d97a722fcc306a1ae87f68c5b45,3000.0,465.91,6.15,18.04,59.9,3
d49a2214238550c6f2fc4e5bfc7d92da,100.0,486.13,6.15,14.52,32.99,5
6ea1fb8b83a7703077033993d1bdc5fc,100.0,152.82,9.55,11.85,39.99,4
aec9735c10ae64b07f60d33908e5b58a,401.0,22.9,5.09,8.09,118.9,5
9dc248d86471fa08839eb2dc39e3a3d1,250.0,337.15,13.08,15.1,49.0,5
37f6cceb272b1ae10ed4bd8cc0d4a98a,1200.0,407.29,4.19,19.51,45.97,5
4fa6e0de7b5c8b7f990200ff10e5d20a,150.0,315.35,18.65,18.23,31.49,3
387b686e67af0056a9b8784b8097808b,100.0,401.71,1.77,8.09,119.9,4
957e60e8b06f5c61044ad86aa626cd49,6050.0,2198.79,60.65,38.1,79.0,1
3abff6f47304095eb8da87b12ca07046,150.0,48.38,1.92,8.65,199.9,1
dcbc872c5cda84c5d6373c44570b4889,200.0,424.95,5.52,12.48,39.9,5
061f31c732cb84a989d5b62660212ecc,200.0,2362.2,21.68,17.77,69.99,2
857026945972df7017e1a4930a8a2ada,600.0,546.77,6.86,16.12,51.9,4
c7b452fdceffb8aff6cfead40826895d,2950.0,644.45,3.05,18.63,197.0,5
873b407aec2027c9588607f4b0b8786a,9350.0,416.61,9.03,24.79,315.0,5
d68393f8b33cd22df7d78832c2761013,400.0,467.87,8.82,14.93,89.9,5
63d6a91d52c3051f930506eccaf995ad,1600.0,677.85,25.99,28.0,149.49,1
67f8e053cf5ef87dac0a72cc08a49bd8,188.0,942.92,21.55,18.49,86.5,4
9f5452841a5075ac35f12e8854c793cb,416.0,277.95,12.01,12.84,190.83,5
a9fd72b050d13c8473c0d9503ac493b8,9900.0,1242.53,36.24,53.39,503.34,5
e391abb7236a94efed4fc9ac3b2d4b32,2750.0,392.92,3.98,38.47,59.9,5
6d166a44957a119a79b6213272be7841,700.0,348.34,16.93,18.26,99.0,5
317e2a850e41487363a134bb3369262b,283.0,1677.73,7.36,52.32,228.8,5
11b2c36a481a4272681684f4b09ffabe,3650.0,2103.08,8.76,28.83,49.9,5
1091b52a01d06a2bf1e97ca70cb2d75a,100.0,408.73,23.81,22.06,11.5,3
52af753a3f7bef8c2802da99f6a57751,346.0,497.0,21.46,16.28,219.0,5
152575943eb3ac19455e0e1a13e3d1cb,1050.0,410.86,21.11,23.64,119.85,4
91051e0aea46cd16d99a2697b02d83d3,1700.0,333.91,23.93,21.4,129.99,4
5397db7879f283d4c554b5d8483d414e,300.0,1919.4,15.29,34.15,37.99,2
5f46b2bed09a721e0a7196524881ad5f,150.0,1969.7,13.01,23.54,149.0,5
24bfe29693d0dbabd5e08b3b3bf1064c,500.0,1042.64,6.5,22.19,199.0,4
43f9a3d3e9d95525bfce717e31f72a56,425.0,330.03,24.67,13.83,69.99,5
9f7d811e4738ca24d33c0dc98d2cba67,2600.0,732.06,5.08,32.59,245.0,5
9c76544bc3be770f1d1577a923ca28c5,7625.0,27.09,10.99,19.32,229.04,5
2227760b50f899205ac9d202e3d9d981,200.0,393.18,53.99,14.1,29.0,1
66349c255eb9d3c6dc26d8e36dbd83bf,1700.0,504.49,7.94,12.26,79.9,4
7f42ca48939d07a27919a2a3241ce9a5,1000.0,702.09,11.07,18.33,64.0,5
dc63907221fd261fcedb84efa214a6cf,1175.0,1942.65,17.3,38.15,85.9,5
f0c6a0e0bfda2071399b8cf2debeec5e,1200.0,333.37,9.06,17.32,152.19,5
deb4d64c7e457c0ded2e2be4823678c4,200.0,17.36,4.83,7.78,37.99,5
8526a9a3883c882acce72e212f5b2d17,175.0,346.58,5.25,18.43,47.49,5
47e61b8ad8a1bb1dff9371cebc4c0637,363.0,522.07,32.9,17.19,349.0,1
488a3468338d9c4c6caa95bb4b536b90,800.0,94.57,7.25,12.54,164.9,5
d1c433d85b26e0171d6f80a9356ae7bf,1400.0,424.88,11.24,13.61,84.9,3
8ca4b77b042042e7388a0df85b37ebeb,1700.0,143.07,1.97,12.14,149.9,5
46d2062e8a19cb5473491cf07b5d4629,10700.0,349.46,8.78,37.03,89.9,5
6f1a5c9e21e2e48b21bbe4519b8cafc9,1150.0,970.72,13.15,20.84,99.0,4
144e2a5f3cce02b2f4678bb2bd5107d7,2350.0,358.93,19.55,16.9,93.0,5
d7a1546121d90a9aaae7a851291d2ac6,1400.0,482.15,9.37,16.81,80.0,5
b9ec77884b9b01c77b08f954cbc97fd4,100.0,47.61,9.07,7.78,59.9,4
fb8c006ccc9a5c06f63dc31bb472daf6,15350.0,942.02,15.03,64.93,599.0,4
f980e209d6b62a363dc04e2f2b88d568,2400.0,127.22,5.05,40.11,229.99,5
a9235f1e4fe944ca268711a1e13195b0,5200.0,91.18,11.99,11.73,59.9,4
1d45f1b6e12afefd21dbbe53c2b858e4,100.0,384.22,10.3,14.94,325.0,5
a90b081d0efa436e072d5328ecd904a4,1100.0,345.94,14.67,16.6,34.9,5
0f7aa32fdabc5a9e10d0e9da37110525,9750.0,2677.54,17.34,32.84,200.0,4
1140d29d5fca1aa97df7515335d759da,600.0,1505.96,16.95,15.93,69.9,3
2c115ba9e25f2b8932ec710356d9eca9,200.0,92.57,6.05,10.96,22.0,5
00f2c876aa08fbba04199823952e96c1,1450.0,366.9,12.16,17.22,69.0,3
a72251c0fe5a71feaa94ae55c2257e0d,7500.0,1401.24,23.86,68.55,89.0,4
10a4af81f471c29f5f5d3864e3c8dfab,300.0,2120.14,13.23,17.63,25.99,5
b1ab9ab628993453ae0b068d4a8fcf78,1400.0,562.27,3.96,13.79,109.99,5
7e4b03dd0033e5b679e258243d9df206,5400.0,849.61,12.15,27.36,147.99,1
9b52c70d4fbddc36fa8c5e4c94c66501,200.0,1080.8,16.29,22.28,49.99,4
6b654c2dc2e7c610cb22c325fb723057,1100.0,92.98,10.18,11.97,34.9,1
5fe8c7141808af2ac47d98ff8a006ac5,200.0,208.21,17.0,15.52,109.38,4
a98fe09b46d38252ffe1bcccb1a6641b,300.0,416.8,10.43,16.79,32.9,4
b9112da66c99f7f73aed69802cb358f7,100.0,837.65,17.39,16.05,39.9,4
bc14e28998f2436b7a9adbaad226703a,1000.0,824.22,6.58,16.36,85.9,3
1c7cb97df72bc6c604e6019104e2b2b0,550.0,7.07,6.63,9.47,69.0,4
be1abb3e53aa6d058bca807fb41cb36f,100.0,86.29,6.18,12.48,19.9,2
cdd9601c7f7685708434a68d814fb53f,1000.0,76.17,5.0,11.92,59.9,4
dd080c5aab990b09aebe68a9388942ed,1250.0,435.76,8.27,14.32,84.9,5
5635c4d926a70f077059cfbc66700181,200.0,709.18,11.09,15.1,16.99,5
aca6f9ca2dac5791ddb1f8d760ec394b,300.0,2527.63,39.07,25.3,115.0,3
d38498914fcdcab530c34c8f3dc7b5c1,950.0,732.58,10.14,15.18,59.99,5
103188b1afa4614c023b86344f79727b,2500.0,58.58,118.97,11.9,99.9,4
bc1a9933d400e03035913b81f0481158,500.0,394.86,8.97,14.1,35.9,3
d513f9d572bf6a3a3c4e59252fe4f19c,217.0,1456.35,23.09,17.06,11.87,4
84bcfcb83c1d9ce6012fd51befddab4a,250.0,252.73,6.0,11.24,89.99,5
9e5608d7d556337c7a3f1bb6f0eea5b4,13600.0,410.54,8.22,15.41,590.0,5
2deab87eacecced409eb4e2f9b2a4372,450.0,20.64,2.31,9.55,168.48,5
88afc72ed244948d6e29e7458db590b7,100.0,784.29,17.1,52.75,289.9,5
ff31038b08d729b14c0f7e206f0c85bc,317.0,232.05,9.8,15.59,119.9,5
3cf732ae03a74a50fc69cbfe6cb978fc,350.0,941.64,58.09,16.95,72.89,1
f2ff6d86273f7dcc14a4ce28d03b3b12,200.0,29.43,2.46,7.39,13.65,5
174b81b8891c8236be516fb8097f729b,10150.0,515.39,10.73,81.62,340.99,5
961cb4ae528f3707251cede6d513f8e8,2650.0,336.92,21.98,22.36,410.0,1
270e2c93dda2be7908cdf2a877171b8d,183.0,17.47,11.97,7.78,39.9,5
45231e392a71d6e8a9081c85ec33aa15,2083.0,3.83,2.13,12.92,138.5,5
682a34b810b30b9d81683fa8ad2113d5,21700.0,875.84,9.43,23.0,75.99,5
a7ebc0809890f8a034bd5bef34068aa8,1050.0,1329.88,9.25,18.73,69.99,4
108041cfc40e06d2d7a97c426bc6b90f,1050.0,309.8,8.01,16.74,110.0,4
94ffe890849e36497cc049800e759c0e,120.0,128.85,12.04,11.85,28.33,5
21ea7e4d14409db01f3c79aa48b465b9,450.0,353.36,12.04,14.34,85.0,5
d69964b656a7ccf534ecca1716e557c1,400.0,15.57,2.91,9.34,22.5,5
230c4b870a8eec405f6b5db505974701,494.0,633.71,41.52,16.37,313.9,1
ee2019ddac943d402d6c59d8c39d4465,400.0,528.28,24.01,16.12,195.9,3
846115786f1191946815c3b270d72d9c,600.0,384.17,5.07,16.09,357.82,4
d5b4f23f53baadbbaaf0c6a983494333,200.0,466.31,8.87,15.1,28.99,3
b78ba2e791199cc6293f8abf411fa386,695.0,70.49,5.31,13.99,138.9,5
08beae16754b76c55e9f49c7d4d138dd,550.0,138.24,5.22,12.13,89.9,5
f69425cdf960af0610de624359fd6a04,975.0,718.22,13.44,16.11,39.5,3
9171d836da11db31ce6c50f2ebbbac3e,11325.0,482.17,8.5,24.86,104.0,5
ef3b6bd27aca9b9f50e6ad8be5a2b8e5,900.0,846.84,11.88,16.95,99.99,5
21f09ddab3452c7541fdd8b251645918,117.0,1398.71,27.63,22.12,59.0,3
152d7c3d97e950fdb5bcaf5420a6e561,3000.0,603.92,8.86,19.7,105.0,4
0f2702e23f0f00f3b22b30cd6526c3c1,200.0,100.81,4.76,7.39,55.0,5
87df71eb46077c66a8e53d4e92bc71ef,12300.0,140.19,13.07,28.8,69.9,4
27b3b422cdb2f9f358214ae1b74c1365,700.0,2065.8,7.84,72.91,80.0,3
2e00b894a3ca76bbdbbe1067f0bb0edb,50.0,35.41,2.04,7.78,16.9,5
1bc159c29e3f54a9f2d4d2bdaa45b5df,1500.0,630.43,7.76,23.32,74.8,4
150fb6d066c66925d51a48782deafdfe,650.0,560.3,10.48,19.34,53.0,5
056c68d093c100017aab1f00f260705c,750.0,125.44,9.5,12.79,39.99,5
6a9bf0121b718a84449bc75bb129ed6c,2600.0,1832.06,34.93,43.53,159.9,2
5af267e0e81330ccb7db9a0e9bff5075,750.0,6.2,3.49,9.51,109.18,5
136d768d679a4fc7902e10fc81af17fc,1350.0,822.64,14.66,21.14,170.0,5
5e8b4aa74976e14d93bdf32760b2e1f0,650.0,493.59,7.56,19.47,39.9,5
e7d942c97ee9fd9ff765a96b3f34c48a,850.0,159.04,15.69,13.94,229.0,5
ab4d923f0c19b1189d542b64352de060,650.0,375.4,30.16,14.1,12.67,5
d8c288d0fed5e08752d14664f564075a,200.0,21.36,4.84,7.78,35.0,3
fe8d684a306224786c4e05733a48129a,1000.0,303.01,8.05,16.23,210.0,5
e7e3c259f44e9bca3fda8c9713ab2dcb,6600.0,447.87,10.81,34.44,129.0,4
e8cf1ea2e67a4904539450c50755d2ef,207.0,303.05,12.24,12.13,89.49,4
e99d985e66dc0f62859946b86b5beaff,700.0,43.99,4.07,9.34,38.0,4
476e559ce686af69d6051a5d973c3971,850.0,565.46,9.81,19.86,95.0,5
a3bebc15aac7ca437c445ca941e5d152,7250.0,468.45,4.56,23.82,119.0,5
c00634be8f1613b3019605c2cc96d06b,425.0,1954.84,18.01,51.61,159.0,3
9dfb9705fcbf1805dbdaec67d4149b3a,250.0,327.91,12.49,12.97,89.99,5
b3dcc3645a264d2f98b2be2940451718,1400.0,765.48,13.15,17.67,59.9,5
c84d88553f9878bf2c7ecda2eb211ece,380.0,25.19,1.35,9.21,65.0,5
e811880120e802367a37c73fdbc0a7a2,17600.0,574.81,17.37,37.27,559.0,5
c870c1f3a9ba62194d1060c0accb18dd,283.0,121.13,9.35,11.03,45.0,4
a2bc73324deae324f55c19f447c75d4f,250.0,612.36,13.14,12.48,23.79,4
6686e93efe206ed03777981a67e8c1db,8150.0,702.44,7.07,66.6,199.0,5
dde52e7aadf2e606b4c1b0effe1950bd,1050.0,665.1,13.31,19.86,95.0,5
7bb2d2306ca23ac6bfa201aec8a5b2d0,1813.0,854.14,11.82,16.53,79.99,5
987963d6403557c1025b55e60540397a,750.0,83.36,4.95,11.9,99.99,1
a434358927e93bb6e639e7f0b9355e8c,5850.0,259.49,7.18,15.98,39.9,5
e030f5da42afc3b5b81b24d7c4d1bcb0,1250.0,369.34,32.16,16.64,55.9,5
5577cb7e0293ba6a71ae4a7bea29c5f9,200.0,337.04,11.13,15.23,35.0,5
25be22c7ea02446031d831e7b5dcd8b7,6250.0,139.27,4.15,68.24,139.0,5
033fd350afad5c65be91a385733af4eb,1200.0,107.67,5.96,14.61,42.97,5
fd7303a4968ffb3832a0bc5fca2d2b6a,1050.0,318.43,8.11,12.2,99.9,1
da1d2907817d2c95b1f3e07c76d26bcc,5300.0,99.92,4.01,18.56,326.16,4
21446a89bd1b60e7daab9013a9b1f6de,175.0,2095.94,50.07,25.63,29.99,1
085c76ec2a854d66417d0dddc622adb0,200.0,559.96,21.78,15.1,40.99,5
b7bef020492af2903362c33783ad4e38,900.0,339.76,14.3,18.7,349.9,5
e4359be0adeea34c8db93c37391dcf9d,7800.0,825.66,6.73,19.33,149.99,5
f4ebe4ce4e9765df6954a4fbc44ed37f,550.0,2385.53,15.1,26.74,72.0,4
c132bc0c62bbe1c74a7944877af2246b,850.0,718.14,32.05,21.28,329.99,5
a8509dc24b521846439b3c61f221af06,1110.0,94.03,13.69,7.39,47.65,4
83f897bfa5b1f95356e8c9a33679cb49,7600.0,6.77,3.02,26.24,179.9,5
c4cffa375b754170e9823a1fe9ac75bb,1300.0,60.88,6.73,11.62,85.0,5
a951133aeeb49076723a581a3eb8d51b,1250.0,493.45,6.19,23.15,49.9,1
670f31d9ca85d0b5430d0dc8f1d843c0,1350.0,159.28,11.1,14.48,106.9,1
c1953a3b2e06406891e77c095a39714a,2350.0,159.43,7.12,16.75,159.9,5
0460d320a0a3d5a59cbc08636053751b,459.0,301.09,4.72,13.5,119.9,5
caac6605538949c162e1301b3280177e,1950.0,352.72,7.68,18.03,110.8,5
653fb84a9e7359c05777a5332a48a876,225.0,353.08,10.53,14.24,69.99,4
6f5632cd906ec2ef07ed45c8af2e8811,3800.0,876.8,4.7,28.03,150.0,5
252a85fbb824c236e3b232f556edfc68,200.0,352.39,22.48,14.76,145.0,4
b387e886ca5c0ec6c0f74a67d7dfc141,1150.0,591.44,12.75,16.11,49.99,5
20cebe1097b0f1c09cc5f22570566d1a,15000.0,979.35,22.89,55.57,424.2,4
2c85015afa7245242d2f751099dd70e0,750.0,227.48,7.46,16.88,304.9,5
ea13768d97ab79edb0d45803896a5c86,2000.0,201.35,14.26,35.86,39.99,5
886a55792a14cb019feabb58baa814c7,750.0,315.73,11.49,12.79,39.99,5
6c9931ec5709dc11de12410eb483b101,250.0,1063.08,7.89,16.99,79.0,4
f630fd7dffb55e2d36429df08aac0868,400.0,108.04,6.22,13.71,19.0,4
5590b14b260d2f61b2db5efb8d4a4601,540.0,390.91,13.46,16.39,233.0,5
03b89e8b0ef3ba18cc903dbaa7aff107,375.0,430.65,3.94,18.3,28.9,5
5d3a31f4c1c7625511f6d9b2bdc3b20a,900.0,2374.73,11.71,64.58,364.0,5
a3fcdd0dc6c0b942d30aa09a4103f7b5,1650.0,296.94,8.25,14.78,66.9,4
775dfb31da346e5cf77c2fda51ae7bd4,200.0,831.22,15.97,14.37,89.0,5
f1147937e588f3e556bf8b1d57bf4881,270.0,345.95,12.16,15.23,19.8,1
fefecf93dec36efbfb0155b5db427db6,4800.0,1265.52,8.75,27.47,148.9,5
662dd9cfb9338f3ac5ef63af393d7e32,200.0,373.06,14.04,14.1,29.0,5
6c690f3acecd6d2c000b1a67a1a699c3,3000.0,2775.16,32.55,61.63,549.0,1
d42c0ebb65d63fd42b509a1573c281aa,1833.0,449.69,7.77,23.61,115.89,4
1b4ba3cd652dda7ec4b796a7982f326e,700.0,5.75,7.06,9.74,143.9,3
a6cc5e6ba2fb1b3d7fd4e73f7784f337,570.0,428.35,10.13,20.29,345.0,3
f32ac9e04d057c043017dc54d5fcd9da,950.0,456.27,7.11,18.51,89.9,5
1ed70e8d41f1ea6bd7763ade88da02a6,800.0,676.13,5.86,19.49,42.99,3
114c9407eb2b873d07c1b3bf91e35a9c,800.0,1482.62,34.17,36.08,109.0,1
fbbe0010317b3629aad1474e5a7da889,250.0,157.55,11.03,7.71,29.9,5
189711984919a2bdda375153d796d096,500.0,1495.61,15.93,17.92,26.0,3
b66cbfeca2b3978020caceb7a64093c0,533.0,1588.98,17.21,27.59,149.9,3
09d20920406c53e92821c0f4a82b3811,150.0,26.52,3.46,7.78,17.99,5
5c2c3051e99aa85bb1f2260f51e59f49,6350.0,517.13,11.58,44.84,149.0,2
c64790d2002c1c29cc6890a8123fb222,300.0,374.28,12.62,14.1,49.0,5
f2ff827e4cdc7ef1dd8a16f9c38e8f82,15800.0,131.86,7.12,18.81,987.0,4
e810b951987f209ae0bc4bd6279c837e,5050.0,80.24,8.64,13.61,85.0,5
31abfb3d839221bf8dc8165fbd494c2f,5950.0,224.33,4.97,23.69,99.99,4
00cf2b04c59f0ecaf822bf3f334d5c3b,342.0,290.6,12.41,14.68,320.0,5
d202554195e58c33ec744226022191f1,817.0,568.21,16.25,14.88,164.9,4
355a4f037048ba07c6bc1b564d6a8448,250.0,1295.11,11.94,16.92,69.0,1
4d605dc9c5436f936edfd77a5c410297,450.0,593.11,7.4,18.25,53.55,4
038f8b45fafa1130d2557e5b8dfd5d71,50.0,127.06,2.25,7.4,19.99,5
1a2aa47afe4b1d4eaef87715d1e40ef0,950.0,391.0,9.43,17.01,177.99,5
dec7dc241ccb42c75f312f0f37197d3e,5950.0,25.51,5.24,16.71,143.8,5
1eb73d543a6a3318fe766653379d5d4b,1350.0,275.25,6.23,13.86,119.9,5
846e3d199aae8a67c1d6a2ca48889bdf,150.0,7.45,4.02,7.39,19.15,5
ecd2748a24a9595ee9ae3ae645a01ae4,300.0,295.23,9.93,11.85,45.95,5
f64dd636875aef9058782fc05a867ec1,1183.0,1121.84,12.03,29.0,86.36,5
64570ade1d7db4b051bf5387c94bc96c,800.0,9.4,5.05,9.3,23.9,3
9d9866633100cc4ffb5fc63ee78fb52f,300.0,39.43,5.73,7.39,47.0,5
e72a36376762439e06ca2defff6e1844,1850.0,634.36,16.0,18.14,127.0,5
8efea0c3d02c48c7c99f50109fa108f6,260.0,136.58,25.84,14.9,104.0,4
d9274f2e0c7860b038f3f05c0cdc6a45,5550.0,1134.23,19.58,19.95,100.79,4
95d48dfe4e0e1340d723337fb3a8ca68,3800.0,186.27,5.9,17.54,59.0,5
e5ee38b54f1a799f6e122d67768cc1b2,750.0,2164.75,18.99,44.48,89.9,5
55fa93249d8122a871689fd4c9511e2b,1900.0,2050.52,29.31,44.48,90.0,3
6fcd9bd1d3dfdfc1490067e83d7bb63d,2800.0,545.31,6.83,27.13,119.0,5
d0f9f41e51b973c669a8c5f4c629eda9,150.0,922.28,12.94,18.95,153.5,5
242bcea719638feb8c102d38e67a4977,1200.0,353.25,23.39,16.82,81.49,1
38568e887b1eeef65756294b42fc8fb3,5500.0,449.21,24.42,28.6,59.0,5
93bb367e257c000bd449a46fd0e75e56,300.0,18.61,7.88,10.96,24.3,5
53a72dbf29b3890aeae332e05c763169,6550.0,338.79,22.27,40.38,149.99,5
aebfae1934f275da60a8fa54082b5ee0,1600.0,467.1,14.86,17.94,99.0,4
43a462022e4f6463144b36cc47783b7f,8200.0,35.8,3.63,21.47,119.0,4
d975f03243bb4cacbbbdab1631466bf3,1217.0,33.41,1.3,11.15,66.99,5
2dd878438308a6896f7a9f44d4343435,875.0,820.31,13.87,16.57,258.3,5
df2fc7ba1ed5d8b9defb1d67ded57fb5,2150.0,41.84,4.8,8.72,14.0,2
42fa07019d8252444a920c348dc8b011,750.0,29.63,4.16,9.44,88.99,5
caaeb078c34b52b95c43a6b1390354e9,15350.0,2060.79,17.41,90.81,599.0,5
a8c73a48c9615d63b8ac5254472e9c42,650.0,664.59,20.46,15.17,59.7,5
adac885fef6aa7cf2ae87956f4eb74c6,500.0,1615.51,29.02,17.49,150.0,2
160eaa51781cedcf20a9a20bc9138a8d,1200.0,276.71,4.18,24.57,284.0,5
e1b7c817cbe8c84aeaad8a92bc96970c,1100.0,1063.86,13.17,19.98,105.9,4
4ae41a4932898dbf49f39d10745ba16f,200.0,47.92,3.89,7.39,13.9,5
e5d48f5d3719ee190629a850e362dc57,317.0,93.65,8.1,8.72,39.99,4
a5354e17680d3730453ceddfc9a58f1b,150.0,215.84,13.79,12.24,112.89,4
c6c5b304ff33e7fa4af88598e30ff11b,300.0,30.93,7.9,7.78,24.99,5
2df2a222e520a870a74709dd945fb1dc,2900.0,22.54,2.17,13.13,119.0,5
868c2bcb3623c43e2c25a0ebedbc3f12,475.0,476.88,8.57,14.93,168.99,4
ebb5affa057893d369c438b0eee8e2b0,1100.0,18.11,4.8,11.73,69.9,1
ab1969d313f329f430baa04696d322f3,450.0,918.27,12.11,16.29,84.99,4
cd44314b084629fc21d3a0dca3147f7d,6250.0,594.58,14.52,43.27,422.0,4
724851759f03251eb3a9e209916f07db,1800.0,257.42,14.23,18.04,113.3,4
c140205cbbe8c442615a6a64cca7497e,600.0,721.14,10.45,15.1,28.0,5
662c788b9c2ea48e41b682f578f481ec,1000.0,26.41,3.09,12.91,243.0,5
bcd05b48176dab8d00672b325de126de,8350.0,379.07,15.99,21.53,148.9,5
22a2517a6ad37a1c94d5b7a646e3f168,2800.0,960.26,7.26,23.23,93.45,5
b143aeb37a4d82ae652c5c4ba8461411,550.0,503.68,13.06,24.55,1399.9,4
aa7c822797dc5690dd629ea428f25822,180.0,1256.11,10.2,16.79,12.88,2
f9ec58487d5b17279ea8e6226772ed60,1250.0,428.78,28.86,16.94,168.98,5
dab321037289756354fa98b118f4463b,2375.0,1653.39,15.65,27.59,159.9,5
214a2fc82c1accbd3c6e1edafe954078,1100.0,1268.7,18.3,19.93,98.7,5
9b6c23f7e50fe64b97022b8c0d3602a6,2500.0,574.53,10.03,19.59,43.95,5
3ae4da572301245622989f97c1da93d9,450.0,510.94,6.01,15.56,115.0,4
343c79502b5f394194fbf53ba4a561c1,500.0,17.84,6.23,8.5,48.0,5
73ffc468078b5f3e2c4260065e5e5152,1750.0,1965.81,25.7,37.8,93.9,4
adb029a9e8ea33a3451d05c43f495905,250.0,51.31,2.28,7.39,44.99,5
f492581043b9d6d7074632e08a60c07d,500.0,1114.63,10.84,27.65,339.0,5
1853610c46a77ba436f5e06e16ec8302,925.0,504.74,7.18,15.17,59.8,4
7263c7e1f9fa94a0bc47b767342352ca,1200.0,1214.87,12.88,17.64,55.83,4
bd086ca155971e41011456e63e94f36e,750.0,354.16,7.04,19.7,72.9,5
65dfd5eb6f5db48fcf9b5e4f5c8f1391,5600.0,569.75,7.27,21.72,175.0,5
0e15374841586ceb3db68902f68809bd,975.0,290.86,17.99,13.5,68.9,5
edcc020b94ba865d7254269e6cdca99b,300.0,49.65,4.08,9.96,339.8,5
8a3ec851fda600089ac1c69ca40215c0,100.0,290.72,26.75,12.79,43.5,5
ada6146d9553232fb9b561d1e5105b11,317.0,37.25,4.97,7.78,18.0,5
a809c12014a1497839f797359c3f6d3e,200.0,1034.37,36.06,26.33,149.9,4
1f31fc163d36ff823c54a14e947b5bc8,325.0,836.56,4.66,16.13,98.0,5
28e269302feb6f72832f8c443652b8a9,5750.0,450.29,12.79,19.41,31.99,5
a6266e7ddaed38f2674271c50964d50b,200.0,515.07,10.61,11.85,13.65,5
b7a0874c2d7329a9f277027471bef747,1400.0,917.69,7.16,18.07,69.99,5
024ab991361d48e491b7dad2f172b43f,7463.0,2078.85,49.17,34.04,79.98,1
a733b21b193138d300d317f855e1d102,800.0,42.19,5.84,10.96,39.9,2
bfbf45695ada6f6c2b2bbf14d224aeb1,200.0,384.34,6.39,11.85,49.0,1
f1a96431843abf74cfdda6b6307971fa,100.0,48.68,2.7,10.96,10.99,5
6db7e4442de05056ba045dde1f9cd9a2,25000.0,766.39,19.91,151.2,155.0,5
d95c203ba62b39ad3c3a2df8d5e7c052,250.0,128.48,5.65,8.11,29.9,5
d5f812041d8fc446c00cad005b616a3f,200.0,75.73,6.19,7.39,64.9,5
f35a3647da20a2e0ae698768b602652d,125.0,439.06,6.04,12.7,52.0,3
96b205ed4ede615918071ef68a2f8831,200.0,2344.57,22.13,22.85,40.0,5
8d4bf0250a288cb514e50be83d8d6cd1,2300.0,223.17,21.32,13.86,119.9,5
65a8df3dfc633bab93334857a125db21,6050.0,637.67,10.07,50.99,99.99,5
0410df130bab1cdcd13e23044ef9d76a,13388.0,31.14,12.3,7.68,116.99,5
a224640d67f0bb8360d291fbbf4491c3,335.0,445.94,10.33,18.97,156.0,5
dd95d0db9c5b772bb855486678dc8a87,1500.0,436.02,11.96,13.37,49.9,2
fb7bdd2f11b840e2a9897418aba45fa3,150.0,355.4,9.65,12.61,68.9,5
21787a9b049d1651878b1a9bb3fec657,2804.0,436.31,10.37,19.92,299.0,3
ea921667f0ab37edbe094d0e67c9d454,475.0,298.07,11.26,16.76,369.9,5
4299be2dc8847aed47c08fea1f55e72b,650.0,7.4,4.06,9.44,47.9,5
9170aebe7b37a53bea1f29d91488b0fc,400.0,492.77,12.17,14.52,29.9,5
deefddac1368fc8231f1db9657f5d69d,16150.0,224.93,24.1,41.02,146.99,1
2ccb6bec4f3730c45dafaa8beb92f482,900.0,673.26,9.21,20.69,349.9,5
ed6cb5a169c4568b5d2b4c7beacc52e0,135.0,1180.29,11.11,25.63,42.9,5
4be5f1347b9a783d77d8a9f5af069886,321.0,443.64,12.81,15.34,84.9,4
f9eacd2ae0f04cdb4b243d2582392d35,2500.0,646.08,16.77,26.78,99.9,5
9d047c83463a30fcc3f2b361d9a33d2f,200.0,336.19,19.82,18.23,28.7,4
99d631c1611f52df83ba482fecde677a,6700.0,1122.18,7.16,59.2,129.99,5
4e8c19bde0793e367a90575bb84cd956,9175.0,155.24,8.86,14.23,299.9,4
107c4b8b68f41c60258f21df32424c83,584.0,381.37,17.11,0.0,99.9,4
cb415863b9b9ae1341b2deaebdc88c9b,1800.0,302.6,24.03,13.82,114.9,1
9cb00de5b638536df59a274ce43e811d,1050.0,725.42,25.81,18.42,69.99,4
9c5da765587b0ee5c54bf7fb708b4659,100.0,86.7,5.04,7.76,128.2,5
b76a5ae2b022043f9a47795f7ba9b763,2000.0,498.3,15.83,25.1,359.9,5
e38ff07f7864e8fd4fd51687cba79d89,1150.0,365.19,7.87,19.56,52.9,2
6f54e5fd939df1228bb8df39c2f1341e,850.0,2471.45,10.03,27.97,749.9,5
59a19c83ff825948739dd1601cc107b6,550.0,808.95,12.1,15.1,14.78,4
fc303e9e3e6717098dbf0a3484304832,7350.0,311.87,35.48,17.6,22.99,1
9b04dbbc638c90f5ef32517e299b56ee,300.0,577.73,23.43,15.1,32.9,4
0ef9e877644c6bc7049bbd78f6e2846b,1100.0,2602.63,17.11,33.27,193.0,2
6ed25bb3aed24b6735642b12d0dd2e24,1950.0,622.41,12.81,34.59,149.97,4
84d21eead7694f99925e7e056ca88832,150.0,411.97,9.2,15.87,110.32,5
068ded3b756569845d5ede597fe3b9d6,200.0,332.51,4.8,12.48,39.9,5
85ba0f5d522324bd5acb9d014fa37c82,8217.0,706.65,22.92,58.84,139.94,5
774906e7da9df9ff1e2a2aa1dda5034b,2300.0,235.88,10.89,16.03,168.0,5
1b3e96e0d9948e7a2582e092b3ca9ac2,2646.0,768.1,11.34,36.66,187.5,5
54ac92ea720b2574ecf18f372f41ea71,800.0,687.03,7.65,16.11,28.28,5
884199734cfb1a00ae1fd610a03e8a4e,1250.0,870.91,9.34,20.18,64.9,5
de7eb461dcb1d9e5bdfa4a25fe8a51d4,1350.0,559.07,18.03,18.1,121.9,4
04a1e228e53006582fabe65a7767258c,4700.0,338.22,6.03,14.51,59.9,5
844a232f16369f45c236e32ac3132d6d,150.0,445.93,14.95,18.23,17.99,5
ded5e63ba387dee72a94cc313a39b536,20950.0,191.81,10.53,32.84,258.99,4
fe6579729423e95a06cb0fc5664185f1,1200.0,532.51,10.35,13.74,54.9,5
4b21c757f8c1a51d41c1653e15d8f289,1501.0,25.78,7.04,12.46,262.39,5
3580fbd460098a41fb19ad93e010e638,444.0,526.55,28.17,15.76,145.0,3
8a022a9ef01a1c899cd33cff15aa43db,5950.0,198.84,6.92,26.46,120.0,5
adfc3673a2cbc4c987d02dfdbc8dbe53,450.0,649.76,6.99,21.82,531.9,5
626167e3684a7c5f8920b89c65b38d30,1550.0,464.38,15.04,17.67,59.9,4
a83755325957c8eed972dc614210922e,400.0,746.8,5.91,13.22,107.7,5
7caf5a3cc5b5e6a117a963be598bbae1,300.0,17.15,4.28,8.72,19.9,3
062afb045916ff90100893d5df84c186,6550.0,396.41,12.21,13.92,129.0,5
3594e05a005ac4d06a72673270ef9ec9,375.0,22.17,3.29,8.29,18.9,4
82a6000ca5f9b57a52b48fa2c92373ff,750.0,414.0,6.0,12.74,56.97,5
7a66067b9e10d4702dd4acd8c3def707,4300.0,89.2,1.6,11.8,85.71,1
509e8264fd587e8a50d51f2e7fde1776,250.0,112.4,5.5,8.72,49.0,4
8563f78b69f236731470e13b90fde454,10575.0,448.65,7.66,49.97,206.0,5
0c11df2b80d95b1eabdcdf3790bb3347,1200.0,541.96,13.86,23.84,180.5,5
afe0ea024346be7fa63b997fd149c757,5446.0,1281.75,9.89,19.99,229.9,5
e292b3a258a40c3489d65a60b9cad848,1300.0,1101.35,6.68,17.6,19.9,4
ba7e9675b77b9e9f0cb2a9ad0d265826,300.0,545.27,6.05,13.55,29.99,5
79104bbe8dd124c763911a2821546889,350.0,583.81,6.23,18.37,38.79,5
7079818788ceda52a3142be6aa82dee2,563.0,216.97,5.31,18.29,849.9,5
b8474aa90eb678e72fac6742e04efc6c,350.0,296.26,20.93,13.19,107.0,1
cad2acef57f845758b7d0da4ee76a3e1,6900.0,960.35,8.38,86.54,189.9,5
7701acffdc4a67fac70f9ba0d45cdf41,550.0,68.27,6.83,14.33,80.25,5
a610b42e6e4319084d3ce5f60e0dc1ff,300.0,160.0,1.91,7.47,29.9,4
420fb4457bf13ecb615ef8bd9dacdc03,550.0,476.91,18.17,20.65,209.0,5
07161bfb5748163ca6d0478bda1b0a5a,150.0,476.62,9.38,14.52,17.99,5
17c6fca3637ae29093221f080840ff9e,850.0,470.97,6.23,17.02,179.9,5
60c6581ec5ed9187370902a251501b8c,1600.0,544.12,12.92,17.86,87.85,5
5898109e955bbfdb67655f3aa64ecd72,400.0,169.03,4.92,12.06,79.9,5
29cf7109ebb328f37a4c757bf8104827,600.0,278.73,13.96,12.69,48.9,5
29387d1a6575cfba53d5b7ec40c4a338,1360.0,641.82,14.39,20.32,439.0,4
5e51393cd4562accba29a68b5db784c6,100.0,523.89,14.24,15.1,19.2,2
bf99c65e08505b49813ebded6969d109,200.0,422.3,11.43,18.24,19.9,5
d646d163f7d7fceab2954628f695a033,175.0,856.96,12.97,15.1,39.95,2
9f98d6530155e3b3869f47e53834b562,683.0,842.51,13.33,16.86,299.9,5
5446ddcc7951680ce606991e1d953e6d,859.0,681.39,10.42,18.64,199.0,4
67e8d0e4cd27d92c4aeb38cecf962b0d,400.0,269.91,10.81,15.15,56.99,4
ccc8a619ee734c0cb3d63bb11c76e242,2650.0,173.37,6.67,14.78,599.99,5
6639717557f610a34aec7003122f7c33,2000.0,411.63,23.72,19.7,349.9,5
272edf81c6d2434e61f4e15520a0512e,2693.0,496.27,6.34,17.67,169.9,5
b29e21660ec21d241b0b2fdb161bf7d8,1450.0,347.13,8.98,16.74,69.9,4
d2bc00da63cd350e641ae8a80b029316,150.0,747.45,4.95,15.1,49.0,1
a730530dd5bf5940d9b50ffac9d297dd,6550.0,1346.85,15.09,25.31,119.0,3
c3125124ed3dad68e667a2f7807e3e1c,400.0,132.78,10.28,7.78,49.99,5
306ea671aa064b580d06e291967f18ef,300.0,499.64,4.79,11.85,16.9,5
a516c9c0848ac05520b05e9e06e981b8,750.0,9.97,4.02,11.83,89.9,5
5ee25db3905647605d30aa9aff44782b,1250.0,50.01,3.87,12.09,50.9,5
7f923d4f971b7fa555dde1bdc7a9d475,400.0,350.07,7.23,14.15,56.99,4
c0b7fa0a374f7d9ed01d813a0aa67f71,200.0,799.28,15.54,15.79,19.99,5
5e1857259e2b652b8dbdceca9ee2321f,550.0,219.49,9.44,14.83,210.0,5
0918eb0a00743c2cfeb69cce4fe4fe1e,264.0,121.66,2.44,7.52,37.0,5
7a00da9515dc144e302458e696d61943,200.0,573.77,5.92,16.15,200.0,5
7f8c45241719d873d8f5e3899b7101be,400.0,391.08,15.0,22.93,35.64,2
626def5d634d7a7c180f03cdd9178930,600.0,243.72,9.37,12.05,79.05,5
38ac62af1b354671501c9bbfc55bf187,1000.0,348.01,32.31,15.63,271.25,1
9bc38db4ef1d6f4fd1844e03b30b843e,90.0,66.15,4.41,7.78,29.99,5
1996623a04f4179e755f57dbcb67d5b3,475.0,122.38,6.94,14.96,105.0,4
b883943a11a0c834424c7bf9bfea8b88,5700.0,340.48,22.44,21.0,215.0,2
f9068fc0240e1cf103d53197f7820a13,1350.0,590.81,9.01,17.64,399.0,5
93ee5063c90357efe9aaeabb20badbf6,550.0,254.73,6.23,12.69,36.9,5
f0fc730a1254996668db8e9161446323,2600.0,94.4,7.94,0.0,69.9,5
b30daa3083a4f16474a6976ca25d520f,7450.0,1814.77,14.4,95.44,1999.0,5
2fceb850b57ede815933d3554ae792fe,340.0,452.01,4.38,13.13,66.9,4
804af8e63aed82b9d93e1c39c2ec49a3,400.0,38.15,3.11,7.94,42.9,5
1de55e56e0ba3d045955e0336a3fab7d,1400.0,356.9,4.08,14.32,84.9,5
8a40025b51fa72583cc8d0fa95439181,350.0,2900.88,26.82,43.79,252.0,4
1218b7b8dcee5607631650cd962f6436,550.0,2367.2,13.02,19.1,79.99,5
df81dcb40098fb783a6525fa2f868bc9,4450.0,379.35,88.24,35.69,79.9,1
8363d443c31df471966f714d848f570c,1900.0,98.29,11.94,24.55,319.0,5
36321eba7223a1e5371a446405480aa2,2200.0,48.56,4.44,13.77,169.9,5
a88f591ce78a76e91c1a9f91eca4fe24,1110.0,537.85,12.76,12.82,53.99,5
27eefac938270184a597acd3c44344ca,250.0,331.67,6.01,18.42,45.0,5
b90c1e9ed0e0b7a17f371bc44ae1f0a3,400.0,2809.89,23.99,31.83,72.9,4
bf6e868e898464ab301f89d753979d4d,5700.0,203.9,6.69,27.18,89.9,1
371d3a892917017b32ada644ba1f301d,600.0,1244.02,9.8,23.54,55.9,3
f96a9dc2a80bc15f23751cd2bb4f9029,250.0,1469.22,9.98,15.79,49.0,5
71a76b70b6437fd7d3cae33f67714073,6550.0,227.39,6.2,23.84,149.0,3
bdc8e349078c5028fba22d1da1066974,675.0,3.21,2.81,9.17,59.99,5
3b0353c6b736cdf2d363f3ab39356b55,8017.0,356.85,5.9,33.54,65.9,5
b5f223689362e69338adf9d075524007,600.0,459.82,5.74,19.32,48.9,5
07b1810af93ee79a38977779e7a410d0,217.0,731.99,11.93,15.23,11.87,3
9035f15a94295b635575a49041ea406a,4338.0,304.5,9.16,13.75,155.0,5
3dae6feef971cab19fbe93fb8d14eb13,1750.0,642.48,9.3,17.67,59.9,5
407cd3e518bb8939aa08c5727593a5e5,150.0,1491.97,9.71,16.79,12.5,5
49d644145fd8c0e627171467006e7c5c,1975.0,317.78,5.89,11.38,109.9,5
a7c2931e0d164883a0792bdbb8240381,400.0,422.57,10.79,18.61,104.0,1
0ac83eb5438f811c9d825c0a059a0f28,200.0,1022.06,28.89,15.8,150.0,4
9b6105fa4cb14f57b7a7581fc23327a2,321.0,417.49,23.6,15.34,84.89,5
0cc25005d4c6ad2b8ca080644cee93d8,300.0,82.46,7.49,7.78,27.99,3
c0a8c5b9536ee81202e0c08ffd9abee4,180.0,479.94,5.41,13.89,78.9,5
95d1a834e8bb4b9a9d0135c658fa9fd9,250.0,54.35,3.97,7.39,53.0,4
dd445195b0424460abe3fe3bf4497228,350.0,861.4,38.28,15.23,47.9,3
11769750147cf0a49a396b01ca004300,12275.0,2348.05,22.57,50.0,176.96,4
4b6d65eba5c9f94bda2a9874ab2f640f,6600.0,14.51,5.06,11.73,50.0,4
0c28b673ceff9e07c5de4539bb0d4ed2,7700.0,32.66,8.06,13.57,79.0,5
7cedc87ca678cbe2ce928829cee6bf3e,650.0,462.58,8.74,16.67,69.0,5
9ab0996e3fa56c0c453bdaa598164273,11875.0,1552.2,83.26,51.06,169.99,1
c2a6e9e49e5282ea4882c738f6137303,1000.0,556.25,11.24,18.23,29.9,5
8f2477c7968064db4bfc9226d1970fbf,550.0,4.28,1.49,8.29,49.6,5
4974295376c45fc743638ffad01b8959,100.0,559.22,11.11,18.42,45.0,4
1b7120c62e8d21f1ee396c4c465101ed,183.0,56.76,10.19,7.6,49.0,5
dc5cb627d7efea62719ee5d36aa9254b,1800.0,328.3,38.25,17.37,89.99,1
deefddf2c3d015db84f7769915719aae,1850.0,493.73,6.66,17.61,52.0,4
84d1f58195cae334b50f9088b38b3495,650.0,386.17,15.2,15.56,42.9,5
f51e24deeba8f9a5f94706e82a2f8ea1,1813.0,14.85,1.33,11.81,87.0,5
baa95b09efafaa994da8b394b11f8814,30000.0,393.41,10.83,148.94,389.9,5
c501e686e3c0455bf577703d3ccc86d8,333.0,76.7,14.88,13.03,85.0,1
28e5bb233e98e648c631612aed074a77,1700.0,335.31,11.91,37.61,278.0,4
c46b48abd599551232324a6e9077bf19,610.0,910.84,8.2,20.85,249.9,5
997b3de75600d17962e4800bd2923d56,396.0,293.85,9.49,17.6,98.9,5
e3bcb51f9cf80e278397c1c56d827285,300.0,297.99,11.67,16.11,35.9,1
4fb497a94478d176225d6cb62333e296,1500.0,912.32,11.96,18.16,129.99,5
72adf8902a7ccd9b21ba70c84f2d53c4,400.0,295.07,15.93,18.72,119.9,4
acdaa16a13bbe2ca9983c730d0e29c2c,250.0,93.41,4.11,7.78,49.0,5
6a07231081720ded5c208be252bdc004,1700.0,435.11,42.99,23.28,99.9,1
3a02f2abd527b2a2b0504aa48bc1b7c2,825.0,939.15,35.33,16.16,56.99,1
6146a7dc414dd1510ac54aa29c2311ed,800.0,34.13,7.99,10.96,39.9,4
37792549e9a1606a574bb4a8aa76136e,350.0,45.1,5.41,11.85,44.9,4
0da1757dba2fb3d886b5051cb964c524,850.0,872.28,4.85,15.01,179.49,4
3d5857f4fdb1061d247dea2544782580,1100.0,14.38,2.14,10.57,339.0,4
0f6ca8c1fe7561766aaaf3f6e2011654,200.0,100.3,1.9,11.15,58.99,5
60e233aaaa492c07368a9bac1c0ee2d4,13000.0,502.29,7.82,35.78,730.0,5
1eeef7bced6c37a113b31c503ba1cdc4,510.0,369.12,15.58,18.14,339.9,4
0dfb46f3a5506f1db29eaed5e2779daf,1850.0,338.86,16.33,35.86,49.9,5
b599b60a3fa09e7a4003eb264aa99a07,1400.0,19.07,5.71,12.11,129.99,5
fe8557bac7755475950823aa9b15ebb3,150.0,79.77,3.81,7.42,79.9,1
7e680cdc973a1bda4710a1fc19e990a7,2600.0,1749.18,22.55,0.0,69.9,5
77b3eaf9da4cd4bce3eaad2547ffda7e,460.0,394.84,11.19,14.86,159.0,5
3e23457628bb06cc3328814e58a4f889,207.0,68.76,6.19,10.04,89.5,3
03059ebda0b2ad61612b300fe34ed8e2,1050.0,2382.41,19.88,19.04,39.9,5
70f814478ea3019fff8677f0aca6a54b,800.0,152.95,4.12,9.17,59.89,5
917f26ec1c625573e0d0aee8b162d3e0,300.0,449.92,8.22,12.86,28.9,5
d32f7844e64842d07dba6964b3494ada,80.0,74.29,6.32,7.61,49.9,5
59af6639bc574148a47076bb16ff485e,1038.0,195.53,6.32,13.51,69.9,4
04711aafa1156335ba1ea7f6f7b7daef,1400.0,168.47,10.75,14.32,84.9,5
53022ba8b7cdb370c2fbabfa7b943df1,1000.0,1526.67,16.33,20.94,243.0,5
7bee7c0c13b6391df72bab5732501cf7,1500.0,218.13,9.33,12.13,89.9,5
5fbe060397f6628f649ee4007f133ac2,2350.0,814.81,11.52,21.73,176.99,5
7d0144fb77e164cc237e6aa0cb4d3a01,350.0,324.5,10.98,15.1,49.9,5
efd5eba320d140f8659440d74a81fc90,8750.0,145.99,7.06,20.03,139.0,5
e22739f2795ccf571ea9b5634b5bef5f,27100.0,389.58,12.18,48.6,269.99,5
21df4877f402eea02a4c1aab13411b1f,1350.0,23.21,6.1,31.86,120.0,5
5b3a129d267d949715aa05716b21cc81,100.0,861.05,13.74,15.1,24.5,5
ed9a73914b6e0fca8d1b8939f2c41879,3000.0,833.66,70.31,25.01,169.9,1
4c9147aeea82dddeeff09c3a170a4820,22350.0,419.8,28.02,70.18,259.9,5
e8595aaa870f27ab07295d40e8c68f85,2400.0,454.69,8.9,26.85,79.0,1
7db3c476a7eed0f931dfe7e69deeb54e,350.0,478.43,10.64,14.66,129.9,5
2db1e25288f9a89e2ed181d8b6216f4a,10800.0,331.11,18.5,42.21,179.99,5
fcb32634415b2501e381ee45da31708d,950.0,1115.96,10.12,17.67,60.0,4
c03349d196d2c2e31e41e29d06396cbf,200.0,25.29,1.9,7.78,44.9,5
8a3ed0cb80d59a07e9eae72442eeea63,533.0,1643.27,10.15,21.1,149.9,5
7d9a71f7ac9e3a44b7a1b07570b605b0,400.0,275.53,5.67,19.0,129.0,3
ed1ebc0780061795a30c800423075f78,250.0,2380.45,7.81,17.63,49.0,5
8c773ab2b6b214fa7ec9e401f2026e40,150.0,264.06,16.0,11.85,25.9,5
c0abe2d7400d2241004b893449bd4430,444.0,348.66,9.18,12.52,146.0,5
ed8e9faf1b75f43ee027103957135663,100.0,373.78,173.13,12.02,73.8,4
73afa0a1713acd1377a6473373016351,1600.0,2372.03,14.15,20.75,49.99,4
c55fbaf625bec4b8ee5e7b0e8929bbc6,550.0,541.1,6.21,14.07,102.0,5
3b71ec8ef75f62e3cebce5c907d0919f,1500.0,352.88,4.82,15.51,90.0,1
85d42749c9d00c658c40e73f8e4d667b,2000.0,84.44,17.17,12.49,183.0,1
4b1e9e86e377397f8b305cc26fb038a9,550.0,276.32,7.3,16.46,99.9,4
f9cda286ca417062ff15bf5d63fbc70c,100.0,701.09,16.13,18.23,5.9,4
eafe112a93e3cab02e7227e619bb73fc,2200.0,799.35,24.77,18.37,159.9,5
47073fb1adb2b41ef8bba8c77d8ed86f,500.0,140.56,17.78,16.07,519.0,3
dead1de9577e00061dad2b64f30dced3,2550.0,1212.81,12.29,23.68,115.0,5
5eb48a486860d85108f3e9b4276445b9,600.0,6.11,3.12,8.49,46.9,5
385a4528e6f5bbd617566cfd514d6720,4338.0,331.4,5.35,16.74,158.0,5
db65bf4cccb652a88bf890bd8a69cdc8,1200.0,2582.23,37.96,39.54,284.0,1
1569f45f1967955e8e1a6bfd41e6f47e,150.0,1611.53,8.28,22.14,29.99,4
f9baa074dbaddbc7e87a92a30dabb5e5,1950.0,1842.57,31.21,42.9,185.0,4
03e99d63b25fc441524d77bda33ab136,1100.0,2049.09,10.5,28.75,46.9,5
a7f8737adbb1896e0664c6bb67da182b,100.0,40.94,2.35,7.95,29.29,5
0a80da8a2e86f5f401c7514602bc1105,200.0,3315.21,32.88,28.97,34.99,3
352c07bd942e2c6def34464d7d84469a,11325.0,18.3,3.15,14.72,104.0,4
2763f1160bd67f35911edc254052a2d8,550.0,2405.36,23.28,25.87,84.99,5
c64e8dfa7c7a1071f1c8d9d3ae2dec11,650.0,689.67,13.38,17.84,199.99,5
d405c5b11a649e5825842c4aaf8082ec,650.0,507.63,9.88,19.32,47.9,5
70217ba6c09626a3f4b980eac7d98a1d,200.0,512.04,14.93,14.1,39.0,5
bc4a4f7bac3e6d96ea9f3d282e621806,200.0,635.76,12.18,18.29,59.0,5
d8c2d5ded5aae20ac6a6e9ef34d9c3dd,350.0,463.76,7.73,19.22,160.0,5
48f5a8fa0f281cf8ab2f7905a11c3c29,130.0,6.99,15.87,7.58,45.9,3
cb6257603930f3618def090a02e57d92,4025.0,281.47,9.97,27.58,179.99,5
653281347be8ac0f1f978b1b250d7350,3800.0,434.92,12.23,16.52,109.03,1
09425a70c5acc9730fc3e17c1e81ac2c,342.0,541.48,7.36,18.79,219.9,3
823070d852b76a5314b41122ae317fcb,150.0,566.35,8.98,15.1,19.9,5
85009f731c1559c53d150e4b3fa7f8a5,1200.0,30.48,4.2,9.69,124.78,5
7174ecbb9386dc1387ffb830640d7411,150.0,43.69,2.89,12.87,29.99,3
5ddfffa95cf4bfa61a2ffa97f3dab85f,99.0,17.5,7.13,7.78,29.99,4
b761497bef87779669a4cb894020af20,22800.0,325.24,19.98,82.7,179.99,5
dbd67f13fdc695836f0eb7b7c83dbd46,300.0,92.14,5.39,7.39,49.99,5
663273652c0d094eb5880f00867434c7,300.0,1139.73,16.14,22.14,29.99,5
d18941a914e7a203e714a20432c05a35,50.0,30.85,1.99,8.27,27.9,5
57d9f3094cf2e78f92e29ffabff34a1c,300.0,330.7,14.01,11.85,13.9,5
94f7b6b57da8c315ba34ed75eb75a16b,150.0,508.21,13.89,9.08,27.9,5
6eb550fffe44d869e8985452540345ff,3900.0,448.37,6.95,25.55,100.8,5
81e4aef5d8ad9005b1295fcc2fb4100a,1500.0,525.69,11.95,17.88,89.9,5
43787011f63fb232ab281d68142f504f,600.0,145.93,9.88,9.17,59.95,5
0d3932a3836fab6762836714e0eee9ae,150.0,1345.39,45.42,16.79,24.99,1
94aa11237bc16075072bb3569a0bf5c5,250.0,2100.67,38.94,25.63,39.9,1
2e5b6a33990392a9c796ee57da31a651,400.0,143.92,10.45,10.96,34.99,5
de2ab566764e5148ccab8476d2cf1806,3276.0,1931.51,21.88,33.87,296.0,5
d6d3c27cbe9a9b4316cdf8d26917051c,27100.0,201.5,10.25,50.07,479.99,4
3bcb751cca185b66b142f0c748f42049,8300.0,885.59,12.18,38.75,129.97,3
e6b52c8a1736370e10c2f79a52fe0129,350.0,344.59,14.21,14.1,39.83,3
b016b176ba1599cc8e192f447c432bab,1850.0,335.88,21.22,21.66,52.0,1
37320ad8d22727a4905681854a14e2c2,5000.0,478.0,4.4,20.1,169.9,5
093e88889ed876560de2968023715771,600.0,337.99,7.34,15.23,45.0,5
01f99c97a2034ffb373556e8fdb5c7cf,6700.0,320.82,8.49,23.91,195.0,4
15dd36b746e48dfec9824dcebef22b7f,350.0,353.27,6.64,18.28,26.19,3
14ddbde8a800125503870bcad59d2851,500.0,108.51,11.16,10.24,189.0,5
2b71ffffcf089d2287505f5b4441204b,1700.0,267.23,16.65,17.09,29.9,5
3ee62ebf18aabbf553dfaa8dc35264f0,350.0,1840.74,13.73,21.22,109.9,5
a60314cb61d530098340958b535a8d84,2900.0,867.5,8.99,21.82,189.9,5
b32669c7ee374ba5372e0824e5ec560c,248.0,871.27,7.61,16.76,189.0,5
e5f19a5270a65dd6e5deb65c0b16d719,5300.0,501.68,33.11,17.0,326.16,4
2c60bc71e6da917194c35fa7c8477e7f,300.0,487.03,42.31,15.1,27.99,1
e6fdd5628869deef14230ee582a7a4c0,297.0,2032.63,16.07,26.45,279.9,5
796d7e38e13c7f6c4f227fb178fd58dc,800.0,613.59,29.03,16.41,93.0,1
ae7c4721024efe600df6ac3fa7e52c58,7625.0,527.37,10.27,22.7,241.1,5
b9d8b4ec472a40d54e329cc366627cba,400.0,367.88,7.03,15.78,129.0,4
d6a4e0f6f17d5eda710c204339ec6e51,1500.0,1919.9,22.06,28.75,36.8,5
2736bf7aab22cee55c31e7fedc6e2a45,2650.0,384.83,11.43,24.19,527.99,5
e3d211011fde3f5b8aaf8ecd42c4eed0,150.0,64.2,2.96,10.96,39.9,5
b2dddd3ac6945bfb4a4a8b336d830a64,593.0,2842.49,29.15,85.02,550.9,5
bfaf4827cdd358e6cc443e44f9f9132f,550.0,448.18,8.77,15.15,56.85,5
5e5e7f7a2ede19230d510a4319015e48,200.0,14.57,2.83,8.72,38.99,4
6be980911f97172cafec8249a401450f,717.0,497.14,8.42,19.91,134.0,5
80b822f372e31deefa128214a3380eff,396.0,303.0,8.17,12.27,109.9,5
bd250808f4d75fb0d98087a8559e2a03,600.0,869.5,5.99,15.24,69.9,5
eac95d79983b55d39fb2139922bc4c36,1600.0,746.33,9.1,18.16,129.99,5
eb7e858d6252b3de0c50073e03a654fc,300.0,1168.09,12.7,16.72,137.5,5
8a8b616382f617096bdf45e1b3e7e3f5,2900.0,82.92,12.17,13.24,708.0,5
4cd9b9d1035b07b0439d6d3e934a75b7,450.0,197.7,18.2,12.06,79.9,4
68032d83f60d0cff0f79fd0aff398f29,1720.0,1593.82,10.04,19.8,79.9,5
9f0d8cab56c7772c7be07de105068d40,8050.0,128.93,4.75,12.79,22.9,5
0b1225af9b8d9ead4bac8d07f4da8130,250.0,872.75,4.53,15.41,44.4,5
0ea8f90c4ad8782358cbc97abcb2d013,100.0,73.87,19.02,8.27,49.95,5
7e4e079e2d9663692b28939d0da6497e,10750.0,267.08,17.09,21.39,129.0,5
70f3d00cfbc9cc2a465887a6edeb1149,3225.0,1309.68,9.16,63.44,1280.0,5
01e71f17355fc56620b0d3678f796c42,4867.0,1124.92,21.95,25.78,138.0,5
e914e961033af34e2fc13b3b0d698a94,283.0,960.39,13.73,15.79,23.8,3
6eb0408a126523fa821e4b54911c630f,1075.0,673.72,15.49,17.9,450.0,5
0f6896ec061c74612b3a5ab4f2146d0e,6700.0,2380.66,43.38,65.62,198.5,1
961d9e5c68462472ac3bba1243d731fe,584.0,319.56,13.36,9.26,133.0,3
24c88e563ba8b5ed9b8b9ca7b72f3016,150.0,401.94,15.26,18.44,79.9,5
179643231d5131dc81e54ce16437972f,400.0,545.2,39.54,16.25,147.9,1
5d502df088caeaef73c83de571ef31d7,250.0,839.43,18.72,14.28,75.0,4
800d19e2eed430cbd8e9bcb12087794b,233.0,46.08,1.18,7.94,29.0,5
7b997f4d6833a33d2df92a0a939a5b25,2700.0,681.77,20.82,23.96,299.0,4
1094dc9e3237f4deff27a2bab683a300,19450.0,1075.71,7.73,87.93,329.9,2
bb8efe90a4b9dc65b0b365ca7a94db25,200.0,488.02,9.82,18.23,17.9,4
6b56339f54b8363a200c6814ae732846,300.0,931.67,18.71,17.0,132.0,1
f77fe87685972d2d1a7ff6600f590d59,11700.0,2508.68,43.07,61.49,179.96,5
fcd0b91ad7d520a891affcc33e293566,350.0,452.02,12.78,15.1,29.99,4
6ec56173121c5972d0fd631f0f084d93,1700.0,448.25,12.62,23.5,99.99,3
ee0e2ee05e102057fcf3258fddb3f06b,4750.0,782.63,33.23,20.15,130.0,5
dea87e82c0c86203867522c013b7743b,1800.0,476.19,4.03,18.09,119.9,3
f4b5549e1f7d4f62f52b0512657744c3,400.0,2463.15,31.12,19.04,47.99,2
600f11f2924877daf80111221c047491,350.0,575.79,13.95,15.1,29.9,5
715e53f481c6c6658f3c573d30df4b12,14850.0,205.78,12.54,11.85,30.0,5
bb0c66e312ff8cb97698f012cd92553c,350.0,23.46,5.29,8.72,56.99,5
56d41d6576e901ff789906da40878acb,600.0,3.97,17.04,9.34,21.9,2
88847f255be578610b9c0233f7dc2b86,900.0,212.3,11.36,13.37,24.99,4
51efa345a1180ca3879442a31b0a265a,1000.0,286.77,35.35,20.04,399.0,1
98b552e1d64415d84660c7155fcb276b,11800.0,2233.16,25.49,38.36,651.55,5
030475e22d114f70be1a265fee326192,273.0,209.33,3.05,12.79,44.9,5
6981dcb7b07826f29c65ec408f8aaf05,250.0,341.83,11.32,12.79,17.9,4
6e0f05728107157ca451dd9047a4eebf,700.0,884.56,8.77,39.46,170.0,1
2474e13d0d388a471b50fd455057300c,550.0,386.3,7.83,15.73,89.99,5
97d0a7726f58ed266c7501929e1ea81d,100.0,323.84,7.87,11.99,69.77,5
5fb90fed46dfc44305e1c3ecb5f16a2d,584.0,294.38,9.9,0.0,99.9,5
9e1b037882254a396408181e76546b01,200.0,706.6,6.99,18.3,27.99,4
2ec8ddbfe88a339d911208a26f6a8ad5,250.0,2190.73,24.69,34.15,13.9,5
9ff2fbb75e38eaef59472e29ddaf1769,10150.0,451.24,7.35,46.48,289.0,5
3a44d06429bf2c4072a00c216aee4d04,200.0,7.94,3.07,7.39,12.3,4
d185b5e82eb8f2ff1175d13bbbdcea13,400.0,885.41,8.76,17.19,330.0,3
878a8c40acad392fb20b6c462b10cb42,850.0,10.64,13.29,9.77,120.0,5
7c6146547d5509c612ec26867d1cd47b,900.0,2456.66,9.94,69.69,364.0,5
ce0e053019fe2441df8363b9bf4208a7,583.0,1232.87,9.88,26.89,38.25,5
0ba66e23f27848fd3bbff7f24632b0b1,750.0,33.15,5.0,11.83,89.9,5
22354baf9cca9cdfa42fa81c286e9b00,225.0,740.68,15.53,15.1,45.6,5
6e2cdd89bd171bd4572aaa9535c4a202,850.0,585.41,9.8,16.25,70.0,4
e582cfe4b3a98c739d268bea062b2f8f,500.0,1429.32,20.23,15.89,64.99,5
3917a4e61779a9c43bb9a923ff6ec663,700.0,14.08,8.72,8.72,37.25,5
87064d517041a71950b9f0cf6d34b211,300.0,480.39,7.73,14.52,35.9,5
edd9339c2bbb9d43caa9dd4984474273,400.0,904.6,13.35,17.41,330.0,3
f1b1a53088d15140959d9ed6d98c7107,7000.0,772.42,12.12,25.26,59.9,1
8fda9273c38415c07bd4923de4cd82c8,350.0,490.0,7.2,15.23,48.9,5
cc0a676b66d4a6615ad8125548b44d12,5750.0,1797.62,13.22,41.78,449.9,1
9fbe3fca2706c665022b219b8ff8d27d,3300.0,247.01,9.26,26.27,205.0,4
6a3cf68b5d00317f1869cd638dc6889c,150.0,126.99,6.27,7.87,43.0,4
1e90eae620cdf28010098a2159d56ebf,2200.0,534.28,40.47,20.91,59.9,3
3459f554a17b52bc945b6cb98f90142e,150.0,98.82,13.32,7.39,21.99,4
3562e5cbf3effd83e186fe72ebb92f95,1300.0,334.12,18.19,14.1,27.93,5
15e8f1d0967f04f82bb45fad40cc1e9b,710.0,2024.49,19.45,40.47,540.0,5
3ba2d0012b1f34bc6ccbc31c4ba69f93,425.0,338.92,6.28,14.1,45.97,5
79e324907160caea526fd8b94389dbbc,317.0,28.81,0.99,8.29,17.0,5
df068f6cc2bc485b63c68ddaa02a59e2,400.0,514.56,21.52,19.68,101.77,5
bdf1e2d7d2e18e7b0a623550d2202ea7,19650.0,777.51,9.84,178.33,149.99,5
5a4622fea27ea392ef817c16c9aa3da7,100.0,471.06,9.08,11.85,15.0,5
b700e6feb73a0ffb4f4b8571b68049d2,19450.0,1465.37,18.12,148.36,329.9,4
b1321fb5bfd83cdb2ee746991c919284,117.0,212.91,5.61,7.87,21.9,4
db7f48023b3aaa3002217d55bf03ee3c,12300.0,318.17,9.34,44.24,759.0,1
0af0621c001cb61ae1559c8f6417e1c6,300.0,384.23,9.33,19.0,749.99,5
ec0112ec66031380d1782e0c3cb08fd3,4100.0,50.61,5.47,15.89,84.0,5
182499c96e47e2fa18c6d442a1fa6b1f,750.0,520.35,3.98,19.96,141.9,5
13252181a93b4bad74b1611626df60cb,50.0,8.92,6.54,7.78,13.99,1
0745201fea5d6f4aabd42e92a7d3b3b6,9850.0,375.6,11.22,18.5,179.0,4
a3c53273ed47fb96dac35247ea42a371,300.0,529.61,5.68,14.79,149.0,5
50182b772092990f9c237c00c8c24996,150.0,9.67,7.89,8.72,39.9,5
eccfa9494767cbb5849832af90431606,400.0,1452.92,20.86,22.2,99.9,5
ac509c21fa5c6600dd4b07e524fd5526,1600.0,295.33,17.95,18.18,132.45,4
ed274ecbd297951203b23b1e071eb593,950.0,242.41,3.05,8.38,56.1,5
05252513392111e8721062d8ecd9edb1,225.0,65.24,11.63,11.85,45.0,5
b0bf00faa32149ac7d0400f67ce3d3b0,83.0,799.34,12.38,17.06,7.99,5
0e1168df285cd6d3ceff240eb59c0776,300.0,67.12,2.36,8.27,22.9,4
d9184093392a8a7af118edd2a5c9aabc,900.0,1994.11,55.35,38.4,48.9,1
51ad0046ea33a9c6f8835234fc73b8c3,825.0,433.01,10.92,16.45,99.0,5
dc8302e63ff9b2dc67dd51edbd8b537d,1350.0,1779.04,24.94,87.33,629.9,3
0f96e9894259aa8c07c655cabec46c2c,275.0,375.08,5.83,11.85,17.0,2
c2744b957de4e6e717f74b47499ce734,2250.0,909.05,18.13,21.62,160.99,4
34b16c8bd1f6af05432cd98e66341f4b,6550.0,243.31,13.79,54.72,139.0,5
61c1e3cb15d9537106e729de9d839b6b,167.0,496.69,28.87,15.23,14.9,1
1cfc85fa3b31428092f247f88bc965a8,188.0,894.39,10.35,17.21,110.0,1
17c1ae37e6e096d8059b53c96a21ea9d,675.0,322.81,7.04,17.95,99.99,5
9bf7384574b699b32297382b5df68d09,350.0,814.02,11.22,17.92,29.5,5
e5d8cfa5be1c79663c3c10804a02a372,350.0,1478.03,14.5,16.48,149.0,1
8fd10b4326b26a7131022cf8f659abef,600.0,2228.52,47.71,25.32,109.9,1
17369d934e18e1cb2481bc11a9dcce78,6300.0,849.88,18.85,16.6,39.9,4
93b5be70ab423cbcff4ce9e100a8b595,250.0,567.84,9.03,18.87,140.9,5
dd7ac010ac0daaa2d26a974ceaf897a0,300.0,1609.82,7.74,25.49,396.18,3
5fb669725665771911c8ecc187870553,6200.0,210.14,9.65,32.01,179.9,5
b0459878e11dcfafd042b81083011548,6663.0,210.11,34.1,12.73,175.0,1
3bce95e33874f0710416f69572c5b40e,200.0,18.65,5.33,7.78,14.9,5
a15c6dda7e45f5df5437f7ceff2f278d,3000.0,284.91,10.96,25.15,119.99,2
6cdd8e55d732c4757465f8eb53d4a8a0,250.0,22.6,2.24,7.51,35.0,4
ceb435f46d86d2fb2890334c4862315a,100.0,416.09,8.86,18.31,29.9,4
1f69e4870ffb8313df2fef3df0af2718,15950.0,5.12,7.95,35.83,380.0,4
ef82fc4c2d59e67b942de26791b617c9,400.0,270.63,6.58,17.44,240.35,5
a07ca6d224dc0279ca0e1b48ecdb071a,1050.0,765.8,10.17,39.33,51.5,5
5fac67d3be074030a8dba9d398fa14ef,563.0,324.4,3.97,12.33,118.0,5
512c6d2dd9904e8ce639b106a7689949,150.0,2310.25,26.17,82.35,170.0,5
9a2abae0a5bf1f866a6331379fe613a6,8550.0,356.36,18.16,17.87,89.0,5
d3b1c54aad50f3222af70ad725e9c481,1250.0,351.18,7.2,16.6,37.99,5
6c93ca822cc626b24dfbda211ce26e53,700.0,1615.63,22.99,22.99,95.9,3
ec1f164c3c36925c1bdb453446309891,240.0,2297.68,27.52,25.7,59.8,5
9d14efbb0c50e58aa2098e5338df7575,1200.0,77.29,26.45,14.27,95.0,5
9f711f8df6632759b268fe6b611ed87f,300.0,360.95,6.12,13.46,280.0,5
9ac048d7ffebba67d54456aa9ec07d7e,350.0,1449.27,15.17,15.79,44.9,5
e7b531a9c4e9bdb68edc58e15736c6ff,17600.0,1295.99,6.8,88.0,559.0,3
0c557a5449164d3001dc41d9bcb3298e,250.0,740.28,9.15,18.31,29.9,5
2909debcb57debbbdfe7034eaf7b28bc,150.0,557.99,8.97,11.85,7.0,5
1cb796218c383fc54a6a4541420201d8,1000.0,3.7,7.61,9.28,129.99,1
118490e73f5c7791e37c2f75d0338da5,275.0,21.28,3.48,9.12,299.99,5
d6275af2a1ba682fef89898fec0e7636,550.0,101.67,13.18,8.29,30.0,5
c586249094ad18825980782ff1b7d730,580.0,342.41,5.4,13.47,174.0,4
0f8b415ff8750cef8f40058606c6b115,450.0,625.39,38.05,20.09,159.77,1
b91a17f9c1968b21a333460f687fe2a9,30000.0,384.98,17.37,176.86,890.0,3
ccdaeca68b811a6b26f8b666df809c43,200.0,2093.2,20.97,24.95,65.9,4
ebf5dbab20132b5c6b7d76d2ec6dc7ba,175.0,103.56,3.45,7.56,42.93,5
c42c77adb71ee6c1ca91e61888a18932,200.0,1063.36,37.74,17.49,149.9,2
544bad401327a8f0de6786c7ccd73c8b,600.0,286.41,16.84,13.14,249.99,5
707977c86502593ef9aa22201fbcbde5,117.0,414.24,38.14,15.1,39.9,1
80bbfe23fd50d4ea9762ef70a8ada1be,8300.0,116.37,16.88,16.43,240.0,5
e9171c81ed4eab3e5c786817857e055e,850.0,19.83,7.46,10.42,229.0,5
bcc8085a0288cf3353fea3d79ae6b9a0,150.0,499.77,9.08,12.79,14.99,5
ce8157b7dce9a36c6ab802ad73f494e4,825.0,712.18,8.94,19.64,64.8,5
4ecd4654955a39a165e7cde49b3ec0fb,15475.0,28.66,15.33,33.26,146.99,1
383d164e3fb3bd64ffdc196f34f2d8a1,250.0,1515.12,7.16,22.27,49.0,4
cfb27c26476975225263b55ce04d8aed,300.0,956.75,7.18,20.34,319.9,5
0bd044f3b358bb88951e3ea66eadcc70,250.0,329.21,13.19,14.15,56.99,1
68f4e47ec61d740cefae31e2f624932b,1205.0,9.46,7.01,11.71,64.9,5
89e2bc56c561f718d762250d9d6eb0bc,6300.0,545.77,13.05,17.92,95.0,4
d4550a84368a296d44630ab6e29c6999,188.0,26.71,3.26,9.35,299.0,5
8507049ba787aece6fadc233efdbb0b3,250.0,1507.19,13.55,17.06,49.0,5
fdcd5bf547fed776194fe9a3b691a324,50.0,70.05,5.06,7.94,27.9,2
df410b19c3e348fb548ae68badd49827,600.0,312.52,9.67,10.96,24.9,3
969be6eda8eee17b51e2baf23de37571,4105.0,43.43,7.48,14.43,117.3,5
def43ca6d79899925ea0c19f4fb63200,257.0,349.64,3.84,16.64,63.99,5
b353cc5afe48891188abd0ccadf3f543,500.0,6.69,1.91,8.4,33.9,5
ba6c94c5c72b8ba88b0d92dcadbd4e69,250.0,18.54,3.15,7.78,27.99,5
07f770114a6de1a65f865bf22d8bb20a,750.0,193.96,3.31,14.02,62.9,4
52b7fa35b1e5c8bdea5869804dced415,300.0,303.2,4.19,18.63,76.0,1
21f7e2c9460028c7700dfb23395f9a3e,200.0,19.91,4.08,8.29,13.65,3
2c313debfbfb2b44f91ae0431823ccb4,1275.0,307.78,4.92,14.57,141.38,5
bea9b92d7a14b236b96eb9fc71c28e02,150.0,505.08,4.72,15.23,24.99,5
4efcdd53498c7239ee47b4a8d8a01b37,600.0,434.75,7.92,18.23,26.0,5
4fc7e9c8c1ed5a3c716070a42e80c5eb,4800.0,461.11,9.93,14.1,49.97,5
4c52d492645b303b645e4d59b2f2af95,1200.0,15.83,5.79,12.09,99.99,5
1a7a280eca13140d779d2f43ea48c15f,1200.0,216.3,5.82,14.97,93.8,5
7770f0fa803309f7765d9c449f1a7db4,6200.0,188.21,10.18,25.63,139.9,5
e93662c430b438b8bd5d1bd6e35480a7,10050.0,1031.41,22.84,38.11,138.0,5
9bd46627fb3249657cec3b1320aea004,275.0,32.09,15.81,8.3,149.0,3
e71929c560756149bdc712141dfa17e8,400.0,15.05,4.53,8.08,118.0,5
3fd2e795e444c9c82eb0ec7108bfea33,300.0,394.46,6.31,15.1,23.99,5
64d68b5e88c8e4cda34a9d46314132a1,2050.0,719.56,12.05,18.65,199.99,5
99a6742739034cc06392ab883f64359c,200.0,11.39,3.93,7.78,49.0,5
f995b728b456b3f0f5121d831f81adf4,275.0,84.51,7.88,8.72,15.0,4
891f8d8fba3fc7b0584e72f290b22078,200.0,435.37,9.65,15.14,55.0,5
9b897ee284874f0bfc0174e53c8ebcfb,250.0,612.04,7.18,22.22,40.9,5
d03a6c1b511d2fe0d229509bbfd51e6f,700.0,444.58,9.49,15.91,99.9,4
040375f78f9a97d7edfa4e9d2aa8273d,950.0,1398.1,27.33,36.51,169.99,5
d59dcaef70d9e2c4082bc5d33dd190e4,1100.0,167.53,2.33,16.38,499.9,5
2fac5c3079ed620f52665e540fc57d66,250.0,28.26,7.18,7.78,55.0,5
1f32e76e92fc0ebf756639dad26ebaa9,3300.0,9.23,5.26,15.04,205.0,2
ed7729e6796b85362ae02f41ae06ea03,450.0,531.55,38.2,16.11,29.9,1
df13face66b9408cd07ec0e5d9400668,150.0,2672.13,34.94,60.55,39.0,4
87e145665c1cdfcec92e9e74e2469cfc,250.0,647.1,16.35,16.79,31.9,4
876ccdbffe8b9e0d081dd74f449ba339,476.0,915.91,7.3,15.1,15.0,5
3b7e01e07d261a60f7d985ce537c8f4a,838.0,1449.89,37.98,22.43,339.99,5
519848aec23e707e7000d416d01c5054,100.0,306.96,4.81,12.79,37.5,5
c8e8f8ab00ec5d13a1d93718f5af9e4a,200.0,463.4,10.92,15.27,24.9,5
940b17cda16a315ebce41e39a03a759e,2100.0,169.92,6.31,14.13,157.91,1
b78e1e59e42553fbbc9948d04ef0539f,300.0,421.93,10.19,15.1,49.9,4
7e8a02cddca8f2dccebedb8b6b75ba5b,900.0,117.93,6.33,13.15,84.99,4
beb82936199adb4cf410d9dc9554e674,250.0,18.13,11.26,7.53,38.0,4
9f05fdb62980c2ae6d8ad1e15bf7ee3f,1100.0,85.69,9.32,14.81,71.9,5
9c8251fb4af72d0b0ddc81fdb467a43f,450.0,5.6,3.09,9.05,99.0,5
1107e64e1795b6cf551a7044612e8bd8,800.0,1087.62,22.76,17.85,143.99,3
43b54e069a51acaaf7d8b494ad04b96d,1700.0,573.74,14.78,23.5,99.99,1
d42ee092dd327bf569aa4406ceb2ec61,3700.0,479.04,8.16,19.28,399.9,3
36307ab4d5c4b59fbc4034d2adb2cb77,3000.0,110.28,5.09,13.71,32.99,5
25002fcfee05773be1d9bfe045b95fec,1850.0,2480.15,7.18,68.69,220.7,5
e74c3bd7b23859cb5dcd7ba8e70dde74,950.0,74.36,9.81,11.85,32.9,5
aa4bd1aa4ff7249ea156343f704478a0,150.0,553.13,6.45,18.69,84.9,4
dbd7699191343e1c3f7a879f92dda7a7,400.0,422.61,6.37,12.87,29.9,5
c06c0d95b042ae403f799cf2027cd54f,550.0,299.71,26.92,13.57,175.01,1
ff9c2c99255c1843bf2fa114e7e35569,1500.0,343.0,25.46,17.02,109.99,2
ee2f263ecb1aa5eb20d84c8411acd9e6,350.0,34.62,9.08,7.78,27.99,4
2b72e9015af390303d5d89ae0fd64673,1500.0,484.24,7.19,13.44,49.0,5
d76b1c20f53889c519b279d714ddc647,5950.0,355.33,28.03,45.3,120.0,1
24ac51b02d01abde547c474a994d2aa4,325.0,164.01,2.77,12.82,22.6,5
e8114ebb6eae4aff63282fef68ad6a4c,200.0,426.84,13.91,15.1,34.3,5
c2c7db553def6f2b47769b8bd9d08432,100.0,326.59,8.02,15.1,29.9,5
2695c625c0969a576dfa8a6888fd04cd,1250.0,335.73,16.38,18.23,48.9,4
e6190dea235662449d160357e46eaec8,2267.0,320.98,6.35,19.98,69.9,5
908614c6fc54de3da2958fbd4bb8d00b,1250.0,445.95,7.88,19.32,28.5,4
625f92d47eee6330318032089c61a90e,400.0,359.81,46.05,15.11,40.0,1
febc913d8a07693e87fe06bdd4afb232,1450.0,469.06,17.11,18.23,139.99,5
4f53691b758958dca780dbbe19dad2ab,350.0,964.15,7.41,18.23,38.67,2
a4e589b74835bc3afcbd2f9e8c5f7fd5,1800.0,326.42,14.18,11.85,42.0,5
f717c8f177b0e2927fb48196bc6b6383,300.0,933.06,7.94,22.14,29.99,5
29cb59b155735e49bf9d85d37f7ecd79,123.0,1115.57,7.07,17.85,59.9,5
a37a7ca4bfc323dd5c2466e609e4ae61,122.0,1268.37,11.37,37.99,186.0,5
bdd19e1d8bec46c29644018d2c781aef,7474.0,868.17,16.19,21.88,148.9,5
5598657697983e852a752bb7c10f4d01,175.0,867.65,18.29,15.23,12.9,4
dfa69728337ee9afc8d8cc1da313375a,100.0,91.14,4.95,7.78,27.7,4
a0a4f45a87d4f0655d00a76cd579651e,475.0,1084.37,10.42,20.3,198.9,5
3b096d44d833b0bc4714a1ab1ba9d563,100.0,469.62,8.21,15.1,27.9,5
81254dd1f66cb71378737f0036be0bc2,300.0,299.26,6.8,12.81,22.0,5
cfcb1cc2e9f4ebf0caea1584195f9046,900.0,719.26,9.02,19.02,349.9,5
173ff4269077b5594182d14a5f7f4978,200.0,1560.6,18.05,35.41,229.9,4
df8e5e994bcc820fcf403f9a875201e6,2550.0,562.03,5.37,21.17,75.0,5
a54148130ca55b63a313eced8c392850,2200.0,507.21,19.0,15.31,79.99,5
05cdf90df5dcc062b68cd8b3803f6228,650.0,375.99,12.28,16.11,34.9,3
5b14a3d13762f195f8bcefc1c2eb767d,850.0,927.92,6.15,19.99,74.5,4
798b1ba562e78509f5647f85928f069c,300.0,321.16,9.44,14.1,29.99,5
2792c2657bcaae781c8261d93fda4937,431.0,952.51,19.95,19.66,59.9,4
7bd694d5531f148d22a89b11343e1d0d,400.0,809.18,14.86,16.06,51.4,5
786f969d6b0f6384dbcafb7099d808ef,1550.0,889.99,8.17,18.09,119.9,4
108c3238d247dead3fd7423cf8990c5b,300.0,638.35,9.1,18.23,12.0,5
b6238a76012ed88aec12a5a12f9f5795,575.0,37.65,2.15,8.75,57.9,5
82a4f87180e14e53d6b745317841196f,350.0,41.33,5.13,8.3,19.9,5
92914b2daadca6d6a669a963ccc42c2d,250.0,10.28,2.07,7.64,54.0,4
a2f1cdaeaa28c90780a12e8dc0e2bd31,50.0,2087.04,13.06,17.63,29.99,3
f20142c58be62ba5f9175df74670dcb5,500.0,828.14,3.56,17.86,61.6,3
604e352bcd3bb9d8932aebf18bc2891d,1450.0,309.88,45.11,12.76,59.99,1
437da4479f6a9e80c0f69e98a85f48a0,225.0,110.43,4.75,8.3,148.9,4
5b6c9104077ed7c867d2f785f33f5828,650.0,779.65,12.41,19.91,134.9,5
91fcd0f8ef7c38a54003f5f4a236dd0c,375.0,307.89,5.97,12.79,45.9,1
4ea17d0c90f37e942470706403d14a7b,567.0,1937.1,14.89,36.51,169.9,1
27e7d98172136e7499081a19101218ca,1550.0,200.71,12.96,13.71,99.0,4
bee04fc605991e730c12544619d4a5ea,7150.0,290.57,6.46,22.58,109.0,4
2292fcf4509e47c46e20904e756678d3,3450.0,478.0,6.02,55.53,427.9,1
602cbc1dba09db685a591cda4cb07c56,350.0,55.61,2.54,7.78,55.0,5
3fcc23281e8679bfb293a37d2fd3eeb8,163.0,737.75,35.13,15.1,23.9,4
fe581625610266b13ec764bd58c6e280,200.0,159.33,2.46,8.11,20.3,5
187bccd4e95e2d51f099e6174311283f,200.0,321.12,11.27,13.5,22.32,2
48758b2dd346fef45549ec77da5bc6ae,1700.0,354.82,5.84,16.16,199.99,5
e405bc96c83c1abef95a51cc9e8ca865,175.0,926.48,9.19,16.11,47.49,5
fe060c64faf15963690f95b750ec2301,2600.0,2360.48,19.33,20.97,99.9,4
4d6f99dd1c15b51cdaf72f7b14223d26,525.0,924.01,35.12,20.02,349.9,5
1565c265f6580c91569b142d96aaa19d,200.0,1030.67,10.73,17.92,39.9,5
40d3d467b60d085876c572510701fc47,355.0,605.38,7.11,37.24,79.0,5
daa41ee15e241169ca681b61b93bae77,13725.0,915.39,15.08,85.86,329.9,5
5f62be06e875c3a8a5d6a8501f49bd6e,850.0,456.2,19.09,15.18,35.0,4
8e378f2d3b581a5c5ce099dd32dfb422,100.0,118.51,3.05,7.49,32.99,4
87ca2f8dc91bf074b1b0e441341b2a53,8400.0,505.96,7.76,41.41,145.97,4
62b2ed9f26108431f257836ea0139fd2,1200.0,174.29,7.69,11.85,22.81,5
2d46df0a9debda5d4ca0d1f8058bf73a,500.0,23.02,2.04,7.74,125.0,4
2e2dd1119ebf597a9c05d80b5d6eeace,800.0,74.98,14.16,8.42,97.0,3
6d86a700fbdfec909998eefa9110f3e9,7950.0,374.6,11.41,75.07,191.4,2
991bf1c6e96eaac9da55927eda155d99,500.0,52.09,1.4,8.83,20.0,5
322605f2be4d493376dd7fdf8efc47f6,16100.0,19.8,17.46,36.53,129.9,2
5d333a08c9bce16bf18ed14c4469c1ce,550.0,69.11,2.75,13.61,65.9,1
39d42259839b9cfad053b83e19e14fc0,500.0,325.76,7.13,16.61,59.9,5
42d79478d8d834670fe17dfe07f5b581,207.0,891.74,11.3,22.56,89.9,4
7d39baef923bbfc2ef9d03aa757b10ae,5300.0,632.94,8.16,20.19,135.0,5
b4e33e55022ad7df2aceed384e698dd5,800.0,16.2,8.07,9.34,15.0,5
3f220b15c7ba9352cf87f6c869c55314,1400.0,222.43,18.29,13.74,102.9,4
a4036614de2d233c7d7b9a4a716d3753,4300.0,406.41,33.63,58.9,25.2,2
db4975029748a4fe3f218f5d62885918,4700.0,1330.83,20.08,32.16,190.0,4
57e0ef9b41be8a4b90a17f09290d6d47,800.0,2008.04,14.41,35.8,285.97,5
4896842ba3beb75beaf555d335e3aa5a,1700.0,2386.44,11.76,24.9,36.8,5
dca5f2eb158a0d0ad2f5596084f13fc9,450.0,55.65,2.23,15.24,69.89,5
bc6b924030f353c5ea9a83bdde14f994,335.0,221.99,8.37,13.18,239.9,3
b62f088b105938198ca85cfd28e93efb,400.0,719.4,11.46,15.61,122.99,4
ce2b4f2836d78829e4796213d536101e,13950.0,459.68,16.51,57.36,97.9,4
342d167b1d92106f9aa3dc7c963bdefc,200.0,1559.76,14.25,19.82,130.0,5
67756d84a71c958f3c19cd41a7580d9d,2000.0,343.45,8.56,15.73,89.9,5
dfe5a841c2bc48efa0553f264e4d3190,300.0,952.61,6.06,16.05,17.99,4
dc49dbbb4fdb62c17557f79ebfed0225,1450.0,24.1,6.7,12.39,169.0,5
ddf2697b0c774f17d443112b787af490,17550.0,105.1,1.75,56.84,129.9,4
87a8ef7006e5aa4b8ebddae4f7b8a54e,300.0,1849.3,15.26,17.48,149.0,3
030e234a82944425a6f46d5b2552b848,2500.0,1361.64,23.92,20.8,44.9,4
8231afdd82b5ad4d2ed3f2445ed555a3,7625.0,59.56,7.5,19.32,229.04,5
11213bccfe63e0bbbd624aaed30f199d,650.0,324.98,19.9,16.18,59.9,5
0c65eb5a1415db7a20dfc869c9277e7a,1100.0,645.78,36.99,17.6,40.0,1
a9a38bf05e94ce11495d6c4402730a56,250.0,18.73,3.12,7.78,49.0,4
af4f0dc6b4ccb0aab19367dd0d19ffbb,8350.0,985.09,16.33,33.39,134.9,5
c40c5d575c4ace5fdeaa53f94c039aa3,950.0,438.98,13.91,17.93,26.0,5
9f6f7bafe618544760073fbd384bc007,6450.0,123.17,7.06,20.04,99.99,5
b77521536083d321e2947f3258b0a5c2,210.0,119.44,9.58,11.85,45.0,4
163e2a2f67fd2f40ae55054e8e212678,3100.0,383.84,5.91,23.22,97.0,5
a593e3fb1608a34cd19aabbebc709931,2500.0,100.23,3.68,18.75,99.9,4
726f3a5a67d986cbbf10bbc4f72cd4fe,400.0,10.8,6.13,8.29,10.6,4
dd6644d86c2b8177a9ae5f51bbf7b82a,450.0,67.91,12.0,9.3,157.77,1
b5694945c5538eaf411c76300dd2af47,4117.0,303.69,9.17,27.22,127.9,5
12ca562090f2708ccd57fbbec8f8d975,150.0,57.25,2.04,8.82,19.9,5
5dc6b1dfab4fc8303ea318faec36a73e,363.0,736.43,27.04,17.19,349.0,5
9cca82f566f14878d871fcf5cd0125e3,9750.0,61.86,4.94,14.64,148.0,3
2518a3eb047912b58514fc2f405ea73a,577.0,351.34,7.61,14.66,69.99,5
2343154aea8ab8651aa8c95f4ec40846,300.0,253.7,4.17,12.86,59.99,5
2ceb986b3043c2f73ab7577c6a41830e,600.0,580.43,8.79,16.99,175.5,5
ab19f79cb894bf44994c117dd2ad3413,300.0,718.76,11.05,18.23,29.99,5
dda2dbc7b1340a2c9f8743feb8cbc432,550.0,9.88,7.02,9.22,66.9,1
454b6ccf9f8f2c12b3a00ee763e027b9,200.0,327.28,5.08,15.42,45.0,5
c72add79a1bef8c55628b377b01eb02d,300.0,754.74,11.99,16.05,42.9,4
e32d9626a1453e6287c515aac985098f,8950.0,658.76,10.21,67.01,90.9,5
43caa2bfbf19b07993e7794248faec20,200.0,1561.56,23.79,16.79,25.9,5
922162cabb84e44a2efa143dd96ef464,250.0,26.15,24.91,7.78,44.0,4
2d9196aaddb5713a576a0f4acdf102a0,250.0,2.36,1.96,7.6,49.0,5
dd1bd072c709a5e654fd047560eba5aa,250.0,616.31,5.99,15.1,15.0,5
70c50ba283cdd637ec95a4c0b0821a7b,450.0,233.32,19.01,13.57,79.0,3
0f305df13dc483e6f48055f1985d1cac,6050.0,407.18,12.96,15.3,79.0,5
241920e630cc6e3ded0176b6f0579a00,12300.0,337.13,6.27,26.11,69.9,5
003a94f778ef8cfd50247c8c1b582257,350.0,904.31,20.39,18.08,39.9,1
fe317ce4a7ca2ec5a2cdb56c3e5788b2,434.0,833.86,11.24,18.33,56.89,4
8c232e13890c404488a860c3beecc9b0,12000.0,505.36,5.99,41.87,419.9,4
10980615138835de121262cf38488689,150.0,612.68,14.39,12.62,69.99,5
557a4667291301e8bf807fca57f21d3e,450.0,849.58,10.44,15.1,45.0,4
28037715728a348c84215e5db015de7e,9700.0,490.61,10.06,32.21,168.0,5
68887b90a91e3d256872f6a54a90cfda,10200.0,697.51,7.87,31.75,143.0,5
67384b4952e4e9da609ba03e96b87394,1500.0,563.45,4.92,14.29,74.9,5
72ec38baa39449f9ab884a84c5c8f4ef,2300.0,196.15,44.13,17.24,132.9,1
8dae11cb6c1305e2756cef677ac2f4dc,550.0,495.26,13.32,16.11,39.9,5
8145c63ff6601f1c1aa707a322a8aa99,150.0,1538.25,20.13,34.15,19.9,4
1cb379c68e302e8623d49d1f3a074e26,650.0,243.94,10.11,12.27,109.9,5
ab7a53a8e94cab448240ff654797c44e,450.0,13.5,2.04,9.91,249.9,4
76ca2de6bcacf629bbc125255becc15b,350.0,1937.67,15.44,22.95,64.99,5
2502637317f775ba447bdb648a18f213,100.0,476.34,9.07,14.1,23.99,3
fe0f1672afc3d22359c77f44d5c1e5b1,100.0,742.26,35.38,18.23,19.9,1
5a311f01535e27f8bcdade4c7834bdab,5375.0,16.29,8.11,11.15,62.0,5
50bf77081d0fdd2e57dcff0acf8fefeb,1750.0,828.88,13.25,25.68,119.9,5
e68fc011bb042df40be9a8a5c437fc16,450.0,480.94,19.67,14.1,17.9,5
5db4ab74641ba05232ad09d752688f02,950.0,4.6,13.04,9.34,29.9,4
cb6c4a73c3a96d368b2eb15d29d0a243,150.0,2462.44,19.34,19.04,18.0,5
61fc26d9061aa8b8d2863403ac6f800c,1900.0,716.02,9.44,15.68,133.0,5
f64e2aff8ae7de23a6aaeb7b7dcf8bec,3000.0,1497.81,10.87,25.73,142.0,5
86a6d09b2d1149ef6c9e0f8bf09d3a7b,3750.0,328.34,8.3,35.72,280.0,3
fccf6b4b4947848e5e72d5f3013b73fe,300.0,342.25,10.98,15.1,19.99,4
e9e5338a83d501f28777f74c5d3203c4,600.0,301.39,14.21,12.7,50.9,5
667ab8124d743a73a082c04d1ad8baf0,150.0,615.51,14.14,15.5,107.0,5
93042fe5b79e4daa53ad9d1b34bd6c15,717.0,23.27,3.06,9.09,48.49,5
bd6bb458a1a35cbd726f2e1748e7d21f,1500.0,324.98,22.26,17.16,59.9,5
f996ee1563eca784e95ed1b6e3ff972c,300.0,467.49,8.0,14.16,58.8,3
ad2b0f4fd912cd3c834e5976c46b75b7,450.0,129.38,6.11,10.46,335.0,3
1f3c5d4d3ca0267099a4c67b2cb29bd1,950.0,665.25,14.07,20.09,129.0,5
6b8986012d61963295ffa3ea869aff86,1600.0,314.38,28.84,12.27,109.9,2
e95ed5089744d5ca7ce51a9f222ff49a,10750.0,190.84,9.33,21.39,129.0,5
0cbe8449b3c0fac35f49a95db13cbda9,1700.0,668.64,9.02,17.09,190.0,4
46c940200f4d91b4cf260d705849bbe2,550.0,305.3,10.64,11.85,48.0,5
bfdb258080b0a7f6774ea0444dc27309,400.0,490.2,6.85,15.37,70.0,5
ba59ccae9b527b6fef4bd4418c91f70b,500.0,45.37,1.86,15.93,1104.44,5
f1b3dc829876d87a130808b76d5bacf7,6550.0,305.64,4.65,33.4,159.99,5
891d3c75ab79901d8faa6437f1cfeb43,4200.0,2266.97,21.98,38.03,69.0,5
c45cea88d8d8a8e752ffd0b274b25aa6,563.0,189.76,9.69,12.33,118.0,5
1cfe8d413eeb99641193432e99568f61,450.0,19.42,2.11,10.18,289.0,5
61e7365ad2e2ce5a3dbf650586623b7f,700.0,877.28,6.2,16.76,81.35,5
75394bdb62cb6061c075d73965d65bc7,550.0,645.78,21.95,15.1,39.0,5
f54fc4773a70856861f06fd47df664aa,21750.0,886.34,7.08,82.63,219.9,5
a9c1797126d283581f739c4c96640963,1600.0,922.71,8.02,15.1,49.99,5
1afa51208ad0fe3d17577387674e6924,500.0,735.06,12.8,15.1,25.0,5
d3660059f5d2ec500340d1bb2131bab3,200.0,758.15,7.51,15.42,45.0,5
3d8ed993d912b6305a7e18299ee3f9b9,200.0,74.63,3.98,7.78,44.9,5
d6f2337b7df53866592eb81ac57cdf74,900.0,21.38,4.02,14.62,829.0,5
eb54651b02b959e50ba4adaabeedfe80,3000.0,1317.42,11.13,20.9,379.9,5
e865720063d35fe789029a6021f2df31,50.0,254.43,20.55,15.1,19.9,5
fc302964719b32d2f8512770e87ff7fd,7700.0,783.88,12.77,17.87,89.0,5
7b35b8f7e47a6895e3fc370d47dde02d,2555.0,27.56,3.79,18.09,124.99,5
4b707ea4e7c08fa1180bf92bede67da0,1000.0,300.09,7.4,14.16,82.99,5
c3a026aa647c5f58bfd25a10d326ec42,180.0,553.59,15.09,12.66,76.25,5
7416b68f6acd9fa1b73d37eafcf94975,200.0,727.88,18.2,15.1,19.9,5
b2234f06bf32380ac04b30c21561efba,250.0,2065.27,13.81,39.26,336.0,5
e0f04a1acc50a7daf0cbb0654d438725,5543.0,168.04,12.15,21.32,118.9,5
539f81f36185c122311c17561a1508a1,200.0,180.3,11.58,12.79,45.0,5
a61908631e6c4c0c65ac004b59d1220c,6550.0,185.84,7.03,23.91,159.0,5
f35eb04d9a3ff7d7d0465f00f6eead81,283.0,289.15,19.02,11.87,53.49,5
05aac5a18dcd77932007f57de8650622,900.0,554.29,6.9,14.11,155.0,5
b8739e2347eff7c8473c5b9568fbb221,1750.0,428.41,9.0,20.99,49.9,5
da896a5afe7d1b0ae249c2c0bccb89d3,1150.0,361.29,11.99,20.05,79.9,5
8690e66d045afe5a5bd8b559cacd335a,12250.0,76.83,21.29,30.12,250.0,1
36e14a46e5b025f82308a10f7a942db0,1600.0,833.67,8.94,16.94,99.0,5
33d470ee269df634f8a69cd40ee2c170,2200.0,2029.21,17.39,62.85,150.0,5
5ab9f5cd19baacd0b863fd1f502cddd4,2600.0,24.79,7.23,13.08,75.0,3
e01f636edc7155ddecc78f311b1f2cd0,963.0,498.3,4.58,17.6,48.4,5
8cbfe33bcf72f61fe06f614058d37171,553.0,467.82,5.23,13.62,39.9,3
d520b96e396bd11c8861b4310c25388b,7500.0,19.93,4.81,17.16,74.99,5
7bd6f884504774c544ac34655eb8953a,400.0,790.58,27.98,15.31,80.0,3
afc2fbf9c74b731c616892314ac3e201,641.0,283.57,5.22,14.02,94.5,5
3bd0f236adc665a39d6119dea1d84854,1000.0,671.48,12.4,15.52,108.0,5
ba3fbd2edbc0524c198765b79c67875d,408.0,503.38,11.28,19.95,989.0,1
0e42d2ebc62a8ba6900096d9af8565a9,8683.0,497.48,9.49,39.8,124.99,1
0f6f05d4fb3a94f1cf6cca2700c259d3,1650.0,1473.12,21.9,25.21,53.9,5
bc70e827b5531f116d2254b6696fc290,4600.0,328.74,10.82,15.29,219.99,5
5478185613d8f2fb7192968eb77c141e,7650.0,309.88,5.41,45.71,179.0,4
e4e3babab4d0f208cb6963df2458709d,7000.0,122.03,13.04,13.57,79.0,5
d974607c57ca915767ed00355b0a7bcb,308.0,13.97,3.04,9.79,149.0,3
b9fdbff1d403555f4d184966b1ac398e,150.0,109.28,7.4,8.03,110.32,5
3f8ef8494797fd747668dde5870c1a76,364.0,319.02,9.98,14.1,19.9,5
e1b7f8eb9bb3d4ba1c2e244574a71647,550.0,1474.64,16.45,23.14,1099.99,5
724c961debc8da1bfd7c243def4d63c5,1150.0,290.93,10.95,18.23,24.99,3
c08e5df1a92601e1670f2c5a1f505120,300.0,109.99,5.05,7.78,14.9,4
139cef5540861404dd35fe65000fda2e,1500.0,689.87,39.24,17.67,49.0,1
e1e4ca9c13b18a9460faf44eac336bfa,400.0,783.61,14.21,17.26,359.0,5
bc9a4a9c385277a723b04b122fe58e0c,6550.0,744.12,8.99,51.33,149.0,5
bc0feb6a96ad7552648f4183cb6ecb63,16250.0,977.57,17.71,22.85,79.9,4
1db24bbe4efc4770290d45aba1859d8f,5950.0,1781.63,11.28,45.47,113.0,5
b5c0376b6e5f1f85b97037f72d2424f3,1250.0,41.95,12.05,11.86,55.0,5
de95c0af6d85e644eed2ee08c4766606,1225.0,156.63,10.78,14.39,74.9,5
a74869096437cef33d04006e8480e0db,1182.0,60.87,4.63,13.92,16.48,5
cfa24f77a1afcf0827e88b162f7cf0b2,900.0,482.35,9.29,14.78,99.9,5
af7f48cf036eff2a82e44332f7d36f2b,550.0,735.09,5.65,19.68,69.4,3
27862fa69c55efccf16a971d36a8f7dc,3450.0,352.03,5.19,25.28,132.8,5
056ab23f23c13e810d9ab8cbf9fd477d,425.0,255.76,6.33,16.19,669.9,5
af7ae6bafcf0885e40e8c5fd1ef4c745,449.0,408.55,9.89,16.41,319.9,5
d0aeffcae647a9361f9d3fc33a2479f8,2250.0,1772.96,9.94,29.61,169.99,4
5a0911d70c1f85d3bed0df1bf693a6dd,200.0,1669.44,12.84,51.13,59.0,5
15976149b5fe6e60aaaa9a91e33ef6fa,804.0,155.18,9.1,16.11,39.0,5
e04f952af9764d87d5a0ac5e7cf48cca,300.0,337.4,17.9,12.71,299.99,2
b0e61103ba1dee7e3c3c31f68e62a3fb,150.0,729.54,7.11,18.37,38.0,5
d115642fba3060e4082472bb2801b111,8500.0,595.36,15.9,45.89,299.0,1
4015f31ddb21f7ae83d72e00ef0bce97,2600.0,881.54,13.12,21.78,184.9,4
de264356ec25b31b60efe9b940bf2253,14700.0,1863.53,33.47,81.05,239.0,5
101dd34c03c31b22d56fa2f1973b1e85,100.0,602.83,16.01,18.71,119.0,5
63a19e889b69e5ef9ee2b2e646509051,150.0,537.0,9.48,18.23,27.9,1
7cb430e983dbba3559fa0f62ec454d5a,950.0,743.27,27.95,12.77,57.89,1
3099fa1da8ddf6f98c8a917af87540c5,200.0,856.59,26.74,16.79,16.99,2
bbe9cd550cedc72e9c9ea15fe13bb91b,150.0,18.23,3.25,8.29,23.7,5
35b6b0272ca66bd5fef6d110463c40cc,350.0,2605.65,31.21,18.71,64.99,1
fffe41c64501cc87c801fd61db3f6244,600.0,134.98,5.04,12.79,43.0,5
2227a4ee1734c34fcc4a327f6fe0e3de,250.0,20.35,3.89,7.39,49.0,5
29345ccb0ecccd723beb7de346e0528f,8900.0,807.9,26.7,41.79,199.94,4
c1499ec470fbfa0a44ba5d94f3a16ab2,1000.0,1265.15,12.78,19.53,79.9,5
79c808fd4b729a968738f5b3e919c885,556.0,296.31,6.93,12.68,167.92,5
86730759997ebded9a8c14a211244a4f,3000.0,351.72,7.1,22.66,169.9,5
91dd888a4b337fbe66398fb27c88a04c,175.0,174.85,6.22,14.58,121.0,5
adb8036d8a5a923d533101a9a7397523,280.0,25.43,12.83,7.45,27.0,1
334b7054aa71f4d5c7418ba88ea632ac,900.0,86.28,4.42,11.1,326.8,5
de3fbfa556cedccc424406bcb5eaac96,300.0,832.35,2.98,16.97,399.99,4
d81092e5b4741adbb395bb5aba884c36,1200.0,525.97,9.91,15.59,119.9,5
3d7d095c15be6f2b4618459d23e072cd,1200.0,481.15,7.91,15.92,165.1,5
d27a9ded3675317af492f9c3449b8443,427.0,664.33,11.87,16.46,99.9,5
96a35cb03c27e713024403b81eface30,11350.0,328.08,5.18,18.24,94.9,5
f937ec3a717fd77710c5fb85cf5321d9,584.0,531.58,5.82,0.0,99.9,5
d5feaf42ebb0105f527be0c6dd622b80,300.0,369.91,11.3,18.68,114.9,5
69ff50d0173aad05585a5b5673d494c1,950.0,1566.65,8.68,26.96,60.0,5
d1bbc3ea80f956f0a139a12f1ef2ca28,600.0,644.17,12.03,17.83,198.0,5
8f93ae788ef7f38de13973c559e55ffc,700.0,214.16,3.79,12.08,99.0,4
a0d8479e0bc26a5baa9988711c4320b1,400.0,870.65,20.91,16.79,8.99,1
7c218bc00f2be6633548cd5ba71e2268,350.0,53.48,3.43,9.1,59.0,5
5e24ecfdf90a8dfceb3cd8ed37db5c26,900.0,906.84,10.94,19.32,39.98,5
bec70b7a1c8969ad58a048aa111bec9b,2150.0,437.17,15.85,21.68,169.9,5
b9c36b2e480f35608baa49f90c9467f3,15700.0,900.09,15.28,15.38,90.0,5
7f3189b85f3e348f9d772df47fe06bf7,8100.0,200.58,7.89,23.93,44.99,3
cc129041e3294026c267be4f2d551fff,1200.0,75.83,5.28,12.15,59.9,5
4b50301723cea92f13519f3ecd8f09f3,3200.0,311.38,19.89,25.74,128.9,4
1c0b41996d287cfa89739affd2df8033,100.0,44.57,7.39,7.48,31.99,2
33677835cbfd6206b10d3ee75b6142ef,250.0,218.89,11.87,11.85,12.9,3
96caf486ad384c707d860dbb4e519794,1250.0,239.71,7.98,16.26,99.9,5
115e66d4761de38590d764ac61b9e36c,4700.0,943.28,16.21,23.03,188.0,1
5412783dbeb40c1f689f31da23f7c38b,5700.0,366.62,5.21,16.14,54.9,5
9d83ef2eae9001ced10bfc373722a184,650.0,594.99,10.3,16.15,55.9,5
ed601eaed5611e4ce24cfb482cf2b7b3,250.0,65.67,17.87,12.97,89.99,3
be0c42b7b7e9edd961e7d70426720a0d,300.0,367.04,5.97,15.37,38.0,5
ac259d6b492dc2248e737fd75bffa70b,450.0,342.14,12.13,14.1,34.9,5
f3cd1b70420f1d1a3cbac5acce1a5b3d,3350.0,19.55,5.33,13.12,273.0,5
434e8530a696521ae619af1a0072bf40,1650.0,534.91,8.36,23.99,169.79,5
589310d3d488112508a26f3e22ba30ca,200.0,311.0,14.28,11.91,57.99,4
a37f8312a0547362c60345cc4cb0f8f2,300.0,336.97,13.69,14.38,89.9,5
2b091bda8d69a64119fa4ec34147f946,180.0,386.7,9.54,13.79,95.0,5
35525be13c4af8acae0bb6d13c27110d,550.0,605.26,10.95,16.11,24.88,5
b1032e720a318564d740657f403230f7,950.0,502.64,22.92,16.15,69.9,5
60b0fba7a3132de4c33d2a0a2f204b15,175.0,74.59,6.53,9.73,140.0,5
9fafe0a1253661cb02ef32961e541418,350.0,2593.4,18.96,29.48,64.99,4
55ab4aefca70a7b4b0a8466be48c5bbc,1700.0,148.83,7.19,12.75,149.9,4
f54bafb64890dbc54fb2f4739051bf9c,1100.0,314.57,12.03,14.58,69.8,4
e1fa2787ce8e0bf4ddf128a263acad6c,725.0,120.8,7.31,20.45,179.9,5
f948e30320e56a553862b62e5ec37efe,950.0,2928.92,28.22,57.14,177.99,4
a833470057703c13293c5d7c2bd5bd05,217.0,87.72,2.95,7.78,34.99,5
8cca5f9f04056cb2d8abb9b845e89b62,2150.0,716.8,6.56,24.92,334.99,5
50bce5188c17c3b120c5c3117c156a64,1550.0,428.0,11.92,13.37,49.9,5
5d28e7e8ae4794ffa06b352990f78234,150.0,477.73,9.0,20.21,301.17,5
a853b6bff6aa5aa6ab496c76492858b8,200.0,411.21,7.12,14.52,14.9,5
a2a28dd9e703a77c8fbe7cfe9e8abce6,150.0,248.42,15.0,14.1,39.9,4
acb7c1bc62f008647045477f214b5dcc,400.0,552.44,5.09,15.1,39.9,4
23d0b20c60078dcc168f59918e82f76f,250.0,657.21,45.06,16.39,89.99,1
7a962b095b0922e93689020736751c96,800.0,1618.37,15.85,26.89,36.0,5
cf3cfafe8fbb8682ce65fdeada4749f5,800.0,38.94,6.32,9.34,45.9,5
c509cd4cbd55c89e768d63aad28884c7,133.0,541.84,7.42,13.47,18.9,5
eda353a1682192066b6cb7b025cfb038,250.0,8.01,4.01,7.78,49.0,5
c0b30438008f3085a4b78b9cd36ade63,600.0,16.1,3.35,7.78,16.0,5
bf2cb71b1f79c1f44fbd98358c2ba7b4,750.0,429.04,8.02,19.53,48.9,5
4f484a232ce76de5a28249a74faceffc,200.0,27.17,9.79,7.74,22.32,5
2e699b7e112d1e8013c93a50c27a3973,2600.0,133.85,13.24,16.16,75.0,4
9ba2e8784e3e43f617fd0faa356d309d,200.0,50.14,4.26,8.82,24.9,4
1c8166cad99e5856dfb7d622902c623c,500.0,593.26,13.46,17.12,339.0,4
ca232f56f19ba1b6db4b6cfea0d514a2,1000.0,226.46,10.03,14.06,149.0,5
4efe78f6ef58eecff2dee027fca3a31f,638.0,2159.2,7.11,30.71,636.0,1
9c5a18a57fda32945a834d0e2e06a540,250.0,295.49,5.95,12.99,78.0,2
fd26a8c8e3878a1147ba180d943c6adf,850.0,82.78,3.51,11.86,55.0,4
f8b625b1a8ae63614f1c171fb18c7a49,800.0,287.74,21.21,16.29,220.0,3
ba2effd965d1fc79dbcaa17d401b3c99,10150.0,427.7,14.03,46.27,259.0,5
ff28c0612d31703caeb619081868bd35,350.0,2258.59,9.56,25.7,59.9,5
aeb280e267d4fcf5e2c8da2cbd0ef890,163.0,471.92,10.74,14.1,14.49,3
5e8e7ebdd5b541e43630e5095c5416a4,5400.0,535.53,7.89,42.45,209.99,5
0762fe35b71987563f8771eb6d14938f,200.0,76.37,20.81,12.03,75.0,3
68025b4097f26554336bf88f51c9a9db,9950.0,96.9,3.85,13.14,119.9,5
b3d0c1411a53b6f3461327a96bc115f2,8950.0,553.72,17.89,35.43,129.99,5
ff4cdf9a24ffba79c88c81aeb858b4c7,12200.0,459.08,6.94,43.96,259.9,5
a7f6dc6901f43f7036bf20db72cc485d,1000.0,1226.4,17.81,27.0,65.9,4
110db9a85229d82cf8223a0315afaf8f,2600.0,15.89,7.83,13.08,75.0,4
fafff116dd16dce96698db22844e3146,15700.0,231.73,3.94,65.91,119.0,5
d482a118baf85884aef656c9d75c5c8e,1450.0,169.4,2.5,27.07,90.0,5
557cc2675910c4a6c9b54ad276f25097,400.0,97.32,6.75,7.78,48.99,5
ea40649adba75ef11cf2a60cb45559c5,150.0,477.78,5.12,15.41,92.9,5
7c08dc7de9f9ef0a8dee5ab4a414f840,1360.0,117.95,2.75,7.87,20.0,3
3941ca6fee43030b3a030be440e4ead7,1650.0,294.44,6.56,14.78,99.06,5
ca860fbc7c3132b89e9e134a00652215,9750.0,350.64,17.94,0.0,195.0,2
833f09ddce6adfd6267b23534b9a7541,1250.0,347.98,9.81,18.03,64.0,5
269c345570f1003630764953f56f6abd,1375.0,1547.02,20.64,23.9,455.0,5
98484b32a3bbf287f3347e001275ed21,150.0,14.47,3.38,7.96,100.0,4
c9ecb640dff0357ce506afbcb9dcb76b,6950.0,340.03,17.71,21.78,99.9,5
f313336cf2b038a3ef433d8e48aec4d5,150.0,98.3,4.93,7.64,110.32,4
2226642559abeae5cfd2badcca397b6b,600.0,506.18,25.05,16.35,84.99,1
85efd92a75055023d5fc1b29e749559d,1700.0,30.51,1.95,13.12,299.99,4
cb5c4f59d4c15e190ec24d4607349a8a,4338.0,285.73,12.8,16.82,170.0,5
415d3ba51a2cf1ed6c5b722c94f9c4a2,2550.0,114.65,8.19,17.44,75.0,4
6ae5b953bef57d8a29a1c49e03807e82,750.0,672.42,8.63,19.66,66.39,5
9c05cf9f770e4c24707995b849ee5212,150.0,336.88,10.17,15.45,49.9,5
f367411734b07bc2652c4d87e14684c1,600.0,582.02,11.05,19.95,139.98,5
35011b1b3211ea7c58a699e4b8bfe93d,1200.0,63.29,11.08,12.48,59.7,5
b7c1e61873600816fefa3d64e946cf3f,600.0,127.36,8.4,14.29,44.8,5
058afe6c6322b4773393a66003934493,3100.0,9.05,4.72,15.39,229.9,4
9edc784457fc74368eeab9b7012495f0,353.0,480.15,8.89,12.77,91.5,5
f6b1dc24c91967f654555ba2830d5341,100.0,447.25,12.37,15.1,14.9,5
0dd13170e2f12871b1e007e5fcf6e944,6600.0,988.57,28.98,21.19,99.9,1
5cc89a73dc3d040007a3d19cca344432,533.0,664.54,9.19,18.98,149.9,5
4e102515dd3511449d6a1bf57bfc0d6b,3500.0,467.84,7.22,34.31,110.0,4
c663dda98ce9577e802b009d257edeae,50.0,35.1,2.08,7.39,13.99,5
a8375c727655c94388acaf79f017be5d,7400.0,1263.8,31.42,46.73,378.38,2
83e50e2e58cfc9839fb932948f1d7ce8,12650.0,355.09,5.29,34.34,640.0,5
c5267c7bad3d532ba30cf3b72596d3de,200.0,43.62,4.86,8.03,110.32,5
1fa4bffa6539c9b85fa24de8db7b2d48,1000.0,421.33,7.33,14.76,64.8,1
d69debc082f137c0a4c9edaddd52b1fd,150.0,338.66,6.93,13.01,81.25,5
cd583153e8e57905936a55de184d05a7,200.0,326.4,9.06,14.1,49.9,5
d0fe02903564aa58217e3c08a4d939bf,800.0,3.47,2.15,9.34,41.29,5
a535e0a8e571efd2e1a7aff5a7aeffee,150.0,75.03,6.71,12.03,75.0,5
f934b357bb58387aeb7f58a1b0100861,100.0,13.19,8.36,7.78,38.9,5
ad7af94fde1de7cae7f6aea90e45823b,1100.0,458.86,8.09,17.78,75.99,5
7248d76d3e1ffa83c3c2cf9774657f76,600.0,349.44,8.2,15.11,37.9,4
c307181fbf88d38d293774ca900cc802,280.0,283.42,12.14,19.81,119.9,5
b3ac86bf741341789a0603dc5f8b0ecd,9700.0,1714.97,10.19,42.82,361.9,5
8fb8d0916495ed884bf2dc5db9c771ce,180.0,891.91,45.3,16.96,74.9,5
e037080aea2d8cf5434282000d67c1ee,225.0,1018.31,8.99,25.63,29.89,5
2c4bebe8fc2cea16a75b62de3c712097,10150.0,15.19,9.29,20.74,99.9,5
baca011f486fa4b0fd171c68fb8957c9,250.0,907.08,9.16,18.44,49.0,1
42eb921de62fe52db1e8954ac9971384,2600.0,447.36,13.25,18.58,99.9,1
3ecf2d4b66263a92193724b7c6952574,4900.0,333.49,16.99,20.02,75.0,5
a7e2acf9efa6c49b592f37ff9e80bfc3,1100.0,123.41,21.55,17.98,104.0,5
b69bfdde98abccd9501aeba56d887ea5,250.0,4.01,2.25,7.78,24.0,5
3cee24433e03d9b70b40bb36fb37cc52,6000.0,853.67,21.82,27.19,349.0,4
c87cf593c8c9e0e59f1039a2bb8e5d44,3450.0,488.8,7.21,75.75,427.9,5
498a0b00b1c51a95e61baebf6379d76b,4000.0,780.21,18.37,42.03,150.0,5
c157dbddbf8cf9a086acf9ef8eb8cf92,100.0,1248.42,13.46,16.79,19.9,5
cedda2f47a1fb16e47db3dc393770701,350.0,12.02,1.48,8.88,49.0,5
be9c47a423439fee2d195e6acc9b0253,2550.0,310.28,9.04,16.46,118.75,4
ed5603443e33d323cc6bbde5d9e74d25,250.0,500.95,5.77,14.15,56.99,5
b5b4d7badbb01d0d2b9d6c5a060bc058,250.0,380.17,8.33,11.85,29.98,4
46279a0f0a826ba71e8316ba2be1a6c2,10800.0,454.79,16.22,18.37,159.9,5
2b42f43d6ac3f6346b9f3609ca03ffb6,1700.0,17.71,5.87,38.97,110.0,4
6ebd87c68b43c9ab7c98930b4492dd1b,700.0,524.27,7.93,14.07,69.9,5
0358c6f73774fe4d4ea9b936ce61ab2a,925.0,960.79,20.13,19.19,69.9,4
70af5c624ad6c3daf236b9acb1ada8d0,100.0,752.95,10.45,14.16,58.99,5
68b4c4f5541fdc04be458209af970adb,350.0,311.89,15.65,10.96,11.99,4
793af9c2995ef7353d68d41e805a740c,950.0,480.42,6.6,14.48,55.99,4
48dc9da96439abcac0c2f2b7fb9ca3aa,1650.0,430.58,13.97,16.18,59.9,4
9d23b28df59d72b40012a277ffd9a80a,20050.0,586.99,14.35,55.82,459.99,5
e3c4e25333597368379529a91b6970a1,450.0,13.28,1.23,8.58,59.9,5
283882195739ec4b5092b247f052f6d6,213.0,9.25,1.8,7.71,17.7,4
55a54184af6cdb5cbd95d124883c2dbb,1200.0,1621.91,8.51,27.58,89.99,5
ca67981db1ad515d44e29fed8965d528,230.0,1471.73,15.38,22.06,34.9,5
b0e9d3c0fc3bfc2a528984e5342cf888,17250.0,114.86,8.23,67.88,599.0,5
e6e5658805bb34a4ba873cb271def02c,1383.0,574.64,19.98,17.88,89.9,5
a2558c154c13e3fbf56a48c8b364ba1b,800.0,891.92,8.03,16.37,57.0,5
3faaec4beaa1aa546c251ae06e326b73,300.0,506.53,5.87,15.23,10.9,2
67bc7ad5678269583e9bb44b18c5083b,400.0,821.08,20.92,15.61,122.99,4
e69e74f39691b8c09d8660c8e000ddd2,550.0,276.96,5.92,13.85,39.0,5
28d30364312f8bf1c89aff3a4816eb53,3550.0,1089.03,12.74,46.63,78.9,4
9fd4316339aa48df346fd744dc682ec9,29600.0,668.12,25.71,21.18,620.0,4
3ca6693c62bcb94cf84a1c9f89191483,2250.0,1850.56,46.02,43.54,160.99,1
4548b28532019ff74082bf5b5ab11410,500.0,178.9,11.35,18.72,89.0,5
0bd166e72c588bcc71cf432b653c1667,600.0,129.78,2.34,9.51,108.12,5
71435a06cf53842e055368f881a38b61,1100.0,388.79,3.13,20.87,239.99,5
9d1a6308e1de0ec94620e9663d33dd7a,150.0,375.18,5.61,15.23,29.99,4
e6a9a4963c309a68db1f1a515e700764,100.0,18.0,5.55,10.96,22.99,5
7b53b94402ded889f5be8098bb6e2885,1740.0,511.38,14.27,20.88,739.9,4
20ece825fd1a3714c240d58a96df35ea,17600.0,2768.39,70.01,100.84,559.0,1
b0687213cf67e3c3aa0fc89237bc79b6,4000.0,484.13,9.02,23.59,150.0,5
c0199e1948471c7a3067b98fa16d16c5,550.0,94.31,2.2,9.18,69.9,3
cc49d89baa138480d6ec7ff7f7a88499,150.0,357.67,8.1,14.1,18.99,3
8db9d36f54086daa6e0757d6806cca07,425.0,1058.79,12.71,22.42,69.99,5
371108e902be11a7d9b8ce66a1893241,1300.0,227.44,15.34,16.44,115.0,5
4f586e2756d31db4f5d770d170dd51ae,1650.0,569.98,9.62,16.07,53.9,4
d779224365f07d6953c45ef342c824e6,150.0,828.92,16.25,15.28,24.99,5
6ca82d9e4eb3effeb9ad7d3a592d3cc4,570.0,1857.0,6.79,23.44,134.4,5
04dd35719b3865db080c89c54b9f5b6a,1350.0,1584.34,18.82,18.0,128.9,5
5fcbc2f469eaa436b81cbaa4c05eedab,550.0,88.07,3.31,8.88,57.9,5
19b9083421d73aac95bbafa1972dbc45,300.0,50.01,2.82,8.27,26.0,4
a8517ad7dc98471e355ea5c971d3a6d0,700.0,11.05,1.65,9.58,119.9,5
c6df71a18bb2d9e7d88ee3e4d7080982,217.0,23.88,12.91,7.39,11.97,4
2a93ea3d6dc877b7e20d51aa102aae6a,100.0,499.75,19.98,14.11,34.9,5
31725408e39733c6fbccf9559d25f0e4,1625.0,1609.0,15.33,24.55,239.99,5
469872bf23abc5c0ce6db24fd6fec382,584.0,412.58,13.11,0.0,99.9,5
5c8559daea91c2b9b7e8d8aaa73d640c,850.0,1840.83,34.42,38.22,95.9,4
d9a17ac96892f32022fa3b979bfa7929,890.0,509.85,7.99,17.43,97.99,5
2239463fae220242bce349a6cffd6fc3,1100.0,661.85,20.62,19.75,215.56,4
5e301cd08b777c3ccd87ec64498e785d,150.0,960.27,12.89,17.78,29.9,5
70b0f3c961935e93c43c76c79bae4596,7433.0,315.96,15.73,46.47,139.96,5
d14c7fb7f32b60045642602da5fa8067,263.0,2006.62,29.13,26.85,224.9,4
a2271e2c867442b21df827861d9f8ef0,10750.0,209.8,15.13,18.35,388.0,5
377bc86e107fd2c7c4f11edb372ec9d5,7225.0,34.06,2.86,17.46,226.95,5
a0170b15707b42bf994d5b717e4ce049,553.0,851.11,12.94,15.11,23.9,5
31172329bcdd8e70610fe3bee1498a9c,450.0,1.71,1.39,8.95,93.9,5
81e8e3e73614d2d9f9a6807acc7d87b0,1050.0,309.57,9.36,13.92,79.9,5
81b1fd6b50d083d07912773bb6c8095c,450.0,30.5,4.97,8.9,29.99,4
cd9b4eecd6f542b2bcd61d258ab097f9,6950.0,382.75,14.1,33.71,37.8,5
ed4d57b2d881e813cf0b801ab17987a0,1400.0,85.65,8.72,11.52,129.99,5
dac9fc94a81081df3d4748c438111b9d,800.0,25.35,2.84,11.81,59.99,5
d3dd51abe467d226f8be61f48388eba2,466.0,20.31,7.52,11.13,399.0,1
4e50ee5ebc37a770f257082adfbeff18,1950.0,487.38,20.32,16.11,40.5,1
b002261c1b562472adb57d81cc90995d,444.0,249.9,9.55,12.52,146.0,5
4af895c94fe197a1da73b4aa9e727831,3700.0,168.02,18.47,15.98,34.9,5
010fadb12341d8253d920362fc8f7a16,325.0,497.3,24.26,14.1,39.9,4
a37899c3ad27b6026ecbd566651bdb46,550.0,768.39,7.03,24.89,298.0,5
00ab1aba567dfebdc39caa4e7ca2f1b2,200.0,182.98,11.0,12.48,35.9,5
b56c143bc1ca0cee7345b354671f1e2d,17100.0,2524.82,30.97,104.37,990.0,5
9e4d464ffd49d8042318b1f24cb6005e,200.0,836.53,5.14,15.83,135.0,5
e54f60001872f7fc5d8d6d919aa0d925,700.0,23.08,6.03,11.73,65.99,4
8b249044e8ce6377509b32dc840bfe76,1000.0,960.41,18.44,23.89,105.0,5
ee6059ea51c2fe6fa582bfee8d1a725e,1050.0,327.37,10.68,15.15,119.85,4
ff54c442f3e9f50941a09dcf4e061e6f,8975.0,330.17,16.64,29.03,119.97,5
62d4c5d34949afc8d73f2be9043e5ad4,400.0,446.87,5.91,18.56,64.99,5
a4e0f89a82f1347a0ec0c4a2f3bc2722,400.0,2719.98,15.45,23.62,129.0,5
67b47f35ec923e39f1203f3cfa80f5e3,800.0,207.59,5.02,12.79,28.9,4
265e89a62092ab36c7e1852464cdb377,1950.0,1681.57,16.67,28.14,238.0,5
72fb560d115ecf3b15de9b853c02e505,350.0,1171.03,48.27,18.33,64.99,1
ffda7f88e6a571a9e73a0c9c778e606d,600.0,133.0,12.76,12.69,38.9,5
ba8a2682e4b170d1b0f4f3507c2dddc5,800.0,13.15,8.16,9.34,49.0,5
b96a6dd4f298f5e0e797e6251f2de6f0,100.0,542.39,12.84,12.48,17.9,5
d8665f349c8a92546c754a7e84627c52,28750.0,259.43,6.63,26.39,330.0,4
93cb3576b5e361f46b9a9f1720a3eb06,1000.0,76.32,4.38,8.95,29.0,4
e72618bee51ae5e11af9d42ce16be85d,175.0,2124.93,47.2,26.13,121.99,1
8d3c15519d40227c3bcca13bb5bbf6d2,15200.0,542.56,15.27,69.64,109.0,2
5aea0e32c93560d6e8235be9954aba01,342.0,3012.22,40.12,68.45,219.0,5
927eda1d91913116e94535f4120dc578,1000.0,496.63,15.58,16.6,40.0,5
800527a0973637e539fec69236ce5938,600.0,668.83,7.7,10.96,14.89,5
87e83011a777a162b7aed42805bdd778,2900.0,237.92,8.78,17.95,99.9,5
2f921a8c1d6f7937df5c7fb0468f6f07,5200.0,37.51,1.34,19.14,119.9,5
bcabcd838e530b0fcbe8c2fa2d1073b7,300.0,862.2,18.02,15.1,44.99,4
6af1785f8b08c8802cad476fa3590291,350.0,184.15,9.79,12.79,31.9,5
b6c9788b02384545ab73b0ec85729995,200.0,602.44,11.83,15.1,37.5,5
db999a5bcd3e9db87cafe71501d3a653,2000.0,1473.08,18.21,24.9,99.9,3
0fc03e1de056dec9a7854f5dc85e1ee7,600.0,1885.77,16.88,27.8,179.99,4
ddbc3c65368eb9c4bcb2f1dc4feaea56,100.0,24.78,4.98,7.78,23.99,5
baf812fd23187188a77284f87589375a,350.0,11.3,3.13,8.72,15.0,4
f785d080775c235e41c1bd3326841a93,273.0,842.02,8.05,18.4,43.2,3
91e29e944ec4772168d915912b251455,950.0,530.89,19.12,17.67,59.55,5
67b5c76910e9bc4fa2e067cafe0ad722,15350.0,578.01,11.92,65.01,610.0,4
973acb049a8228a556877e26fb30c06a,28450.0,1266.48,12.18,293.27,999.99,1
be6ead609261c3b92ba37751219cdb45,5000.0,542.8,14.98,22.27,114.89,5
39b8dcf4238242e14fdd2b3f8b9517a3,200.0,25.1,4.37,7.71,64.9,5
9539ef8ecac29b0493590ef16cb8344b,850.0,375.09,7.88,16.39,89.99,3
c739886c6212c018d2874181147e3308,200.0,391.64,11.76,15.13,54.9,5
25c9f4c2d81933e44625c891cb889d4c,150.0,87.13,7.04,8.03,110.32,5
a61af3cdf328f1d0a9f63286918c67bd,5100.0,1303.73,32.41,32.93,67.9,2
1ca816da4b6e814732f7cdc2365bf540,3200.0,934.9,24.99,36.11,1780.0,1
9d293efd4c6752aacbe03668f1d197e8,650.0,158.07,8.38,13.65,89.9,5
f406a7c4fc4512aa60c7240e3973597e,2500.0,354.97,7.29,16.12,69.9,5
f1e26a3e572b95d4a002309cc2ae18d7,400.0,778.7,20.97,15.58,117.9,3
0d7409418627f0c642e73823145c505b,1800.0,1352.64,7.13,19.72,68.9,4
3b64e6eded3526b535d464a9e8b1f042,4105.0,818.85,6.25,25.66,117.3,5
69097064067ca87a7fec01db107c5af3,750.0,72.6,10.63,9.87,79.9,3
4097cef4d604217aad3f625bf6105066,169.0,1891.24,10.43,17.63,40.0,4
7b1edd49bf0406b3335b52cade098b1c,650.0,894.51,8.92,19.36,56.1,2
deaa78be2b1ca6ec321fc94b91bb9e32,200.0,2101.66,23.83,21.15,24.9,3
35fd272b7bfd7824349c5d0defad43ed,12700.0,484.03,43.81,57.37,99.98,1
2d28016c67e1923035d4b20124818a84,7000.0,389.98,5.89,21.25,58.9,5
086f8f18f98299e22931d762c63db2b8,4600.0,208.52,8.06,121.22,2029.0,5
b760bf468b4938da338e68c1b8dde052,250.0,17.68,5.79,7.8,78.0,5
d1e15a79329ed78d7982521b3b3b2a8f,900.0,2566.72,19.73,45.03,169.0,2
8db13b5ac7b555d8b6bc0062763ae387,983.0,2094.59,20.3,28.81,57.9,5
bbc6d3daf51cc53198aea4cf9950cfe2,350.0,299.91,6.38,12.93,38.79,5
bc58b90707a6d6fe11fa9a989c5a7269,50.0,348.62,17.76,14.1,13.99,3
1326c2f23bda822e4ffdd5764e04311e,450.0,341.51,10.95,12.69,21.9,5
16f77b7311d2685235f9c8936da1480f,200.0,342.71,13.13,12.55,150.0,3
a41c8759fbe7aab36ea07e038b2d4465,767.0,818.15,30.57,17.24,36.49,3
6dac82bff64207fd718220d97afd6554,273.0,109.33,5.94,12.92,36.49,5
67b1dc65d26c33458a65a0dc85c2d682,1374.0,66.08,16.38,16.92,620.1,2
38fc86c0e01c22306be55394abbbeb3c,100.0,660.48,7.98,16.02,181.01,5
745ec59acda70b8a8aa10a28f36b50f2,150.0,814.16,8.75,15.13,54.9,5
7834f61a42c24bfd83ff86a2886344d9,367.0,22.79,3.36,9.76,134.9,5
c95614cc539582d4d37f7effd5aa7375,346.0,462.29,23.78,19.41,219.0,3
5bdb1effd4c3c8074b27522b4f0f7af2,300.0,2179.28,17.22,25.81,76.0,1
a0fa0b83af43ae62c675850384f13cdc,14350.0,350.09,10.87,15.1,34.0,4
471f7bcf95321e4e00d947114c884bd3,400.0,87.07,1.93,8.49,103.0,5
2a3a13617346c0fca6180bbf422d7542,3250.0,308.64,6.79,19.13,149.96,4
335339ec0db35157e0c110604ca053d2,1100.0,199.8,9.01,15.08,193.0,4
961e941567157246b67c0c448fb7252e,4050.0,1884.38,27.34,28.56,199.0,5
ec67500767e46c56db2d046d13e46296,10800.0,153.09,8.38,17.7,149.9,5
b674e463ea07d8a8fac9951be50283f1,5446.0,302.28,28.83,16.36,229.9,1
9287e4565306ec8435df6a40c6f481ac,400.0,1050.58,13.75,16.79,44.99,5
77f8ac5734b5b2f8c1572102f854d329,4105.0,419.08,6.87,16.97,117.3,5
f826a5899e26000ca1c214b8a7302a50,100.0,448.95,18.76,14.52,18.99,5
d19772e154f0929b89a1dab65648767b,2600.0,985.08,18.05,43.65,1599.99,5
43a220d7f0c5992e41c8402d1bb96caa,700.0,445.93,7.53,16.08,125.0,5
25fcc160aad54c81aad28f9f71cb4cba,588.0,12.81,5.73,7.88,89.9,1
84a68a1498a47dba0c79396d53e46b9e,126.0,34.02,3.69,7.54,39.99,5
19b37f1efa2ddaf265496e78e245c19a,529.0,39.65,11.1,8.45,41.0,5
4c27bf002d88f4cf2e706cb1237de923,450.0,519.73,22.38,18.23,21.27,5
9b41629ccbc3ae4be489cb815f3653f5,15350.0,1983.84,11.97,90.62,572.0,5
48abd4dcc16f0885de523602c047d437,1200.0,150.17,12.59,13.58,79.99,5
f9d5bfb53147f381e81b89a848e26b16,950.0,991.09,14.01,27.72,167.99,4
9b652bd154e0804cb616f5e7c991e3f2,1500.0,570.64,13.11,17.6,49.9,4
4cfd544260e7e5a3f69c95e9156f5f12,400.0,272.9,23.17,15.1,49.0,2
32980a0c990d84e3f2c3e9838a4abc1d,20325.0,843.29,8.38,154.38,399.0,5
785bfd330f7cc6cfba69cf7ee360fe47,8325.0,428.75,5.46,30.53,99.0,5
0d4bf86877b0763d194d50ca6a136bf9,138.0,812.34,12.77,15.1,49.0,4
006e43460a55bc60c0a437521e426529,9000.0,731.98,8.39,43.06,99.0,5
d1d0ec044cc554a29e2e8fcb1c0f1002,442.0,224.75,5.88,11.99,69.9,1
6c0819b0edde57ca00841c3d2092bb34,450.0,482.75,3.84,15.59,69.99,4
d8d9232af59462bbb0961d11222ea210,250.0,391.3,5.94,15.58,69.0,5
39079435e23220a9ac9488f15e35e408,584.0,310.07,13.16,13.25,115.0,4
ba16a6de753feb4dc0a6716cc3ddf951,50.0,2112.01,25.8,17.63,34.99,5
cc0d2c0ee3e33e3492e690fb44e1c11f,150.0,64.02,7.0,8.03,110.32,5
4f2478354c7836ea575c7e2f38dd1d1d,7900.0,375.71,17.29,27.56,389.0,1
a31f5683a88deb4bf8e6bb729d94a2c6,825.0,317.0,14.14,18.23,28.99,5
3e452a4a4bd5289e081ae210352500bd,4105.0,83.15,17.91,14.43,117.3,2
23a8531948bc865dee9fcdbacea311eb,1383.0,230.14,11.08,12.13,89.9,3
576e5a5f6d1ed0b333acc88bee3b8c25,150.0,294.26,12.15,11.85,39.58,4
5ffd6a2fc18f65496eca65629db6eba6,7650.0,280.59,8.83,13.89,125.0,5
3e555ab59108cb3d4ec66fc204bcb22c,150.0,7.95,2.15,7.78,18.9,5
861e8aba5f5eb922e650b5b186beb7a4,25400.0,110.59,25.03,54.6,849.99,3
767482d809d4cc358e3ac5ecb4204d07,6000.0,550.08,9.11,46.55,299.0,5
3925b740d70eb26c3aefd1cabe5c8143,50.0,306.71,21.38,15.23,13.99,1
3cf9e0e6567aaa4e7698c34679d269de,600.0,2249.86,22.29,53.54,169.9,4
776e5572d4969b8fa5b72b0fde398f6f,150.0,88.62,1.7,7.54,39.99,4
c5d4547def055b1ec943673892380a0c,250.0,392.8,10.27,18.31,29.9,3
a8cb0d4e1f45d87965b1aaa5710c2461,350.0,1451.5,20.02,16.79,19.9,5
be73d4698f2f4939662dd7788cf3dad3,50.0,765.38,13.14,15.1,29.9,2
9125e99c306e51534e9e6e31efdecec9,400.0,30.8,9.0,8.29,148.0,5
3b3d9117cf5f394da380582b1c3a46f9,460.0,491.79,10.73,14.81,152.0,5
0778921b814304f85cb9188625e50625,1000.0,2514.12,34.06,44.56,101.9,5
6351b80ae9f0c878fd15defcfc6926e7,1450.0,878.35,27.89,17.74,69.9,4
03b9f7dff4b5e742b0593472f28ee9b0,2600.0,350.15,9.38,19.5,44.5,4
aab77f6b8eb88bca78803173c935407c,3075.0,351.12,10.09,37.41,249.99,5
cc6adfff0d6a6796585ca1d0901f0ea1,200.0,88.59,8.62,11.92,59.9,5
bc6085fe6b798cce36f61486af007800,750.0,658.24,12.58,23.28,99.9,5
4efbb5172eeaa8a9dd5a9483cfae3637,300.0,284.52,18.48,17.54,399.0,4
9f8177425941a76fb6aece9cb6d05660,2350.0,188.1,11.79,14.88,159.0,2
94c753ff371f05e68a157809f9cda46d,167.0,1279.46,20.75,16.79,19.9,1
05e28a6a1994b77257df51a5e304b6ab,75.0,2305.19,13.03,21.15,19.74,5
7e7854ea93e1ac916da1c6a44feef201,9750.0,23.59,5.99,14.97,195.0,5
5cb2fb75350ea85361db1b3b7bd2495c,650.0,780.78,12.3,15.2,64.9,4
3e927dfcc405632ef96885c77e6e5d83,5350.0,348.66,9.3,17.93,239.99,4
fc2b731f9c539d7f27f5e598f9c14e59,850.0,854.07,12.18,20.49,819.0,5
a6a7393d9243496c42984148541c0bc0,250.0,1436.97,22.52,16.79,19.9,5
39774525e32164b147737bc4932ec02a,2600.0,165.75,3.17,14.53,299.0,5
2ca97ee9ac987bf566133bbde9f82593,3000.0,343.55,4.2,20.47,140.0,5
0ed863ae64e541253de34411c0b0280a,275.0,279.64,9.42,25.97,97.9,4
38ea876db54669e7e86dc8c79049b795,200.0,1346.43,8.51,20.4,27.9,5
a8d23a2af796a519d1bfdb39065c9a60,1700.0,182.11,6.13,14.07,149.9,5
a013f7d98969dda6dda1f502d153ff9a,488.0,708.51,10.67,22.55,119.9,5
11500a4af311587353f096722f1ba4fc,550.0,22.24,3.78,9.41,84.99,5
e7a7c3f23a94a1094f891ae30eeeccd3,9850.0,1942.99,28.05,29.37,139.0,2
97cc8153b2e7c816783e0ba60083ea67,225.0,405.9,5.88,18.42,45.0,5
77959eeab7515802d0b17bd97ca522b7,150.0,2057.34,15.13,25.63,49.9,5
db68ee136b9cb2c16d74fa11a7395e5d,350.0,80.87,6.15,7.39,29.99,5
6649a190e9151aac8d553a45875d4b5e,200.0,334.33,13.66,16.66,58.99,5
5c4f206f887c5afc6acb306477d65807,900.0,2602.76,21.34,29.3,349.9,5
4ede14dc839603196ec790137877bf71,175.0,83.85,10.44,9.56,180.0,4
44f2785218ac7e69a0a6b5a334961b4b,6100.0,333.46,15.16,30.0,749.9,5
9bfa09357a0c7484a58b24bc8688f9ae,300.0,73.37,7.94,8.27,22.9,4
55ece185ce1172927bae2507bf48cff8,200.0,464.27,16.94,15.55,64.9,5
50bc1ac9db5f38b0982adba11e35b948,400.0,525.42,24.01,16.01,179.99,5
82b0f8f974cc6e92e6bae6cd7714b712,1500.0,409.75,9.95,20.99,49.9,3
996c7e73600ad3723e8627ab7bef81e4,10350.0,273.67,4.51,28.0,559.9,5
af24a3faab712b73932f3a71d003212b,130.0,31.42,5.74,7.4,19.99,5
3e27135b0c650634ca397ea4c2943e1e,700.0,81.27,10.12,9.89,219.9,4
01dfa7b5bb8dcd546273e480c27043bc,783.0,342.2,12.36,14.59,51.4,4
a19e4d493994f0d2b444b5af6d7e93de,1800.0,297.64,17.49,13.72,99.99,3
faca7576168f770d89c21539ff07c9de,1500.0,350.64,17.38,98.02,22.9,5
59fa657243310e5db82d2c476568a74e,133.0,501.48,10.45,12.48,13.9,5
63566db60bbeb077e5d7c18411674b8b,850.0,526.16,10.33,15.63,190.32,4
3e0f5ef6c203acda1961682cdfe47606,850.0,406.0,5.5,16.31,77.94,5
47f6d79f82f6b8667a9282d11ad1b931,600.0,353.67,7.18,16.89,99.9,5
64c448c5b11157c64585eb51d17eafe6,700.0,339.83,13.35,16.67,59.99,5
98509cb0716e6b8b252e0dcb05b2e481,4000.0,90.0,2.07,13.95,150.0,5
38246d20fb91403c9ed13e1aa3c665ad,650.0,648.61,8.37,15.13,54.43,5
67859bd0284e2d4c7c7ae873212a5ff4,420.0,397.27,10.98,15.1,47.9,5
b6dbd61bb13118766af40ef6a325e303,150.0,351.18,14.15,15.1,34.0,4
c09e8c8ef923378f60d8ab37827eb58d,3000.0,647.14,25.94,22.66,169.9,3
9cc3a04136905d908a83caf612b0d7cb,1075.0,258.85,8.81,22.93,32.9,5
3f6efc4ada967d7b5ad1b6c30ca43b96,5650.0,16.73,8.15,13.3,299.9,5
8cbfd2b5ba048f1dd173a5309f8b5bf5,250.0,376.42,10.03,12.99,78.0,5
39fc0202a3b70b2619a6f3e579beedeb,650.0,21.65,7.21,9.37,79.9,5
e35d5b4ff8dc9aeccf9cd8ce63c07a68,1150.0,213.09,7.5,14.43,120.0,4
6988f822e1f28e1b302229e4cf454bf9,4325.0,199.5,5.89,14.65,79.99,5
c369bdd04f3897a7c27ea9f5aeaeba4b,954.0,662.19,7.16,15.14,119.9,5
28fb1108b547c1720dbd25614e1343c4,150.0,1147.36,9.04,16.84,57.52,4
aeb970f75d1a1aa41b4fd895c60fcdeb,8450.0,297.69,13.9,20.0,99.99,5
ceae0f133957c3337b7f630eb8bf80d9,3000.0,772.77,5.19,24.84,138.98,5
ac6e5268baf65f6d55e479e288bc67a6,1900.0,2755.83,28.36,30.34,99.9,5
24e69f36003ec9ad845a8490993c57cd,350.0,1968.64,15.04,21.22,59.99,5
b82f05ed1c1a8045489ff9ee86415c9c,250.0,218.74,10.92,13.15,69.9,3
fb3d9a7dc344c0c035d8c5c808d428d3,150.0,307.22,12.05,14.14,55.9,4
d360565f32ca36990e4d6e839e10877d,9450.0,477.71,13.33,40.4,210.0,5
aa2fcb1050e5d80ce4c759f8a7491e42,7350.0,783.34,9.46,27.03,135.0,4
4fd754f42b2d84fcafd63991c1680329,300.0,2247.63,15.88,26.37,155.99,4
b06d6a76d26b5692a9a6f974dde874ec,22700.0,335.05,26.44,16.36,210.9,1
d04405124d1f94b23ab269ee4ca24058,100.0,20.7,2.74,7.78,49.9,3
c5ed30fdf86f49873cb59b43a39d667f,700.0,810.54,6.86,18.2,89.9,4
996205a42aa5c733caed84046b376508,383.0,274.65,8.16,13.01,215.49,2
dcd19a1d42b2e3ad39cf3d5ee0fb7ddb,250.0,425.72,11.94,13.78,90.0,3
14ee9719cb142bf6f26349118ebac994,1025.0,851.86,8.43,15.77,145.0,5
3751767f4ddcfe9540bd8408a210a87e,400.0,2296.52,18.16,50.85,36.75,4
bc73dee75b47199fd9c5c4140ae5b1d9,450.0,21.79,4.32,14.52,67.99,5
2a0d4cb4d13b9552d7556878a2b38f97,200.0,906.37,18.65,15.23,19.9,5
5388e2708f398a221ce222e9ba8ef02f,1250.0,952.0,8.99,23.56,57.9,1
1fd3ed20f784f14ed6b198d18c484c0d,500.0,31.09,4.43,8.47,14.03,5
20799e91aa919ec578d94ad5e818a3bf,200.0,215.2,2.72,12.48,29.9,5
405a30197dbb4ed83804a680c2bbae9b,150.0,47.17,4.86,7.88,89.99,5
293ec51a1a182acaee7fab9845e8cfc4,700.0,81.17,5.12,13.57,59.9,4
b8ab7d209a05e9462921ece50de1c177,1850.0,658.42,20.33,17.67,59.9,5
d4d70141598f959f855ea0b6266ca5c6,1550.0,434.79,28.03,13.43,49.9,4
6a222dfac7d7cbc4463522eff76e870d,5000.0,451.32,8.05,20.1,174.9,3
aebdaf13ebfa0d478e200577c665ffb8,450.0,1439.11,16.79,21.89,759.9,5
f0a01b4f222cc1649a2e296b9efa16f1,200.0,504.09,14.0,14.52,49.8,4
9bf46e862461052ae9ad1134381e63d8,450.0,401.39,3.01,18.38,39.9,5
134fc3d70972d3de090dec9bae0c7918,1750.0,20.99,2.29,14.44,119.9,5
1742b3c36c990766100378e610fe957e,300.0,620.66,16.06,16.79,45.0,5
3c74381248cf4d26768d91a5c30e0c38,650.0,2231.25,13.49,35.88,79.9,1
f645a340daf39e04d6d8ae3e04f99b5c,16250.0,857.22,16.67,21.05,79.9,5
e2d092db21e901d04985350bf0e748ac,246.0,606.19,8.56,15.49,189.0,4
e3f50e1c357268aa977efcfc6043c79d,1700.0,2145.43,11.9,29.21,115.99,5
670a5914a42d04c7cb903febf1303662,100.0,346.07,18.24,15.23,49.9,5
9888a350c98263705a75ee0a82e90e7c,1013.0,1459.27,10.52,18.39,34.5,5
abc2ac9a5bf7f1a1c88d6f243d7ec3fa,1300.0,2052.13,20.07,27.59,190.0,5
404840d41d032edfc533e78d6e6ee416,1250.0,196.09,6.05,13.86,119.99,5
dcfa642110e1838bd3bf2fb2fbe12042,300.0,508.67,11.52,15.67,132.0,5
7593a646a84237ec96579dad6d6d91bb,1700.0,701.62,6.68,16.8,149.0,1
20b7f7b396dbb6dab793709e4cd89aa3,200.0,481.42,12.08,15.1,32.9,1
02ac6689fe09c236d7651b93246b6dbe,1550.0,323.27,13.35,6.53,87.28,3
f14edad9e9d494755c49b2e0897de3b9,533.0,2303.53,15.29,36.37,149.9,4
c8035c255b0c345f46e7ed85cbaf1a79,400.0,36.88,10.59,8.57,58.67,5
18d28a9e760a03f78cd4801507a48398,550.0,453.35,20.19,16.46,99.99,4
a364e56d89333e08e04192bec1549d8c,6600.0,830.66,12.95,17.61,52.0,5
b892e2c2ecb74a9cca10c9dae8984043,4475.0,147.62,20.25,13.72,99.99,5
c56be9c0505a464e824579622dcdbf94,800.0,827.91,8.32,20.6,124.9,5
7776ca93188e915b1100fe8221bc5fa5,1350.0,442.71,7.89,19.44,35.0,5
86b71e20160a9da812c97f9705d1b5af,100.0,350.24,11.34,14.2,64.02,1
df8bb1c5e34a83edbd547f2fa290801c,2950.0,241.42,8.14,18.66,149.0,4
a721e26ff7bd0e11f75933623f5eb2d5,150.0,334.44,20.12,15.23,34.72,1
a8305d2dfd60042d6000b3de3bc533a3,900.0,335.55,5.65,14.18,60.0,5
74814089384762f3833de42b05c9c2c7,7350.0,1120.46,12.42,105.14,1332.5,5
a59a15e4b6085c752d338431dc68d464,538.0,1060.43,13.28,36.43,158.7,4
7b5677c6b812459afed4f29edef9debc,12000.0,14.03,3.84,29.98,229.0,1
ebae502e2bd29a26838c7469280f43dd,1000.0,28.99,2.92,11.73,69.99,4
9675440ebf61a1a3482cc6308e3ebd28,300.0,4.27,9.75,7.79,75.0,2
310abfc7bfd9ed2e2a2ffd77256c284f,300.0,703.3,6.97,15.24,69.9,5
6706f390222e7bc202b12f387ecd6e29,200.0,858.5,21.79,15.65,45.0,4
c90a73b5ef059a234ef5d65c235ae154,200.0,1342.62,20.8,18.65,58.99,1
dc20710a4582a12ed1eb1504bd916272,1200.0,407.87,4.17,13.56,69.9,5
30eb48d11917481e5af28f68d39002e9,6170.0,25.92,7.34,21.84,139.99,1
8257dca57385bc7279dc06f140b55625,500.0,383.33,6.06,11.85,34.9,5
9511ef1eab4fe876363109171d924930,15750.0,84.36,21.2,52.55,165.0,4
a74fafc20413a7a0f1035a1b9d22d687,75.0,410.62,14.12,18.23,14.89,5
584c738e16c8bf7f525160ad449e103a,1650.0,521.62,25.02,17.66,59.0,5
25a35f3ddac45387a6140eefc740d2a5,550.0,12.46,2.08,9.09,44.8,4
dff2aa79a32615789218574e63fe8829,200.0,738.06,5.95,22.55,119.9,5
3bfd703ce884b8a0a65e63f2d4db6393,293.0,12.26,1.86,10.01,259.99,5
a91126396e6f35f305397744f23f012e,4755.0,472.48,3.11,32.06,187.57,5
2eae590e79adf4a3c3876767968770ac,500.0,1135.85,19.24,14.23,67.9,4
6d4fbffb6862725cc8485066b8aca192,9000.0,764.47,8.84,35.06,99.0,2
1c0b35b038ee803f39a777029e93e417,750.0,7.16,3.94,9.34,39.9,4
07528311766b5aa54d193747c66663df,6663.0,514.15,47.96,15.98,175.0,1
131de76b3404646b971a901567b27c1e,700.0,349.81,5.45,15.42,94.5,3
ac1de8fa694be661c516f1df6cd72a24,200.0,345.28,35.59,11.85,18.9,1
3082c654714ec45c9d03de5aa2dacc2a,200.0,86.92,3.66,8.27,29.0,4
ef492dce2e07e7ca0f54bb9fb1aabda2,150.0,14.76,4.91,7.78,11.99,4
a820e4b8830258a148d161ba6d8bf419,100.0,379.98,9.06,16.11,26.0,4
acdfcbe0149e3453b90ae4da5a27dfd3,6950.0,349.52,6.33,30.53,104.0,5
b8c26d0e6999dd7df49908fe20b9a1d9,27050.0,3.72,6.06,33.99,219.0,4
e0c49af20b2a6c2089f40a9d7a60d6a5,900.0,680.88,13.58,19.75,570.0,3
ece3ab91bd67ba73563dd0468fc3bde2,556.0,1766.66,45.22,36.77,207.5,2
202bcf28f7e3dfcee06ab0bfe10c750e,350.0,598.25,6.05,18.38,39.99,5
22d041eb8aacc1c62569f7e903a64f52,400.0,1206.9,7.5,25.98,99.7,5
f4b9868b45403be3ef96c4f41744570a,200.0,2173.53,13.62,37.04,15.0,5
243e95f7ef35f86a258727975245bd4d,650.0,1941.73,11.83,38.99,134.9,3
a48afd5d3f7546105c87adca63347dd4,250.0,528.52,14.78,18.36,69.0,5
a4df491ecbddc7beb456f2d14bcd0be5,1850.0,645.43,15.08,17.67,59.9,5
f8976b3a54975401f39462dde83413a4,2100.0,391.14,12.11,16.39,108.9,5
638c67ed7c981ea1b46e45f23b35f4ff,459.0,316.81,8.77,13.38,134.9,3
d95c7210ba7d2249083e45536f2d0a27,1900.0,27.54,17.05,11.81,85.99,3
12988705c14f4a1b899dcfba47f4fd49,1050.0,386.93,11.81,43.59,144.0,5
87a2d83c67c7bdc791e7e5869b035ae4,288.0,1612.89,14.4,22.06,13.5,5
ecca6d9e70db69a20c2cca23b23fc8aa,308.0,503.76,7.76,18.9,114.46,5
970a49012cfe41d81bfd4593b83ce4a5,800.0,762.87,13.31,18.32,24.9,5
d5cbbe1602100752cd72f9630321613d,5900.0,348.72,15.16,16.39,232.9,5
ec5a2741ddf2c8ff2c0b076c8743dd19,200.0,1916.47,8.86,37.4,69.5,2
caad8650d057e45848943e18ad94ad73,400.0,157.43,5.03,8.63,122.99,5
690b993c5b9c86969f5d763a0f1d5c36,500.0,53.33,5.08,8.72,41.9,5
e5ede2994d0d9af5205331bb7b222d3e,950.0,27.58,4.21,11.15,57.49,5
8b267a755ea7f8e11012c8d4cb85e7b3,9200.0,2507.12,38.87,25.12,89.99,5
a11939cea79c6fc04707f96491a5e577,200.0,1309.41,19.43,17.63,49.99,5
98da8355e186d682f0013046d8ad6db7,6300.0,938.37,33.78,29.11,249.99,1
5c854b6c34734a14492237ff34e32a60,400.0,739.79,21.03,15.1,18.95,5
94fdc3eaf8fde842c5e9caf6e0b82d11,700.0,2306.54,32.18,25.81,75.6,1
7def21d4295cb8526b988f3c693df9ec,350.0,826.04,6.2,18.42,45.08,5
4bdaaba79beb58b6ac0b35bcc649693c,800.0,81.21,2.86,8.88,45.0,5
a15e73bbba8b02796a4e55ac24ed1763,335.0,304.12,9.7,13.45,145.0,5
e93f4367da3f35244394cfc2af161368,1500.0,402.3,10.0,13.37,49.9,4
73446e87cf3849b92938207c7fdb4ed8,700.0,478.32,20.03,23.2,89.18,5
58435d6ff97216c2ca1eab87aba77dff,250.0,319.59,10.58,18.51,58.0,5
d4181bfdc2de0b7a83418bb197ca5334,442.0,722.81,10.89,15.64,127.48,5
7a13334e5a41d1623e0c3120b19aa5e4,1300.0,1069.45,16.9,21.3,115.0,4
6d0e8d2043b7575a0cbdbed259ce8210,1867.0,1047.12,31.07,20.84,29.5,5
19a8ddfef7a411a196509d51ee14b776,300.0,613.81,36.12,15.1,23.1,5
989788f1c17a087572e29eb4fc130983,1420.0,443.73,8.31,13.21,89.9,5
5d0f727a08483d015171b66aca1fcb3b,100.0,370.11,15.18,14.1,42.0,5
4269e9f98b1e74f0732bc93de6aaca6f,3700.0,902.54,7.13,20.31,310.9,5
8d994f4a7b065361eaddea05bd528909,1100.0,502.86,22.41,22.28,19.9,1
1915bc319651dfbfa6563a6d19d558c5,375.0,69.06,6.07,7.78,58.0,5
b031740afc01ce5052768cd623d5875c,3400.0,799.74,3.14,28.69,365.0,5
a250e33c3d40fa9dd726391ebc5a4abb,400.0,2023.15,10.13,37.68,109.7,3
77721e12dbceb83c4788ae7feb888c39,342.0,284.55,9.52,14.56,219.9,5
33504b554c6fd21bee085f5a180a7fa3,1150.0,564.39,15.29,20.84,46.99,3
afd71840756746edd2c71bd69b2e904e,550.0,626.78,25.89,15.1,27.4,5
585f3aa654c4d58eb968fc4fe6e3e92e,1200.0,1702.72,16.97,19.73,69.9,5
4895f8a5926847fbac7dd72661f60dd0,1110.0,80.52,2.33,7.6,48.99,5
f7e0ff5f2a61e39b3c4641f3957c1c8f,250.0,40.5,3.81,7.78,56.99,5
fac93ab061de252fc2dbaaab7d9f9eb1,275.0,22.15,5.56,8.72,17.0,5
40b5da88b2b1811f86becbe62d53eb30,100.0,382.38,24.76,14.1,45.0,5
9aaa05e5944d0625906c8e3f535e5197,800.0,549.4,6.35,13.11,109.9,5
6e393ebbf62792edf010e66e135c7b7c,700.0,646.76,10.93,18.0,61.9,5
37478cd0f9c2bb79fe9027f43f6e28c3,1700.0,319.11,6.96,13.25,149.0,5
aac80fcf000ee1aeefa498cde2bd029a,400.0,674.41,6.9,16.05,24.07,5
c3a937f97910c3602c1e4cdb4b951b1e,200.0,1038.93,9.4,18.23,15.0,4
fd3a02bb749359b9e6a4126cd8a50822,1643.0,596.82,12.16,18.23,11.97,4
426ae4dd4be2e6836ef89763d45f2149,1600.0,1086.16,15.22,18.93,99.0,5
d640105fad13e9cff1f7a6cdc3a9a430,400.0,297.11,9.42,12.64,72.9,4
108d1dab6908b5fcb9c922549a9c2265,8050.0,2224.67,37.76,41.77,189.99,1
1901945d048ddbc33ff8415524c892c8,4800.0,8.21,1.24,18.07,99.0,5
3e084693979a8a6e556cf26d97e542fe,500.0,347.23,19.2,14.45,99.9,5
843b65458f7033a466c06769dcfd9ff0,1700.0,10.97,1.77,11.15,52.49,4
7419d74066b299f2c4c8640ce5fa8e7d,800.0,870.06,6.7,17.27,119.99,4
ea9070e0203001391550a543c3c33d3b,800.0,24.66,5.29,9.34,45.0,5
9174fca54bbd6e4bef29bd8cebea449a,20150.0,11.94,1.67,50.61,798.0,5
55ada6f0482ec84582a6de972bf57dd9,9950.0,268.71,9.28,13.48,50.89,4
68c7e05efd75f44bc692682d695a480d,600.0,294.16,10.23,12.93,37.8,5
9917a4ec1326b36d3ed615c06c839870,650.0,496.14,6.52,16.44,36.0,4
6135fc4ab256125c58f748b31c692ef4,967.0,330.56,4.95,18.2,89.1,4
711f88786eb588f0a5925cbc8282f3e8,2000.0,102.4,7.89,14.14,159.9,5
a147b97f47abbdb02f67ea00da442cd8,2100.0,440.46,4.55,18.02,126.99,5
b1bb317f7d7fdeefca25499d3e62cb48,250.0,261.69,5.81,14.52,24.88,4
e78008ab9ec891077c0b9e1bb4cc9f29,350.0,166.89,3.09,8.72,14.99,5
f1947038bdbb0dc6cfbb332abcd60221,800.0,1169.44,12.33,25.59,349.0,4
f21167a5141522821d54a766a2a54ce4,300.0,207.9,10.2,10.96,44.99,1
e13329e37a8f95bafe7bbef35d07fb24,970.0,666.61,22.3,16.49,104.9,4
be5bc2f0da14d8071e2d45451ad119d9,400.0,915.91,24.06,17.19,21.9,4
474a5a5d176b5d84afe62cdfa7d69dd9,5200.0,923.43,13.97,36.03,999.0,4
1e2eefb7d4535b86f105f75ea6125a47,8350.0,344.25,21.86,17.94,99.0,4
7cc4e0f509d15c10a0ce48aa71830f55,950.0,80.57,10.86,13.85,69.8,5
70c3ef96b8128e86a710aea11adf6e63,300.0,69.48,17.68,8.27,19.9,4
1823483895a111ad1b46e1c7e3cb7c81,430.0,1087.34,22.53,22.53,117.4,4
ad0094254eb3881ba1fc670676ea7c06,1450.0,1681.03,23.92,24.72,84.9,4
0a2407e0197d11314604cf01105f648c,3000.0,425.19,5.18,21.75,179.9,5
29152a6bbb878d0f03d10e9ee8f59093,300.0,1105.19,21.11,22.06,48.0,5
551dc720414dea175fabed81e4ada2c0,100.0,31.63,5.99,7.78,19.99,4
778ecbd9f15071b1fdcb6047e26a6acd,430.0,510.29,4.08,16.03,132.2,5
ea5de982dcad5c99c514bce533478cc3,2600.0,635.24,12.08,20.98,69.9,4
81a091e3899d0cf00a11d67dbefd9ad8,3450.0,353.21,12.99,21.57,103.9,5
b0b558b3576d4787a37f77a5250ff717,383.0,359.07,5.57,15.81,150.99,5
1e60cd113fd130d6384d74348f85b63c,125.0,79.37,7.69,7.87,29.9,5
42ba06ad0483c398c580ede8b5bf35a1,363.0,2380.2,14.06,19.72,348.8,5
75eb4961753a34329f5bcd1b654a7ea4,100.0,932.74,22.92,14.1,29.9,5
7827425b5eac9f9df63f65d9bb7f6a25,4338.0,2093.41,13.95,19.03,249.8,4
a7f32fc78c47cef1cb91cfc0889e985b,550.0,478.71,13.27,16.11,35.9,5
137e3a7815d41ef63ef508a85ee39cd8,250.0,267.27,5.92,12.94,39.99,5
2f5758117287c5c403d6051eca12b99c,450.0,8.96,1.51,7.93,95.52,5
114b1cbf281d72023b151203775b0b4f,300.0,399.94,13.83,19.28,199.99,5
bd18cc55469db99cfb36886d68bb3791,300.0,19.8,2.42,7.39,16.99,5
5d05467df1b7834684fe4c0783f5db1f,140.0,2141.0,17.17,17.63,49.99,5
31eb0eeda57ce4e970ba7b68d98ece39,10950.0,683.58,11.02,17.87,89.0,5
64b9bd1556119a5b054cf5baede3fad4,100.0,446.31,8.95,15.1,24.99,2
b52312202c9a950b9054cb94fd040440,150.0,345.19,11.27,14.1,25.9,5
9389b64e7d922e3b0c30f8026e418e64,444.0,147.14,27.9,7.43,118.0,1
2c4f5d63471424bab535f4ff1051823d,1525.0,417.58,19.01,19.91,379.9,5
467fe7e72b99534adc114568a39c8102,450.0,323.07,14.36,15.27,24.9,4
cc4609648b8cff3ea47a04fc4380c25c,215.0,1610.2,6.05,51.84,160.0,5
61e5353969ba519689f085a0379fccda,2600.0,325.51,27.49,20.98,69.9,5
ca5e507d8621f833ffba625f3303dbf4,250.0,128.77,6.06,9.27,49.0,4
2babbb4b15e6d2dfe95e2de765c97bce,1200.0,2349.36,13.06,26.82,79.99,4
1657d073874b59831bbf61d290efb44a,350.0,57.69,2.19,8.29,14.99,5
72c53c1fb781f7736972c1a877a90b46,418.0,166.18,4.4,15.17,59.9,5
6e884f04511bd82a28b97aab89dd3637,500.0,304.75,7.28,12.69,39.0,3
9a7ccfdba447bdbce4d18b72bd69e594,1650.0,2.84,4.84,12.23,139.0,5
9e223bb1dcd1b18c6f18c8530f8bd54f,325.0,378.95,13.97,19.44,223.0,4
962b2008b2f1e396e0d30b76caa96832,150.0,78.08,4.13,8.72,15.0,1
22aa38d79daf931ecd4c115fdb1f9c05,1750.0,704.56,10.35,17.67,59.9,4
a996de878f5347137d45b75fa47cd312,1500.0,947.84,18.74,17.86,87.85,5
5f8c42f0624576e5f4c4c86cb176c613,800.0,16.15,2.96,9.41,69.0,5
3c664925dceff7ac6d1ce0533c40e07e,545.0,88.72,7.94,12.2,99.7,4
d17028f98cba67bc45687d1ca54cae08,200.0,310.17,13.4,15.64,127.77,5
a179aa7ce1d80b7d4a6b7e2470cb1f2d,434.0,352.45,6.19,14.45,52.99,5
b22c78b69eebbbdadbf68f2111cd89a3,9750.0,2022.48,13.19,28.78,200.0,5
0a40305560dea2cdc17c6661f222375d,150.0,635.32,11.06,18.23,29.99,4
747cce3ab1f2a36846e013700b93f0ba,7625.0,475.61,8.77,39.53,241.1,4
b2d6c7b5ebf482317945ef822da56002,750.0,88.09,12.31,9.34,33.9,5
248c51607bd50b4a44aae4427a56a9de,200.0,250.56,8.9,18.24,19.93,4
7d3ffe9953e28737dd4c634216c9eef4,1525.0,939.11,10.99,26.94,57.02,5
09951c1a8c91dc28f008c3ccc634f1fe,800.0,608.52,20.57,16.25,69.9,3
b90dbb242e04b393fad2f1df17bc90dc,1500.0,128.32,6.27,12.48,139.9,5
fd930246eb1c751ee75add493e49ea34,500.0,797.05,10.59,17.26,59.9,5
bc877ab9e18f1ce0fda75eab87a0ca8a,1500.0,514.89,13.22,13.58,79.9,5
ee0b98b10df9fb4544239f8053418118,1650.0,404.69,26.32,17.88,89.9,3
788541a19c0791de0504c5a9cb7e7bd5,5350.0,550.66,13.11,18.15,129.2,5
b9f477fd3f945b7f9c9392fecdafe712,400.0,540.36,19.8,15.61,122.99,3
e72e5c3d6b68cd8c81559186a0ebc58f,7550.0,781.26,47.73,17.73,69.0,1
5759a07ad897af5017002314211af1ee,100.0,505.71,14.89,18.23,10.0,5
fa829c3fbcf363826dfeb1921c4f5c0e,300.0,254.34,5.9,13.63,41.8,5
3a754d9436ef0dd5d52e94a0e7ee2f0c,1875.0,94.22,4.32,9.34,39.9,3
bbe02deb41e96f666660dede6c816276,500.0,2266.48,39.9,26.96,99.9,5
d2b7e676fa9c3fde36377fc977f3c91b,1950.0,431.96,10.87,18.23,37.0,5
e26feee700e28b2867a3e8d6f2b644b3,20450.0,958.46,18.48,81.85,589.0,5
7b2bc7c55531623ea7b22e2a191b21cd,5700.0,330.4,9.2,22.59,215.0,5
7719dd879ae3926cf395d78c4d2e3ac7,750.0,54.89,2.45,11.46,467.0,5
2c48969e48da7da20b6122d12778ea37,750.0,304.11,7.83,43.5,79.99,5
366b4b0bfae819ac43feb2b2ef5821e8,500.0,1045.17,8.13,37.53,89.0,5
efcdad37e7529147a3c3ece422943baf,300.0,80.73,4.26,7.78,27.99,5
3ea82ad47a5a11ed6d1cb5e1e8343b9a,500.0,870.41,23.98,21.15,29.9,5
08f20d527e3a4331f254f4063920c6e4,900.0,1377.84,21.04,16.82,54.99,5
d08811a07ac44cdbf0861e11d4f8af67,600.0,81.88,5.27,11.73,19.99,2
295223d3665d750dffdd3da21dee2d15,350.0,592.73,7.83,11.28,95.0,1
94a224f03c816cd9a1d94b886e26da80,310.0,572.52,40.03,15.8,149.9,1
3a667f6f00042dac8b2259c2b2c78869,350.0,1325.89,18.22,15.79,29.99,3
3010634b05f5caa199440db6b0b32da4,450.0,795.29,11.76,18.62,169.9,4
3fe87c4649dc474cb4fa2f31cfa06d4b,100.0,674.29,19.43,15.1,42.0,5
37998721893fc9117c5d69637031b515,1550.0,1452.24,36.13,0.0,53.9,1
fb6fd490ceb962cb59053987c9401e81,335.0,347.12,14.93,12.24,145.0,5
acb56e6695d371a1c50a34c38938277e,1550.0,376.05,15.19,20.19,99.99,5
4966300fb3d0c9e8dba1bd5a62945df0,1400.0,304.61,7.52,13.72,99.99,5
66b9e5412dab143acd97cce94000eaf7,1750.0,304.66,4.47,13.84,68.9,5
9d35749dad6abb761c340266c0c206cb,200.0,488.74,16.66,15.1,48.9,3
1d5da6a7254f9d8a759db4c8d457e630,1100.0,1488.65,8.42,27.51,79.9,4
2f98f40416fdda614b3c3b4539ec23cc,2075.0,77.53,4.24,11.69,95.9,5
0f29bafaaa77f4548165215b66bd97e4,21500.0,436.51,34.5,92.03,399.94,1
a54f14e8c617edc690ea2b56276d6743,156.0,540.81,8.62,13.79,63.9,5
cca3b312005f0dffaaa7a243953da501,3400.0,140.39,4.55,11.73,69.99,5
034fcc4584bd6b6ca0c0718acf969c79,800.0,26.81,4.71,11.76,52.99,2
4444ee622d44353604947c0232f3f62d,3000.0,1920.74,20.5,43.17,157.9,4
d828baeaa3a4bf3f9f4e239432e1987b,350.0,1699.26,30.4,52.25,249.99,1
d9b926f382e364900c6af21aeaede034,550.0,733.58,9.38,15.34,84.99,5
8048f4c2213c7ef433ffc4c00e017c14,300.0,223.78,8.39,11.85,14.5,5
9e7a2839a1ef01aaec67d94446617f92,1400.0,1053.53,24.75,19.66,59.9,4
4b50fac9970bd5d46f41eab7855101a8,1050.0,357.82,11.15,16.89,99.9,5
91663d2b599bc34de8a6c4993c5ffd0b,300.0,2116.48,26.36,22.88,53.99,4
8e6bfb81e283fa7e4f11123a3fb894f1,9850.0,239.52,18.23,134.25,1199.0,5
4a94f985ef69a52bcd0562790587a857,107.0,1134.47,7.4,17.63,28.9,5
46221a9cc394119ee2251ed0351173d9,200.0,354.73,14.4,14.1,13.65,4
0d084d7d6f5d7b6a97582e1dc74dda2a,150.0,559.04,6.14,16.11,24.0,3
e9a85f45594b8912672374e10d99f1a7,700.0,493.02,6.52,14.8,149.99,1
595c28bec1ce2ed873ef32f4c6f2f624,200.0,473.9,8.81,14.52,49.9,5
a103ca0d5926c0afb6a2892545f93a7c,950.0,601.54,17.12,14.01,56.1,1
b4a61133656060766f7357f4a21777eb,9850.0,467.51,7.16,18.5,179.0,5
eeb74a8c7804e9e0fe99dcdb7a6295fc,4600.0,856.4,14.05,44.55,639.9,5
aee1d58c19e4c807e9b27cb48398df82,350.0,359.31,8.05,16.6,90.0,5
86af9599ffd64a39d743904daa8bdb2d,350.0,231.63,12.27,11.85,24.99,5
66dd11eed8eb0d72f0acf755122c4a13,3008.0,1881.91,10.43,38.09,77.8,5
7fa29c5dbd1f9eec7b00227f5c389220,250.0,359.21,8.97,11.85,44.0,2
b7a77aac1be341d2f9009b231cd3b4e8,14950.0,1432.76,42.84,53.22,119.99,1
97a7c1a54e3b84c6e2a2208198f48393,1700.0,388.69,6.41,13.93,129.9,1
3cba3b35a00b76f3a83d1cd84bd9becd,1800.0,388.1,10.9,17.42,344.99,1
d23aab0e21efafc3216ce27c05565a96,375.0,87.52,6.93,9.59,389.9,4
867df4f53d01780cfb562ce2a7275bd2,800.0,383.08,14.66,15.1,44.0,5
0c986e5002868d137f566b34fb183827,4350.0,53.39,2.75,16.22,129.9,4
e77b736410809924bdd6ceea09559cfb,200.0,673.23,20.04,15.1,18.9,3
38b40f7c313e9e6b08f38e7bce6d93fd,150.0,2207.39,17.55,34.15,49.9,5
5460a05579eef48f6c8d54ca6c3f2249,1050.0,299.01,8.36,20.79,229.0,5
e561fa177791f05209e4557ba7366347,2450.0,104.61,1.05,12.96,93.9,4
0974bbaa486709066c644587a5cb6623,1600.0,297.21,8.77,14.44,49.7,5
4759b488dfc55eb259b216bb6d93ce48,245.0,338.69,8.27,13.78,159.9,5
6f0a2d3f0fcb51ca2468a29cf29bdf8e,1200.0,346.69,5.98,18.19,55.0,5
4cbe8de031dbae0b80286a23fdc1cf91,1867.0,512.27,11.98,19.84,29.5,5
a653118477695685c772ca3b7487d11b,513.0,377.33,7.95,16.49,579.0,5
3d1c4e2abc39b60c6d972acad25ea459,4000.0,117.15,7.52,17.5,299.9,5
f815bf37321904e2cda00a23ff393755,250.0,604.55,23.43,15.45,100.0,5
7489466aa2aad065d81a6b70e516a562,625.0,504.06,14.15,15.73,74.5,5
dd3fe5e02ede895e3b2c8290d2fb7d3e,1150.0,343.3,11.92,15.23,35.9,4
cf9d149b8f8e534901d64f8b10320133,300.0,586.09,12.06,15.27,74.9,2
2b8c473cd98db15a4dba491449cba4ea,2850.0,480.98,8.69,21.14,93.0,5
cb59ee47ea87ca723d612fc989466be9,2250.0,1126.01,11.39,31.89,144.99,3
9b78531e68513dbdcebdb2458f3929e1,200.0,89.76,6.45,12.6,24.98,4
d78332a90347977084cb14932f97ba95,183.0,205.86,12.91,11.85,38.0,5
df67039c09c08afbaf0e4c2d7cafe9d7,250.0,22.06,5.26,7.78,24.99,2
31effa440b34ae0432d83ef645db463a,342.0,711.42,11.21,0.0,199.0,5
bc4854efd86d9f42140c951c595d20c1,1550.0,118.38,5.09,13.92,129.0,5
3d124284515fa7130862f5500fd95c2a,100.0,79.72,4.53,7.51,35.0,5
b1a4a414356b54aba115cf84a9536752,150.0,266.76,6.87,14.52,17.99,1
329262a8ce814ac8ed283f9ae66ebee2,250.0,827.15,14.03,15.65,78.0,5
73ff74f8f201c61c0c625cfe7ec63cd2,450.0,685.61,12.17,18.23,24.9,4
f025bb97dddaa40dd4f6132f1a13abc9,350.0,317.94,9.19,11.85,45.95,5
6b092965cc5bcd955107ed81c1acd489,9167.0,199.7,4.31,57.26,169.0,5
3ae4d97402b1cec4506cad07762d0adc,200.0,487.3,15.19,14.52,48.99,5
fdb3ef83ea6f7bef7d13bdd9b38da661,1300.0,108.38,8.8,13.34,109.2,3
b8fba4dc6ff421731ed01f46c701084a,275.0,358.1,13.39,14.1,12.98,5
0fdb6f73fab7005c84d4a43d8a93682b,250.0,889.11,16.28,18.23,15.9,2
dcd8484814a9e470eaaa19a1d7657284,2600.0,106.83,10.92,13.08,75.0,5
4af5a3b197af9f20f2ad9f856fdcc301,7000.0,1323.08,9.78,20.01,109.82,4
f62d2e0e462fb59c81df0b389e883027,200.0,382.39,5.07,18.23,49.9,4
687b92f8f248395050a7f8147dab1ac8,500.0,284.21,10.11,11.89,49.3,5
d9d2ea110b9794283aa5100ac9ec718e,900.0,832.4,15.1,20.08,84.99,4
dccf99a9f12d7217cd20878c985d55ac,150.0,263.93,19.56,15.38,89.9,4
ddf574153803a9012e68e479fa941b0f,100.0,1059.28,16.36,18.23,15.0,5
d73caf75e86f5410db52767cb6784b5a,150.0,355.67,10.32,14.1,21.9,5
48a36f577fc4102b3e63e0f462684da4,150.0,1716.66,20.69,20.4,25.99,4
90ee8b2a22737bb4eec65899b343eedc,650.0,136.31,1.44,9.26,45.9,5
5667755369e8d8198dc1ecabb443abf0,900.0,2066.08,30.95,31.98,349.9,2
f38fbe2554bdb11e37513dba2113906d,100.0,491.35,19.0,14.1,23.99,4
ba22a1fb553e3c6597c8c25d6478df2e,1600.0,674.84,11.56,16.22,144.99,5
5b33495590a02d7e9ce6fbdc52f143d9,150.0,495.48,7.5,15.31,29.9,1
6d0940a8f5fba47562bb14cd97dfd6da,14813.0,779.18,33.83,105.12,2350.0,1
d3a93984e59258e140f2bb4784be7bff,20100.0,50.79,11.01,55.76,299.0,5
b92aa81f74ab98a2f1a9cc5659f6edcf,15833.0,64.8,3.01,48.57,2110.0,5
25ce89b82d611789988bd8dd3722c6af,1717.0,43.32,7.08,14.73,59.99,5
753153c2c8b76dceab71239c68f0e5b7,350.0,32.04,1.57,7.39,69.0,5
5adb752a21287f421571ba1688dafa2a,1000.0,900.22,5.68,46.7,539.0,5
95b5a24a57e2b8bd97b2998acb594d53,200.0,431.3,8.27,18.23,42.5,1
3c16692a1dd481962d06a7f55598d8c1,440.0,1939.64,33.37,21.15,29.99,5
01c391e962558d0793e8dd8f6bad0999,1300.0,294.48,16.11,17.8,78.9,5
023a60303ff8d9e08b99e7474f7416ce,650.0,589.47,15.72,16.17,59.0,5
6c11e140918a3b9a02281ef9ca0fa248,400.0,40.81,7.3,7.81,79.9,5
d0fb62f913d61e8c15e80cd65c741b91,350.0,38.2,6.1,7.78,55.0,5
01a75ac3dd000b7628a684be97c29234,267.0,396.51,15.18,15.1,42.9,1
5476cb509e6871df824b3fac5acad36d,1200.0,237.2,13.92,17.95,99.99,5
80da866a2f8257c4878f249ffa36390f,650.0,422.13,3.72,13.9,44.99,5
027286057add812ecb77ad0b23604c06,6550.0,194.1,9.84,23.84,149.0,5
92719473371fb9439b386d53d12470a8,400.0,1746.59,41.07,21.15,49.0,1
e0f9722525043b60edddacd46709fea1,550.0,531.45,7.41,15.23,67.9,5
782c81c8b7e670a75b50ca317ed4f758,1800.0,385.7,4.93,17.84,226.5,4
7491b6e69f50c3e941057224d0826186,1232.0,1065.54,9.94,22.93,44.9,5
938cf33aaa64536379e72993eab4cef2,700.0,2275.37,9.38,30.11,122.99,5
248ecd132184e324749f7a4d42724ef0,10600.0,226.41,7.12,24.58,139.0,1
3b81059fdf845de042cb9d6fc78765e7,444.0,661.5,12.26,18.86,139.9,4
4345c17bd8c32982e0456521679480bb,7500.0,1132.01,11.01,50.82,74.99,4
e9bf6a3daf9c2966192eaa98b5afb617,2400.0,1479.88,6.84,37.11,1100.0,5
ffec1a6d35149778ec575d5048d44db8,1110.0,79.22,8.25,7.39,47.65,4
bd95be22b2ec58c249193c6b07f45e6f,1650.0,168.64,7.22,13.44,59.9,4
f5fcef5d7789fe60b872effa519c61f7,150.0,7.59,1.79,8.58,59.99,2
dd0710bca2d815cf18148d1d9859fb3b,400.0,41.3,3.45,10.04,325.0,4
5e08f8357b3660485f47d00381feaa6f,4017.0,824.59,16.24,18.32,152.9,5
2b33526ad18e84975c07ed2d5e513b3c,1200.0,34.51,8.01,11.62,85.99,5
