Data;Hora UTC;Precipitação Total (mm);Pressão Atmosférica Nível Estação (mB);Pressão Atmosférica Máxima (mB);Pressão Atmosférica Mínima (mB);Radiação Global (Kj/m²);Temperatura do Ar (°C);Temperatura do Ponto de Orvalho (°C);Temperatura Máxima (°C);Temperatura Mínima (°C);Temperatura Orvalho Máxima (°C);Temperatura Orvalho Mínima (°C);Umidade Relativa Máxima (%);Umidade Relativa Mínima (%);Umidade Relativa do Ar (%);Vento, Direção (gr);Vento, Rajada Máxima (m/s);Vento, Velocidade Horária (m/s);2026/01/01;0000 UTC;0;887,7;887,7;887,2;;19,9;18,5;20,8;19,8;18,6;18,1;92;85;92;9;4,5;1,1;
2026/01/01;0100 UTC;0;888,1;888,2;887,7;;18,5;17,7;19,8;18,5;18,4;17,7;95;92;95;305;1,8;,8;
2026/01/01;0200 UTC;0;888;888,2;888;;18,2;17,5;18,5;18,1;17,8;17,4;96;95;96;301;1,9;1;
2026/01/01;0300 UTC;0;887,6;888;887,6;;18,1;17,4;18,4;17,8;17,7;17,1;96;96;96;269;1,7;,6;
2026/01/01;0400 UTC;0;887;887,6;887;;18,1;17,5;18,3;17,9;17,7;17,3;96;96;96;180;1,7;,8;
2026/01/01;0500 UTC;0;886,5;887;886,4;;17,7;17,1;18,1;17,2;17,4;16,5;96;95;96;232;1,4;,7;
2026/01/01;0600 UTC;0;886,5;886,5;886,4;;17,8;16,8;18,2;17,7;17,1;16,6;96;92;94;315;1,3;,3;
2026/01/01;0700 UTC;0;886,1;886,5;886,1;;17,9;16,8;18,4;17,8;17,3;16,8;94;93;93;313;1,1;,8;
2026/01/01;0800 UTC;0;886,3;886,3;886,1;;17,2;16,4;17,9;17,2;16,9;16,3;95;93;95;350;1,3;,5;
2026/01/01;0900 UTC;0;886,9;886,9;886,3;11;17,3;16,5;17,4;17,1;16,7;16,3;96;95;95;150;1,3;,4;
2026/01/01;1000 UTC;0;887,3;887,3;886,9;456,7;21,9;17,7;21,9;17,3;20;16,5;95;77;77;280;1;,5;
2026/01/01;1100 UTC;0;887,6;887,6;887,3;1308,6;24,6;15,7;24,8;21,9;17,9;15,7;77;57;57;181;2,8;1,4;
2026/01/01;1200 UTC;0;887,9;887,9;887,6;2149;26,1;15,7;26,4;24,5;17,3;15,7;62;53;53;272;2,9;1,1;
2026/01/01;1300 UTC;,2;887,9;888;887,9;2898,3;27,6;16,5;27,9;25,8;17,1;14,6;57;46;51;292;2,9;1,4;
2026/01/01;1400 UTC;0;887,7;887,9;887,7;2967,6;28,4;16,5;29;27,5;17,7;15,8;53;47;49;107;4;1,7;
2026/01/01;1500 UTC;0;886,9;887,7;886,9;3664,3;28,5;16,5;29,4;28,3;18,2;15,3;53;44;48;16;4,5;1,7;
2026/01/01;1600 UTC;,4;886,6;886,9;886,6;430,2;24;19,2;28,5;23,9;19,6;15,5;76;46;75;82;4,6;1,8;
2026/01/01;1700 UTC;0;885,5;886,6;885,5;2533,7;27,9;18,1;27,9;23,9;20,2;17,3;78;55;55;107;4,4;2,3;
2026/01/01;1800 UTC;3;884,4;885,6;884,4;789,7;23,5;19,8;28;22,6;20,6;16,7;88;52;80;93;4,3;2;
2026/01/01;1900 UTC;0;883,5;884,4;883,5;2057,6;28,8;19;28,8;23,5;21,8;17,9;82;52;56;282;3,2;1,2;
2026/01/01;2000 UTC;,2;883,6;883,6;883,3;1090,6;26,3;19,4;29;26,3;20,6;17;70;49;66;232;3,4;1;
2026/01/01;2100 UTC;12,4;884,2;884,5;883,6;307,8;21,6;17,1;26,9;20,4;19,5;16,7;85;59;76;12;11,8;4,4;
2026/01/01;2200 UTC;1,6;884,5;884,5;884,1;143,3;20,9;19,2;21,9;20,9;19,4;17;90;74;90;150;8,7;1,1;
2026/01/01;2300 UTC;0;885;885;884,5;;20,3;19,2;20,9;20,2;19,4;19,1;95;90;93;316;2,6;1,4;
2026/01/02;0000 UTC;0;885,9;885,9;885;;20,8;19;20,8;20,2;19,3;18,9;94;90;90;309;2,5;1,3;
2026/01/02;0100 UTC;0;886,3;886,3;885,9;;20,3;19,1;21;20,3;19,5;18,9;93;90;93;288;2,2;,7;
2026/01/02;0200 UTC;0;886,7;886,8;886,3;;21,6;19;21,6;20,2;19,4;18,8;94;84;85;274;2,9;1,2;
2026/01/02;0300 UTC;0;885,9;886,7;885,9;;20,9;19;22;20,9;19,2;18,5;89;82;89;309;2,7;,8;
2026/01/02;0400 UTC;0;885,4;885,9;885,4;;20,6;19;21;20,6;19,3;18,7;91;87;91;335;2,4;1,5;
2026/01/02;0500 UTC;0;884,8;885,4;884,7;,3;21,5;18,7;21,6;20,6;19;18,6;91;83;84;276;2,7;1,3;
2026/01/02;0600 UTC;0;884,4;884,8;884,3;;21;18,5;21,6;21;18,8;18,4;86;82;86;294;2,5;1,1;
2026/01/02;0700 UTC;0;884,2;884,4;884,1;;19,8;18,4;21;19,8;18,5;18,2;91;86;91;226;2,3;,7;
2026/01/02;0800 UTC;0;884,2;884,2;884;;20;18,7;20;19,7;18,8;18,3;93;91;92;322;1,7;,9;
2026/01/02;0900 UTC;0;884,7;884,7;884,2;4;19,7;18,6;20;19,5;18,6;18,3;94;91;94;3;1,8;,7;
2026/01/02;1000 UTC;0;885,3;885,4;884,7;268;21,1;19,4;21,1;19,6;19,8;18,5;94;89;90;315;1,6;,9;
2026/01/02;1100 UTC;0;885,7;885,7;885,2;1058,2;24,5;19,5;24,5;21,1;19,9;19,2;90;73;74;239;4,2;2;
2026/01/02;1200 UTC;0;886,1;886,1;885,7;2135;26,1;19,9;26,2;24,5;20,1;19,2;74;66;69;254;4,7;2,1;
2026/01/02;1300 UTC;0;886,2;886,4;886,1;2395,2;27,2;19,2;27,4;25,8;20,2;19,2;70;61;61;251;6,4;2,4;
2026/01/02;1400 UTC;0;885,8;886,2;885,7;1546,5;26,3;19,2;27,7;25,9;20,2;18,5;68;61;65;262;5,7;1,8;
2026/01/02;1500 UTC;0;885,4;885,8;885,2;1525,3;26,3;18,6;28;25,9;19,4;17,5;67;55;62;202;7,7;2,7;
2026/01/02;1600 UTC;1,6;884,6;885,4;884,6;449,8;21,7;19,5;26,3;21,7;19,8;18,1;87;63;87;133;5,3;2,7;
2026/01/02;1700 UTC;,4;883,4;884,6;883,4;746,9;23,1;18,9;23,1;21,5;20;17,8;90;73;77;36;5,3;1,4;
2026/01/02;1800 UTC;0;882;883,4;882;1021,9;24,5;19,1;24,7;23,1;20,1;18,6;77;71;72;338;3,6;1,6;
2026/01/02;1900 UTC;0;881,1;882;881,1;1661,4;26,2;19,5;26,2;24,3;19,5;18,5;74;65;67;310;4,8;1,3;
2026/01/02;2000 UTC;0;880,9;881,1;880,7;1743,1;26,5;18,7;27,6;26,2;19,5;17,9;67;57;62;286;4,9;1,5;
2026/01/02;2100 UTC;0;881,8;881,8;880,9;510,2;25,6;18;26,5;25,6;18,9;17,1;64;58;63;284;5,3;2,2;
2026/01/02;2200 UTC;0;881,9;882;881,7;129;23,6;18,6;25,6;23,6;18,7;17,8;74;62;74;301;5,5;1,3;
2026/01/02;2300 UTC;0;883,1;883,1;881,9;;21,9;18,9;23,6;21,4;18,9;18,5;84;74;83;301;2,3;1,1;
2026/01/03;0000 UTC;0;884,1;884,1;883,1;;21,6;18,7;22,5;21,6;19;18,5;85;79;84;343;2,7;1,5;
2026/01/03;0100 UTC;0;884,9;884,9;883,9;;21,7;18,7;21,9;21,5;19;18,7;85;83;83;330;3,1;1,6;
2026/01/03;0200 UTC;0;885,3;885,3;885;;21,5;18,8;21,7;21,1;18,9;18,6;86;83;85;318;5,3;2,2;
2026/01/03;0300 UTC;0;885,1;885,5;885,1;;20,8;18,5;21,5;20,8;19,2;18,5;89;85;87;314;8,3;3,3;
2026/01/03;0400 UTC;0;884,3;885,1;884,3;;19,7;17,2;20,8;19,5;18,7;17,2;91;85;85;305;11,3;3,8;
2026/01/03;0500 UTC;0;883,7;884,3;883,6;;20;16,9;20,1;19,7;17,1;16,1;85;78;83;287;9,3;2,4;
2026/01/03;0600 UTC;0;883,9;884;883,7;;20,2;18,8;20,4;20;18,8;17;92;83;92;288;7;2,6;
2026/01/03;0700 UTC;0;884,1;884,1;883,9;;20,6;18,7;20,6;20,2;18,8;18,7;92;89;89;272;6,1;2,1;
2026/01/03;0800 UTC;0;884,6;884,6;884,1;;20,1;18,5;20,6;20,1;18,8;18,5;91;89;91;266;6,1;1,8;
2026/01/03;0900 UTC;0;884,3;884,6;884,3;,9;19,4;18;20,1;19,4;18,5;18;92;90;92;284;5;1,4;
2026/01/03;1000 UTC;0;884,3;884,3;884,1;164,9;19,7;18,4;19,7;19,4;18,4;18;93;92;92;341;3,3;1,9;
2026/01/03;1100 UTC;0;885,2;885,2;884,3;572,6;20,6;18,8;20,6;19,6;18,8;18,3;92;89;89;320;6,3;3;
2026/01/03;1200 UTC;0;885,8;885,8;885,2;1035,7;22;18,6;22;20,6;19,2;18,6;89;81;81;315;8,8;3,9;
2026/01/03;1300 UTC;0;885,9;886;885,8;1540,1;22,5;18,7;23,1;22;19,1;18,5;82;77;79;323;8,8;4,1;
2026/01/03;1400 UTC;0;885,5;885,9;885,5;1982,9;24,7;19,5;24,7;22,4;19,5;18,6;81;71;73;322;8,2;3,7;
2026/01/03;1500 UTC;0;885,1;885,5;885,1;2642,2;25,3;19,2;25,4;24,5;19,6;18,6;73;66;69;305;8,3;3,8;
2026/01/03;1600 UTC;0;884,5;885,2;884,5;2792,6;26,9;19,5;27,1;25,3;19,9;18,5;70;60;64;288;7,5;2,4;
2026/01/03;1700 UTC;0;883,2;884,5;883,2;2885,5;27,8;18,2;28,3;26,3;19,7;17,9;64;55;56;311;7,7;3,1;
2026/01/03;1800 UTC;0;882,2;883,2;882,2;2902,3;28,1;19,1;28,1;26,5;20,4;17,8;68;55;58;307;7,9;2,9;
2026/01/03;1900 UTC;0;881,5;882,2;881,5;2103,8;26,7;18,6;28,4;26,7;19,7;17,9;62;55;61;340;7,6;4,4;
2026/01/03;2000 UTC;0;881,8;881,8;881,3;707,5;25,3;19,3;27,2;25,3;19,7;18,8;69;61;69;332;10;4,7;
2026/01/03;2100 UTC;,4;883;883;881,8;98,2;20,6;19,3;25,3;20,5;19,3;18,7;92;69;92;272;12,4;2;
2026/01/03;2200 UTC;0;883,6;883,6;883;4,9;20,5;19;20,9;20,5;19,4;18,9;92;90;91;272;5,6;1,5;
2026/01/03;2300 UTC;,8;884,3;884,3;883,5;;20,4;19,1;20,5;20,2;19,2;18,9;93;91;93;314;3,6;,8;
2026/01/04;0000 UTC;,8;885;885;884,3;;20,3;19,2;20,4;20,2;19,4;19;94;92;93;321;1,9;1,2;
2026/01/04;0100 UTC;,8;885,6;885,8;885;;19,1;17,9;20,3;19,1;19,4;17,9;94;91;93;188;8,2;2,1;
2026/01/04;0200 UTC;2,2;885,6;885,7;885,5;;19;18,1;19,1;18,8;18,1;17,9;95;93;95;26;4;1;
2026/01/04;0300 UTC;,2;885,3;885,6;885,3;;18,8;18,1;19,1;18,8;18,2;18;96;94;96;330;2,8;1;
2026/01/04;0400 UTC;,8;885,1;885,5;885,1;;18,6;18,1;18,9;18,6;18,2;18;96;96;96;341;3,2;1,6;
2026/01/04;0500 UTC;1,6;884,1;885,1;884,1;;18,7;18,2;18,8;18,6;18,2;18,1;97;96;97;359;3,7;1,3;
2026/01/04;0600 UTC;,4;883,8;884,1;883,8;;18,5;18;18,7;18,5;18,2;18;97;97;97;342;2,6;1,4;
2026/01/04;0700 UTC;0;883,7;883,8;883,6;;18,4;17,9;18,5;18,4;17,9;17,9;97;97;97;349;3,9;2,4;
2026/01/04;0800 UTC;0;883,8;883,8;883,7;;18,7;18,2;18,7;18,4;18,2;17,9;97;97;97;337;5,3;2,7;
2026/01/04;0900 UTC;,2;884,3;884,3;883,8;3,3;18,5;18;18,7;18,5;18,2;18;97;97;97;330;7;3;
2026/01/04;1000 UTC;0;884,5;884,7;884,3;132;18,6;18,1;18,6;18,5;18,1;18;97;97;97;325;8,1;3,6;
2026/01/04;1100 UTC;0;884,9;885;884,5;496,6;19,1;18,3;19,2;18,5;18,4;18,1;97;95;95;328;7,4;3,4;
2026/01/04;1200 UTC;0;885,5;885,6;884,9;915,6;19,9;18,4;20;19,1;18,7;18,3;95;91;91;332;9;4,8;
2026/01/04;1300 UTC;0;885,6;885,6;885,5;1451,1;21;18,5;21,3;19,9;18,9;18,2;92;84;85;332;10,8;4,1;
2026/01/04;1400 UTC;0;885,8;885,8;885,6;1559,5;21,6;18,6;21,7;20,5;18,9;18,2;89;82;83;321;10,3;3,9;
2026/01/04;1500 UTC;0;885,8;885,9;885,7;1333;21,8;18,4;22,1;21;19;18,2;87;80;81;310;8,5;3,7;
2026/01/04;1600 UTC;0;885,4;885,8;885,4;1121,3;21,9;18,5;22;21,3;18,7;18;83;78;81;320;9,4;3,5;
2026/01/04;1700 UTC;0;884,5;885,4;884,5;1706,1;22,5;19;22,6;20,7;19,4;18,2;88;80;81;321;8,6;3,9;
2026/01/04;1800 UTC;0;883,8;884,5;883,8;1929,8;22,8;18,9;23,3;21,9;19,5;18,6;84;77;78;342;9,1;3,7;
2026/01/04;1900 UTC;,2;883,8;884,1;883,7;1080,6;21,1;19,2;22,8;20;19,5;18,3;94;78;89;314;12,2;3,5;
2026/01/04;2000 UTC;0;883,8;883,8;883,6;1662,4;22;18;22,6;21,1;19,4;17,9;89;77;78;313;8,3;4,3;
2026/01/04;2100 UTC;0;884,2;884,2;883,8;458;20,2;18,2;22;19,6;18,5;17,8;92;78;88;312;9,5;3;
2026/01/04;2200 UTC;0;884,8;884,9;884,2;102,9;19,3;17,6;20,2;19,3;18,2;17,5;90;87;90;314;6,3;1,9;
2026/01/04;2300 UTC;0;885,1;885,1;884,8;;18,8;17,5;19,3;18,8;17,5;17,4;92;90;92;317;3,8;1,7;
2026/01/05;0000 UTC;0;885,8;885,8;885,1;;18,7;17,3;18,9;18,7;17,5;17,3;92;91;92;324;3,3;1,1;
2026/01/05;0100 UTC;0;886,5;886,5;885,8;;18,2;17,3;18,7;18,2;17,3;17,1;94;92;94;314;2,6;1,5;
2026/01/05;0200 UTC;0;886,7;886,7;886,5;;18,5;17,3;18,5;18,1;17,4;17,1;94;93;93;325;3,1;1,6;
2026/01/05;0300 UTC;0;886,3;886,8;886,3;;18,7;17,5;18,8;18,5;17,5;17,3;93;92;93;340;4,1;2,1;
2026/01/05;0400 UTC;0;885,6;886,3;885,6;;18,6;17,6;18,7;18,6;17,6;17,5;94;93;94;341;4,4;2,7;
2026/01/05;0500 UTC;0;884,8;885,6;884,8;;18,8;17,5;18,8;18,6;17,7;17,5;94;92;92;332;4,8;2,3;
2026/01/05;0600 UTC;0;884,5;884,8;884,5;;18,7;17,6;18,8;18,6;17,6;17,5;94;92;94;325;4,4;2;
2026/01/05;0700 UTC;0;884,2;884,5;884,2;;18,5;17,7;18,7;18,5;17,7;17,6;95;94;95;316;4,2;1,1;
2026/01/05;0800 UTC;0;884,6;884,6;884,2;;18,3;17,5;18,5;18,3;17,7;17,5;95;95;95;322;2,7;1,3;
2026/01/05;0900 UTC;0;885,1;885,1;884,6;2,7;18,5;17,6;18,5;18,3;17,6;17,5;95;95;95;294;2,9;1,3;
2026/01/05;1000 UTC;0;885,9;885,9;885,1;120,4;19,1;17,9;19,1;18,4;17,9;17,6;95;93;93;327;2,9;1,5;
2026/01/05;1100 UTC;0;886,3;886,3;885,9;246,6;19,2;18,1;19,4;19,1;18,1;17,9;93;91;93;335;3,5;1,7;
2026/01/05;1200 UTC;,2;886,6;886,6;886,2;464,5;19,9;18,6;20,1;19,2;18,6;18,1;94;90;92;353;4,2;2,3;
2026/01/05;1300 UTC;0;887;887;886,6;908,9;20,7;18,3;21;19,8;18,9;18;92;84;86;1;6,3;3,7;
2026/01/05;1400 UTC;0;886,6;887;886,6;1300,2;21,6;18,6;21,6;20,7;18,6;18;87;82;83;352;7,5;4,3;
2026/01/05;1500 UTC;0;886;886,6;886;2186,4;22,9;18,4;23,1;21,6;18,7;17,6;83;74;76;330;7,6;3,1;
2026/01/05;1600 UTC;0;885,6;886;885,5;1382,7;20,3;18,5;23,9;20,3;18,8;17,6;90;70;89;5;10,1;5,3;
2026/01/05;1700 UTC;0;884,9;885,6;884,8;2669,4;21,8;18,9;23,9;20,3;19,8;18;89;71;83;328;9,9;3,9;
2026/01/05;1800 UTC;1;884,4;884,9;884,3;1597,9;19,9;18,5;23,6;19,7;19,1;17,7;93;69;92;336;10,5;4,2;
2026/01/05;1900 UTC;2,2;884,2;884,4;884,2;861,7;19,1;18,3;20,7;19,1;19,3;18,3;95;88;95;326;8,6;4,3;
2026/01/05;2000 UTC;,4;884;884,2;883,9;606,8;19,6;18,4;19,7;19,1;18,7;18,3;96;93;93;311;7,1;2,4;
2026/01/05;2100 UTC;0;884,3;884,3;884;237;18,7;17,6;19,6;18,7;18,4;17,4;93;92;93;319;8,3;3,1;
2026/01/05;2200 UTC;0;884,9;884,9;884,3;35,5;18,6;17,8;18,8;18,6;17,8;17,5;95;92;95;315;7,2;2,7;
2026/01/05;2300 UTC;0;885,4;885,4;884,9;;18,5;17,5;18,6;18,5;17,8;17,5;95;93;94;317;7,5;2,6;
2026/01/06;0000 UTC;0;885,9;885,9;885,4;;18,3;17,4;18,5;18,3;17,5;17,4;95;94;95;328;5,6;2,9;
2026/01/06;0100 UTC;0;886,7;886,7;885,9;;18,5;17,4;18,5;18,3;17,4;17,3;95;93;93;333;7,6;3,8;
2026/01/06;0200 UTC;0;886,8;887;886,7;;18,5;17,4;18,5;18,4;17,4;17,4;94;93;94;326;7,6;3,1;
2026/01/06;0300 UTC;0;886,6;886,8;886,6;;18,5;17,4;18,6;18,5;17,5;17,4;94;93;93;324;6,2;2,3;
2026/01/06;0400 UTC;0;885,8;886,6;885,8;;18,4;17,4;18,5;18,4;17,5;17,4;94;93;94;325;4,9;2,4;
2026/01/06;0500 UTC;0;885,2;885,8;885,2;;18,4;17,5;18,5;18,4;17,5;17,4;94;94;94;330;4,9;1,9;
2026/01/06;0600 UTC;0;885,1;885,3;885,1;;18,4;17,6;18,4;18,4;17,6;17,5;95;94;95;324;3,7;1,6;
2026/01/06;0700 UTC;0;885,2;885,2;885;;18,4;17,7;18,5;18,4;17,7;17,6;95;95;95;329;3,5;1,6;
2026/01/06;0800 UTC;,2;885,3;885,3;885,2;;18,4;17,9;18,5;18,4;17,9;17,7;97;95;97;351;4,2;2,4;
2026/01/06;0900 UTC;1,8;885,8;885,8;885,2;1,5;17,5;16,9;18,5;17,5;17,9;16,9;97;96;96;339;9,4;4,9;
2026/01/06;1000 UTC;1,4;886,4;886,4;885,8;78,6;17,6;17,1;17,6;17,4;17,1;16,9;97;96;97;331;8,8;3,1;
2026/01/06;1100 UTC;,2;886,9;886,9;886,4;444;18,5;17,7;18,5;17,6;17,9;17,1;97;95;95;338;6,3;3,3;
2026/01/06;1200 UTC;1;887,5;887,5;886,9;816,2;19,1;18,2;19,2;18,5;18,3;17,6;95;94;94;342;6,8;3,5;
2026/01/06;1300 UTC;,6;887,7;887,7;887,5;743,7;19,1;18,3;19,3;19;18,5;18;95;94;95;355;6,1;3,3;
2026/01/06;1400 UTC;0;887,3;887,7;887,3;1656;21,3;18,6;21,4;19,1;19,5;18,3;95;85;85;355;7,8;3,6;
2026/01/06;1500 UTC;2,2;887,3;887,5;887,3;994,1;18,6;17,9;21,3;18,5;18,9;17,8;96;84;96;353;9,6;5,3;
2026/01/06;1600 UTC;3,6;887,2;887,4;887,1;811,5;18,7;18,1;18,9;18,6;18,2;17,9;96;95;96;344;10,9;4,4;
2026/01/06;1700 UTC;8,2;886,7;887,2;886,6;385,3;17,9;17,4;18,7;17,9;18;17,4;97;96;97;4;10,2;5,1;
2026/01/06;1800 UTC;3;885,9;886,7;885,9;324,6;18,5;18;18,5;17,9;18;17,4;97;97;97;3;8,4;4,3;
2026/01/06;1900 UTC;1,4;885,3;885,9;885,3;305,8;18,2;17,5;18,5;18,1;18;17,5;97;96;96;346;8,7;3,3;
2026/01/06;2000 UTC;0;884,8;885,3;884,7;247,8;18,4;17,8;18,4;18,2;17,8;17,5;96;96;96;298;6;1,6;
2026/01/06;2100 UTC;,2;885,5;885,6;884,8;225,6;18,4;17,8;18,5;18,3;18;17,7;97;96;96;334;4,1;1,3;
2026/01/06;2200 UTC;0;886,1;886,1;885,4;72,4;18,3;17,4;18,5;18,3;17,9;17,4;96;95;95;22;4,1;1,9;
2026/01/06;2300 UTC;0;886,8;886,8;886,1;;18,1;17,2;18,3;18,1;17,5;17,1;95;94;94;17;3,6;1,5;
2026/01/07;0000 UTC;0;887,7;887,7;886,8;;18,2;17,3;18,3;17,7;17,4;16,9;95;94;94;2;2,7;,9;
2026/01/07;0100 UTC;0;888,5;888,5;887,7;;18,7;17,3;18,7;18,1;17,7;17,3;96;92;92;84;2,6;,9;
2026/01/07;0200 UTC;,2;888,7;888,7;888,5;;18,8;17,9;18,8;18,5;17,9;17,3;95;92;95;102;2,5;1,3;
2026/01/07;0300 UTC;2,4;887,9;888,7;887,9;;18,2;17,6;18,8;18,2;17,9;17,5;96;95;96;101;4,8;2,1;
2026/01/07;0400 UTC;1;887,6;887,9;887,6;;18,3;17,8;18,4;18,2;17,8;17,6;97;96;97;79;4,3;2,5;
2026/01/07;0500 UTC;0;887,2;887,6;887,2;;18,3;17,7;18,4;18,3;17,9;17,7;97;96;96;71;5,5;2,6;
2026/01/07;0600 UTC;2;886,8;887,2;886,8;;18;17,5;18,3;18;17,7;17,4;96;96;96;64;6;2,8;
2026/01/07;0700 UTC;1,8;886,7;886,8;886,7;;17,9;17,3;18,1;17,9;17,5;17,3;97;96;97;79;6,7;3,8;
2026/01/07;0800 UTC;0;886,7;886,8;886,6;;18;17,5;18;17,9;17,5;17,4;97;97;97;79;6,7;3,1;
2026/01/07;0900 UTC;,2;887,1;887,1;886,7;1,6;18,2;17,6;18,2;18;17,6;17,5;97;97;97;63;6,6;2,4;
2026/01/07;1000 UTC;0;887,9;887,9;887,1;145,9;18,5;17,8;18,5;18,1;17,9;17,6;97;96;96;50;6,1;2,2;
2026/01/07;1100 UTC;0;888,3;888,3;887,9;862,1;20,3;18,6;20,3;18,5;18,6;17,8;96;89;90;30;5,6;2,7;
2026/01/07;1200 UTC;0;888,9;888,9;888,3;1213,2;21,1;18,1;21,1;20,4;18,9;17,8;90;82;83;19;8,2;2,3;
2026/01/07;1300 UTC;0;889;889,1;888,9;1298;21,6;17,9;21,6;20,8;18,3;17,5;85;79;79;34;7,3;3,3;
2026/01/07;1400 UTC;0;888,7;889;888,7;1712,5;23,4;17,6;23,4;21,6;18,6;17,4;80;69;70;35;6,4;2,2;
2026/01/07;1500 UTC;0;888;888,7;888;2640,6;24;17,9;24,4;22;18,5;17,3;78;68;69;24;7,5;3,3;
2026/01/07;1600 UTC;0;887,7;888;887,7;2723,3;24;18,1;25,7;23,4;18,5;16;73;57;70;46;7,3;3;
2026/01/07;1700 UTC;0;887,4;887,7;887,4;1021,3;22,7;17,7;24;22,5;18,4;16,9;77;67;73;17;6,4;3;
2026/01/07;1800 UTC;0;887,1;887,4;887;773,5;20,8;17,2;23,1;20,8;18,2;17,1;80;71;80;309;7;2,8;
2026/01/07;1900 UTC;2,2;886,7;887,1;886,7;293,1;19;18,1;20,8;19;18,4;17,1;95;80;94;357;6;3,3;
2026/01/07;2000 UTC;2,4;886,8;886,8;886,6;185,1;18,8;18,1;19;18,7;18,3;18;96;94;96;322;7,1;1,9;
2026/01/07;2100 UTC;0;886,8;886,9;886,8;191,9;19;18,4;19,1;18,8;18,4;18,1;96;96;96;304;3,7;1,1;
2026/01/07;2200 UTC;0;887,3;887,3;886,7;32,3;18,7;18,1;19;18,7;18,3;18,1;96;96;96;276;2;,4;
2026/01/07;2300 UTC;0;888;888;887,3;;19;18,4;19;18,6;18,4;18;97;96;96;114;2,6;1,4;
2026/01/08;0000 UTC;0;888,3;888,3;888;;19;18,2;19,1;19;18,4;18,2;96;95;95;129;3,1;1,6;
2026/01/08;0100 UTC;0;888,9;888,9;888,3;;18,5;17,9;19;18,5;18,2;17,9;96;95;96;153;2,8;,9;
2026/01/08;0200 UTC;0;889,2;889,2;888,9;;18,6;18;18,7;18,4;18,1;17,8;97;96;97;129;3,1;1,5;
2026/01/08;0300 UTC;0;888,7;889,3;888,7;;18;17,4;18,6;18;18,1;17,4;97;96;97;310;2,6;,7;
2026/01/08;0400 UTC;;;;;;;;;;;;;;;;;;
2026/01/08;0500 UTC;0;888,2;888,3;888,1;;18,9;18,4;18,9;18,3;18,4;17,8;97;97;97;70;3,5;1,8;
2026/01/08;0600 UTC;3,4;887,8;888,2;887,7;;18,5;17,9;18,9;18,4;18,4;17,8;97;96;97;98;6,5;2,2;
2026/01/08;0700 UTC;0;887,5;887,8;887,4;;17,8;17,2;18,5;17,7;18;17,1;97;95;96;142;6;,9;
2026/01/08;0800 UTC;0;887,8;887,9;887,5;;17,9;17,2;18;17,8;17,3;17,1;97;96;96;129;3;1,4;
2026/01/08;0900 UTC;0;888,2;888,2;887,7;1,6;17,9;17,3;17,9;17,5;17,3;17;97;96;97;100;2,9;1,8;
2026/01/08;1000 UTC;0;888,6;888,6;888,2;252;19,2;18,2;19,2;17,9;18,2;17,3;97;94;94;87;3,9;1,8;
2026/01/08;1100 UTC;0;888,7;888,8;888,6;618,4;19,2;18;19,3;19;18,1;17,7;94;91;92;105;5,8;2,3;
2026/01/08;1200 UTC;0;889,2;889,2;888,7;1038,2;20,2;17,9;20,3;19,2;18,6;17,9;93;87;87;90;6,2;4;
2026/01/08;1300 UTC;0;889,2;889,3;889,1;2022,3;21,2;17,8;21,2;20,1;18,5;17,6;89;80;81;97;7,2;4,1;
2026/01/08;1400 UTC;0;889;889,2;889;2711,1;22;18,1;22,2;21,1;18,2;17,2;82;75;79;84;7,8;3,9;
2026/01/08;1500 UTC;0;888,7;889,1;888,7;2594,6;24,2;18;24,2;22;18,4;17;79;67;68;61;7,5;3;
2026/01/08;1600 UTC;,2;888,1;888,7;888,1;3411,5;25,1;18,6;25,1;23,8;18,7;17,3;70;64;67;69;7,5;3,6;
2026/01/08;1700 UTC;0;887,7;888,1;887,7;2996,3;24,9;16,7;25,6;24,5;18,8;16,5;68;59;60;67;7,5;3;
2026/01/08;1800 UTC;0;886,7;887,7;886,7;2833;26,5;16,5;26,5;24,6;17,6;16,1;62;53;54;82;6,6;3,4;
2026/01/08;1900 UTC;0;886,1;886,7;886,1;2694,6;26,6;15,6;27,2;26,2;17,1;15;57;47;51;82;7,9;2,9;
2026/01/08;2000 UTC;0;885,9;886,2;885,9;1798,3;26,6;15,3;26,8;26,3;16,8;14,8;55;48;50;56;6,5;2,6;
2026/01/08;2100 UTC;0;886,3;886,3;885,8;493;25,2;15,9;26,8;25,2;16,7;15,2;59;49;56;62;5,6;1,8;
2026/01/08;2200 UTC;0;887,1;887,1;886,3;36,2;24,1;16,8;25,3;24,1;17,7;15,9;67;56;64;100;4;1,9;
2026/01/08;2300 UTC;0;887,2;887,3;887,1;;21,8;18,1;24,1;21,8;18,2;16,6;80;64;79;138;3,3;1,3;
2026/01/09;0000 UTC;0;887,8;887,8;887,2;;23,2;17,3;23,2;21,4;18,9;17,3;86;69;69;102;3,1;1,7;
2026/01/09;0100 UTC;0;888,3;888,3;887,8;;22,8;16,4;23,2;22,7;17,4;16,2;70;65;67;109;6;2,2;
2026/01/09;0200 UTC;0;888,5;888,6;888,2;;22,3;17,2;22,8;22,3;17,2;16,4;73;67;73;75;5,7;2,1;
2026/01/09;0300 UTC;0;888,1;888,5;888,1;;20,8;17,7;22,3;20,8;17,7;17,2;82;73;82;46;4,3;,6;
2026/01/09;0400 UTC;0;887,5;888,1;887,5;;21;17,4;21,6;20,4;17,8;17,2;85;77;80;45;2,7;1;
2026/01/09;0500 UTC;0;887,1;887,5;887,1;;21,2;16,8;21,4;21;17,4;16,6;80;75;76;88;3,9;1,8;
2026/01/09;0600 UTC;0;887;887,2;887;;20,8;17;21,2;20,8;17;16,8;79;76;79;85;4,2;2,2;
2026/01/09;0700 UTC;0;887,2;887,2;886,9;;20,3;17,2;20,8;20,3;17,2;17;83;79;83;92;5,4;2;
2026/01/09;0800 UTC;0;887,6;887,6;887,2;;19,7;17,2;20,3;19,7;17,3;17,2;86;82;85;102;4,2;1,3;
2026/01/09;0900 UTC;0;888,1;888,1;887,6;1,8;19,1;17;19,7;19,1;17,2;17;88;85;88;120;2,9;1,5;
2026/01/09;1000 UTC;0;888,4;888,4;888,1;344,9;20,9;17,7;20,9;19,1;17,8;17;88;82;82;106;4,1;2;
2026/01/09;1100 UTC;0;888,9;888,9;888,4;812,1;21,9;17,9;21,9;20,9;18,3;17,7;83;78;78;108;6,2;2,6;
2026/01/09;1200 UTC;0;889,1;889,1;888,9;1653,7;21,6;18,1;22,4;21,3;18,4;17,8;81;77;81;90;9,3;3,9;
2026/01/09;1300 UTC;0;889,1;889,2;889;2493;24,2;18,5;24,3;21,6;19,2;17,9;81;69;70;66;8;3,2;
2026/01/09;1400 UTC;0;889;889,3;889;2937,4;24,4;18,5;24,9;24;19,4;18,1;75;67;69;94;7,6;3,9;
2026/01/09;1500 UTC;0;888,6;889;888,6;3874,3;26,1;18,7;26,1;24,4;19,5;18;71;62;64;79;7,5;3;
2026/01/09;1600 UTC;0;888,2;888,6;888,1;3242,6;26,4;17,1;27;25,7;19,6;16,2;68;53;57;100;7,7;3,6;
2026/01/09;1700 UTC;0;887,5;888,2;887,5;2712,6;26,6;17,5;27,8;26,4;18,3;16,6;60;53;57;84;7,2;3,1;
2026/01/09;1800 UTC;0;886,7;887,5;886,7;2309,9;27,3;17,6;27,9;26,6;18,5;15,9;59;50;56;71;7,6;2,7;
2026/01/09;1900 UTC;0;886,6;886,8;886,6;2249,9;26,7;17;27,9;26,5;18,2;16,6;59;51;55;99;7,4;3,3;
2026/01/09;2000 UTC;0;885,8;886,6;885,8;1605,1;27;17,5;27,6;26,4;18,4;16,7;58;52;56;103;6,7;3,4;
2026/01/09;2100 UTC;0;886,3;886,4;885,8;478,3;25,8;17,2;27,1;25,8;17,8;16,5;60;54;59;101;6,7;3,2;
2026/01/09;2200 UTC;0;887,1;887,1;886,2;63,9;24,9;17,2;25,8;24,9;17,8;17,1;64;59;62;114;6,4;2,3;
2026/01/09;2300 UTC;0;887,4;887,4;886,9;;23,9;16,9;24,9;23,9;17,5;16,9;66;62;65;116;5,2;1,9;
2026/01/10;0000 UTC;0;887,9;887,9;887,4;;23,1;16,5;23,9;23,1;17;16,4;67;65;67;108;4;1,6;
2026/01/10;0100 UTC;0;888,2;888,2;887,9;;22,5;17;23,3;22,5;17;16,3;71;65;71;96;5,5;1,7;
2026/01/10;0200 UTC;0;888,2;888,4;888,2;;22,5;17,5;22,5;22,3;17,5;17;74;71;73;88;5,2;2,7;
2026/01/10;0300 UTC;0;887,8;888,2;887,8;;21,8;17,6;22,5;21,8;17,6;17,4;77;73;77;105;5,2;2,1;
2026/01/10;0400 UTC;0;887,3;887,8;887,3;;21,7;17,7;21,9;21,6;17,8;17,6;78;77;78;103;5,3;2,9;
2026/01/10;0500 UTC;0;887;887,3;887;;21,4;17,7;21,7;21,4;17,7;17,6;79;78;79;81;6,1;3,3;
2026/01/10;0600 UTC;0;886,8;887;886,8;;20,8;17,3;21,4;20,8;17,7;17,3;81;78;80;58;6,1;2,2;
2026/01/10;0700 UTC;0;887,1;887,1;886,8;;20,4;16,8;20,7;20,4;17,3;16,8;81;78;80;66;4,7;1,6;
2026/01/10;0800 UTC;0;887;887,1;887;;19,8;16,2;20,5;19,8;16,8;16,2;80;78;80;91;3,7;1,5;
2026/01/10;0900 UTC;0;887,5;887,5;887;1,3;20;15,9;20;19,7;16,2;15,8;80;77;77;97;4,4;2,3;
2026/01/10;1000 UTC;0;887,8;887,8;887,4;412,1;21;16,3;21;20;16,3;15,7;77;73;74;93;6,5;3,2;
2026/01/10;1100 UTC;0;888,5;888,5;887,8;1320,8;22,2;17,1;22,2;21;17,2;16,1;74;72;73;86;7,8;3,9;
2026/01/10;1200 UTC;0;888,8;888,8;888,4;2217,7;22,7;17,3;22,8;22,1;17,8;16,9;74;71;72;84;8,8;3,8;
2026/01/10;1300 UTC;0;888,8;888,9;888,7;2804,9;23,7;17,7;24,1;22,7;18,4;17,5;74;68;69;73;7,6;3,7;
2026/01/10;1400 UTC;0;888,7;888,9;888,7;3170,2;24,8;17,1;25,2;23,6;18,4;16,9;71;61;62;87;7,6;3,4;
2026/01/10;1500 UTC;0;888,2;888,7;888,2;3552,9;26,6;15,8;26,6;24,8;17,6;15,2;64;49;52;70;7,9;3,1;
2026/01/10;1600 UTC;0;887,5;888,3;887,5;3816,1;26,8;13,7;26,9;25,8;15,8;12,2;54;42;44;66;8;3,2;
2026/01/10;1700 UTC;0;886,7;887,6;886,7;3827,9;27,5;12,5;27,7;26,7;14,9;10;47;34;39;68;8,4;3,6;
2026/01/10;1800 UTC;0;886;886,7;885,9;3358,4;27,3;15;28,2;26,9;15,2;11,3;48;35;47;77;7,7;4,3;
2026/01/10;1900 UTC;0;885,2;886;885,2;2745,2;26,5;16,8;27,7;26,2;17,6;15,2;59;47;55;101;8,3;4,2;
2026/01/10;2000 UTC;0;884,7;885,3;884,7;1445,5;26,5;11;26,9;25,5;16,6;9,6;57;34;38;104;7,5;3,7;
2026/01/10;2100 UTC;0;884,5;884,7;884,5;1022,5;25,8;11;26,6;25,8;11,8;9;41;34;40;103;6,9;3,2;
2026/01/10;2200 UTC;0;885,1;885,1;884,4;142,8;24,5;13,4;25,8;24,5;13,4;11,1;50;40;50;97;5,7;1,4;
2026/01/10;2300 UTC;0;885,9;885,9;885,1;;21,2;15,4;24,5;21,2;15,4;13,2;70;49;70;151;3,3;,9;
2026/01/11;0000 UTC;0;886,6;886,6;885,9;;21,2;16,2;21,7;20,8;17;15,1;77;69;73;127;2,2;,9;
2026/01/11;0100 UTC;0;887,2;887,2;886,6;;22,7;16,7;22,7;21,2;16,8;16,2;74;68;69;113;3,1;1,8;
2026/01/11;0200 UTC;0;887,4;887,5;887,2;;22,2;17,3;22,9;22,2;17,3;16,7;74;69;74;112;4,6;1,9;
2026/01/11;0300 UTC;0;887,2;887,5;887,2;;21,7;17,3;22,3;21,7;17,5;17,3;76;73;76;127;4,3;2,1;
2026/01/11;0400 UTC;0;886,6;887,2;886,6;;21,5;16,3;21,7;21,3;17,4;16,2;77;72;72;111;5,9;2,5;
2026/01/11;0500 UTC;0;886,1;886,6;886,1;;21,1;15,9;21,5;21;16,3;15,9;73;72;72;85;6;2,5;
2026/01/11;0600 UTC;0;886;886,1;886;;20,7;15,1;21,2;20,6;15,9;15,1;73;70;70;97;5,6;2,2;
2026/01/11;0700 UTC;0;885,9;886,1;885,9;;20,5;14,6;20,7;20,3;15,2;14,6;71;69;69;95;4,8;2,7;
2026/01/11;0800 UTC;0;886,3;886,3;885,9;;20,2;14,1;20,6;20,1;14,6;13,9;69;67;68;89;5;2,2;
2026/01/11;0900 UTC;0;886,8;886,8;886,3;1,1;19,1;14,2;20,2;18,9;14,3;14,1;74;68;73;103;3,9;1,3;
2026/01/11;1000 UTC;0;887,5;887,5;886,8;389,8;21,1;14,4;21,2;19,1;14,8;14;73;65;66;89;6,4;3,1;
2026/01/11;1100 UTC;0;887,8;887,9;887,5;1275,2;21,8;15,7;21,8;21,1;16,1;14,4;71;65;69;77;7,8;3,1;
2026/01/11;1200 UTC;0;888;888,1;887,8;2166,4;22,8;16,5;23,1;21,8;16,9;15,9;71;66;67;87;7;4;
2026/01/11;1300 UTC;0;888;888,2;887,9;2891,2;24,6;16,9;24,8;22,8;17,6;16,4;71;60;62;90;6,5;3,2;
2026/01/11;1400 UTC;0;888;888,1;887,9;3254,2;25,5;17,2;25,5;24,3;17,5;15,8;64;55;60;74;7,6;3,1;
2026/01/11;1500 UTC;0;887,4;888;887,4;3921,8;26,6;16,7;26,6;25,4;17,6;15,3;60;50;55;62;7,1;3;
2026/01/11;1600 UTC;0;886,9;887,4;886,9;4014;27,4;15,2;27,4;26,2;17,2;14,4;55;45;47;58;6,9;2,6;
2026/01/11;1700 UTC;0;886;886,9;886;3660;28,2;13,2;28,2;27;15,5;13,1;49;40;40;77;6,2;3,1;
2026/01/11;1800 UTC;0;885,3;886;885,3;2776;27,9;12,8;28,4;26,6;15,2;11,6;46;36;39;94;6,6;2,9;
2026/01/11;1900 UTC;0;884,6;885,3;884,5;2606,6;28,1;12,7;28,5;27,4;14,6;12,1;45;38;39;98;7;3,1;
2026/01/11;2000 UTC;0;884;884,6;883,9;1890,4;27,6;12,1;28,1;27,6;13,1;10,5;40;34;38;91;6,6;3,1;
2026/01/11;2100 UTC;0;883,7;884;883,7;965,4;26,8;12,4;27,8;26,8;12,9;11,1;42;36;41;100;5,7;3,2;
2026/01/11;2200 UTC;0;884,2;884,2;883,7;138,6;25,3;14,1;26,8;25,3;14,1;12;50;40;50;97;6,8;2,3;
2026/01/11;2300 UTC;0;885;885;884,2;;23,9;17;25,3;23,9;17;14,1;65;50;65;98;7,2;3,3;
2026/01/12;0000 UTC;0;885,9;885,9;885;;23,7;16,9;23,9;23,5;17,1;16,7;67;64;65;85;6,6;3,2;
2026/01/12;0100 UTC;0;886,7;886,7;885,9;;23,8;16,4;23,8;23,5;17,2;16,3;68;63;63;71;7,2;3,8;
2026/01/12;0200 UTC;0;887;887;886,7;;23;15,9;23,8;23;16,7;15,8;66;63;65;97;7,2;2,4;
2026/01/12;0300 UTC;0;886,9;887,1;886,9;;22,9;15,6;23;22,7;16;15,6;65;63;63;81;5,2;2,2;
2026/01/12;0400 UTC;0;886,6;886,9;886,5;;22,7;15,4;23,1;22,7;15,8;15,2;64;62;63;57;3,9;1,5;
2026/01/12;0500 UTC;0;886,2;886,6;886,2;;22;15,8;22,8;22;15,8;15,3;68;63;68;60;3,9;2;
2026/01/12;0600 UTC;0;885,8;886,2;885,8;;21,4;16,1;22;21,4;16,1;15,7;72;68;72;69;5,1;1,8;
2026/01/12;0700 UTC;0;885,8;886;885,7;;20,8;16,1;21,4;20,8;16,2;16,1;74;72;74;56;4;1,8;
2026/01/12;0800 UTC;0;886;886;885,6;;20,2;16,1;20,9;20,2;16,1;16,1;77;74;77;54;4,6;1;
2026/01/12;0900 UTC;0;886,7;886,7;886;,9;20,4;16,2;20,5;19,5;16,2;16,1;81;76;77;41;3,3;1,4;
2026/01/12;1000 UTC;0;887,6;887,6;886,7;343,1;22;16,6;22;20,2;16,9;16,2;79;72;72;24;3,7;1,5;
2026/01/12;1100 UTC;0;888,1;888,1;887,6;1134,1;23,1;16,9;23,1;22;17,3;16,5;72;68;68;3;5,3;3;
2026/01/12;1200 UTC;0;888,6;888,6;888,1;1440,1;23,8;17,3;24;23,1;17,5;16,6;69;64;67;358;6;3,3;
2026/01/12;1300 UTC;0;888,6;888,7;888,5;1441,5;24,7;17,6;24,7;23,3;18;16,9;71;63;65;359;6,1;2,6;
2026/01/12;1400 UTC;0;888,2;888,6;888,2;1499;24,7;17,5;25;23,8;18;16,8;68;62;64;356;8;3,4;
2026/01/12;1500 UTC;0;887,8;888,4;887,8;1695,3;24,5;17,6;25,9;24,1;18,2;17;68;60;65;23;8,1;3,6;
2026/01/12;1600 UTC;0;888;888,3;887,7;730,5;23,1;17,7;24,7;23,1;18,4;17,1;73;63;72;13;8,1;2,6;
2026/01/12;1700 UTC;0;887,9;888;887,5;787;23,4;18,5;23,6;23,1;19,1;17,7;76;71;74;329;6,5;2,9;
2026/01/12;1800 UTC;0;886,7;887,9;886,5;1150,3;24;18;24;23,3;18,3;17,2;74;68;69;265;6,5;1,9;
2026/01/12;1900 UTC;0;886,1;886,7;886,1;1578;22,6;16,6;24,8;22,4;18,3;15,9;70;62;69;298;8;1,3;
2026/01/12;2000 UTC;0;886;886,2;886;1103,2;24,1;16,3;24,2;22,6;17;15,8;70;61;62;10;4,8;2,1;
2026/01/12;2100 UTC;0;886;886,2;885,9;492,1;23,4;16,4;24,1;23,4;17,3;15,7;68;60;65;333;3,9;,7;
2026/01/12;2200 UTC;0;886,3;886,3;885,9;83,3;21;16,3;23,5;21;16,7;14,9;75;59;74;109;2,1;,5;
2026/01/12;2300 UTC;0;886,7;886,7;886,2;;21;17,8;21,7;20,1;18;16,1;87;73;82;218;2,8;1,5;
2026/01/13;0000 UTC;0;887,7;887,7;886,7;;20,1;17,6;21;19,9;18;17,4;88;82;85;62;2,8;,7;
2026/01/13;0100 UTC;0;888,5;888,5;887,7;;20,2;18,3;21,4;20;18,4;17,5;89;83;89;117;3,5;,4;
2026/01/13;0200 UTC;0;889,7;889,7;888,5;;20,1;15,7;21,3;19,8;18,6;15,7;91;73;76;52;8;4,1;
2026/01/13;0300 UTC;0;889,2;889,8;889,2;;19;16,1;20;19;16,1;15,7;83;76;83;35;9,4;4,1;
2026/01/13;0400 UTC;0;888,8;889,2;888,8;;18,6;16;19;18,6;16,2;15,9;85;83;85;34;9,9;4,5;
2026/01/13;0500 UTC;0;888,3;888,8;888,3;;18,9;14,6;19;18,5;16,1;14,5;85;75;76;51;9,3;2,4;
2026/01/13;0600 UTC;0;887,6;888,3;887,6;;19;14,5;19,2;18,8;14,6;13,8;77;71;75;10;5,7;1;
2026/01/13;0700 UTC;0;887;887,6;887;;17,6;14,3;19;17,6;14,6;13,8;81;72;81;134;2,9;1,1;
2026/01/13;0800 UTC;0;886,8;887;886,7;;17;14,8;17,6;16,5;15;14;89;81;87;189;1,9;1;
2026/01/13;0900 UTC;0;886,9;886,9;886,7;;17,2;15;17,3;16,7;15,3;14,7;89;86;87;296;1,6;,8;
2026/01/13;1000 UTC;0;887,3;887,3;886,9;145,6;18,4;15,2;18,4;17,1;15,9;14,9;88;82;82;300;1,8;,6;
2026/01/13;1100 UTC;0;888,1;888,1;887,2;386,3;20,3;14,9;20,3;18,4;15,7;14,3;83;70;71;28;2,5;1,1;
2026/01/13;1200 UTC;0;888,8;888,8;888,1;916,8;22,4;13,9;22,4;20,3;15,5;13,8;72;59;59;338;2,8;1,6;
2026/01/13;1300 UTC;0;889,2;889,2;888,8;1777,6;23,9;15,1;23,9;22,4;15,1;12,6;61;50;58;43;4,1;1,3;
2026/01/13;1400 UTC;0;889,2;889,2;889,2;2710,6;25,9;15,9;26,3;23,7;16,3;14,3;59;49;54;350;5,1;2,6;
2026/01/13;1500 UTC;0;888,9;889,3;888,9;3230,2;26,6;14,9;26,7;25,9;16,1;13,3;55;45;49;326;5,3;1,9;
2026/01/13;1600 UTC;0;888,4;888,9;888,4;3678,4;28,4;10,6;28,6;26,5;15,2;10,4;50;33;33;346;9;1,6;
2026/01/13;1700 UTC;0;887,5;888,4;887,5;3433,5;28;11,3;28,9;27,7;12,8;9,8;40;31;36;8;6,3;3;
2026/01/13;1800 UTC;0;886,7;887,5;886,7;3340,6;28,5;11,3;29;27,9;13,9;9,7;42;30;34;359;6,9;3;
2026/01/13;1900 UTC;0;886;886,9;886;2552,2;27,4;14;28,5;25,8;16;10,9;53;33;44;57;8,8;3,4;
2026/01/13;2000 UTC;0;885,7;886;885,7;1971,6;27,5;15,2;27,7;27,3;15,2;13,5;47;42;47;48;6,6;2,6;
2026/01/13;2100 UTC;0;885,9;885,9;885,5;605,2;25,5;14,1;27,5;25,5;14,7;13,7;49;44;49;55;6,6;2,9;
2026/01/13;2200 UTC;0;886,5;886,5;885,9;34,6;24,6;16,7;25,6;24,6;16,7;14;61;49;61;79;5,8;3,1;
2026/01/13;2300 UTC;0;887,2;887,2;886,5;;22,7;15;24,6;22,7;17;14,4;64;57;62;218;6,1;1;
2026/01/14;0000 UTC;0;888,3;888,3;887,2;;22,6;16,4;23;22;16,4;14;68;57;68;119;3,5;1,7;
2026/01/14;0100 UTC;0;888,8;888,9;888,3;;22,1;15,9;22,6;22,1;16,7;15,7;71;67;68;44;5;1,5;
2026/01/14;0200 UTC;0;888,8;888,9;888,7;;19,4;15,2;22,1;19,4;15,9;14,4;77;62;77;175;6,3;,3;
2026/01/14;0300 UTC;0;888,6;888,9;888,4;;20,6;15,9;20,7;19,3;16,3;15;83;74;74;130;3,3;1,7;
2026/01/14;0400 UTC;0;888;888,6;888;;21,2;14,1;21,5;20,3;16;13,7;77;61;64;111;4,6;2,1;
2026/01/14;0500 UTC;0;887,6;888;887,6;;20,7;14,6;21,2;20,6;14,7;14;69;64;68;114;4,5;1,7;
2026/01/14;0600 UTC;0;887,5;887,6;887,4;;20;15,5;20,8;20;15,5;14,5;75;68;75;128;3,2;,9;
2026/01/14;0700 UTC;0;887,3;887,5;887,2;;18,6;15,8;20,2;18,1;15,8;14,7;85;71;84;162;2;,9;
2026/01/14;0800 UTC;0;887,4;887,4;887,2;;19,8;15,1;20,2;18,6;15,7;15;84;72;74;133;4,1;2,1;
2026/01/14;0900 UTC;0;887,9;887,9;887,4;1,6;19;15,4;19,8;19;15,4;14,8;80;74;80;120;5,3;3,3;
2026/01/14;1000 UTC;0;888,8;888,8;887,9;246,4;19,3;16,2;19,3;18,9;16,3;15,4;83;80;82;116;5,3;2,7;
2026/01/14;1100 UTC;0;888,8;888,9;888,7;1005;21,7;16,8;21,7;19,3;16,8;16,1;82;71;73;95;5,7;2,9;
2026/01/14;1200 UTC;0;889,2;889,3;888,8;1776,2;22;17;22,8;21,7;17,1;16,2;74;68;73;84;6,4;3,2;
2026/01/14;1300 UTC;0;889,3;889,3;889,1;2427,7;23,8;17,7;23,9;22;17,8;17;74;68;68;122;8,3;3,9;
2026/01/14;1400 UTC;0;889,1;889,3;889,1;3270,5;24,7;18,3;24,8;23,5;18,6;17,3;72;66;67;86;7,2;3,6;
2026/01/14;1500 UTC;0;888,6;889,1;888,5;3637,3;25,9;18,7;26;24,8;19,2;18;69;63;65;95;8,3;4,3;
2026/01/14;1600 UTC;0;888;888,6;888;3294,4;26;17,5;27,3;25,7;18,9;17;66;54;59;74;9,6;3,4;
2026/01/14;1700 UTC;0;887,2;888,1;887,2;3608,7;27,5;18,1;28,1;26;18,9;16,9;62;51;57;90;7,3;3,5;
2026/01/14;1800 UTC;0;886;887,2;886;3056,9;27,6;16,7;28,1;27,1;18,1;16,4;58;49;52;67;8,6;4,2;
2026/01/14;1900 UTC;0;885;886;885;2040,4;26,4;16,2;28,2;26,4;17,7;16,2;55;50;53;72;9;4,5;
2026/01/14;2000 UTC;0;884,8;885,1;884,8;705,1;25,9;16,2;26,4;25,8;17,2;15,4;58;52;55;71;8,9;4,1;
2026/01/14;2100 UTC;0;885,1;885,1;884,7;391,7;25,3;16,6;25,9;25,3;16,7;15,8;59;55;59;76;7,7;3,5;
2026/01/14;2200 UTC;0;885,7;885,8;885,1;72,8;24,6;17,4;25,3;24,6;17,4;16,6;64;59;64;88;5,9;2,2;
2026/01/14;2300 UTC;0;886,2;886,2;885,7;;24;17,6;24,6;24;17,6;17,3;67;64;67;107;4,4;1,7;
2026/01/15;0000 UTC;0;887;887;886,2;;23,5;17,6;24,1;23,5;17,7;17,5;70;67;69;88;3,5;1,6;
2026/01/15;0100 UTC;0;887,6;887,6;887;;23,1;17,6;23,7;23,1;17,7;17,5;71;69;71;105;3,9;1,9;
2026/01/15;0200 UTC;0;888,1;888,1;887,6;;22,7;18;23,1;22,7;18;17,6;75;71;75;127;3,9;1,7;
2026/01/15;0300 UTC;0;887,5;888,1;887,5;;22,1;18,1;22,7;22,1;18,1;17,9;78;75;78;128;4,1;1,6;
2026/01/15;0400 UTC;0;887;887,5;887;;22;17,6;22,1;21,8;18,1;17,6;79;77;77;106;3,7;1,9;
2026/01/15;0500 UTC;0;886,9;887;886,9;;21,8;17,2;22;21,7;17,6;17,2;77;75;75;89;5,1;2,2;
2026/01/15;0600 UTC;0;886,8;887;886,7;;20,9;16,9;21,8;20,9;17,3;16,9;78;75;78;99;4;1,2;
2026/01/15;0700 UTC;0;886,7;886,8;886,5;;19,2;16,5;21,2;19,2;16,9;16,3;84;75;84;129;3,5;,7;
2026/01/15;0800 UTC;0;886,8;886,8;886,6;;20,3;16,6;20,3;18,9;17;16,5;88;79;79;92;2,2;1,1;
2026/01/15;0900 UTC;0;887,5;887,5;886,8;;20,1;16,5;20,5;20,1;16,6;16,4;80;78;80;100;3;1,7;
2026/01/15;1000 UTC;0;888,2;888,2;887,5;170,4;20,7;16,8;20,7;20,1;16,9;16,5;81;78;78;90;5,3;2,6;
2026/01/15;1100 UTC;0;889,1;889,1;888,2;818,5;22,1;16,8;22,1;20,7;17;16,5;78;72;72;89;6,2;3,1;
2026/01/15;1200 UTC;0;889,6;889,6;889,1;1525,7;22,2;17;22,3;21,6;17,2;16,4;74;71;72;85;7,4;3,6;
2026/01/15;1300 UTC;0;889,6;889,6;889,5;2139,9;24,2;17,5;24,3;22,2;18;16,8;73;66;66;56;6,8;3;
2026/01/15;1400 UTC;0;889,3;889,6;889,3;2979,6;25,3;16,9;25,4;23,5;18;16,8;71;60;60;44;8;3,1;
2026/01/15;1500 UTC;0;888,9;889,3;888,9;3387,7;26,6;17;26,6;24,8;18;16,1;63;55;56;63;8,2;3,4;
2026/01/15;1600 UTC;0;888,4;888,9;888,4;2825,6;26,4;15;26,9;25,7;16,9;15;56;48;49;51;6,9;3;
2026/01/15;1700 UTC;0;887,6;888,4;887,6;2688,2;27,3;14,7;28;25,9;16,2;14;53;43;46;42;5,9;2,5;
2026/01/15;1800 UTC;0;886,9;887,6;886,9;3079,1;27,1;14;28,5;27,1;15,8;13,1;49;39;44;84;6,1;2,3;
2026/01/15;1900 UTC;0;886,3;886,9;886,3;1995,6;26,6;15,9;28,6;26,6;16,2;14,1;52;43;52;94;6,2;3;
2026/01/15;2000 UTC;,6;886,2;886,3;886;1872,8;22,1;17,7;27,9;22,1;18,3;14,9;77;47;76;68;9,9;4,2;
2026/01/15;2100 UTC;0;886;886,3;885,8;462,7;24,5;17,2;24,5;22,1;19,3;17,1;83;64;64;85;8,4;1,7;
2026/01/15;2200 UTC;0;886,4;886,4;886;141,3;24;16,9;24,8;24;17,5;16,5;66;62;64;93;4;1,8;
2026/01/15;2300 UTC;0;886,9;886,9;886,4;;23,9;17,1;24,3;23,8;17,3;16,8;67;64;66;75;4,9;2,5;
2026/01/16;0000 UTC;0;887,7;887,7;886,9;;23,2;17,2;24;23,2;17,2;16,9;69;64;69;63;5,9;2;
2026/01/16;0100 UTC;0;888,5;888,5;887,7;;22,8;17,4;23,2;22,6;17,4;17,1;72;69;71;81;4,8;2,1;
2026/01/16;0200 UTC;0;888,6;888,6;888,4;;22,2;17,3;22,8;22,1;17,5;17,2;74;71;74;106;4,8;2,1;
2026/01/16;0300 UTC;0;887,9;888,6;887,9;;21,6;17,5;22,2;21,5;17,5;17,3;78;74;78;101;6,9;2,7;
2026/01/16;0400 UTC;0;887,6;887,9;887,6;;21,3;17,4;21,6;21,3;17,6;17,4;79;77;79;97;6,8;3,5;
2026/01/16;0500 UTC;0;887,4;887,6;887,4;;20,9;17,2;21,3;20,8;17,5;17,2;81;79;79;86;6,4;3,2;
2026/01/16;0600 UTC;0;887,3;887,4;887,2;;20,5;16,8;20,9;20,5;17,2;16,7;81;78;79;87;7;3,2;
2026/01/16;0700 UTC;0;887,1;887,3;887,1;;20,2;15,7;20,5;20,2;16,9;15,7;81;75;75;88;5,3;2,6;
2026/01/16;0800 UTC;0;887,1;887,2;887;;20,2;14,3;20,3;20;15,6;14;75;67;69;84;6;3,2;
2026/01/16;0900 UTC;0;887,4;887,4;886,9;;19,8;14,4;20,2;19,6;14,4;14;71;68;71;77;6,3;3,1;
2026/01/16;1000 UTC;0;888;888;887,4;292,6;20,6;14,6;20,6;19,6;14,6;14,3;72;68;68;69;8,8;3,4;
2026/01/16;1100 UTC;0;888,6;888,6;888;1247,5;21,6;15,6;21,6;20,6;15,6;14,5;70;67;68;89;7,2;3,5;
2026/01/16;1200 UTC;0;889,1;889,2;888,6;2144,4;22,7;16,4;22,8;21,6;16,6;15,3;70;66;68;100;6,9;3;
2026/01/16;1300 UTC;0;889,3;889,4;889,1;2883,5;23,8;17;24,1;22,5;17,4;16;69;64;66;83;6,8;2,5;
2026/01/16;1400 UTC;0;889,1;889,4;889,1;3321;25,1;16,9;25,3;23,8;18,2;16,1;68;61;61;86;6,9;2,5;
2026/01/16;1500 UTC;,2;888,8;889,2;888,7;3539,9;25,4;17,6;25,6;24,6;18,4;15,9;67;57;62;89;6,6;3,1;
2026/01/16;1600 UTC;0;888,3;888,8;888,3;3734,9;25,7;16,8;26;25,2;17,8;16,1;64;54;58;95;6,6;3;
2026/01/16;1700 UTC;0;887,5;888,3;887,5;3211,5;26,2;14,8;26,5;25,3;17,1;11,9;59;40;49;76;7;3,5;
2026/01/16;1800 UTC;0;886,6;887,5;886,6;3302,3;27,3;12,8;27,7;26,2;15,5;12,5;51;39;41;91;6,5;2,8;
2026/01/16;1900 UTC;0;885,8;886,7;885,8;2832,4;27,6;13,2;27,9;27,3;13,5;8,6;42;29;41;87;8,4;3,3;
2026/01/16;2000 UTC;0;885,4;885,8;885,3;1937,4;27,2;13,1;27,7;27,1;13,9;11,1;44;36;42;67;6,7;3,1;
2026/01/16;2100 UTC;0;885,5;885,5;885,3;977,2;26,1;14;27,4;26,1;14,3;12,9;47;41;47;100;6,1;2,8;
2026/01/16;2200 UTC;0;885,5;885,6;885,4;146,3;25;15,1;26,2;25;15,1;13,9;54;47;54;90;5,3;2,8;
2026/01/16;2300 UTC;0;885,8;885,8;885,5;;24,2;15,8;25;24,1;15,9;15,1;60;54;60;91;5;1,9;
2026/01/17;0000 UTC;0;886,7;886,7;885,8;;23,1;16,3;24,2;23,1;16,5;15,8;66;60;66;115;3,3;1,1;
2026/01/17;0100 UTC;0;887,4;887,5;886,7;;22,8;16,5;23,3;22,8;16,6;16,4;68;65;68;111;3,5;1,7;
2026/01/17;0200 UTC;0;887,5;887,5;887,4;;22,6;16,6;23;22,6;16,7;16,4;69;67;69;93;5,8;2,7;
2026/01/17;0300 UTC;0;887,3;887,6;887,2;;21,5;16,7;22,6;21,5;16,8;16,6;74;69;74;112;4,4;1,6;
2026/01/17;0400 UTC;0;886,8;887,3;886,8;;20,3;16,6;21,5;20,3;16,8;16,6;79;74;79;138;3,6;1,4;
2026/01/17;0500 UTC;0;886,5;886,8;886,5;;20,9;15,7;20,9;18,9;16,6;15,7;85;72;72;107;3,5;1,8;
2026/01/17;0600 UTC;0;886,5;886,6;886,4;;21;14,7;21;20,6;15,7;14,7;72;67;67;107;3,6;1,7;
2026/01/17;0700 UTC;0;886,3;886,7;886,3;;18,9;15,6;21;18;15,9;14,8;87;67;81;114;3;1,3;
2026/01/17;0800 UTC;0;886,3;886,4;886,2;;20,1;15,2;20,7;18,9;15,6;14,7;81;69;74;65;4,4;1,7;
2026/01/17;0900 UTC;0;886,6;886,7;886,3;;18,6;15,4;20,4;18,5;15,4;14,6;82;70;82;141;4,3;1,5;
2026/01/17;1000 UTC;0;886,6;886,6;886,4;273,5;21,6;15;21,6;18,6;15,7;14,4;83;66;66;69;4,2;2,4;
2026/01/17;1100 UTC;0;886,9;886,9;886,6;1244,9;23,2;14,2;23,2;21,6;15,2;14,1;66;57;57;75;7,2;3;
2026/01/17;1200 UTC;0;887;887,1;886,8;2161;24,4;13,6;24,5;23,2;15;13,4;59;50;51;70;7,1;3,6;
2026/01/17;1300 UTC;0;887,2;887,2;887;2782,3;25,2;15,1;25,5;24,3;15,5;13,6;56;51;54;53;6,9;3,3;
2026/01/17;1400 UTC;0;886,9;887,2;886,8;3529,2;26,5;14,6;26,5;25,1;15,3;13;54;44;48;77;7,3;3,3;
2026/01/17;1500 UTC;0;886,3;886,9;886,2;3815,1;27,7;13,5;27,7;26,4;15,4;12,5;51;40;42;2;8,6;2,6;
2026/01/17;1600 UTC;0;885,7;886,3;885,7;3946,8;29;12,8;29;27,6;14,5;11,6;44;35;37;54;8,6;1,7;
2026/01/17;1700 UTC;0;885;885,7;885;2957,1;27,9;12,8;29,1;27,4;15,1;11,4;44;34;39;53;6;2,6;
2026/01/17;1800 UTC;0;884,1;885,1;884,1;2722,1;28,9;13,2;29,6;27,9;14,4;11,9;42;34;38;52;6;2,7;
2026/01/17;1900 UTC;0;883,1;884,1;883,1;1542,4;28,9;11,8;29,1;27,6;13,6;11,3;42;34;35;72;6,1;2,2;
2026/01/17;2000 UTC;0;882,8;883,1;882,8;1191,8;27,9;12,4;29;27,9;13,2;10,7;40;33;38;105;5;1,8;
2026/01/17;2100 UTC;0;882,9;882,9;882,7;520,8;26,8;14,3;28,6;26,8;14,3;12,1;46;37;46;87;5,9;2,7;
2026/01/17;2200 UTC;0;883,6;883,6;882,9;52,4;26,1;13,7;26,8;26;14,4;13,6;48;45;46;98;6,5;3;
2026/01/17;2300 UTC;0;884,4;884,4;883,6;;25,8;14,5;26,1;25,8;14,7;13,1;51;45;50;84;5;2,4;
2026/01/18;0000 UTC;0;885,2;885,2;884,4;;23,4;16,3;25,9;23,4;16,4;14,6;65;50;65;320;3,8;1,3;
2026/01/18;0100 UTC;0;886,1;886,1;885,2;;21,1;16,5;23,4;21,1;16,6;16,2;75;64;75;268;2,5;1;
2026/01/18;0200 UTC;0;886,3;886,3;886,1;;20,1;16,8;21,1;20,1;17,1;16,3;82;75;81;281;1,5;,5;
2026/01/18;0300 UTC;0;886,1;886,3;886,1;;19,8;16,5;21,2;19,8;17,1;16,4;83;75;82;338;2,5;,7;
2026/01/18;0400 UTC;0;885,5;886,1;885,5;;19;16,2;20,1;19;16,7;16,2;84;80;84;324;2,4;,9;
2026/01/18;0500 UTC;0;885;885,5;885;;18,5;15,8;19;18,4;16,4;15,8;86;84;85;265;2;1,2;
2026/01/18;0600 UTC;0;884,5;885;884,5;;18,7;16,6;18,8;18,4;16,6;15,9;87;83;87;168;2;,4;
2026/01/18;0700 UTC;0;884,6;884,6;884,5;;18,8;16,5;19,8;18,8;16,8;16,3;87;82;87;343;1,4;,2;
2026/01/18;0800 UTC;0;884,8;884,8;884,5;;19,5;16,4;20,1;18,7;17,3;16,4;89;82;82;338;2,8;1,7;
2026/01/18;0900 UTC;0;885,4;885,4;884,8;;19,6;15,8;19,7;19,5;16,5;15,6;82;77;79;340;3,6;1,7;
2026/01/18;1000 UTC;0;885,9;885,9;885,4;143;20,3;16,4;20,3;19,4;16,9;15,7;82;78;78;275;2,9;,6;
2026/01/18;1100 UTC;0;886,1;886,2;885,8;771,1;23,2;16,3;23,2;20,3;16,8;15,8;79;65;65;254;1,6;,7;
2026/01/18;1200 UTC;0;886,7;886,7;886,1;920,9;23,4;16,6;23,7;23,1;16,8;15,4;67;61;66;245;2;,8;
2026/01/18;1300 UTC;0;887;887,1;886,7;395,9;23,1;16,3;23,4;22,7;17,1;16,3;70;65;66;244;2,1;,6;
2026/01/18;1400 UTC;0;887;887;887;667,5;24,2;16,8;24,2;22,9;17,3;16,1;70;64;64;252;2,3;,6;
2026/01/18;1500 UTC;0;886,3;887;886,3;1815;23,9;18,1;25,5;23,9;18,4;16,5;71;58;70;183;4,9;2,2;
2026/01/18;1600 UTC;0;885,4;886,3;885,4;2629,1;26,2;16,9;26,3;23,8;18,5;16,7;71;57;57;317;4;1,9;
2026/01/18;1700 UTC;0;883,9;885,4;883,9;2245;26,9;16,4;27,3;25,4;18,2;15,9;62;51;53;251;4,3;2;
2026/01/18;1800 UTC;0;883,1;883,9;883,1;1366,1;27,1;15,4;27,1;26,3;16,7;15,4;55;49;49;221;4,4;1,6;
2026/01/18;1900 UTC;0;882,6;883,1;882,5;510,2;26,2;16,8;27,1;25,8;16,8;15,1;56;48;56;241;5,4;2,1;
2026/01/18;2000 UTC;4;882,3;882,7;882,3;482,6;22,2;19,7;26,2;21,3;19,7;16,4;87;55;86;150;6,9;1,6;
2026/01/18;2100 UTC;0;882,8;882,9;882,3;654,4;23,7;20,1;24,2;22,2;20,3;19;87;73;80;133;3,7;,8;
2026/01/18;2200 UTC;0;882,7;882,8;882,6;56;21,5;19,7;23,7;21,5;20,4;19,5;90;79;90;355;2,1;1,2;
2026/01/18;2300 UTC;0;883,8;883,8;882,7;;21,4;18,5;21,6;20,6;19,8;18,2;93;81;84;279;3,9;1,4;
2026/01/19;0000 UTC;0;884,9;884,9;883,8;;21,8;18,9;21,9;21,2;19;18,1;87;81;84;169;4,5;1,2;
2026/01/19;0100 UTC;0;885,2;885,3;884,9;;20,4;18,1;22,1;20,4;19,1;17,9;88;82;87;111;6;1,6;
2026/01/19;0200 UTC;0;885,7;885,8;885,2;;20,1;18,2;20,4;19,8;18,4;17,6;91;86;89;75;4,6;2,2;
2026/01/19;0300 UTC;0;885,4;885,7;885,4;;19,6;18,3;20,2;19,6;18,4;18;92;87;92;227;3,7;,3;
2026/01/19;0400 UTC;,2;884,5;885,4;884,5;;19,4;18,4;19,7;19,4;18,5;18,2;94;92;94;340;3;1,8;
2026/01/19;0500 UTC;0;883,8;884,6;883,7;;18,9;17,7;19,5;18,9;18,6;17,7;94;93;93;327;3;1,5;
2026/01/19;0600 UTC;0;883,8;883,9;883,6;;18,3;17,4;18,9;18,3;17,8;17,4;95;93;95;319;2,2;,6;
2026/01/19;0700 UTC;0;883,4;883,8;883,3;;18,9;17,9;19,1;18,2;18,2;17,4;96;94;94;306;2,9;1,3;
2026/01/19;0800 UTC;,4;883,3;883,5;883,1;;18,9;17,9;19,2;18,9;18,1;17,8;94;92;94;320;3,4;1,9;
2026/01/19;0900 UTC;1;883,8;883,8;883,3;;18,4;17,6;18,9;18,4;18;17,5;95;94;95;353;5,3;1,8;
2026/01/19;1000 UTC;0;884,7;884,7;883,8;97,1;18,4;17,8;18,5;18,2;17,8;17,5;96;95;96;304;4,8;1,8;
2026/01/19;1100 UTC;1,4;885,4;885,4;884,6;266,2;19;18,1;19;18,3;18,2;17,7;96;94;94;320;4,8;1,5;
2026/01/19;1200 UTC;1,6;885,5;885,5;885,3;936,2;20,5;18,9;20,5;18,8;18,9;18;96;89;91;344;5,3;2,4;
2026/01/19;1300 UTC;0;886;886;885,5;1746,1;21,4;18,8;21,6;20,4;19,3;18,4;91;83;85;334;6;3,1;
2026/01/19;1400 UTC;0;885,8;886;885,8;1778,9;23,3;19,2;23,3;21,4;19,6;18,7;86;76;78;326;6,2;2,6;
2026/01/19;1500 UTC;0;885,1;885,8;885,1;2744,9;24,8;18,7;25,1;23,3;19,6;18,5;78;68;69;310;6,3;3,1;
2026/01/19;1600 UTC;,2;884,1;885,1;884,1;3169,9;25,6;19,1;25,8;24,7;19,8;18,3;72;65;67;324;7,1;2,7;
2026/01/19;1700 UTC;0;883,3;884,1;883,3;2564;25,5;18,7;26,7;25,1;19,5;18;68;60;66;326;8,1;3,5;
2026/01/19;1800 UTC;0;882,5;883,3;882,4;1996,4;25,3;18,8;26,9;24,8;19,9;18,1;70;60;67;312;9;3,8;
2026/01/19;1900 UTC;0;882,1;882,5;882;1035,4;23,1;18,5;25,3;23,1;19,1;18,4;76;67;75;318;8,7;3,3;
2026/01/19;2000 UTC;0;881,3;882,1;881,3;845,2;23,6;18,5;23,7;22,6;19;18,3;79;73;73;322;7,5;3,2;
2026/01/19;2100 UTC;0;881,4;881,5;881,1;923,2;22,4;18,3;23,9;22,4;18,7;17,9;78;70;78;303;6,9;2,9;
2026/01/19;2200 UTC;0;881,7;881,9;881,2;81,9;21,4;18,6;22,4;21,4;18,6;18,3;84;78;84;328;5,6;2;
2026/01/19;2300 UTC;0;882,7;882,7;881,7;;20,7;18,3;21,4;20,7;18,6;17,9;86;82;86;300;4,2;2;
2026/01/20;0000 UTC;0;883,2;883,2;882,7;;20,6;19;20,7;20,5;19;18,4;91;86;90;325;4,4;1,9;
2026/01/20;0100 UTC;0;884,6;884,6;883,2;;20,2;18,8;20,6;20,2;19;18,8;92;90;92;326;4,1;1,8;
2026/01/20;0200 UTC;0;884,3;884,7;884,3;;20;18,7;20,2;20;18,8;18,6;92;91;92;330;4,1;2,4;
2026/01/20;0300 UTC;0;884,1;884,3;884,1;;20;18,8;20;19,9;18,8;18,7;93;92;93;318;5,1;2,6;
2026/01/20;0400 UTC;0;884,1;884,2;884,1;;20,1;19;20,1;20;19;18,8;93;93;93;307;5,8;2;
2026/01/20;0500 UTC;0;883,4;884,1;883,4;;19,8;18,4;20,1;19,8;19;18,4;94;92;92;307;5,4;2,5;
2026/01/20;0600 UTC;,2;883;883,5;882,9;;19,4;18,4;19,9;19,4;18,4;18,4;94;91;94;305;4,6;1,4;
2026/01/20;0700 UTC;0;882,7;883;882,7;;19,1;18,3;19,4;19,1;18,4;18,3;95;94;95;289;2,9;1,4;
2026/01/20;0800 UTC;0;882,8;882,8;882,6;;19;18,2;19,2;19;18,4;18,2;95;95;95;324;3;1,2;
2026/01/20;0900 UTC;0;883,2;883,2;882,8;;19,2;18,1;19,2;19;18,2;18,1;95;93;93;344;2,5;1;
2026/01/20;1000 UTC;0;883,9;883,9;883,2;53,9;19,5;18,1;19,5;19,2;18,2;18;94;92;92;319;3,4;1,8;
2026/01/20;1100 UTC;1,4;884,5;884,5;883,9;135,9;19,2;18,4;19,5;19,1;18,5;18;95;91;95;269;5,2;2,2;
2026/01/20;1200 UTC;,2;884,9;884,9;884,5;425,1;19,6;18,5;19,6;18,8;18,6;17,8;95;93;94;278;5;1,5;
2026/01/20;1300 UTC;0;885,1;885,2;884,8;1201,4;21,1;18,3;21,1;19,6;19,2;17,9;94;83;84;308;4,4;2,2;
2026/01/20;1400 UTC;0;885,4;885,4;885,1;1381,4;21,4;18,5;22,1;21,1;18,8;18;84;78;84;286;5,7;2;
2026/01/20;1500 UTC;1;884,9;885,4;884,9;403,1;20,3;19,1;21,4;20,3;19,1;18,5;93;84;93;304;4,5;2,2;
2026/01/20;1600 UTC;,8;884,2;884,9;884,2;1131,1;21,4;19,6;21,4;20,3;19,8;19,1;94;89;90;315;5,7;3;
2026/01/20;1700 UTC;0;883,4;884,2;883,4;1734;22,7;19,8;22,7;21,4;20,2;19,1;91;81;84;294;5,6;2,7;
2026/01/20;1800 UTC;0;882,9;883,4;882,8;1737,1;22,9;18,7;24;22,7;19,8;18,7;84;74;77;294;5,8;2,4;
2026/01/20;1900 UTC;0;882,5;882,9;882,4;1048,8;23,1;18,7;23,4;22,9;19;18,3;78;74;76;298;5,8;2,7;
2026/01/20;2000 UTC;0;882,3;882,5;882,2;841,7;22,6;18,8;23,3;22,6;19,1;18,4;79;75;79;314;6,3;2,5;
2026/01/20;2100 UTC;0;882,8;882,8;882,2;355,7;22;18,2;22,6;22;18,9;18,2;81;77;79;317;5,6;1,8;
2026/01/20;2200 UTC;0;883,3;883,3;882,8;56;21,4;18,4;22;21,4;18,6;18,1;84;79;83;328;5,6;1,5;
2026/01/20;2300 UTC;0;884,2;884,2;883,3;;20,8;18,7;21,4;20,7;18,7;18,4;88;83;88;316;5;2;
2026/01/21;0000 UTC;0;884,6;884,6;884,2;;20,2;18,8;20,8;20,2;18,8;18,6;91;88;91;305;4,1;1,6;
2026/01/21;0100 UTC;0;885;885;884,6;;19,4;18;20,3;19,4;18,8;18;92;89;92;313;6,2;2,8;
2026/01/21;0200 UTC;,6;885,4;885,4;884,9;;18,9;18,1;19,4;18,6;18,1;17,6;95;92;95;332;6,9;3,3;
2026/01/21;0300 UTC;0;885,2;885,4;885,2;;18,7;18;19;18,7;18,3;18;96;95;96;340;7;3,2;
2026/01/21;0400 UTC;0;884,8;885,2;884,8;;18,6;18;18,7;18,6;18;17,9;96;96;96;351;7;3;
2026/01/21;0500 UTC;0;884,2;884,8;884,1;;18,4;17,9;18,6;18,4;18;17,9;96;96;96;326;6;2,8;
2026/01/21;0600 UTC;0;883,7;884,2;883,7;;18,3;17,8;18,4;18,3;17,9;17,8;97;96;97;325;6,1;2,6;
2026/01/21;0700 UTC;0;883,5;883,7;883,5;;18,3;17,8;18,3;18,2;17,8;17,8;97;97;97;326;5,9;2,7;
2026/01/21;0800 UTC;0;883,7;883,7;883,5;;18,3;17,8;18,4;18,3;17,9;17,8;97;97;97;329;6,6;3,2;
2026/01/21;0900 UTC;0;884,2;884,2;883,7;;18,3;17,7;18,3;18,2;17,8;17,7;97;96;97;325;6,4;2,6;
2026/01/21;1000 UTC;0;884,4;884,4;884,1;169,1;18,5;17,9;18,5;18,2;18;17,7;97;96;96;325;6,3;2,7;
2026/01/21;1100 UTC;0;885;885;884,4;959,2;20,8;18,3;21,1;18,5;18,8;17,9;96;84;85;322;7;2,7;
2026/01/21;1200 UTC;0;885,7;885,7;885;925;20,6;18;20,9;19,5;18,6;17,8;93;84;86;332;8,7;4,5;
2026/01/21;1300 UTC;0;885,7;885,7;885,6;1978,4;22,4;18,2;22,4;20,3;18,6;18;87;77;78;327;8,8;3,8;
2026/01/21;1400 UTC;0;885,8;885,9;885,7;2475;22,4;18,2;23,4;21,7;19;17,7;81;73;77;312;8,5;4;
2026/01/21;1500 UTC;0;885,6;885,8;885,6;2217,8;22,7;17,9;23,2;22,3;18,7;17,7;77;73;74;319;8,1;4,2;
2026/01/21;1600 UTC;,2;884,7;885,6;884,7;2942,8;24,6;17,7;25,2;22,7;18,7;17,1;75;64;65;304;9;3,9;
2026/01/21;1700 UTC;0;883,9;884,7;883,9;2267,5;24,4;17,9;24,6;23,2;18,4;17;71;64;67;317;9;4,2;
2026/01/21;1800 UTC;0;882,8;883,9;882,8;2784,7;24,2;17,8;25,4;23,7;18,6;16,9;70;60;68;320;9,5;3,9;
2026/01/21;1900 UTC;0;882,3;882,8;882,2;1842,5;23,8;17,9;25;23,8;18,3;17,1;69;64;69;330;9,2;5,2;
2026/01/21;2000 UTC;0;882,3;882,4;882,2;1801;24;17,9;24,7;23,6;18,4;16,5;72;61;69;317;9,7;4,5;
2026/01/21;2100 UTC;0;883;883;882,3;498,6;22,6;17,3;24;22,6;18;16,9;73;68;72;320;9,4;2,9;
2026/01/21;2200 UTC;0;883,7;883,7;883;75,4;22;17,4;22,6;22;17,5;17;76;71;75;318;6,5;2,2;
2026/01/21;2300 UTC;0;884,5;884,5;883,7;;21,3;17,8;22;21,2;17,8;17,5;81;75;81;321;4,9;1,7;
2026/01/22;0000 UTC;0;885,2;885,2;884,5;;20,9;17,9;21,3;20,9;18;17,8;83;81;83;306;4;2,1;
2026/01/22;0100 UTC;0;885,6;885,6;885,2;;20,4;18,3;20,9;20,4;18,3;17,9;88;83;88;302;4,5;1,9;
2026/01/22;0200 UTC;0;885,7;885,7;885,5;;19;18;20,4;18,9;18,4;17,9;94;88;94;326;7,5;1,8;
2026/01/22;0300 UTC;0;885,3;885,7;885,3;;19,1;18,3;19,1;19;18,3;18;95;94;95;310;4,4;1,9;
2026/01/22;0400 UTC;0;884,9;885,3;884,9;;19;18;19,1;19;18,3;18;95;94;94;314;4;2;
2026/01/22;0500 UTC;0;884,4;884,9;884,4;;18,9;18;19;18,9;18;17,9;94;94;94;329;3,8;1,8;
2026/01/22;0600 UTC;0;884,2;884,4;884,2;;18,8;17,8;18,9;18,7;18;17,8;94;94;94;323;3,5;1,4;
2026/01/22;0700 UTC;0;884,1;884,2;884;;18,7;17,7;18,8;18,7;17,8;17,7;94;94;94;319;4;1,8;
2026/01/22;0800 UTC;0;884,4;884,4;884;;18,7;17,4;18,8;18,7;17,7;17,3;94;92;92;323;5,6;1,8;
2026/01/22;0900 UTC;0;884,9;884,9;884,4;;18,2;17,5;18,7;18,2;17,5;17,4;95;92;95;324;5,9;2,7;
2026/01/22;1000 UTC;0;885,5;885,5;884,9;79,9;18,3;17,3;18,3;18,1;17,5;17,2;95;94;94;325;6,1;1,9;
2026/01/22;1100 UTC;0;886;886;885,5;436,8;19,2;17,5;19,3;18,3;17,7;17,3;94;90;90;328;5;2,1;
2026/01/22;1200 UTC;0;886,3;886,3;885,9;1149,6;21,5;17,9;21,5;19,2;18,3;17,4;90;79;80;326;6,4;2,8;
2026/01/22;1300 UTC;0;886,4;886,5;886,3;1439,9;22;17,4;22;20,8;17,7;16,9;81;75;75;321;7,2;3,2;
2026/01/22;1400 UTC;0;886,2;886,4;886,2;1864,2;22,6;17,4;23,3;21,8;17,8;17,2;76;69;73;318;8,1;3,4;
2026/01/22;1500 UTC;,2;885,5;886,2;885,5;2135,9;24,3;18;24,3;21,9;18;16,9;75;66;68;303;8;3,9;
2026/01/22;1600 UTC;0;884,7;885,5;884,7;2685,8;24,1;17,8;24,6;23,2;18,3;17,3;72;65;68;333;8;4,3;
2026/01/22;1700 UTC;0;883,9;884,7;883,9;2031,7;24,1;17,5;25,2;23,9;18,8;17,5;70;64;67;312;8,3;3,5;
2026/01/22;1800 UTC;1,2;883,7;884;883,7;1350,5;21,6;19,9;24,8;20,6;19,9;17,6;92;65;90;299;9,3;3;
2026/01/22;1900 UTC;0;882,9;883,7;882,9;1049,4;21,8;18,9;22,1;21,6;20,1;18,4;90;81;83;323;7,3;3,2;
2026/01/22;2000 UTC;0;883,2;883,2;882,8;1044,9;22,2;18,2;22,9;21,7;18,9;18;83;76;78;322;7,5;3,1;
2026/01/22;2100 UTC;0;883,6;883,6;883,2;248,9;21,5;18,1;22,3;21,5;18,3;17,8;81;77;81;345;6,2;2,9;
2026/01/22;2200 UTC;0;884,2;884,2;883,6;43,6;20;18,4;21,5;20;18,5;18;90;81;90;356;6;3,6;
2026/01/22;2300 UTC;,2;884,4;884,7;884,2;;19,7;18,7;20;19,7;18,8;18,4;94;90;94;360;5,9;1,9;
2026/01/23;0000 UTC;2,8;884,9;884,9;884,4;;19,3;18,7;19,7;19,3;18,7;18,6;96;94;96;4;4,7;2,6;
2026/01/23;0100 UTC;2,8;885,6;885,6;884,9;;19,4;18,8;19,5;19,3;18,9;18,7;96;96;96;9;5,4;2,8;
2026/01/23;0200 UTC;,6;885,8;885,8;885,6;;19;18,4;19,4;19;18,8;18,4;96;96;96;350;5,7;2,5;
2026/01/23;0300 UTC;,4;885,5;885,8;885,5;;19,1;18,5;19,1;19;18,6;18,4;97;96;97;350;4,9;2;
2026/01/23;0400 UTC;0;884,8;885,5;884,8;;18,9;18,3;19,1;18,9;18,6;18,3;97;97;97;357;5,3;2,9;
2026/01/23;0500 UTC;0;884,1;884,8;884,1;;18,7;18,2;18,9;18,7;18,3;18,1;97;97;97;350;5,5;2,5;
2026/01/23;0600 UTC;0;883,8;884,1;883,8;;18,8;18,2;18,8;18,7;18,2;18,1;97;96;96;349;4,7;2,7;
2026/01/23;0700 UTC;0;883,5;883,8;883,5;;18,7;18,1;18,8;18,7;18,3;18,1;96;96;96;331;4,3;1,6;
2026/01/23;0800 UTC;0;883,9;883,9;883,5;;18,4;17,7;18,7;18,4;18,1;17,7;96;96;96;337;5,2;2,6;
2026/01/23;0900 UTC;0;884,7;884,7;883,9;;18,5;17,9;18,5;18,4;17,9;17,7;96;96;96;351;5,2;2,6;
2026/01/23;1000 UTC;0;885,5;885,5;884,7;106,3;19;18,3;19;18,5;18,3;17,9;96;96;96;354;5,1;2,6;
2026/01/23;1100 UTC;0;885,9;885,9;885,5;286,6;19,5;18,4;19,6;19;18,6;18,1;96;93;93;5;5,2;3,1;
2026/01/23;1200 UTC;0;886,6;886,6;885,9;488,7;19,9;18,4;20;19,4;18,6;18,2;94;90;91;346;6,3;3,1;
2026/01/23;1300 UTC;0;886,8;886,9;886,6;1131,4;21,5;18,4;21,5;19,9;18,9;18,2;91;83;83;349;7,6;4,4;
2026/01/23;1400 UTC;0;886,6;886,8;886,6;1455,7;22;18,4;22;20,7;19,2;18,2;90;80;80;353;8;5;
2026/01/23;1500 UTC;2;886,2;886,6;886,1;1841,9;20,9;19;23,2;20,9;19,7;18,4;90;76;89;334;8,9;3,6;
2026/01/23;1600 UTC;,6;885,1;886,2;885,1;2977,5;23,8;19,4;24;20,3;20,6;18,8;94;75;76;357;8,3;4,1;
2026/01/23;1700 UTC;,4;884,4;885,1;884,3;1892,6;23,3;19,7;24,6;23,3;20,1;18,6;81;72;81;332;8,2;3,6;
2026/01/23;1800 UTC;,6;883,9;884,4;883,9;1020;22;20;23,2;21,8;20,5;18,5;90;79;88;21;10,3;2,2;
2026/01/23;1900 UTC;,4;883,8;883,9;883,4;1769,4;21,1;19,6;22,9;21,1;21;19,3;93;86;91;9;6,9;3,8;
2026/01/23;2000 UTC;11,2;883,9;884;883,6;109,7;19,7;19,2;21,1;19,6;19,6;19;97;91;96;334;9,3;2,6;
2026/01/23;2100 UTC;2;884,6;884,6;883,9;18,5;19,5;18,9;19,7;19,5;19,2;18,9;97;96;96;318;5,8;3,1;
2026/01/23;2200 UTC;2;885,3;885,3;884,4;3,4;18,7;18;19,5;18,7;18,8;18;96;95;96;353;6,8;3;
2026/01/23;2300 UTC;3,6;886;886,1;885,3;;18,7;18;18,8;18,6;18,1;18;96;96;96;28;6,4;2,1;
2026/01/24;0000 UTC;5,4;886;886,3;886;;18,6;18,1;18,8;18,6;18,1;18;97;96;97;347;7;4,3;
2026/01/24;0100 UTC;5,2;885,1;886,1;885;;18,4;17,9;18,6;18,4;18,1;17,9;97;97;97;351;13,9;8,3;
2026/01/24;0200 UTC;1,6;886,9;886,9;885,1;;18,6;17,9;18,6;18,4;18;17,9;97;96;96;324;13,9;3;
2026/01/24;0300 UTC;,6;885,7;886,9;885,7;;18,2;17,6;18,6;18,2;18;17,6;97;96;96;334;8,8;2,8;
2026/01/24;0400 UTC;0;886,2;886,3;885,7;;18,4;17,6;18,4;18;17,6;17,4;96;95;95;348;7;4,2;
2026/01/24;0500 UTC;0;886;886,3;886;;18,4;17,8;18,4;18,3;17,8;17,5;96;95;96;4;7;2,8;
2026/01/24;0600 UTC;0;885,7;886;885,7;;18,5;18;18,5;18,4;18,1;17,8;97;96;97;357;5,2;2,4;
2026/01/24;0700 UTC;0;885,6;885,7;885,6;;18,4;18;18,5;18,4;18,1;18;97;97;97;348;5,5;3,1;
2026/01/24;0800 UTC;0;885,9;885,9;885,5;;18,4;17,9;18,4;18,3;18;17,9;97;97;97;348;5,6;2,8;
2026/01/24;0900 UTC;,2;886,3;886,3;885,9;,7;18,5;18;18,5;18,4;18;17,9;97;97;97;4;6,3;3,7;
2026/01/24;1000 UTC;0;886,6;886,7;886,3;60,4;18,2;17,7;18,5;18,2;18;17,7;97;97;97;344;7,5;3,8;
2026/01/24;1100 UTC;0;887,3;887,3;886,6;848,1;19,6;18,4;19,6;18,2;18,4;17,7;97;92;93;350;7,4;3;
2026/01/24;1200 UTC;0;887,6;887,6;887,3;1746,9;21,7;18,8;21,7;19,6;19,3;18;93;83;83;339;6,7;3,7;
2026/01/24;1300 UTC;0;887,7;887,8;887,6;2209,1;23,3;18,4;23,6;21,8;19,5;18,3;85;74;74;343;6,9;2,9;
2026/01/24;1400 UTC;0;887,8;887,8;887,6;2346,9;24,6;19,1;24,9;23,1;19,4;17,9;77;67;71;337;6,1;3,3;
2026/01/24;1500 UTC;0;887,4;887,8;887,4;2450,4;24,6;18,5;25,7;24,4;19,5;18,2;73;65;69;336;6,4;2,9;
2026/01/24;1600 UTC;0;886,6;887,4;886,6;3072,9;26,8;18,7;26,8;24,6;19;17,5;69;58;61;348;6,5;2,7;
2026/01/24;1700 UTC;0;885,8;886,6;885,8;2508;26,4;18,7;27,4;24,5;20,1;17,4;75;55;63;330;6,4;2;
2026/01/24;1800 UTC;1;885;885,8;885;2034;25;19,3;27,4;22,9;20,8;17;83;56;71;6;8,3;1,1;
2026/01/24;1900 UTC;0;884,5;885;884,5;1037,6;24,4;18,3;25,7;23,6;20,3;18;81;68;69;9;9,9;4,7;
2026/01/24;2000 UTC;,2;885,2;885,2;884,5;447,4;22,5;19,9;24,4;22,3;19,9;18,2;85;69;85;300;9,6;1,1;
2026/01/24;2100 UTC;,2;885,8;885,8;885,2;134,8;21;20;22,5;21;20,3;19,6;94;85;94;141;3,6;1,7;
2026/01/24;2200 UTC;0;886,7;886,9;885,7;9,5;20,8;19,9;21,1;20,8;20,2;19,8;95;94;94;152;2,9;1,4;
2026/01/24;2300 UTC;0;887,1;887,2;886,7;;20,8;19,6;20,9;20,7;19,9;19,5;94;93;93;118;3,6;,6;
2026/01/25;0000 UTC;0;887,9;887,9;886,9;;21;19,5;21,3;20,6;19,8;19,5;94;90;91;153;2,9;,5;
2026/01/25;0100 UTC;,4;887,9;888,3;887,9;;20,1;19,3;21;20,1;19,6;19,2;95;91;95;348;2,4;1;
2026/01/25;0200 UTC;,4;888,2;888,2;887,6;;19,7;19;20,3;19,7;19,6;19;96;95;96;174;2,5;1;
2026/01/25;0300 UTC;0;888;888,2;887,9;;19,6;19;19,8;19,6;19,2;18,9;96;96;96;309;2;,8;
2026/01/25;0400 UTC;0;887,6;888;887,6;;19,6;19,1;19,9;19,6;19,3;19;97;96;97;164;1,9;,3;
2026/01/25;0500 UTC;0;887,1;887,7;887;;19,3;18,9;19,6;18,9;19,1;18,4;97;96;97;182;1,4;,7;
2026/01/25;0600 UTC;0;886,9;887,1;886,8;;18,9;18,5;19,4;18,8;18,9;18,3;97;97;97;80;2,1;,6;
2026/01/25;0700 UTC;0;887,1;887,1;886,9;;19,4;19;19,4;18,6;19;18,2;98;97;98;26;1,9;1;
2026/01/25;0800 UTC;0;887,1;887,2;887;;18,9;18,5;19,4;18,9;19;18,5;98;97;98;306;1,9;1;
2026/01/25;0900 UTC;0;887,8;887,8;887,1;;17,8;17,5;19;17,8;18,6;17,5;98;98;98;210;1,8;,6;
2026/01/25;1000 UTC;0;888,5;888,6;887,8;241,8;20,1;19,7;20,1;17,7;19,7;17,4;98;98;98;140;1,2;,6;
2026/01/25;1100 UTC;0;889,2;889,2;888,5;920,7;21,8;20,9;21,8;19,8;20,9;19,4;98;95;95;292;1,9;1,1;
2026/01/25;1200 UTC;0;889,7;889,7;889,2;1532;21,4;19,6;23;21,4;20,9;19,4;95;83;89;89;5;2,8;
2026/01/25;1300 UTC;0;890;890;889,6;1742,2;23;19,8;23,1;21;20,4;19,4;93;81;82;118;5,1;2,7;
2026/01/25;1400 UTC;0;889,8;890,1;889,7;2690,4;23,5;19,4;24,5;22,7;21;19,3;85;75;78;113;6,3;2,9;
2026/01/25;1500 UTC;29,8;889,9;890,2;889,7;584,9;19,1;18,5;23,7;19,1;20;18,5;96;75;96;130;9;4,1;
2026/01/25;1600 UTC;54,4;890,1;890,7;889,9;72,9;18,4;18,1;19,2;17,8;18,6;17,3;98;96;98;77;12;4,2;
2026/01/25;1700 UTC;5;888,9;890,1;888,9;188,9;18,8;18,5;18,8;18,4;18,5;18,1;98;98;98;83;8,8;4;
2026/01/25;1800 UTC;3,2;888,7;889,3;888,7;603,1;19,2;18,6;19,3;18,7;18,7;18,4;98;96;96;105;7,3;2,8;
2026/01/25;1900 UTC;0;887,3;888,7;887,3;534,7;19,9;18,8;19,9;19,2;19;18,5;96;93;93;105;5,1;1,4;
2026/01/25;2000 UTC;0;886,5;887,3;886,5;705,4;21;18,9;21,1;19,9;19;18,2;94;85;88;113;2,9;1,7;
2026/01/25;2100 UTC;0;887,4;887,4;886,4;456,9;20,8;18,4;21,1;20,8;18,9;18,2;88;84;86;76;3,5;,8;
2026/01/25;2200 UTC;0;888;888;887,4;79,4;18,9;18;20,8;18,8;18,5;17,8;95;86;95;260;1,8;1,1;
2026/01/25;2300 UTC;0;888,4;888,4;887,9;;18,3;17,7;19;18,2;18,2;17,5;97;95;97;276;1,7;,5;
2026/01/26;0000 UTC;0;888,7;888,7;888,4;;18,6;18,2;18,9;18,3;18,4;17,7;97;97;97;122;1,8;,8;
2026/01/26;0100 UTC;0;889,7;889,7;888,7;;19,1;18,6;19,1;18,5;18,6;18;97;97;97;121;3;1,8;
2026/01/26;0200 UTC;0;889,6;889,8;889,5;;19;18,3;19,2;19;18,7;18,3;97;96;96;126;3,2;1,7;
2026/01/26;0300 UTC;0;889,3;889,6;889,3;;18,5;18;19;18,5;18,3;17,9;97;96;97;148;3,1;1,5;
2026/01/26;0400 UTC;0;888,8;889,3;888,8;;18;17,5;18,7;17,9;18,2;17,5;97;97;97;141;3;1,3;
2026/01/26;0500 UTC;0;888,4;888,8;888,4;;17,1;16,8;18;16,6;17,6;16,2;98;97;98;217;2,1;,8;
2026/01/26;0600 UTC;0;888,3;888,4;888,2;;16,6;16,2;17,2;16,3;16,8;15,9;98;98;98;118;1,7;,8;
2026/01/26;0700 UTC;0;888,1;888,3;888,1;;18,4;18;18,4;16,6;18,1;16,4;98;98;98;64;2;1;
2026/01/26;0800 UTC;0;888,3;888,3;888,1;;17,8;17,5;18,4;17,8;18;17,5;98;98;98;115;2,7;1;
2026/01/26;0900 UTC;0;889;889,1;888,3;;17,5;17,2;17,8;17;17,5;16,6;98;98;98;292;1,9;,3;
2026/01/26;1000 UTC;,2;889,3;889,4;889;182,2;18,8;18,5;18,8;17,5;18,5;17,2;98;98;98;101;3;1,6;
2026/01/26;1100 UTC;0;890;890;889,3;1009,4;19,7;19,2;20,1;18,8;19,7;18,5;98;97;97;116;4,4;2,5;
2026/01/26;1200 UTC;0;890,4;890,5;889,9;1204,7;21,3;19;21,3;19,7;19,3;18,7;97;87;87;95;5,6;2,6;
2026/01/26;1300 UTC;0;890,4;890,6;890,4;2396,5;23,5;19,2;23,6;21,3;19,6;18,7;87;75;77;99;7;3,3;
2026/01/26;1400 UTC;0;890,3;890,5;890,3;3590,9;25,1;18,2;25,2;23,5;19,2;17,8;77;65;65;99;7,5;3,2;
2026/01/26;1500 UTC;0;890,1;890,3;890;3295,1;25,1;17,6;25,2;24,3;19,1;17,5;73;63;63;113;7,8;4;
2026/01/26;1600 UTC;0;889,6;890,1;889,6;3034,5;25,9;18,8;25,9;24,8;18,8;17,1;67;60;65;88;6,2;2,8;
2026/01/26;1700 UTC;0;889;889,6;889;3131,7;26;18,5;26,8;25,7;19,4;17,5;65;59;63;93;7,5;3,4;
2026/01/26;1800 UTC;0;888,3;889;888,3;2262,9;26,9;18,4;26,9;25,1;19,1;17,5;66;59;60;99;6,8;3,3;
2026/01/26;1900 UTC;0;887,3;888,3;887,3;2274,8;26;17,4;27,1;26;18,3;17,1;61;55;59;89;6,8;3,3;
2026/01/26;2000 UTC;0;887,1;887,3;887;1172,3;26,8;16,6;26,9;25,7;18,1;15,7;61;51;54;86;7,5;3,1;
2026/01/26;2100 UTC;0;887,1;887,2;887,1;728,6;25,7;17,4;26,8;25,7;17,6;16,1;61;52;60;97;6,5;3,4;
2026/01/26;2200 UTC;0;887,4;887,4;887,1;94;24,2;17,8;25,7;24,2;17,8;17,3;68;60;68;108;6,5;2,5;
2026/01/26;2300 UTC;0;888;888;887,4;;23,1;17,9;24,2;23,1;18;17,7;72;68;72;115;4,9;1,4;
2026/01/27;0000 UTC;0;888,6;888,6;888;;22,5;17,3;23,1;22,5;18;17,3;74;72;72;110;3,3;1,7;
2026/01/27;0100 UTC;0;889;889;888,6;;21,9;17,3;22,5;21,8;17,4;17,2;76;72;75;113;4,1;1,6;
2026/01/27;0200 UTC;0;888,9;889,1;888,8;;21,8;17,2;22;21,7;17,3;17,1;76;74;75;104;4,9;2,3;
2026/01/27;0300 UTC;0;888,7;888,9;888,7;;21,5;17,2;21,8;21,3;17,3;17,1;77;75;77;114;4,5;1,9;
2026/01/27;0400 UTC;0;888,4;888,7;888,4;;21,1;17,5;21,4;21,1;17,5;17,2;80;77;80;105;4,6;2,3;
2026/01/27;0500 UTC;0;888,1;888,4;888,1;;20,6;17,4;21,1;20,6;17,5;17,4;82;80;82;81;4,6;1,9;
2026/01/27;0600 UTC;0;888;888,1;887,9;;20,5;17,5;20,7;20,4;17,6;17,4;83;82;83;91;4,1;1,6;
2026/01/27;0700 UTC;0;887,9;888;887,7;;20,1;17,4;20,5;20,1;17,5;17,4;84;82;84;105;4;1,8;
2026/01/27;0800 UTC;0;888;888;887,9;;19,6;17,3;20,1;19,6;17,4;17,3;87;84;87;87;3,8;1,4;
2026/01/27;0900 UTC;0;888,2;888,2;887,9;;18,3;16,7;19,7;18,3;17,4;16,7;91;86;90;103;3;1;
2026/01/27;1000 UTC;0;888,7;888,7;888,2;247,1;20,9;17,1;21;17,7;17,6;16,4;94;79;79;105;3,1;1,5;
2026/01/27;1100 UTC;0;889,1;889,2;888,7;1057,8;22;17;22,2;20,9;17,4;16,6;79;71;73;80;6,9;3,8;
2026/01/27;1200 UTC;0;889,3;889,3;889,1;2076;23,6;17,3;23,6;22;17,6;16,3;75;65;68;80;6,9;2,9;
2026/01/27;1300 UTC;0;889,6;889,6;889,3;2836,4;24,6;16,9;24,6;23,3;17,5;16,6;69;61;63;88;5,6;2,8;
2026/01/27;1400 UTC;0;889,6;889,7;889,5;3455,3;25,7;17,5;25,7;24,6;18;16,2;64;58;61;95;6,1;2,9;
2026/01/27;1500 UTC;0;889,4;889,7;889,4;3421,3;25,4;17,5;26,4;25,4;18,4;16,4;64;54;62;97;6,8;2,8;
2026/01/27;1600 UTC;0;888,7;889,4;888,7;2998,6;26,5;17,4;27;25,4;18,6;16,7;63;54;58;108;6,2;2,4;
2026/01/27;1700 UTC;0;887,7;888,8;887,7;3473,9;27,9;16,4;27,9;25,8;18,2;15,3;59;46;50;93;6,8;3;
2026/01/27;1800 UTC;0;886,7;887,7;886,7;3418,3;28;16,9;28,4;27,4;18;15,5;55;47;51;70;6,4;3,5;
2026/01/27;1900 UTC;0;886;886,7;886;2303,1;26,9;15,9;28,2;26,2;17,7;15,7;55;49;51;96;7,4;3,3;
2026/01/27;2000 UTC;0;885,6;886;885,6;1631,4;27,4;15,9;28,1;26,2;16,8;15,2;53;47;49;96;7,2;3,9;
2026/01/27;2100 UTC;0;885,9;885,9;885,5;689,9;25,8;16,4;27,5;25,7;16,6;15,3;57;48;56;110;8,5;3,9;
2026/01/27;2200 UTC;0;886,7;886,7;885,9;34,6;24,6;16,6;25,8;24,4;16,8;16,2;62;56;61;103;6,6;2,1;
2026/01/27;2300 UTC;0;887,5;887,5;886,7;;23,9;16,5;24,6;23,9;16,6;16,2;63;60;63;111;5,3;2,3;
2026/01/28;0000 UTC;0;888,1;888,1;887,5;;23,3;16,5;23,9;23,3;16,6;16,2;66;63;66;118;5;2,3;
2026/01/28;0100 UTC;0;888,8;888,9;888,1;;22,8;16,4;23,3;22,8;16,7;16,2;68;66;67;110;4,1;2,1;
2026/01/28;0200 UTC;0;888,8;889;888,8;;22,2;16,4;22,9;22,2;16,4;16,1;69;66;69;109;5,2;1,8;
2026/01/28;0300 UTC;0;888,4;888,8;888,4;;22,1;15,8;22,4;22,1;16,3;15,7;69;66;68;90;5,1;2,1;
2026/01/28;0400 UTC;0;888,3;888,5;888,3;;22,1;16,2;22,2;21,9;16,3;15,7;70;67;69;74;4,7;2,6;
2026/01/28;0500 UTC;0;888;888,3;888;;21,9;16,3;22,2;21,9;16,4;16,1;70;69;70;72;4,7;1,6;
2026/01/28;0600 UTC;0;887,7;888;887,6;;21,7;16,4;22;21,7;16,4;16,1;72;69;72;75;4,2;1,8;
2026/01/28;0700 UTC;0;887,5;887,7;887,5;;21,1;16,2;21,7;21,1;16,4;16,2;74;72;73;115;3,6;1,5;
2026/01/28;0800 UTC;0;887,7;887,7;887,5;;21,2;16,2;21,2;20,8;16,5;16,2;77;73;74;72;3,6;1,6;
2026/01/28;0900 UTC;0;888,2;888,2;887,7;;20,9;16,1;21,2;20,6;16,3;16,1;76;73;74;65;3,3;1,3;
2026/01/28;1000 UTC;0;888,8;888,8;888,2;165,5;21,5;16,1;21,5;20,9;16,2;15,9;74;71;72;70;5,7;1,7;
2026/01/28;1100 UTC;0;889,4;889,4;888,8;526,7;22,4;16,5;22,4;21,4;17;15,7;72;69;69;114;4,4;1,7;
2026/01/28;1200 UTC;0;889,8;889,8;889,3;1680,4;23,2;16;23,6;22,4;16,6;15,5;69;61;64;75;6,8;3,5;
2026/01/28;1300 UTC;0;890;890;889,7;2703,4;24,8;16,9;25;23,1;17,4;15,8;67;60;62;44;6,7;2,2;
2026/01/28;1400 UTC;0;889,7;890;889,6;3035,5;26,3;18,5;26,6;24,8;18,5;16,7;64;56;62;76;5,2;2;
2026/01/28;1500 UTC;0;889,1;889,7;889,1;3052,9;27,3;16,8;27,5;25,6;19,2;16,8;63;53;53;49;6,1;2,2;
2026/01/28;1600 UTC;0;888,7;889,1;888,7;1984,8;27,6;16,4;27,7;26,2;17,9;15,9;60;49;51;353;5,4;2,1;
2026/01/28;1700 UTC;0;887,8;888,7;887,8;2568,1;26,8;15,6;28,6;26,6;18,4;15,4;57;46;50;19;6,6;2,1;
2026/01/28;1800 UTC;0;887;887,8;887;538,4;25,7;17,4;26,9;25,7;17,9;15,4;62;49;60;113;5;2,1;
2026/01/28;1900 UTC;0;886,6;887;886,6;267,2;25,4;18,1;25,8;25,4;18,2;17;64;58;64;109;3,7;1,7;
2026/01/28;2000 UTC;0;886,6;886,8;886,5;117,9;21,5;17,8;25,5;21,5;18,7;17,3;80;63;80;232;7,3;2,4;
2026/01/28;2100 UTC;,2;886,6;886,7;886;126,8;20,5;18,1;21,5;20,2;18,8;16,7;87;79;86;271;5,5;1;
2026/01/28;2200 UTC;0;887,4;887,4;886,6;60,5;21,4;18,7;21,4;20,5;19,4;18;91;81;85;209;4,5;1,7;
2026/01/28;2300 UTC;0;888,1;888,3;887,4;;20,9;19,1;21,4;20,8;19,4;18,4;91;84;90;350;3,5;1,5;
2026/01/29;0000 UTC;0;888,8;889;888;;20,6;17,8;21,4;20,6;19,2;17,8;91;83;84;254;4;1,6;
2026/01/29;0100 UTC;2,8;890,5;890,5;888,8;;18,8;17,1;20,7;18,8;18;17,1;90;82;90;167;7,6;1,6;
2026/01/29;0200 UTC;,4;889,5;890,6;889,5;;18,6;17,3;18,7;18,4;17,5;16,9;94;90;92;221;4,9;1,8;
2026/01/29;0300 UTC;0;889,4;889,6;889,4;;18,7;17,4;19,2;18,6;17,5;17;92;90;92;200;4;1,4;
2026/01/29;0400 UTC;0;888,6;889,4;888,6;;18,8;17;19;18,4;17,4;16,8;92;87;89;149;3,1;1,2;
2026/01/29;0500 UTC;0;888,4;888,7;888,4;;18,9;17,3;19,2;18,3;17,3;16,9;93;87;91;128;2,6;1,2;
2026/01/29;0600 UTC;0;888,4;888,6;888,4;;18,1;17,1;19,1;18,1;17,4;17;94;88;94;126;4,5;1,6;
2026/01/29;0700 UTC;0;888,4;888,8;888,4;;17,5;16,7;18,1;17,5;17;16,7;95;93;95;180;3,1;,9;
2026/01/29;0800 UTC;0;888,8;888,8;888,4;;17,4;16,6;17,6;17,4;16,8;16,6;96;95;95;184;2,4;,6;
2026/01/29;0900 UTC;0;888,9;889;888,8;;17,4;16,6;17,5;17,3;16,8;16,5;96;95;95;130;2,5;1;
2026/01/29;1000 UTC;0;889;889,1;888,9;137,1;17,9;17,2;17,9;17,3;17,2;16,5;96;95;96;164;1,7;,6;
2026/01/29;1100 UTC;0;889,6;889,6;889;578,9;20,1;17,7;20,1;17,9;17,7;17;96;83;86;130;1,3;,5;
2026/01/29;1200 UTC;0;890,2;890,2;889,6;1076,7;21,7;17,6;21,7;20;18,2;17,2;87;77;78;23;2,9;1;
2026/01/29;1300 UTC;0;890,1;890,4;890,1;1741,3;23,5;17,5;23,5;21,8;18;16,8;78;68;69;33;4,6;1,8;
2026/01/29;1400 UTC;0;889,7;890,1;889,7;3018,1;25,3;18,5;25,7;23,4;19,2;17,3;72;64;66;31;4,7;2,1;
2026/01/29;1500 UTC;,2;889,2;889,7;889,2;2870,2;25,9;18,4;26,6;25,3;19,4;17,5;69;58;63;55;5,8;2,9;
2026/01/29;1600 UTC;0;888,3;889,2;888,3;2060,6;25,7;16,6;27,2;25,7;18,5;16,4;63;54;57;8;8,5;3,1;
2026/01/29;1700 UTC;0;888,3;888,6;888,1;239,7;21,3;19;25,8;21,2;19;16,6;87;57;87;134;6,1;1,9;
2026/01/29;1800 UTC;0;887,6;888,3;887,6;172,7;21,9;18,4;21,9;21,2;18,8;18,2;87;80;80;124;5,2;1,4;
2026/01/29;1900 UTC;0;885,9;887,6;885,9;1103,6;24,7;17,4;24,7;21,9;18,6;16,6;81;63;64;19;7,9;1,9;
2026/01/29;2000 UTC;0;886,3;886,3;885,9;1014,3;23,5;15,5;25,5;23,5;17,9;15;64;56;61;331;6,3;1,7;
2026/01/29;2100 UTC;0;885,7;886,3;885,7;237,6;22,4;16,9;23,5;22,3;17,4;15,4;73;61;71;347;3,7;1,7;
2026/01/29;2200 UTC;0;886,4;886,4;885,6;31,7;21,2;16,3;22,4;20,8;17,4;16,2;79;71;73;336;2,8;1,7;
2026/01/29;2300 UTC;0;887;887;886,4;;21,2;16,2;21,4;20,4;17,4;16;83;72;73;4;2,7;1,1;
2026/01/30;0000 UTC;0;887,5;887,5;887;;20,7;16,3;21,2;20,4;16,4;16;78;73;76;346;2,6;1,2;
2026/01/30;0100 UTC;0;888,1;888,1;887,4;;19,9;16,3;20,7;19,8;16,6;16,2;80;75;80;342;3;1,3;
2026/01/30;0200 UTC;0;888,6;888,7;888,1;;20,3;16,8;20,3;19,6;16,8;16,3;82;79;80;343;2,8;1,6;
2026/01/30;0300 UTC;0;887,8;888,6;887,8;;20;17;20,7;20;17,1;16,8;83;78;83;356;3;1,2;
2026/01/30;0400 UTC;0;887,1;887,8;887,1;;19,2;17,3;20;19;17,4;16,9;89;83;89;26;1,7;,8;
2026/01/30;0500 UTC;0;886,7;887,2;886,7;;19,1;17,2;19,2;18,3;17,3;16,8;92;88;89;328;3;1,5;
2026/01/30;0600 UTC;0;886;886,7;885,9;;19,1;17,2;19,3;19,1;17,3;17,2;89;88;89;336;3,1;1,6;
2026/01/30;0700 UTC;0;885,7;886;885,7;;19,3;17,7;19,3;18,7;17,7;17;92;89;90;337;3,4;2,1;
2026/01/30;0800 UTC;0;885,9;885,9;885,6;;19,6;17,7;19,6;19,3;17,8;17,6;90;89;89;328;3,7;1,9;
2026/01/30;0900 UTC;0;886,7;886,7;885,9;;19,5;17,8;19,6;19,5;17,8;17,7;90;89;90;319;3,6;1,5;
2026/01/30;1000 UTC;0;887,2;887,3;886,7;222,1;20,9;18,1;21;19,4;18,4;17,8;90;84;84;314;4;1,9;
2026/01/30;1100 UTC;0;887,6;887,6;887,1;556,3;22;18,4;22;20,7;18,6;18;86;80;80;321;4;1,6;
2026/01/30;1200 UTC;0;888,2;888,2;887,6;946,8;23,1;18,8;23,1;22;19;18;80;77;77;311;6,2;3;
2026/01/30;1300 UTC;0;888,6;888,6;888,2;1886,4;24,2;18,9;24,8;23,1;19,8;18,3;78;71;73;296;8,1;3,5;
2026/01/30;1400 UTC;0;888,6;888,8;888,6;1611,3;24,5;18,4;25,1;23,8;19,2;18,2;74;67;69;269;7,5;3,4;
2026/01/30;1500 UTC;7,4;887,9;889,1;887,9;1046,9;22,3;19,9;24,5;18,8;19,9;16,8;92;69;86;329;10,8;2,9;
2026/01/30;1600 UTC;0;886,8;887,9;886,8;2953,3;25,4;17,6;26;22,3;20,6;17,3;86;60;62;290;7,3;3,6;
2026/01/30;1700 UTC;0;886,1;886,8;886;1646,3;24,7;18,1;25,7;24,7;18,2;16,8;67;58;67;259;8,2;3,7;
2026/01/30;1800 UTC;0;885,5;886,1;885,5;1597,7;24,4;18,8;24,7;24,1;19,1;18;72;67;71;259;8,2;2,6;
2026/01/30;1900 UTC;0;884,5;885,5;884,4;1495,5;24,8;18,1;25,8;24,4;18,8;17,6;71;62;66;295;5,8;2,4;
2026/01/30;2000 UTC;0;884,9;884,9;884,4;1137;22,9;18;26;22,9;18,9;18;74;62;74;316;6,9;3;
2026/01/30;2100 UTC;1,6;885;885,1;884,9;227,2;20,8;19,4;22,9;20;19,5;17,8;92;74;92;255;6,9;,7;
2026/01/30;2200 UTC;0;885,2;885,2;884,8;115,2;19,9;18,7;21;19,9;19,4;18,7;93;89;93;354;1,9;,9;
2026/01/30;2300 UTC;0;886,3;886,3;885,2;;20;18,8;20,1;19,5;19;18,5;95;93;93;341;2,3;1,3;
2026/01/31;0000 UTC;0;887,1;887,1;886,3;;20,5;19;20,5;19,6;19,2;18,6;95;91;91;7;3,3;1,9;
2026/01/31;0100 UTC;0;887,6;887,6;887,1;;20;19;20,5;20;19,1;18,9;94;91;94;341;3,1;,9;
2026/01/31;0200 UTC;0;887,5;887,8;887,5;;20,1;19,3;20,2;20;19,3;19;95;94;95;334;1,8;1,1;
2026/01/31;0300 UTC;2,6;887,1;887,7;887,1;;17,3;16,6;20,4;17,2;19,4;16,3;96;85;96;350;9,7;2,9;
2026/01/31;0400 UTC;,2;887;887,2;887;;17,8;16,9;17,8;17,2;17;16,6;96;95;95;324;5,5;2,1;
2026/01/31;0500 UTC;1,2;886,7;887;886,6;;18;17,2;18;17,8;17,2;17;95;95;95;327;4,3;2,5;
2026/01/31;0600 UTC;,8;885,4;886,7;885,4;;18,3;17,6;18,3;18;17,7;17,1;96;94;96;332;6,4;2,3;
2026/01/31;0700 UTC;0;885,3;885,4;885,2;;18,3;17,7;18,3;18,2;17,7;17,6;96;96;96;325;4,1;1,7;
2026/01/31;0800 UTC;0;885,2;885,5;885,2;;18,8;18,3;18,9;18,3;18,4;17,7;97;96;97;338;4,2;2,2;
2026/01/31;0900 UTC;0;885,3;885,5;885,2;;18,9;18,4;18,9;18,8;18,4;18,3;97;97;97;332;4;1,7;
2026/01/31;1000 UTC;,2;885,9;885,9;885,3;125,7;19,4;18,9;19,4;18,9;18,9;18,4;97;97;97;351;3,7;2,1;
2026/01/31;1100 UTC;0;886,8;886,8;885,8;617;20,8;19,2;20,8;19,4;19,4;18,9;97;90;91;288;3,8;1;
2026/01/31;1200 UTC;0;887,2;887,2;886,8;1780,6;23,1;19,4;23,1;20,8;19,9;19,1;91;79;80;321;4,6;2,6;
2026/01/31;1300 UTC;0;887,4;887,4;887,2;2432,2;25,1;20,2;25,1;23;20,6;19,2;81;73;74;320;5,5;1,9;
2026/01/31;1400 UTC;0;886,9;887,4;886,9;1897,3;25,7;19,2;26,6;24,9;20,4;18,4;76;62;67;306;5,6;2,3;
2026/01/31;1500 UTC;0;886,4;887;886,4;2567,4;26,9;19,2;27,4;25,4;20,1;17,5;70;55;63;318;8,5;2,7;
2026/01/31;1600 UTC;0;885,7;886,4;885,7;2865,2;27,4;18,8;27,8;25,9;19,8;18,3;67;56;59;288;8,8;4;
2026/01/31;1700 UTC;0;884,4;885,7;884,4;2864,2;27,9;18,8;28;26,5;19,4;17,2;63;55;58;323;8,9;4;
2026/01/31;1800 UTC;0;883,9;884,4;883,8;2481,9;27,6;18,2;28,1;26;19,5;17,4;65;53;56;294;8,1;3,2;
2026/01/31;1900 UTC;2,6;884,3;884,9;883,5;565,9;18,7;17,5;27,7;18,7;19,7;17,3;93;55;93;318;14,6;4,3;
2026/01/31;2000 UTC;,4;883,9;884,3;883,5;846,4;21,2;19,4;21,2;18,7;19,6;17,6;94;90;90;330;10,9;2;
2026/01/31;2100 UTC;0;883,8;884;883,6;718,8;21,6;19,7;22,1;21;19,9;19;90;86;89;330;4,6;1,9;
2026/01/31;2200 UTC;0;884,7;884,7;883,8;87,3;21,1;19,1;21,7;21,1;19,8;19,1;90;88;88;299;4,5;2,4;
2026/01/31;2300 UTC;0;885,6;885,6;884,7;;20,8;18,1;21,1;20,6;19,1;18;88;84;84;325;4,6;2;
2026/02/01;0000 UTC;0;886,2;886,4;885,6;;20,3;18,1;20,8;20,3;18,5;18,1;89;84;87;330;4,5;1,8;
2026/02/01;0100 UTC;0;887,2;887,2;886,2;;20,6;18,5;20,6;20,2;18,5;17,9;88;86;88;320;3,5;1,1;
2026/02/01;0200 UTC;0;887,4;887,5;887,1;;20,4;18,6;20,6;20,4;18,6;18,5;90;88;90;334;3,5;1,7;
2026/02/01;0300 UTC;0;887,2;887,5;887,2;;20;18,9;20,4;20;18,9;18,6;93;90;93;324;2,9;1,4;
2026/02/01;0400 UTC;0;886,8;887,2;886,8;;20;18,9;20,1;19,9;19;18,9;94;93;93;318;2,9;1,6;
2026/02/01;0500 UTC;0;886;886,8;886;;19,7;18,9;20;19,7;18,9;18,8;95;93;95;335;4,4;2,2;
2026/02/01;0600 UTC;0;885,6;886;885,6;;19,7;18,7;19,8;19,6;18,9;18,7;96;94;94;334;6,3;2,9;
2026/02/01;0700 UTC;0;885,9;885,9;885,6;;19,2;17,6;19,7;19,2;18,7;17,5;94;89;90;331;8,1;3,9;
2026/02/01;0800 UTC;0;885,8;885,9;885,6;;18,8;17,1;19,2;18,8;17,6;17,1;91;89;90;327;9;3,7;
2026/02/01;0900 UTC;0;886;886;885,8;;18,7;17,1;18,8;18,6;17,2;17,1;92;90;90;334;7;3,1;
2026/02/01;1000 UTC;0;886,3;886,3;886;109,4;19;17,2;19;18,7;17,2;17;91;89;89;348;5,8;3,1;
2026/02/01;1100 UTC;0;886,8;886,9;886,3;784,4;20,3;17,6;20,4;19;17,9;17,2;89;84;84;329;6,5;2,2;
2026/02/01;1200 UTC;0;887,3;887,3;886,8;771,9;21,5;17,6;21,5;20,3;18,1;17,6;85;78;78;319;4,9;2;
2026/02/01;1300 UTC;0;887,5;887,5;887,3;855;22,8;17,7;22,9;21,5;18,4;17,5;79;72;73;319;5,1;2,6;
2026/02/01;1400 UTC;0;887,3;887,7;887,3;2880,8;24,2;18,3;24,7;22,8;19;16,5;74;64;69;295;11;3,8;
2026/02/01;1500 UTC;0;886,8;887,3;886,8;2790,2;25,4;17,8;25,4;24,1;19;17,1;72;63;63;295;8,4;3,2;
2026/02/01;1600 UTC;0;886,4;886,8;886,3;2586,6;24,3;17,3;26,1;24,1;18,3;16,4;66;58;65;295;7,4;2,8;
2026/02/01;1700 UTC;0;885,4;886,4;885,4;1526,4;24,8;18,9;24,8;23,9;19,8;17,1;75;64;70;336;7,4;2,4;
2026/02/01;1800 UTC;0;883,8;885,4;883,8;2772,9;26,5;17,3;27,3;24,5;19,5;16,6;72;53;57;305;8,9;4;
2026/02/01;1900 UTC;0;883,1;883,8;883,1;2286,9;26,6;17,5;27,7;26,4;18,6;16,2;59;50;58;284;8,9;3,3;
2026/02/01;2000 UTC;0;883,1;883,1;883;1342,8;26,2;18,2;26,6;26,1;18,3;17,5;62;58;61;296;7,2;2,7;
2026/02/01;2100 UTC;0;883,6;883,6;883,1;570,8;24,7;18,2;26,2;24,7;18,4;17,8;67;61;67;304;6,7;1,9;
2026/02/01;2200 UTC;0;884,7;884,7;883,6;177,4;23,9;16;24,8;23,9;18,3;16;68;61;61;302;4,7;1,9;
2026/02/01;2300 UTC;0;885,8;885,8;884,8;;22,8;16,3;23,9;22,8;16,4;15,8;67;61;67;321;3,9;1,5;
2026/02/02;0000 UTC;0;886,4;886,4;885,8;;22,3;17,1;22,8;22,3;17,2;16,3;73;67;73;323;3,3;1;
2026/02/02;0100 UTC;0;886,8;886,8;886,4;;21,9;17,5;22,3;21,7;17,8;17;78;72;76;327;2,7;1,2;
2026/02/02;0200 UTC;0;887,2;887,2;886,8;;21,6;18,2;21,9;21,3;18,2;17,4;81;76;81;328;2,9;1,4;
2026/02/02;0300 UTC;0;887,1;887,2;887,1;;21,2;18,5;21,6;21,2;18,5;18,1;85;81;85;322;2,9;1,3;
2026/02/02;0400 UTC;0;886,8;887,2;886,8;;20,8;18,6;21,3;20,8;18,7;18,5;88;85;88;301;4,3;1,6;
2026/02/02;0500 UTC;0;886,1;886,8;886,1;;20,3;18,7;20,8;20,3;18,7;18,6;90;88;90;331;4,3;1,5;
2026/02/02;0600 UTC;0;885,7;886,1;885,7;;20;18,7;20,4;20;18,8;18,6;92;90;92;344;3,4;1,9;
2026/02/02;0700 UTC;0;885,6;885,8;885,6;;19,9;18,6;20,2;19,9;18,9;18,6;93;92;92;334;4,3;1,9;
2026/02/02;0800 UTC;0;885,8;885,8;885,6;;19,5;18,6;19,9;19,4;18,7;18,5;95;92;94;310;3,8;1,6;
2026/02/02;0900 UTC;0;886,1;886,1;885,8;;19,5;18,6;19,7;19,5;18,8;18,6;95;94;95;301;3,8;1,4;
2026/02/02;1000 UTC;0;886,4;886,4;886;145,1;20,1;19,1;20,1;19,4;19,1;18,5;95;94;94;336;3;1,5;
2026/02/02;1100 UTC;0;886,9;886,9;886,3;955;22,6;19,6;22,6;20,1;19,8;19,1;94;83;83;287;3,6;1,8;
2026/02/02;1200 UTC;0;887,3;887,3;886,8;1792,6;24,1;19,2;24,2;22,6;20,2;18,9;84;73;74;278;4,1;2,1;
2026/02/02;1300 UTC;0;887,4;887,5;887,3;1165,3;24,5;18,4;24,5;23,9;19,5;17,7;76;67;69;294;5,1;2;
2026/02/02;1400 UTC;0;887,3;887,4;887,2;2072,1;25,3;18,4;25,8;24,5;19,5;17,8;70;62;66;302;5,3;2,9;
2026/02/02;1500 UTC;0;886,3;887,3;886,3;2395,3;26,6;18,2;26,8;25,1;19,4;17,4;67;58;60;287;6,4;2,8;
2026/02/02;1600 UTC;0;885,4;886,3;885,4;3933,8;27,7;18,1;28,2;26,4;18,8;16;63;50;56;290;7,7;3,3;
2026/02/02;1700 UTC;0;884,6;885,4;884,6;1976,6;27,7;18,8;28,1;26,4;19,4;17;61;54;58;262;7,7;2,9;
2026/02/02;1800 UTC;0;883,7;884,6;883,6;2386,1;27,9;16,8;28,5;27;18,7;16,5;60;51;51;271;7,1;3,2;
2026/02/02;1900 UTC;0;883,8;883,8;883,5;1321,5;26,3;17,7;27,9;26,3;18,5;16,8;61;51;59;282;8,1;3,6;
2026/02/02;2000 UTC;0;884,4;884,6;883,7;619;21,6;18,5;26,7;21,6;18,8;17,5;83;57;82;269;13;4,1;
2026/02/02;2100 UTC;0;885,3;885,3;884,4;179,9;21,3;18,4;21,6;21,2;18,8;18,3;85;82;84;248;8,6;2,4;
2026/02/02;2200 UTC;0;885,5;885,6;885,3;32,4;20,9;18,6;21,5;20,9;18,8;18,3;88;83;87;209;8,8;2,4;
2026/02/02;2300 UTC;0;886,3;886,3;885,5;;20,4;18,2;20,9;20,4;18,8;18,1;88;86;87;219;5,3;1,3;
2026/02/03;0000 UTC;0;887,1;887,1;886,3;;20,2;18;20,5;20,1;18,3;18;89;87;87;294;3,8;1,3;
2026/02/03;0100 UTC;0;887,4;887,4;887,1;;20,3;18,5;20,5;20,2;18,5;17,4;90;83;90;8;3,6;,9;
2026/02/03;0200 UTC;0;887,5;887,5;887,3;;19,7;18,3;20,2;19,7;18,6;18,3;92;90;91;353;2;,6;
2026/02/03;0300 UTC;0;887,2;887,5;887,2;;19,5;18,3;19,7;19,2;18,3;18,1;93;91;93;326;2,9;1,3;
2026/02/03;0400 UTC;0;886,8;887,2;886,7;;19,4;17,9;19,5;19,4;18,3;17,8;93;90;91;314;2,7;1,3;
2026/02/03;0500 UTC;0;886,5;886,8;886,4;;19,3;18,1;19,5;19,3;18,1;17,9;92;91;92;326;2,4;1,3;
2026/02/03;0600 UTC;0;886,2;886,5;886,2;;19,2;18;19,3;19,2;18,1;18;93;92;93;323;2,6;1,4;
2026/02/03;0700 UTC;0;886,1;886,2;886,1;;18,9;17,8;19,2;18,9;18,1;17,8;94;93;94;327;3,2;1,5;
2026/02/03;0800 UTC;0;886,1;886,2;886,1;;19;18;19;18,9;18;17,8;94;93;94;330;3,7;1,9;
2026/02/03;0900 UTC;0;886,3;886,3;886,1;;18,9;18;19;18,9;18;17,9;94;94;94;334;3,7;1,9;
2026/02/03;1000 UTC;0;886,7;886,7;886,3;119,4;19,3;18,3;19,3;18,9;18,3;17,9;94;94;94;322;4,5;2,3;
2026/02/03;1100 UTC;0;887,5;887,5;886,7;459,3;19,9;18,5;19,9;19,3;18,5;18,2;94;91;91;322;5,6;2,8;
2026/02/03;1200 UTC;0;888,2;888,2;887,5;832,8;21,5;19;21,5;19,9;19,1;18,4;92;85;86;317;5,2;2,3;
2026/02/03;1300 UTC;0;888,5;888,5;888,2;1785,6;24,2;18,9;24,2;21,5;19,6;18,9;86;72;72;302;7,1;3,4;
2026/02/03;1400 UTC;0;888,6;888,7;888,5;2141,1;23,8;18,2;25;23,8;19,5;18,2;74;68;71;284;9;4,6;
2026/02/03;1500 UTC;0;887,7;888,6;887,7;3276,8;25,4;18,1;25,7;23,8;18,7;17,8;72;62;64;284;9,2;4,1;
2026/02/03;1600 UTC;0;886,8;887,7;886,8;2333,5;25,3;18,4;25,8;25;18,7;17,8;67;62;65;297;8,2;4;
2026/02/03;1700 UTC;0;885,9;886,8;885,9;3534;26,4;18,2;27,4;25,3;19,4;17,9;66;57;61;315;8,1;3,9;
2026/02/03;1800 UTC;0;885,2;885,9;885,2;1844,6;25,3;18,6;27;25,3;19,1;18;67;60;67;311;8,5;4;
2026/02/03;1900 UTC;0;885,1;885,3;884,9;850,1;24,7;18,8;25,3;24,2;19,3;18,7;73;67;70;316;8,6;3,3;
2026/02/03;2000 UTC;0;885,4;885,4;885;347,1;22,2;18,6;24,7;22,2;19,1;17,5;80;65;80;321;8,4;3;
2026/02/03;2100 UTC;5,6;886,3;886,3;885,4;36,5;20,1;19,3;22,2;20,1;19,4;18,5;95;80;95;254;6,9;2,2;
2026/02/03;2200 UTC;6,4;886,9;886,9;886,3;3,7;19,6;19;20,1;19,6;19,3;19;97;95;96;316;6,4;1,2;
2026/02/03;2300 UTC;1,2;887,6;887,6;886,9;;19,4;18,8;19,8;19,4;19,2;18,8;97;96;96;302;5;2,2;
2026/02/04;0000 UTC;1;888,2;888,2;887,6;;18,2;17,6;19,4;18,2;18,8;17,6;96;96;96;328;7,1;3,5;
2026/02/04;0100 UTC;,8;888,8;888,8;888,2;;18;17,4;18,2;18;17,6;17,3;96;96;96;328;6,8;2,7;
2026/02/04;0200 UTC;,4;888,7;889;888,7;;18,3;17,8;18,3;18;17,8;17,4;97;96;97;336;6,6;2,7;
2026/02/04;0300 UTC;,8;888,5;888,7;888,5;;18,5;18;18,5;18,3;18;17,8;97;97;97;337;5,2;2,2;
2026/02/04;0400 UTC;,4;887,9;888,5;887,9;;18,5;18,1;18,6;18,5;18,1;18;97;97;97;320;4,4;1,9;
2026/02/04;0500 UTC;0;887,3;887,9;887,3;;18,5;18;18,6;18,5;18,1;18;97;97;97;301;5,2;2,1;
2026/02/04;0600 UTC;0;886,6;887,3;886,6;;18,3;17,8;18,5;18,3;18,1;17,8;97;97;97;306;6,2;2,3;
2026/02/04;0700 UTC;0;886,3;886,6;886,3;;18,1;17,5;18,3;18,1;17,8;17,5;97;96;96;331;5,3;1,7;
2026/02/04;0800 UTC;0;886,5;886,5;886,2;;18,4;17,8;18,4;18,1;17,8;17,5;97;96;97;337;3,6;2,1;
2026/02/04;0900 UTC;0;887;887;886,5;;18,6;18,1;18,6;18,4;18,1;17,8;97;97;97;318;4,2;1,6;
2026/02/04;1000 UTC;,2;887,5;887,5;887;68,8;19;18,5;19;18,6;18,5;18,1;97;97;97;316;4,1;2;
2026/02/04;1100 UTC;0;888;888;887,5;391,1;19,6;19;19,6;19;19;18,5;97;96;96;314;4,2;1,9;
2026/02/04;1200 UTC;,4;888,2;888,2;888;971,1;20,9;19,5;20,9;19,6;19,7;19;96;91;91;303;4,6;2;
2026/02/04;1300 UTC;0;888,2;888,3;888,2;1609,2;22,5;19,1;22,6;20,9;19,7;18,9;92;81;81;281;5,5;2,6;
2026/02/04;1400 UTC;0;887,7;888,2;887,7;2658,1;24,6;19,5;24,8;22,4;20;18,4;82;69;73;253;5,1;2,1;
2026/02/04;1500 UTC;0;887,4;887,7;887,4;2925;25,1;18,7;26,1;24,6;20,4;18,3;76;63;68;228;5,7;1,8;
2026/02/04;1600 UTC;0;886,7;887,4;886,7;2810,7;26,7;18;26,8;24,5;19,7;18;72;58;59;271;4,9;1,9;
2026/02/04;1700 UTC;0;885,9;886,7;885,9;2744,1;26,8;18,2;27,8;26,1;19,3;17;65;53;59;290;6,1;2,2;
2026/02/04;1800 UTC;0;885,1;885,9;885,1;1364,9;25,2;19,8;26,8;23,7;20,4;18;80;59;72;343;5,8;2,6;
2026/02/04;1900 UTC;0;885,1;885,3;885,1;776,8;23,2;18,7;25,2;23,1;20;18,4;77;70;76;264;7,2;1;
2026/02/04;2000 UTC;0;885,3;885,3;884,6;706,9;24;19,4;24,1;22,9;19,9;18,7;82;76;76;247;6,3;3;
2026/02/04;2100 UTC;0;885,8;885,8;885,2;765,2;22,5;18,6;24;22,5;19,7;18,6;80;75;79;288;6,8;3,1;
2026/02/04;2200 UTC;0;886,2;886,2;885,8;45,3;21,1;18,6;22,5;21,1;18,6;18;86;77;86;250;6;1,9;
2026/02/04;2300 UTC;0;886,9;886,9;886,2;;20,9;18,7;21,1;20,9;18,7;18,4;87;85;87;251;4,7;1,1;
2026/02/05;0000 UTC;0;887,6;887,6;886,9;;20,3;18,8;20,9;20,3;19;18,7;92;88;91;311;3,3;1,5;
2026/02/05;0100 UTC;0;888;888;887,6;;20,3;18,3;20,4;20,3;18,8;18,2;91;88;88;315;3,1;1,2;
2026/02/05;0200 UTC;0;888,2;888,2;888;;20;18,4;20,3;19,9;18,4;18,2;91;88;91;321;3,1;1,5;
2026/02/05;0300 UTC;0;887,8;888,2;887,8;;19,5;18,5;19,9;19,5;18,5;18,4;94;91;94;321;3,1;1,3;
2026/02/05;0400 UTC;,2;887,5;887,8;887,5;;19,3;18,4;19,5;19,3;18,5;18,3;94;93;94;316;2,3;1,1;
2026/02/05;0500 UTC;,2;886,8;887,5;886,8;;19,3;18,5;19,3;19,2;18,6;18,3;96;94;96;349;1,9;,5;
2026/02/05;0600 UTC;,2;886,5;886,8;886,5;;19,4;18,8;19,4;19,2;18,8;18,5;96;96;96;75;,9;,3;
2026/02/05;0700 UTC;0;886,1;886,5;886,1;;19,2;18,6;19,4;19,2;18,8;18,6;97;96;96;44;1,5;,4;
2026/02/05;0800 UTC;0;886,2;886,3;886,1;;19,3;18,8;19,5;19,1;18,9;18,6;97;96;97;329;1,8;1,3;
2026/02/05;0900 UTC;0;886,1;886,3;886,1;;19,1;18,7;19,4;19,1;19;18,7;97;97;97;347;3,1;1,9;
2026/02/05;1000 UTC;0;886,4;886,4;886,1;125,2;19,4;19;19,4;19,1;19;18,6;97;97;97;303;3,1;1;
2026/02/05;1100 UTC;0;886,8;886,8;886,3;560,5;21;19,3;21;19,4;19,5;19;97;90;90;267;2,7;,6;
2026/02/05;1200 UTC;0;887,5;887,5;886,8;1023,1;23,1;19;23,1;21;19,5;18,2;90;75;78;255;2,5;1,1;
2026/02/05;1300 UTC;0;887,7;887,8;887,5;1574;24,7;18,2;24,7;23;19,3;17,7;79;65;67;224;4,5;2,2;
2026/02/05;1400 UTC;0;887,5;887,8;887,5;2031,2;25,9;18,2;25,9;24,4;18,8;17,8;69;63;63;249;5,6;1,9;
2026/02/05;1500 UTC;0;886,5;887,5;886,5;2451,8;27,2;17,8;27,2;25,8;19,2;17;66;53;56;223;4;1,2;
2026/02/05;1600 UTC;0;885,4;886,5;885,4;3035,4;26,6;18,4;27,6;26,6;18,8;16,9;61;54;61;190;4,7;1,3;
2026/02/05;1700 UTC;3;885,4;885,6;885,2;375,1;20,8;19,3;26,6;20,8;20,1;17,8;91;61;91;333;7,6;2,7;
2026/02/05;1800 UTC;1,2;885,3;885,5;884,9;155,6;19,2;18,1;20,8;19,2;19,2;18,1;94;91;93;6;6,4;3,1;
2026/02/05;1900 UTC;,2;884,4;885,2;884,4;50,1;19,3;18,5;19,3;19;18,5;18;95;93;95;354;4,6;1,3;
2026/02/05;2000 UTC;,8;884,1;884,4;884,1;77,5;19,6;18,8;19,7;19,3;18,9;18,4;95;95;95;234;2,2;,9;
2026/02/05;2100 UTC;,4;884,2;884,2;883,8;214,3;20,3;19,5;20,3;19,6;19,5;18,8;95;95;95;270;2,6;,6;
2026/02/05;2200 UTC;0;884,9;884,9;884,1;81,7;19,9;19,2;20,4;19,9;19,6;19,2;96;95;96;323;2,6;,8;
2026/02/05;2300 UTC;0;885,6;885,6;884,9;;19,9;19,3;20;19,8;19,4;19,2;96;96;96;346;3,2;2;
2026/02/06;0000 UTC;0;885,9;885,9;885,6;;19,8;19,2;20;19,8;19,4;19,2;97;96;97;326;3,2;,8;
2026/02/06;0100 UTC;0;886,7;886,7;885,9;;20;19,4;20;19,7;19,4;19,2;97;97;97;28;1,4;,3;
2026/02/06;0200 UTC;,2;886,9;887;886,7;;20;19,5;20;19,9;19,5;19,3;97;97;97;356;1,7;1;
2026/02/06;0300 UTC;0;886,1;886,9;886,1;;19,6;19,2;20;19,6;19,5;19,2;97;97;97;330;2,2;1,4;
2026/02/06;0400 UTC;0;885,5;886,1;885,5;;19;18,4;19,6;19;19,2;18,4;97;96;96;335;3,1;1,6;
2026/02/06;0500 UTC;0;885,2;885,5;885,2;;19;18,3;19,1;19;18,5;18,3;96;95;95;351;2,6;1,2;
2026/02/06;0600 UTC;0;884,8;885,2;884,7;;18,9;18,1;19;18,9;18,2;18,1;95;95;95;338;2,5;1,4;
2026/02/06;0700 UTC;0;884,9;885;884,7;;18,8;18;18,9;18,8;18,1;18;95;95;95;316;2,3;1,3;
2026/02/06;0800 UTC;0;884,5;884,9;884,4;;18,8;18;18,8;18,7;18;17,9;95;95;95;324;2,9;1,4;
2026/02/06;0900 UTC;0;884,4;884,5;884,2;;18,6;18;18,8;18,6;18,1;18;96;95;96;316;2,8;,8;
2026/02/06;1000 UTC;0;885,3;885,3;884,4;73,2;19,5;18,8;19,5;18,6;18,9;18;96;96;96;87;1,8;,5;
2026/02/06;1100 UTC;0;886,2;886,2;885,3;235,3;20,2;18,9;20,3;19,5;19,3;18,8;96;92;92;8;1,9;,9;
2026/02/06;1200 UTC;0;886,6;886,6;886,2;762,8;22,5;19,2;22,5;20,2;19,7;19;93;81;82;45;1,9;,7;
2026/02/06;1300 UTC;0;886,7;886,7;886,6;2931;25,2;18,3;25,2;22,4;19,9;18,2;83;66;66;305;3,4;1,5;
2026/02/06;1400 UTC;,2;886,8;886,8;886,6;2232,7;25,5;18,8;26,2;24,6;20,3;17,6;75;60;66;43;4,4;2,3;
2026/02/06;1500 UTC;0;886,6;886,8;886,6;2046,3;25,6;18,8;25,6;24,8;20;17,8;72;62;66;57;4,8;2,2;
2026/02/06;1600 UTC;0;885,8;886,6;885,8;2607,5;26,3;18,1;27,1;25,6;19,5;17,4;69;58;61;354;6,7;4,4;
2026/02/06;1700 UTC;0;884,6;885,8;884,6;2451,6;27,2;18,2;27,2;26;19,2;17,4;64;57;58;12;6,7;2,4;
2026/02/06;1800 UTC;0;883,5;884,5;883,5;3432,4;28,7;17;28,7;27,2;18,8;16,9;59;49;49;7;7,4;3;
2026/02/06;1900 UTC;0;883,3;883,6;883,2;2438,2;25,4;17,8;29;25,4;18,5;16;63;47;63;26;9,2;4,1;
2026/02/06;2000 UTC;0;883,3;883,4;883,1;1573,6;25,5;17,8;26,4;25,4;18,3;17,3;63;58;63;6;9;4;
2026/02/06;2100 UTC;0;883,6;883,6;883,2;789,1;24,9;17,6;25,8;24,8;18,5;16,9;65;61;64;17;6,5;2,2;
2026/02/06;2200 UTC;0;884,4;884,4;883,6;80,9;23,4;17,9;24,9;23,4;18,3;17,3;72;63;71;9;4,1;2,1;
2026/02/06;2300 UTC;0;884,8;884,8;884,4;;22,1;18,6;23,4;21,7;18,7;17,9;83;71;81;27;3,7;1,3;
2026/02/07;0000 UTC;0;885,4;885,4;884,8;;20,2;18,4;22,3;20,2;18,7;18,3;89;79;89;296;2,6;1,2;
2026/02/07;0100 UTC;0;885,9;886;885,4;;20;18,6;20,3;19,9;18,7;18,4;92;89;92;335;2,3;,4;
2026/02/07;0200 UTC;0;886,1;886,1;885,8;;21,7;18,7;21,7;19,8;19;18,5;93;83;83;60;2,6;1,4;
2026/02/07;0300 UTC;0;886,2;886,4;886,1;;21,4;18,7;22,1;21,3;19;18,6;85;82;85;33;5,2;2;
2026/02/07;0400 UTC;0;886;886,3;886;;20,3;18,6;21,5;20,3;18,8;18,6;90;84;90;15;4,3;1,2;
2026/02/07;0500 UTC;0;885,3;886;885,3;;19,3;18,3;20,4;19,2;18,7;18,1;94;90;94;46;2,6;,2;
2026/02/07;0600 UTC;0;885,1;885,4;885,1;;19,3;18,6;19,3;18,9;18,6;18,1;96;94;96;3;2,4;1,6;
2026/02/07;0700 UTC;0;885,6;885,6;885;;19,8;18,3;20,3;19,3;18,8;18,3;96;90;92;353;3,2;1,4;
2026/02/07;0800 UTC;0;886,1;886,1;885,6;;19;18,1;19,8;18,9;18,4;18;95;91;95;306;2,5;1,1;
2026/02/07;0900 UTC;0;886,6;886,6;886,1;;18,4;17,8;19;18,1;18,2;17,4;96;95;96;11;1,9;,4;
2026/02/07;1000 UTC;0;887,4;887,4;886,6;201;20;19,1;20;18,2;19,1;17,7;97;94;94;320;3,2;1,6;
2026/02/07;1100 UTC;0;887,9;887,9;887,4;875,8;21,6;19,3;21,6;20;19,3;18,9;94;86;87;307;5;2,4;
2026/02/07;1200 UTC;0;888,6;888,7;887,9;1784,5;24;19,1;24,1;21,6;20,1;19,1;87;74;74;334;5,4;2,8;
2026/02/07;1300 UTC;0;889;889;888,6;1809;23,5;18,7;25,2;23,5;19,5;18,2;76;66;75;353;7,6;4,2;
2026/02/07;1400 UTC;0;889,2;889,3;889;2339,1;23;18,3;24,9;22;19,8;17,9;84;70;75;335;8,7;4,2;
2026/02/07;1500 UTC;0;888,7;889,3;888,6;2858;24,3;19,2;24,3;22,5;19,4;17,6;79;70;73;319;8,6;3,5;
2026/02/07;1600 UTC;0;887,6;888,6;887,6;3382;25,6;19,8;25,6;24,3;19,9;18,6;73;67;71;318;8,2;3,7;
2026/02/07;1700 UTC;0;886,8;887,6;886,8;2853,9;26,1;18,7;26,5;25,6;19,7;18,1;70;60;64;318;7,2;2,9;
2026/02/07;1800 UTC;0;886,2;886,8;886,2;2515;27,1;18,7;27,6;26,1;19,3;17,4;66;56;60;295;7,5;2,9;
2026/02/07;1900 UTC;0;885,5;886,2;885,3;2161,9;27,4;17,6;27,7;26,6;18,6;17,1;61;54;55;314;7,3;3,4;
2026/02/07;2000 UTC;0;885,7;885,7;885,1;1655,3;26,3;18,3;27,6;26,3;18,7;16,9;62;53;61;335;8,5;4;
2026/02/07;2100 UTC;0;886;886,1;885,6;820;25,4;18,4;26,7;25,4;18,8;17,8;65;58;65;351;7,5;3,3;
2026/02/07;2200 UTC;0;886,7;886,7;885,8;127,3;22,6;18,7;25,3;22,6;18,9;18,2;79;65;79;7;8,1;1,5;
2026/02/07;2300 UTC;0;887,5;887,5;886,7;;22,2;18,2;22,6;22,2;18,7;17,8;79;76;78;19;3,2;1,6;
2026/02/08;0000 UTC;0;888,1;888,1;887,4;;21,4;18,4;22,2;21,4;18,4;18;83;78;83;349;4;1,2;
2026/02/08;0100 UTC;0;888,8;888,9;888,1;;21;18,9;21,4;20,9;18,9;18,3;88;83;88;4;2,6;1,5;
2026/02/08;0200 UTC;0;888,9;889;888,8;;20,5;18,4;21,3;20,5;18,9;18,4;88;85;88;312;2,6;1,1;
2026/02/08;0300 UTC;0;888,5;888,9;888,4;;20,3;18,2;20,5;20,3;18,5;18,2;89;87;88;306;2,5;1,4;
2026/02/08;0400 UTC;0;888,2;888,5;888,1;;19,7;18;20,3;19,7;18,2;17,9;90;87;90;320;2,6;1,2;
2026/02/08;0500 UTC;0;887,9;888,3;887,9;;19,9;18,1;20,2;19,7;18,3;18;90;88;89;338;2,8;1,7;
2026/02/08;0600 UTC;0;887,5;888;887,5;;19,8;18,3;20;19,8;18,3;18,1;91;89;91;329;3,1;1,5;
2026/02/08;0700 UTC;0;887,1;887,5;887,1;;19,3;18,2;19,8;19,3;18,3;18,1;93;91;93;357;2,8;1,6;
2026/02/08;0800 UTC;0;887,5;887,5;887;;18,9;17,9;19,4;18,9;18,3;17,9;94;93;94;324;2,9;1,3;
2026/02/08;0900 UTC;0;887,7;887,7;887,5;;18,9;18,1;18,9;18,7;18,1;17,8;95;94;95;322;2,6;1,4;
2026/02/08;1000 UTC;0;888,3;888,3;887,6;112,9;19,6;18,7;19,6;18,9;18,7;18,1;95;94;94;330;3,3;1,6;
2026/02/08;1100 UTC;0;888,9;889;888,3;1023,3;22,3;19,6;22,3;19,7;19,6;18,7;94;84;85;326;5,8;2,7;
2026/02/08;1200 UTC;0;889;889,1;888,9;1829,9;23,9;19,3;24;22,3;20,1;18,8;85;74;75;313;7;3,3;
2026/02/08;1300 UTC;0;889,2;889,2;889;2653,3;25,4;18,1;25,5;23,9;19,6;17,9;76;64;64;337;8;4,1;
2026/02/08;1400 UTC;0;888,9;889,2;888,9;2340,6;26,3;18,6;26,3;24,7;19;17,7;68;62;63;330;8,1;3,5;
2026/02/08;1500 UTC;0;888,1;888,9;888,1;3770;26,4;18,2;27,2;26,3;19,1;17,3;64;55;61;341;8,2;4,6;
2026/02/08;1600 UTC;0;887,2;888,1;887,2;3002,2;26;17,5;27,5;25,4;18,7;17,2;63;55;59;353;8,5;4,6;
2026/02/08;1700 UTC;0;887;887,2;886,6;2617,1;23,5;18,3;27,6;23,5;19,7;16,4;77;52;73;352;13;6;
2026/02/08;1800 UTC;6,2;886;887,2;885,9;1714,1;23,4;20;23,6;18,6;20,9;16,4;91;73;82;356;16,2;2,8;
2026/02/08;1900 UTC;,8;885,8;886,1;885,7;1630,4;23,3;19,1;24,5;22,7;20,7;18,4;88;69;77;325;8,8;2,1;
2026/02/08;2000 UTC;0;885,2;885,8;885,1;1492,6;24,7;18,9;25,6;23,3;19,9;18,5;80;66;70;6;7,5;3,3;
2026/02/08;2100 UTC;0;885,5;885,5;884,9;955,5;24,4;18,8;25,1;24,3;19;18,3;72;67;71;354;6;2,3;
2026/02/08;2200 UTC;0;886,5;886,5;885,5;154,7;22,4;17,5;24,4;22,4;18,9;17,5;74;68;74;359;8,4;5;
2026/02/08;2300 UTC;0;887,3;887,3;886,5;;20;17,8;22,4;20;18,1;17,4;88;74;87;321;8,4;3,5;
2026/02/09;0000 UTC;0;887,6;887,7;887,3;;19,7;17,8;20,1;19,5;17,9;17,6;90;86;89;300;5,9;1,4;
2026/02/09;0100 UTC;0;888,2;888,2;887,6;;20,1;17,1;20,1;19,7;17,9;17;89;83;83;326;3,2;1,5;
2026/02/09;0200 UTC;0;888,4;888,4;888,2;;20,3;18,5;20,4;19,9;18,6;17,1;90;83;90;348;2,6;1,2;
2026/02/09;0300 UTC;0;888;888,4;888;;20,2;18,8;20,3;20,2;18,8;18,5;92;90;91;327;2,4;1,3;
2026/02/09;0400 UTC;0;887,4;888;887,4;;19,8;18,6;20,2;19,8;18,8;18,6;93;91;93;323;2,9;1,4;
2026/02/09;0500 UTC;0;887,3;887,4;887,2;;19,9;18,8;20;19,7;18,9;18,6;94;93;94;314;3,4;1,6;
2026/02/09;0600 UTC;0;887,1;887,3;887;;19,9;18,6;19,9;19,7;18,9;18,6;94;92;92;332;4,1;2,1;
2026/02/09;0700 UTC;0;887,1;887,1;886,9;;19,6;18,6;19,9;19,5;18,6;18,4;94;92;94;346;4,5;2,3;
2026/02/09;0800 UTC;0;887,2;887,3;887,1;;19,3;18,5;19,6;19,3;18,7;18,5;95;94;95;331;4,5;1,8;
2026/02/09;0900 UTC;0;887,4;887,4;887,1;;19,2;18,4;19,3;19,2;18,6;18,4;95;95;95;327;5;2,2;
2026/02/09;1000 UTC;0;888;888;887,4;342,5;20,2;18,5;20,2;19,2;18,5;18,2;95;89;90;330;5,9;2,9;
2026/02/09;1100 UTC;0;888,5;888,5;888;792,8;21;18,8;21;20;18,8;18,3;90;86;87;335;6,7;3,1;
2026/02/09;1200 UTC;0;888,8;888,9;888,4;1099;21,4;18,2;21,4;20,9;18,8;18;87;81;82;337;7,6;3,8;
2026/02/09;1300 UTC;0;889,1;889,1;888,8;1601,3;22,2;18,1;22,4;21,4;18,4;17,6;82;75;78;336;8,8;4,7;
2026/02/09;1400 UTC;0;888,7;889,1;888,7;2081,6;23,5;17,7;23,5;21,9;18,5;17,6;78;69;70;345;9;5,1;
2026/02/09;1500 UTC;0;887,7;888,7;887,7;3619,4;24,8;17,6;25,1;23,5;18,2;17,4;71;64;64;359;9,9;6;
2026/02/09;1600 UTC;0;886,9;887,8;886,9;2649,8;25,5;17,1;25,8;24,2;18,3;17;68;60;60;337;10,1;4,2;
2026/02/09;1700 UTC;0;886,3;886,9;886,3;2883,2;25,1;17,2;26,5;25,1;17,9;16,7;64;58;61;353;10,5;5,7;
2026/02/09;1800 UTC;0;885,8;886,3;885,7;2140,4;24,3;18,3;25,7;23,4;19,3;16,2;71;60;69;322;10,3;4,3;
2026/02/09;1900 UTC;0;885,2;885,7;885,2;1271;23,3;18;24,4;23,3;18,5;17,3;74;66;72;320;7,5;3,2;
2026/02/09;2000 UTC;0;884,7;885,3;884,6;947;23,8;17,5;23,8;23,1;18,1;17,3;73;67;68;344;8;4,1;
2026/02/09;2100 UTC;0;885;885;884,6;422,8;23;17,6;23,8;23;17,9;17,5;72;68;72;350;8;3,4;
2026/02/09;2200 UTC;0;885,8;885,8;885;40,2;22,4;18;23;22,4;18;17,6;76;71;76;353;6,4;3,4;
2026/02/09;2300 UTC;0;887;887,1;885,7;;19,7;16,5;22,4;19,7;18,2;16,4;84;73;82;328;8,4;3,9;
2026/02/10;0000 UTC;0;887,7;887,7;887;;18,8;17,4;19,7;18,8;18,4;16,5;94;82;92;323;7,9;2,6;
2026/02/10;0100 UTC;,4;887,8;887,9;887,7;;18,9;18;18,9;18,5;18;17,1;95;90;95;308;5,4;1,9;
2026/02/10;0200 UTC;0;887,8;887,9;887,8;;19,4;18,3;19,4;18,9;18,3;18,1;95;93;94;350;3,5;1,6;
2026/02/10;0300 UTC;0;887,7;887,8;887,6;;19,1;18,1;19,4;19,1;18,3;18,1;94;93;94;332;2,6;1,4;
2026/02/10;0400 UTC;0;887,4;887,7;887,4;;19,1;18,1;19,1;19;18,2;18;95;94;94;321;2,7;1,2;
2026/02/10;0500 UTC;0;887,1;887,4;887,1;;19;18,1;19,1;18,9;18,2;18;95;94;95;333;2,5;1,5;
2026/02/10;0600 UTC;0;886,7;887,1;886,7;;18,6;17,8;19,1;18,6;18,2;17,8;95;94;95;324;2,5;1,1;
2026/02/10;0700 UTC;0;886,4;886,7;886,4;;18,4;17,8;18,7;18,4;17,9;17,7;96;95;96;334;2,5;1,3;
2026/02/10;0800 UTC;0;886,6;886,6;886,4;;18,6;17,9;18,6;18,2;17,9;17,6;97;96;96;15;2,5;1,1;
2026/02/10;0900 UTC;0;887,1;887,1;886,5;;18,1;17,3;18,7;18,1;18;17,3;96;94;95;329;2,7;,9;
2026/02/10;1000 UTC;0;887,7;887,7;887,1;161,1;19,4;18,5;19,4;17,9;18,5;17,1;96;94;94;333;2,3;,9;
2026/02/10;1100 UTC;0;888,3;888,3;887,7;1310;21,4;18,1;21,7;19,4;18,9;18,1;94;81;82;356;5,5;2,8;
2026/02/10;1200 UTC;0;889;889;888,3;1625,6;22,4;18,4;22,5;20,9;18,8;17,9;86;76;78;359;5,7;3,1;
2026/02/10;1300 UTC;0;888,7;889;888,6;2762,2;24,1;17,7;24,1;22,4;18,8;17,4;79;67;68;359;8,2;4,6;
2026/02/10;1400 UTC;0;888,2;888,7;888,2;3278,6;24,8;17,9;24,9;24,1;18,3;16,6;69;62;66;353;9,5;4,5;
2026/02/10;1500 UTC;0;887,4;888,2;887,4;3359,9;26;17,6;26,2;24,7;18,3;16,9;66;58;60;339;8,1;3,9;
2026/02/10;1600 UTC;0;886,4;887,4;886,4;2676,6;25,6;17,6;26,7;25,3;18,3;16,9;63;56;61;333;8,7;3,6;
2026/02/10;1700 UTC;0;885,6;886,4;885,6;2812;26,3;17,1;27,4;25;18,7;16,4;67;54;57;337;7,6;4,3;
2026/02/10;1800 UTC;0;885,6;886;885,4;2117;21,2;18,4;27,4;21,2;18,4;16,6;84;52;84;298;13,2;4,9;
2026/02/10;1900 UTC;0;885,3;885,6;885,2;1239,1;22,3;18;22,5;20,6;19;17,9;87;76;77;302;9,5;4,1;
2026/02/10;2000 UTC;0;885,7;885,7;885,2;1268;22,1;18;23;21,7;18,3;17,7;80;74;77;311;8,8;3,2;
2026/02/10;2100 UTC;0;886,1;886,1;885,6;474,5;21,7;17,7;22,4;21,7;18,2;17,6;78;75;78;336;8,6;4,4;
2026/02/10;2200 UTC;0;886,7;886,8;886,1;56,6;21;18,5;21,7;21;18,5;17,7;86;78;86;332;8,1;2,7;
2026/02/10;2300 UTC;0;887,7;887,7;886,8;;18,9;17,7;21;18,9;18,6;17,7;93;85;92;329;9,1;3,7;
2026/02/11;0000 UTC;0;887,9;888;887,7;;18,6;17,1;18,9;18,6;17,7;17,1;92;91;91;335;8,5;4;
2026/02/11;0100 UTC;0;888,3;888,3;887,9;;18,6;17,4;18,6;18,5;17,4;17,1;93;91;93;324;7,5;3;
2026/02/11;0200 UTC;0;888,7;888,8;888,3;;18,8;17,5;18,8;18,6;17,6;17,4;94;92;92;340;5,1;2,5;
2026/02/11;0300 UTC;0;888,6;888,8;888,6;;18,7;17,3;18,9;18,7;17,5;17,3;92;91;92;333;5;1,9;
2026/02/11;0400 UTC;0;888,2;888,6;888,2;;18,6;17,1;18,7;18,6;17,3;17,1;92;91;91;333;5;2,4;
2026/02/11;0500 UTC;0;887,9;888,2;887,8;;18,5;16,8;18,6;18,4;17,1;16,8;91;90;90;329;5;1,7;
2026/02/11;0600 UTC;0;887,5;887,9;887,5;;18,3;16,8;18,5;18,3;16,8;16,7;91;89;91;341;3,9;1,6;
2026/02/11;0700 UTC;0;887,5;887,5;887,4;;18,3;17;18,4;18,2;17;16,8;92;91;92;352;5,1;2,8;
2026/02/11;0800 UTC;0;888;888;887,5;;18;17,2;18,3;18;17,2;17;95;92;95;360;4,9;2;
2026/02/11;0900 UTC;0;888,1;888,2;888;;18,2;17,2;18,2;18;17,3;17,2;95;94;94;21;4,1;1,4;
2026/02/11;1000 UTC;0;888,8;888,8;888,1;81,5;18,7;17,5;18,7;18,2;17,6;17,2;94;93;93;18;4,6;2,7;
2026/02/11;1100 UTC;0;889,3;889,3;888,8;373,3;19,6;17,6;19,6;18,7;17,7;17,4;93;88;89;13;5,3;2,1;
2026/02/11;1200 UTC;0;890;890;889,3;1017,4;21;17,7;21;19,6;18;17,5;89;81;82;10;6,5;3,3;
2026/02/11;1300 UTC;0;890,1;890,2;890;1211,7;21,7;17,1;21,8;20,9;18;17,1;83;75;75;357;6,5;4,1;
2026/02/11;1400 UTC;0;890,2;890,2;890,1;1644,6;22,8;17,4;22,9;21,7;17,8;16,9;77;71;72;355;6,3;3,5;
2026/02/11;1500 UTC;0;889,6;890,2;889,6;2408,2;24,1;17,9;24,2;22,7;18,4;17,3;73;68;68;352;7;3,6;
2026/02/11;1600 UTC;0;888,8;889,6;888,8;3072,9;25;16,9;25,3;23,8;18,8;16,9;71;61;61;2;8,1;4,5;
2026/02/11;1700 UTC;0;888;888,8;888;1776,5;22,4;18,6;26,3;22,3;18,9;16,8;81;59;79;58;9,1;4;
2026/02/11;1800 UTC;,6;888,1;888,5;888;274,9;19,2;17,9;22,4;18,9;18,4;16,9;93;74;92;8;10,2;3,7;
2026/02/11;1900 UTC;,4;887,6;888,2;887,6;339,4;19,4;18,4;19,6;19,2;18,7;18;94;92;94;26;6,5;2,1;
2026/02/11;2000 UTC;,2;887;887,6;886,9;299,7;19,9;18,6;19,9;19,4;18,7;18,3;94;91;93;314;5;1,5;
2026/02/11;2100 UTC;0;887,2;887,3;887;223,1;19,9;18,3;19,9;19,7;18,6;18,3;93;91;91;327;3,8;1,2;
2026/02/11;2200 UTC;0;887,6;887,6;887,2;35,4;19,6;18,6;19,9;19,5;18,7;18,2;94;90;94;27;2,4;,5;
2026/02/11;2300 UTC;0;888,2;888,2;887,6;;19,1;18,2;19,5;18,8;18,5;18;96;94;95;62;1,5;,7;
2026/02/12;0000 UTC;0;888,7;888,7;888,2;;19;18,2;19,1;18,6;18,2;17,7;96;93;96;152;1,4;,4;
2026/02/12;0100 UTC;0;889,2;889,2;888,7;;19,9;17,6;19,9;18,8;18,3;17,6;96;87;87;87;2,3;1,2;
2026/02/12;0200 UTC;0;889,5;889,5;889,2;;20,2;17;20,3;19,9;18,2;17;88;82;82;46;3,6;1,4;
2026/02/12;0300 UTC;0;889,5;889,6;889,5;;20;16,8;20,3;19,9;17,1;16,7;82;80;82;46;3;1,1;
2026/02/12;0400 UTC;0;888,9;889,5;888,9;;19,5;16,5;20;19,5;16,9;16,5;84;81;83;48;2,9;1;
2026/02/12;0500 UTC;0;888,3;888,9;888,3;;19,5;16,7;19,6;19,4;16,7;16,5;84;83;84;66;4,3;1,8;
2026/02/12;0600 UTC;0;888,1;888,3;888,1;;19,4;16,9;19,5;19,4;16,9;16,6;86;83;86;76;5,9;3,4;
2026/02/12;0700 UTC;0;888;888,2;888;;19;17,4;19,4;19;17,4;16,9;91;86;91;73;6,4;3,1;
2026/02/12;0800 UTC;0;888,3;888,3;887,9;;18,4;17,1;19;18,4;17,4;17,1;92;91;92;69;5,3;1,5;
2026/02/12;0900 UTC;0;888,6;888,6;888,3;;17,3;15,9;18,4;17,3;17,1;15,9;94;91;92;13;3,4;,6;
2026/02/12;1000 UTC;0;889,1;889,1;888,6;240,4;20,1;17,3;20,1;16,7;18;15,7;97;84;84;194;1,1;,2;
2026/02/12;1100 UTC;0;889,7;889,7;889,1;1131,3;22,1;16,5;22,1;20,1;17,3;15,4;84;68;71;53;3,9;1,8;
2026/02/12;1200 UTC;0;890,1;890,1;889,7;2008,1;22,9;16,7;22,9;22;16,9;15,2;71;64;68;79;5,1;2,7;
2026/02/12;1300 UTC;0;890,2;890,3;890,1;2668,8;24,8;17,1;24,8;22,9;17,3;16,2;69;60;63;77;6,4;3;
2026/02/12;1400 UTC;0;890;890,2;890;2300,5;25,5;18,3;25,5;23,9;18,6;16,5;69;61;65;81;6,4;2,6;
2026/02/12;1500 UTC;0;889,4;890;889,4;2339,9;26,8;18;26,8;24,4;18,7;16,9;67;59;59;56;7,9;3,4;
2026/02/12;1600 UTC;0;888,6;889,5;888,6;2944,5;26,5;17,8;27,1;25,2;18,8;17,1;64;57;59;77;7,9;2,6;
2026/02/12;1700 UTC;0;887,7;888,6;887,7;2527,1;26,2;17,4;27,1;25,5;18,4;16,8;65;54;58;84;7,5;3,6;
2026/02/12;1800 UTC;0;886,9;887,7;886,8;2201,2;25,6;18,3;27,4;24,9;19,2;17,1;68;56;64;84;7,7;3,5;
2026/02/12;1900 UTC;4,6;886,6;887;886,6;1062,7;23,6;18,7;25,6;21,2;19,3;17,2;89;62;74;27;11,3;2,2;
2026/02/12;2000 UTC;0;886,2;886,6;886,1;1535,7;25,2;18,2;25,5;23,6;19,2;17,3;74;61;65;50;5,9;2,4;
2026/02/12;2100 UTC;0;886,8;886,8;886,2;495,3;23,1;18,7;25,2;23,1;19,1;17,5;76;65;76;98;5,9;2,4;
2026/02/12;2200 UTC;0;887,1;887,2;886,7;43,1;21,6;19,4;23,1;21,6;19,5;18,4;88;75;87;130;5,3;,9;
2026/02/12;2300 UTC;0;888,1;888,1;887,1;;21,3;18,6;22,4;21,3;19,3;18,4;87;78;85;87;3,3;,4;
2026/02/13;0000 UTC;0;888,9;888,9;888,1;;19,8;18,6;21,3;19,8;19,2;18,6;93;85;92;162;1,5;,9;
2026/02/13;0100 UTC;0;889,4;889,4;888,9;;21,6;18,2;21,8;19,8;18,9;18,2;93;80;81;102;3,4;2,1;
2026/02/13;0200 UTC;0;889,9;889,9;889,4;;21,3;17,4;21,6;21;18,3;17,4;82;79;79;94;5,7;3,4;
2026/02/13;0300 UTC;0;889,3;889,9;889,3;;20,4;15,9;21,3;20,4;17,5;15,9;79;75;76;95;6;3,1;
2026/02/13;0400 UTC;0;889,2;889,3;889,1;;19,7;15,3;20,5;19,7;16;15,2;76;74;75;97;5,3;1,9;
2026/02/13;0500 UTC;0;889,3;889,4;889,2;;17,1;14,8;19,7;17,1;15,3;14,8;86;74;86;66;4;,5;
2026/02/13;0600 UTC;0;888,9;889,3;888,9;;16;15,1;17,1;15,9;15,1;14,6;94;86;94;107;1,5;,8;
2026/02/13;0700 UTC;0;888,9;889;888,8;;15,3;14,5;16,2;15,3;15,2;14,3;94;91;94;88;2,1;,3;
2026/02/13;0800 UTC;0;889,1;889,1;888,9;;18,2;14,6;18,2;15,3;15,3;14,5;95;79;79;79;2,7;1,5;
2026/02/13;0900 UTC;0;889,3;889,4;889,1;;17,2;14,5;18,2;17;14,7;14,5;86;79;84;93;2,6;1,2;
2026/02/13;1000 UTC;0;889,8;889,8;889,3;180,2;19,9;15,5;19,9;17,1;15,5;14,5;85;76;76;105;3,2;1,8;
2026/02/13;1100 UTC;0;890,4;890,4;889,8;1132,3;23,2;16,3;23,2;19,9;16,3;15,5;77;64;65;70;4;2,1;
2026/02/13;1200 UTC;0;890,8;890,9;890,3;2516;23,3;15,9;24;22,8;16,9;15,5;67;62;63;108;8,5;4,5;
2026/02/13;1300 UTC;0;891,1;891,1;890,8;2446,2;23,4;16,8;24,1;23,1;17,3;15,7;67;62;66;108;8,9;4,7;
2026/02/13;1400 UTC;0;890,7;891,1;890,7;2855,9;24,7;17,7;25,1;23,4;17,7;16,1;67;60;65;107;8,9;3,3;
2026/02/13;1500 UTC;0;890,2;890,7;890,2;3571,2;26;17,7;26;24,6;17,9;16,4;65;57;60;64;6,5;3,3;
2026/02/13;1600 UTC;0;889,5;890,3;889,5;3127,9;26,6;17,2;26,6;25;17,8;16,3;62;54;56;94;6,8;3,6;
2026/02/13;1700 UTC;0;888,6;889,5;888,6;3745,5;27,4;14,9;27,6;26,5;17,7;14,9;58;46;47;70;6,8;3,2;
2026/02/13;1800 UTC;0;887,8;888,6;887,8;3162,2;27,8;16,7;28,4;27,3;17;14,8;54;46;51;82;6,4;2,3;
2026/02/13;1900 UTC;0;887,2;887,8;887,2;2368,7;27,9;16;28,4;26,9;16,9;15,3;52;45;48;64;6;2,3;
2026/02/13;2000 UTC;0;886,9;887,2;886,8;1606,2;27;15,1;28,3;27;16,7;14,9;52;45;48;77;6,3;3,2;
2026/02/13;2100 UTC;0;886,8;886,9;886,7;784,7;26,9;16,1;27,3;26,6;16,6;15;54;48;52;92;6,2;2;
2026/02/13;2200 UTC;0;886,7;886,8;886,6;98,9;24,9;16,7;27;24,9;16,8;15,8;60;51;60;111;7,2;2,8;
2026/02/13;2300 UTC;0;887,2;887,2;886,7;;24,1;16,8;24,9;24;17;16,7;65;60;63;113;5,3;2,2;
2026/02/14;0000 UTC;0;887,8;887,8;887,2;;23,4;17;24,1;23,4;17,1;16,7;67;63;67;116;5,1;2,6;
2026/02/14;0100 UTC;0;888,7;888,7;887,8;;22,8;17,3;23,4;22,8;17,3;17,1;71;67;71;112;6;1,8;
2026/02/14;0200 UTC;0;889,1;889,1;888,7;;22,6;17,5;22,8;22,6;17,5;17,2;73;71;73;102;4,2;2,2;
2026/02/14;0300 UTC;0;888,9;889,1;888,9;;22,6;17,1;22,6;22,4;17,6;17;74;70;71;101;4,8;2;
2026/02/14;0400 UTC;0;888,6;888,9;888,6;;22,4;16,7;22,7;22,4;17,2;16,7;72;69;70;116;4,6;2,1;
2026/02/14;0500 UTC;0;888,3;888,6;888,3;;19,6;17,3;22,4;19,6;17,3;16,7;87;70;87;54;3,5;,5;
2026/02/14;0600 UTC;0;888,3;888,4;888,2;;19,3;17,2;20,8;18,9;17,4;16,8;90;79;88;116;2,2;,9;
2026/02/14;0700 UTC;0;888,2;888,3;888,1;;20,2;17;20,7;19,2;17,4;17;88;80;82;125;2,9;1,2;
2026/02/14;0800 UTC;0;888,3;888,3;888,1;;20,8;16,9;20,8;19,8;17,2;16,9;85;78;78;111;3,3;1,9;
2026/02/14;0900 UTC;0;888,8;888,8;888,3;;20,8;16,8;21;20,7;16,9;16,8;79;77;78;129;3,5;1,6;
2026/02/14;1000 UTC;0;889;889;888,7;166,3;21,7;16,9;21,9;20;17,2;16,9;84;74;74;103;4,5;2,2;
2026/02/14;1100 UTC;0;889,4;889,4;889;1010,8;23,8;17,6;23,8;21,6;17,9;16,8;75;68;68;99;6,1;2,9;
2026/02/14;1200 UTC;0;890,1;890,1;889,4;1829;23,5;18,3;24,4;22,9;18,3;17,4;73;66;73;85;9,5;3,8;
2026/02/14;1300 UTC;0;890,1;890,3;890;2579,4;24,5;18,2;24,7;23;19,1;17,7;75;68;68;81;8,2;4,2;
2026/02/14;1400 UTC;0;889,7;890,1;889,7;3452,4;25,3;17,9;26;24,3;19;17,7;70;61;64;74;8,2;3,4;
2026/02/14;1500 UTC;0;889,2;889,7;889,2;3227,9;26,8;17;27;25,2;18,4;17;65;55;55;92;8,3;4;
2026/02/14;1600 UTC;0;888,2;889,2;888,2;3422,6;27;17,2;27,5;26,1;17,8;16,1;59;50;55;83;8,3;3,7;
2026/02/14;1700 UTC;0;887,5;888,2;887,5;2778,3;26,8;16,3;28,4;26,4;17,7;15,3;56;46;53;59;7,1;3,4;
2026/02/14;1800 UTC;0;886,4;887,5;886,4;2508,6;28,8;16,5;28,8;26,7;17,3;15,7;55;47;47;63;7;3;
2026/02/14;1900 UTC;0;886;886,4;885,9;2304,2;28,6;15,4;29,1;27,3;16,5;14,6;51;43;45;98;7,5;3,3;
2026/02/14;2000 UTC;0;886,1;886,1;885,9;1367;28,3;16,5;28,6;27,5;16,8;14,4;51;43;49;99;7,4;3,3;
2026/02/14;2100 UTC;0;886,4;886,4;886,1;815,3;26,6;16,3;28,3;26,6;17,2;15,6;54;49;53;99;6,8;3,8;
2026/02/14;2200 UTC;0;886,7;886,7;886,3;73,4;25,5;16,8;26,6;25,4;16,8;16;59;53;59;101;6,6;2,7;
2026/02/14;2300 UTC;0;887,3;887,3;886,7;;24,9;16,7;25,5;24,8;16,8;16,6;61;59;61;87;4,6;1,7;
2026/02/15;0000 UTC;0;887,8;887,8;887,2;;24,4;17,2;25;24,2;17,3;16,7;65;60;64;69;4,3;2,1;
2026/02/15;0100 UTC;0;888,1;888,1;887,8;;23,4;17,2;24,4;23,4;17,3;17,1;68;64;68;127;4;1,9;
2026/02/15;0200 UTC;0;888,3;888,4;888,1;;22,7;17,5;23,4;22,6;17,6;17,3;73;68;73;124;3,5;1,8;
2026/02/15;0300 UTC;0;887,6;888,3;887,6;;22;17,6;22,7;22;17,6;17,5;76;73;76;117;3,7;1,6;
2026/02/15;0400 UTC;0;887,1;887,6;887,1;;22,1;17,3;22,1;21,9;17,6;17,3;76;75;75;71;3,7;2;
2026/02/15;0500 UTC;0;886,6;887,1;886,6;;21,2;17,3;22,3;21,2;17,4;17,3;79;73;78;129;4,4;1,2;
2026/02/15;0600 UTC;0;886,3;886,6;886,3;;21,1;17,4;21,4;20,8;17,4;17,2;80;77;79;105;2,9;1,5;
2026/02/15;0700 UTC;0;886,1;886,3;886,1;;21,2;17,5;21,3;21;17,5;17,4;80;79;79;98;3,3;1,7;
2026/02/15;0800 UTC;0;886,4;886,4;886,1;;19,8;17,3;21,5;19,8;17,5;17;86;78;86;113;3,6;1,1;
2026/02/15;0900 UTC;0;886,9;886,9;886,4;;20,1;17,6;20,1;18,8;17,7;17;91;85;85;123;3,1;1,5;
2026/02/15;1000 UTC;0;887,7;887,7;886,9;201,1;22;18;22;19,1;18,1;17,3;91;78;78;126;3,1;,8;
2026/02/15;1100 UTC;0;888,3;888,3;887,7;1036,6;24;18;24;22;18,6;18;78;69;69;123;4,2;2,4;
2026/02/15;1200 UTC;0;888,7;888,7;888,3;1966,2;25,2;18,4;25,2;24;18,7;17,7;70;65;66;99;6,8;3,6;
2026/02/15;1300 UTC;0;889,1;889,1;888,7;2795,8;25,3;18,8;25,7;25;19,1;18;69;64;67;74;9,1;3,8;
2026/02/15;1400 UTC;0;889,1;889,3;889,1;3495,1;26,1;18,1;26,6;25,2;19,6;18,1;70;61;61;87;7,6;3,7;
2026/02/15;1500 UTC;0;888,6;889,1;888,6;2706,8;27,4;17,7;27,6;25,8;19,2;17,5;65;55;56;71;7,6;3;
2026/02/15;1600 UTC;0;887,9;888,6;887,9;3326,6;28,5;16,4;28,5;26,5;18;15,2;59;44;48;63;7,4;3,1;
2026/02/15;1700 UTC;0;887,2;887,9;887,2;2998,5;29,1;16,1;29,3;27,3;17,6;14,8;54;42;46;140;7,1;4;
2026/02/15;1800 UTC;0;886,4;887,2;886,3;3299,4;29,6;15,7;29,7;28,4;16,3;13,8;48;39;43;116;7,9;3,3;
2026/02/15;1900 UTC;0;885,9;886,4;885,9;2560,7;28,8;15;29,6;28,8;15,6;14,1;44;39;43;116;7,9;3,3;
2026/02/15;2000 UTC;0;885,9;886;885,7;1629,4;29,1;15,3;29,4;28,4;16,4;14,5;46;40;43;138;7,5;3,4;
2026/02/15;2100 UTC;0;885,6;885,9;885,5;939,4;27,4;15,7;29,1;27,4;16,6;15;50;43;49;117;8,3;3,7;
2026/02/15;2200 UTC;0;886;886;885,6;109,3;26,1;16,7;27,4;26,1;16,7;15,6;56;48;56;108;8,1;3,3;
2026/02/15;2300 UTC;0;886,9;886,9;886;;25,1;17,2;26,1;25,1;17,3;16,7;62;56;62;114;6,7;3,2;
2026/02/16;0000 UTC;0;887,4;887,4;886,8;;24,4;17,3;25,1;24,3;17,5;17,2;65;62;65;99;5,6;2,5;
2026/02/16;0100 UTC;0;887,9;887,9;887,4;;23,7;17,5;24,4;23,7;17,5;17,3;68;65;68;72;6;2,5;
2026/02/16;0200 UTC;0;888,4;888,4;887,9;;23;17,3;23,8;23;17,6;17,3;71;68;70;105;5,2;2;
2026/02/16;0300 UTC;0;888,4;888,5;888,3;;22,6;17,4;23;22,5;17,4;17,2;73;70;73;71;4,3;1,4;
2026/02/16;0400 UTC;0;888,1;888,5;888;;22,3;17,4;22,6;20,8;17,5;17,3;81;73;74;71;3,4;1,6;
2026/02/16;0500 UTC;0;887,6;888,1;887,6;;21,3;17,5;22,5;21,3;17,5;17,3;79;73;79;68;3,9;,9;
2026/02/16;0600 UTC;0;887,2;887,6;887,2;;19,1;17,4;21,3;19,1;17,5;17,3;90;79;90;94;1,8;,7;
2026/02/16;0700 UTC;0;887,1;887,2;887,1;;21,8;17,1;22,1;18,9;17,8;17;92;73;75;62;4,1;1,4;
2026/02/16;0800 UTC;0;887,3;887,3;887,1;;21,2;16,9;21,8;21,2;17,2;16,9;77;75;77;72;3,6;1,3;
2026/02/16;0900 UTC;0;887,5;887,5;887,2;;21;17;21,6;20,8;17,1;16,9;79;75;78;78;3,5;1,4;
2026/02/16;1000 UTC;0;888,4;888,4;887,5;211,7;22,5;17,3;22,5;20,9;17,5;17;79;72;73;72;4,9;2,4;
2026/02/16;1100 UTC;0;888,9;888,9;888,4;1076,1;23,2;17,9;23,2;22,5;18,1;17,4;75;72;72;85;6,5;3,7;
2026/02/16;1200 UTC;0;889,1;889,1;888,8;1984,7;24,2;17,3;24,2;23,1;18,3;16,8;73;64;65;54;7,1;3,6;
2026/02/16;1300 UTC;0;889,2;889,3;889,1;2762,6;25,4;16,7;25,4;24,2;17,8;16,7;66;58;59;89;8,3;3,6;
2026/02/16;1400 UTC;0;889;889,2;888,9;3046;25,7;17,2;26,3;25,2;18,1;16,6;62;56;60;64;8,9;3,4;
2026/02/16;1500 UTC;0;888,7;889,1;888,7;2910,5;26,7;16,8;27,1;25,2;18;16,1;62;51;55;106;7,8;3,3;
2026/02/16;1600 UTC;0;888,1;888,8;888,1;4132,7;27,8;16,5;27,8;26,6;17,8;15,4;58;47;50;57;7,6;2,8;
2026/02/16;1700 UTC;0;887,5;888,1;887,5;3686,7;28,3;15,3;28,5;27,2;17,1;14,9;53;43;45;66;6,6;3,1;
2026/02/16;1800 UTC;0;887,2;887,5;887,2;1816,9;27,4;15,7;28,6;26,9;16,7;13,9;52;39;49;124;6,6;2,3;
2026/02/16;1900 UTC;0;886,5;887,2;886,5;1671,1;28,6;14,6;28,6;26,6;16,3;12,4;53;37;43;126;6,5;2,2;
2026/02/16;2000 UTC;0;886,2;886,5;886,2;1813,9;28,3;15,5;28,7;27,4;16,2;14,3;49;41;46;90;6,1;2,9;
2026/02/16;2100 UTC;0;886,3;886,5;886,2;559,4;26,4;15,6;28,3;26,3;16,2;15,2;52;45;52;117;7,1;3,4;
2026/02/16;2200 UTC;0;886,4;886,4;886,3;108,1;25,2;15,4;26,4;25,2;16,2;15,2;57;51;55;107;6,9;3,1;
2026/02/16;2300 UTC;0;886,9;886,9;886,4;;24,4;16,1;25,2;24,4;16,2;15,4;60;55;60;105;6,1;3,2;
2026/02/17;0000 UTC;0;887,7;887,8;886,9;;23,6;16,2;24,5;23,6;16,5;16,1;63;60;63;108;7,4;2,8;
2026/02/17;0100 UTC;0;888,4;888,4;887,7;;22,9;16,2;23,6;22,9;16,4;16,1;66;63;66;123;5,7;2,3;
2026/02/17;0200 UTC;0;889,1;889,1;888,4;;22,4;16,2;23;22,4;16,3;16,2;68;66;68;96;5,6;2,1;
2026/02/17;0300 UTC;0;889;889,2;889;;21,8;16;22,6;21,8;16,2;15,9;70;67;70;79;4;1,3;
2026/02/17;0400 UTC;0;888,7;889;888,7;;20,9;16,1;22,1;20,7;16,2;16;75;69;74;74;3,5;1;
2026/02/17;0500 UTC;0;887,8;888,7;887,8;;20,2;15,9;21,2;20;16,1;15,8;77;72;76;128;3,2;1,2;
2026/02/17;0600 UTC;0;887,4;887,8;887,4;;18,1;16,1;20,2;18,1;16,1;15,7;88;76;88;137;2,3;1,3;
2026/02/17;0700 UTC;0;887,4;887,4;887,3;;20,2;15,7;20,2;18,1;16,2;15,7;88;75;75;104;3;1,8;
2026/02/17;0800 UTC;0;887,4;887,4;887,3;;20,1;15,8;20,3;19,6;15,8;15,6;78;75;76;93;3,7;1,8;
2026/02/17;0900 UTC;0;887,7;887,7;887,3;;19,9;16;20,3;19,8;16;15,8;78;76;78;101;3,7;1,6;
2026/02/17;1000 UTC;0;888,3;888,3;887,6;195,3;21,7;16,5;21,7;19,9;16,5;16;78;72;72;99;3,7;1,9;
2026/02/17;1100 UTC;0;888,8;888,8;888,3;1037,5;23,4;16,9;23,5;21,7;17,4;16,4;72;67;67;102;6,2;2,6;
2026/02/17;1200 UTC;0;889,3;889,3;888,7;1970,6;23,8;16,8;24,3;23,3;17,6;16,6;68;64;65;89;6,8;3,7;
2026/02/17;1300 UTC;0;889,4;889,4;889,2;2782,2;25,3;16,7;25,4;23,6;17,5;16,3;66;57;59;55;7,4;3,2;
2026/02/17;1400 UTC;0;889,5;889,5;889,4;3299,6;26,5;15,9;26,5;25,4;17,4;15,6;61;52;52;87;6,8;2,7;
2026/02/17;1500 UTC;0;889,2;889,6;889,2;2933,7;27,6;16;27,6;25,6;17,3;14,9;57;47;49;53;5,8;2,2;
2026/02/17;1600 UTC;0;888,5;889,2;888,5;3273,8;28,4;14,1;28,4;26,4;16,4;14;53;41;41;99;5,8;2,1;
2026/02/17;1700 UTC;0;887,5;888,5;887,5;3228;29;14;29,2;27;15,1;11,6;47;34;40;69;5,1;2;
2026/02/17;1800 UTC;0;886,7;887,6;886,7;3496,8;29,5;10,5;29,9;28,9;14;9,8;40;30;31;37;5;2,7;
2026/02/17;1900 UTC;0;885,8;886,7;885,8;2272;28,6;13,3;30,6;27,8;14,5;9,1;42;27;39;137;6,8;3,3;
2026/02/17;2000 UTC;0;885,4;885,8;885,4;1849,7;28,6;11,6;29,3;28,5;13,3;10,9;40;32;35;49;5,1;2,5;
2026/02/17;2100 UTC;0;885,3;885,4;885,3;840,2;27,5;12,5;28,7;27,5;12,6;10,4;40;33;40;79;5,1;1,2;
2026/02/17;2200 UTC;0;885,6;885,7;885,3;46;26,2;14,7;27,5;26,2;14,9;11,9;50;38;49;70;4,9;1,4;
2026/02/17;2300 UTC;0;886,3;886,3;885,6;;25,4;15;26,3;25,4;15,2;13,6;53;46;52;67;4,4;1,6;
2026/02/18;0000 UTC;0;886,8;886,8;886,3;;24,4;15,5;25,5;24,4;15,7;14,9;58;52;58;50;4,1;1,5;
2026/02/18;0100 UTC;0;887,2;887,2;886,7;;21,5;16,3;24,4;21,5;16,5;15,7;72;58;72;40;3;,9;
2026/02/18;0200 UTC;0;887,5;887,6;887,2;;20,2;16,7;21,5;20;16,9;16,1;81;72;80;124;1,7;1;
2026/02/18;0300 UTC;0;887,6;887,6;887,4;;20,5;15,8;22,5;20,1;16,7;15,4;80;65;74;119;2,3;,9;
2026/02/18;0400 UTC;0;887,2;887,6;887,2;;20,3;16,1;20,8;19,8;16,2;15,7;79;73;77;115;2,2;1;
2026/02/18;0500 UTC;0;886,8;887,2;886,8;;18,2;16;20,3;18,2;16,3;16;87;77;87;259;2;,2;
2026/02/18;0600 UTC;0;886,5;886,8;886,5;;18,3;16,3;18,3;18;16,3;15,9;89;87;88;179;1;,4;
2026/02/18;0700 UTC;0;886,7;886,8;886,5;;18,3;16,2;18,6;18,1;16,3;16;88;86;88;80;1,4;,6;
2026/02/18;0800 UTC;0;886,6;886,7;886,5;;17,6;15,8;20,2;17,6;16,4;15,7;89;76;89;276;2,1;1;
2026/02/18;0900 UTC;0;887;887;886,6;;17,4;16,2;17,7;17,1;16,2;15,8;93;89;92;349;2;1,3;
2026/02/18;1000 UTC;0;887,5;887,5;887;195;20,4;17,5;20,4;17,3;17,5;16;92;83;83;337;1,8;,9;
2026/02/18;1100 UTC;0;888;888,1;887,5;985,3;23,3;16;23,7;20,4;17,5;15,9;83;62;63;355;3,8;2;
2026/02/18;1200 UTC;0;888,3;888,3;888;1665,8;24,8;16,4;24,9;23,3;16,7;15,7;65;59;59;8;5,2;2;
2026/02/18;1300 UTC;0;888,4;888,5;888,3;2607,2;26,3;16,3;26,3;24,7;17,3;16;61;54;54;28;4,6;2;
2026/02/18;1400 UTC;0;888,2;888,5;888,2;1927;25,8;16,1;27,3;25,6;17,5;15,2;57;49;55;18;6,1;1,8;
2026/02/18;1500 UTC;0;887,5;888,2;887,5;3182;28,3;14,7;28,6;25,8;17;14,3;56;41;43;350;4,9;1,9;
2026/02/18;1600 UTC;0;886,8;887,5;886,8;2858;25,6;18,4;28,4;25,6;18,4;14,3;65;42;65;261;7,8;2,7;
2026/02/18;1700 UTC;0;885,9;886,9;885,8;3107;28;16,4;28,1;25,4;19,5;16,1;67;49;49;271;6,5;2,7;
2026/02/18;1800 UTC;0;885;885,9;885;1716,6;27,9;15,2;29,5;27,4;17,2;14,6;51;44;46;5;5,1;,4;
2026/02/18;1900 UTC;0;884,4;885;884,3;2245,5;27,9;16,9;28,7;27,3;17,9;14,9;56;45;51;268;6,8;2,5;
2026/02/18;2000 UTC;0;883,8;884,4;883,6;1800,9;27,7;16;28,4;27,4;17,6;16;53;48;49;357;6,3;1,4;
2026/02/18;2100 UTC;0;884;884,1;883,7;239,4;23;17,8;27,7;22,9;18,6;15,8;75;48;73;39;10,7;2,7;
2026/02/18;2200 UTC;0;885,2;885,2;883,9;4,7;21,7;16,6;23,1;21,7;18,6;16,5;78;71;73;270;8,1;2,3;
2026/02/18;2300 UTC;0;886;886,2;885,1;;19,6;17;21,7;19,6;17;16,4;85;73;85;327;7,2;2;
2026/02/19;0000 UTC;,4;886,3;886,4;885,9;;18,6;17,3;19,6;18,5;17,4;16,9;93;85;92;309;6,4;3,2;
2026/02/19;0100 UTC;0;886,8;886,8;886,3;;19,2;17,6;19,2;18,6;17,6;17,3;92;90;90;331;6,4;2,1;
2026/02/19;0200 UTC;0;887,7;887,7;886,7;;19,5;17,7;19,7;19,2;17,7;17,3;91;87;89;125;7,5;3,5;
2026/02/19;0300 UTC;2,8;886,7;887,7;886,7;;18,7;17,8;19,5;18,7;18;17,6;95;89;95;178;7,5;,5;
2026/02/19;0400 UTC;0;885,8;886,7;885,8;;18,8;18,2;19;18,5;18,3;17,8;96;95;96;306;1,5;1,1;
2026/02/19;0500 UTC;0;885,3;885,8;885,3;;18,7;18;18,9;18,6;18,3;17,9;96;96;96;335;1,9;1,3;
2026/02/19;0600 UTC;0;885,2;885,3;885,2;;18,7;18,2;18,7;18,5;18,2;17,9;97;96;97;251;2,1;,7;
2026/02/19;0700 UTC;0;884,8;885,2;884,8;;18,7;18,1;18,9;18,4;18,3;17,7;97;95;96;17;2;,5;
2026/02/19;0800 UTC;0;884,6;884,8;884,6;;18,6;18;18,7;18,5;18,1;17,9;97;96;96;158;1,6;,9;
2026/02/19;0900 UTC;0;884,7;884,7;884,6;;18,5;17,9;18,6;18;18;17,3;97;95;96;114;1,9;1;
2026/02/19;1000 UTC;0;885,3;885,3;884,7;77,5;19;18,5;19;18,2;18,5;17,6;97;96;97;32;2,4;1,1;
2026/02/19;1100 UTC;0;885,9;885,9;885,3;625,1;21,2;18;21,2;19;18,8;18;97;82;82;24;3;1,4;
2026/02/19;1200 UTC;0;886,7;886,7;885,9;1974,7;23,5;18,1;23,5;21;18,6;17,5;84;71;72;358;3,8;1,7;
2026/02/19;1300 UTC;0;886,7;886,8;886,6;2730,5;24,1;18,7;24,5;23;19,3;17,4;76;66;72;334;5,3;2,4;
2026/02/19;1400 UTC;,2;886,4;886,7;886,3;3286,9;25,8;18;26;23,8;19;17,2;72;60;62;302;8,2;3,6;
2026/02/19;1500 UTC;0;885,9;886,4;885,9;2999,5;26,3;17,2;27,4;25,7;18,4;16,1;62;51;57;272;8,2;3,2;
2026/02/19;1600 UTC;0;884,8;885,9;884,8;2712,4;27,7;17,3;27,7;25,7;17,6;15,6;60;50;53;296;6,8;3,3;
2026/02/19;1700 UTC;0;884;884,8;884;3867,3;29,2;16,4;29,2;27,5;18;16,2;54;46;46;285;7,3;2,6;
2026/02/19;1800 UTC;0;883,3;884;883,3;3454,2;28,7;15;29,2;28,1;16,9;15;50;43;43;310;6,8;3,2;
2026/02/19;1900 UTC;0;883;883,3;882,8;2325,1;26,5;18,1;29,5;26,5;18,1;14,4;60;41;60;317;7,7;4,3;
2026/02/19;2000 UTC;,2;883,9;883,9;883;344,8;20,8;18,6;26,5;20,8;19,2;17,5;89;60;87;267;12,8;3,5;
2026/02/19;2100 UTC;,4;883,8;884;883,7;105,6;20,4;19;21;20,4;19,1;18,6;92;87;91;278;6,6;1,9;
2026/02/19;2200 UTC;0;884,7;884,7;883,8;13;20,2;18,4;20,4;20,2;19;18,3;92;87;89;318;4,6;1,7;
2026/02/19;2300 UTC;,2;885,1;885,1;884,6;;20,1;18,1;20,2;20;18,5;18,1;91;88;88;290;3,6;,9;
2026/02/20;0000 UTC;0;885,6;885,7;885,1;;20,2;17,9;20,4;20,1;18,3;17,9;89;86;87;326;3,1;1,4;
2026/02/20;0100 UTC;0;886,1;886,1;885,6;;20,2;18,2;20,3;20,1;18,2;17,9;88;86;88;330;3,3;2;
2026/02/20;0200 UTC;0;886,8;886,8;886,1;;20,4;18,6;20,4;20,2;18,6;18,2;90;88;90;329;4,2;2;
2026/02/20;0300 UTC;0;886,7;886,9;886,6;;20,2;18,7;20,4;20,2;18,8;18,6;91;90;91;329;4;1,8;
2026/02/20;0400 UTC;0;886,2;886,7;886,2;;20,1;18,3;20,2;20;18,7;18,3;91;89;90;322;3,8;1,8;
2026/02/20;0500 UTC;0;885,5;886,2;885,5;;19,8;18;20,1;19,8;18,3;18;90;89;89;324;4,3;1,5;
2026/02/20;0600 UTC;0;885;885,5;884,9;;19,7;18,1;19,8;19,7;18,1;17,9;90;89;90;298;3;1,2;
2026/02/20;0700 UTC;0;884,7;885;884,7;;19,9;18,7;19,9;19,7;18,7;18,1;93;90;93;306;2,4;,7;
2026/02/20;0800 UTC;0;885,2;885,2;884,7;;19,7;18,9;19,9;19,7;18,9;18,6;95;93;95;316;1,3;,7;
2026/02/20;0900 UTC;0;885,1;885,4;885,1;;20;19,2;20,1;19,7;19,3;18,9;95;95;95;47;1,6;,5;
2026/02/20;1000 UTC;1;885,5;885,5;885,1;23,3;19,9;19;20,1;19,8;19,3;18,9;95;94;95;313;2;1;
2026/02/20;1100 UTC;3,4;886,5;886,5;885,5;93,3;19,5;18,6;20;19,4;19,2;18,5;95;94;95;339;3;,7;
2026/02/20;1200 UTC;,4;887,2;887,2;886,5;108;18,9;18,1;19,6;18,9;18,8;18,1;95;94;95;1;4,6;2,2;
2026/02/20;1300 UTC;,8;887,1;887,2;887,1;577,2;19,5;18,3;19,5;18,7;18,4;17,7;96;93;93;345;5,7;2,4;
2026/02/20;1400 UTC;0;886,4;887,1;886,4;1959,8;22;18,4;22;19,4;19;17,8;93;79;80;322;5;2,5;
2026/02/20;1500 UTC;0;885,1;886,4;885,1;3119,7;24,3;18,8;24,6;21,9;19,3;17,7;81;68;71;315;6,3;2,8;
2026/02/20;1600 UTC;0;884,3;885,1;884,3;3730,5;26,7;17,3;26,7;24,3;19,4;16,3;73;56;57;288;6,8;2,7;
2026/02/20;1700 UTC;,2;883,6;884,3;883,6;1976,5;24,9;17,9;27;24,9;18,4;16,8;65;56;65;296;6,6;2,5;
2026/02/20;1800 UTC;0;883,1;883,6;883,1;1155,4;25,9;18;26,3;24,8;18,4;17,3;68;59;62;308;6,5;3,3;
2026/02/20;1900 UTC;0;882,5;883,1;882,5;2404,5;26,1;19,1;27,8;25,4;19,5;17;69;53;65;278;8,4;4;
2026/02/20;2000 UTC;0;881,8;882,5;881,8;1762,8;25,1;18,1;26,1;24,3;18,9;17,9;69;65;65;291;9,8;3,1;
2026/02/20;2100 UTC;0;882,3;882,3;881,8;894,6;23,8;16,4;25,3;23,8;18,1;16,2;66;61;63;297;7,2;2,4;
2026/02/20;2200 UTC;0;882,7;882,8;882,3;46,5;22,1;17,6;23,8;22,1;17,6;16,2;76;63;76;308;5,4;2,3;
2026/02/20;2300 UTC;0;883,8;883,8;882,6;;21,2;18,3;22,1;21,2;18,3;17,5;84;75;84;329;5,6;2,4;
2026/02/21;0000 UTC;0;884,6;884,6;883,8;;20,6;18,7;21,2;20,6;19;18,4;89;84;89;324;5,5;2,7;
2026/02/21;0100 UTC;0;885,4;885,4;884,6;;20,5;18,6;20,6;20,5;18,7;18,5;89;88;89;342;5,4;2,3;
2026/02/21;0200 UTC;,6;885,8;885,8;885,2;;19,9;18,9;20,5;19,9;18,9;18,6;94;89;94;344;5,6;3,1;
2026/02/21;0300 UTC;,2;885,8;886;885,8;;19,3;18,7;19,9;19,3;18,9;18,6;96;94;96;324;5,8;2,4;
2026/02/21;0400 UTC;0;885,6;885,8;885,5;;18,9;18,3;19,3;18,9;18,7;18,3;96;96;96;333;7,3;2,8;
2026/02/21;0500 UTC;0;884,7;885,6;884,7;;18,8;18,3;18,9;18,8;18,3;18,2;97;96;97;313;5,7;2,2;
2026/02/21;0600 UTC;0;884,6;884,8;884,5;;18,8;18,3;18,9;18,8;18,4;18,3;97;97;97;320;4,6;1,6;
2026/02/21;0700 UTC;2,2;884,2;884,6;884,2;;18,8;18,3;18,9;18,8;18,4;18,3;97;97;97;322;3,3;1,6;
2026/02/21;0800 UTC;0;884,5;884,5;884,2;;18,6;18,2;18,9;18,6;18,4;18,2;97;97;97;322;6;2,4;
2026/02/21;0900 UTC;0;884,8;884,8;884,5;;18,3;17,8;18,6;18,2;18,1;17,7;97;97;97;316;5;1;
2026/02/21;1000 UTC;0;885,2;885,2;884,8;83,1;18,5;18;18,5;18,3;18;17,8;97;97;97;322;3,9;2;
2026/02/21;1100 UTC;0;885,9;885,9;885,2;350,5;19,5;18,7;19,5;18,5;18,7;18;97;95;95;333;6,2;2,8;
2026/02/21;1200 UTC;0;886,7;886,7;885,9;708,2;20,1;18,5;20,3;19,5;18,9;18,5;95;91;91;338;7,6;3,5;
2026/02/21;1300 UTC;0;887;887;886,7;1430,6;21,5;18,5;21,7;20,1;19;18,2;91;82;83;323;7,6;3,6;
2026/02/21;1400 UTC;0;886,7;887;886,7;1678,7;22,9;18,1;23;21,4;18,9;18,1;85;74;74;334;7,2;3,5;
2026/02/21;1500 UTC;0;886,6;886,8;886,5;1032,7;22,1;18,3;22,9;22;18,8;17,9;80;74;79;338;6,9;3,9;
2026/02/21;1600 UTC;0;886;886,6;886;1682,6;22,8;18,6;23,1;22,1;18,9;17,8;81;74;77;332;8,8;3,9;
2026/02/21;1700 UTC;0;885,1;886;885;1562,8;21,6;19,5;23,3;21;19,6;18,3;91;76;87;321;7,9;2,8;
2026/02/21;1800 UTC;0;884,1;885,1;884,1;1385,1;22,4;18,8;22,8;21,7;19,7;18,8;88;80;81;323;6,7;3,2;
2026/02/21;1900 UTC;0;883,4;884,1;883,4;2174,4;24,5;18;25,4;22,3;19,2;18;81;66;67;306;7,8;2,7;
2026/02/21;2000 UTC;0;883,2;883,4;883,1;915,2;23,4;18,1;24,5;23,4;18,3;17,7;72;67;72;303;6,6;2,2;
2026/02/21;2100 UTC;0;883,2;883,2;883;370,1;22,5;18,1;23,4;22,5;18,3;17,9;77;72;76;304;4,9;2,1;
2026/02/21;2200 UTC;0;884;884;883,2;49,6;21,1;18,7;22,5;21,1;18,8;18,1;87;76;86;336;4,4;2,2;
2026/02/21;2300 UTC;0;884,9;884,9;884;;20,4;18,7;21,1;20,4;18,7;18,6;90;86;90;338;4,5;2,4;
2026/02/22;0000 UTC;0;885,5;885,5;884,9;;20,1;18,7;20,4;20,1;18,8;18,7;92;90;92;322;5;1,7;
2026/02/22;0100 UTC;0;886,4;886,4;885,5;;19,8;18,7;20,1;19,8;18,8;18,7;93;92;93;325;3,2;1,3;
2026/02/22;0200 UTC;0;886,6;886,8;886,4;;19,9;18,7;19,9;19,8;18,8;18,7;94;93;93;309;2,5;1,1;
2026/02/22;0300 UTC;0;886,3;886,6;886,1;;19,8;18,7;19,9;19,8;18,8;18,6;94;93;93;332;4;2;
2026/02/22;0400 UTC;0;886,1;886,5;886,1;;19,8;18,8;19,8;19,8;18,8;18,7;94;93;94;321;4,6;2,1;
2026/02/22;0500 UTC;,2;885,4;886,1;885,4;;19,6;18,9;19,8;19,6;18,9;18,8;96;94;96;337;4,9;2,6;
2026/02/22;0600 UTC;0;885;885,5;885;;19,3;18,6;19,7;19,3;19;18,6;96;96;96;340;5,4;2,5;
2026/02/22;0700 UTC;,2;885;885,1;884,9;;19,5;18,9;19,5;19,3;18,9;18,6;96;96;96;339;4,4;1,4;
2026/02/22;0800 UTC;,8;884,9;885;884,8;;19,5;18,9;19,6;19,4;19;18,8;97;96;96;352;3,5;1,9;
2026/02/22;0900 UTC;1,4;885,2;885,2;884,8;;18,6;18;19,5;18;18,9;17,3;97;95;97;326;6,5;2,3;
2026/02/22;1000 UTC;3,6;886;886;885,2;37,1;18,8;18,3;18,8;18,6;18,4;18,1;97;97;97;350;5,4;2,2;
2026/02/22;1100 UTC;1,6;886,6;886,6;886;310,9;19,2;18,7;19,2;18,7;18,8;18,3;97;97;97;342;4,4;2,5;
2026/02/22;1200 UTC;0;886,8;886,8;886,6;1455,9;20,9;19,2;21,1;19,2;20;18,8;97;90;90;323;7;2,9;
2026/02/22;1300 UTC;0;887;887,1;886,8;838,2;21,1;19;21,1;20,5;19,2;18,8;91;88;88;326;5,8;2,9;
2026/02/22;1400 UTC;0;886,9;887,2;886,9;2100,3;23,2;19,1;23,3;21,1;19,7;18,7;89;76;78;324;7,3;3,4;
2026/02/22;1500 UTC;0;886,2;886,9;886,2;2746,9;23,8;19,4;25;22,8;19,7;18,6;80;70;77;330;7,1;2,8;
2026/02/22;1600 UTC;0;885,4;886,3;885,4;2514,5;23,7;18,7;25,4;23,7;20,1;17,7;77;67;74;302;7,4;3,4;
2026/02/22;1700 UTC;0;884,6;885,4;884,6;3490,6;25,3;19;26,4;23,7;19,9;17,9;74;61;68;302;7,5;3,6;
2026/02/22;1800 UTC;,2;883,5;884,6;883,5;2396,5;25,8;18,3;26,1;24,6;19,4;17,9;72;61;63;286;7,5;3;
2026/02/22;1900 UTC;0;882,8;883,5;882,7;1953,3;24,1;19;26,6;24,1;19,2;17,8;73;61;73;325;7,3;4,2;
2026/02/22;2000 UTC;0;882,6;882,9;882,6;1348,7;24,5;18,8;24,8;23,4;19,8;18,8;78;70;71;329;7,6;3;
2026/02/22;2100 UTC;0;883,1;883,1;882,5;629,2;23;18,4;24,8;23;19,2;18,2;75;69;75;331;7,3;3,4;
2026/02/22;2200 UTC;0;883,9;883,9;883,1;53,2;21,5;19,4;23;21,5;19,6;18,6;88;75;88;338;6,8;2,3;
2026/02/22;2300 UTC;0;884;884,2;883,9;;20,9;19,4;21,5;20,9;19,4;19,2;91;87;91;327;5,6;2,6;
2026/02/23;0000 UTC;0;884,7;884,7;883,9;;20,4;19,2;20,9;20,4;19,4;19,2;93;91;93;332;5,6;2,5;
2026/02/23;0100 UTC;0;885,9;885,9;884,6;;20,1;18,9;20,4;20,1;19,2;18,9;93;92;93;319;4,9;1,7;
2026/02/23;0200 UTC;0;886;886;885,8;;19,9;18,8;20,1;19,9;19;18,8;94;92;94;333;6,3;2,9;
2026/02/23;0300 UTC;0;885,6;886;885,6;;19;17,8;19,9;19;18,9;17,8;94;90;93;331;9,6;5;
2026/02/23;0400 UTC;2,8;885;885,6;885;;18,5;17,8;19;18,4;17,8;17,6;96;93;96;324;9,6;3;
2026/02/23;0500 UTC;,2;884,4;885;884,4;;18,7;18,1;18,7;18,4;18,1;17,8;96;96;96;327;7,3;3,1;
2026/02/23;0600 UTC;0;883,8;884,4;883,8;;18,9;18,3;18,9;18,7;18,3;18,1;97;96;96;318;6,8;2,8;
2026/02/23;0700 UTC;0;883,7;884;883,7;;18,8;18,2;19;18,8;18,3;18,2;96;96;96;324;5,7;2,7;
2026/02/23;0800 UTC;0;884;884;883,6;;18,7;18,2;18,9;18,7;18,3;18,2;97;96;97;322;6,1;2,4;
2026/02/23;0900 UTC;,4;884,2;884,2;884;;18,6;18,1;18,8;18,6;18,2;18,1;97;97;97;333;6,5;2,5;
2026/02/23;1000 UTC;,2;884,7;884,7;884,2;47,6;18,4;18;18,6;18,4;18,1;18;97;97;97;327;5,9;2,6;
2026/02/23;1100 UTC;0;885,5;885,5;884,7;381,3;19;18,3;19;18,4;18,3;18;97;96;96;322;6,9;3,2;
2026/02/23;1200 UTC;0;886,2;886,2;885,5;521;19,5;18,4;19,5;18,9;18,4;18,1;96;93;93;320;6,9;2,9;
2026/02/23;1300 UTC;0;886,4;886,5;886,1;1119,3;20,6;18,7;20,6;19,5;19;18,3;94;89;89;323;7,6;3,4;
2026/02/23;1400 UTC;0;886,2;886,4;886,2;1437,2;21,6;18,2;22;20,6;18,8;18,2;89;80;81;315;8,7;4,3;
2026/02/23;1500 UTC;0;885,8;886,3;885,8;1761,8;22,6;18,5;22,6;21,5;18,8;18,1;83;77;77;306;10;3,9;
2026/02/23;1600 UTC;0;884,8;885,8;884,8;2528,1;22,4;19,2;24,7;21,8;19,8;18,3;87;69;82;299;10;4;
2026/02/23;1700 UTC;0;883,7;884,8;883,7;3229,2;24,4;17,9;25,2;22,4;19,5;17,9;82;66;67;306;9,2;3,4;
2026/02/23;1800 UTC;0;883,1;883,7;883,1;1345,8;23,1;17,9;24,3;22,9;18,5;17,6;74;67;73;293;8;3,9;
2026/02/23;1900 UTC;0;882,9;883,1;882,8;916;22,5;18,3;23,1;22,5;18,4;17,8;77;72;77;288;9,4;3,2;
2026/02/23;2000 UTC;0;882,7;882,9;882,6;895,7;21,3;18,8;22,8;21,3;18,9;17,9;86;75;86;318;7,5;3,5;
2026/02/23;2100 UTC;,4;883,2;883,2;882,6;406,3;20,1;19;21,4;20,1;19,1;18,7;93;86;93;321;6,9;2,5;
2026/02/23;2200 UTC;,4;883,7;883,7;883,2;29,4;18,9;18,1;20,1;18,9;19;17,8;95;91;95;309;6,9;2,5;
2026/02/23;2300 UTC;0;883,9;883,9;883,6;;18,9;18,1;18,9;18,8;18,2;18,1;96;95;95;332;5,9;2,7;
2026/02/24;0000 UTC;0;884,8;884,8;883,9;;18,7;17,8;18,9;18,7;18,1;17,8;95;94;95;324;5,9;1,7;
2026/02/24;0100 UTC;0;885,5;885,5;884,8;;18,8;18;18,8;18,7;18;17,8;95;95;95;332;6,2;2,8;
2026/02/24;0200 UTC;0;885,5;885,6;885,5;;19,1;18,5;19,1;18,8;18,5;18;96;95;96;332;7,2;3,2;
2026/02/24;0300 UTC;0;885;885,5;885;;19,1;18,4;19,1;19,1;18,5;18,3;96;95;96;323;7,2;3,1;
2026/02/24;0400 UTC;0;884,6;885;884,6;;19,1;18,2;19,1;19;18,4;18,1;96;94;94;322;6,9;3,2;
2026/02/24;0500 UTC;0;884,4;884,6;884,3;;19,1;18,1;19,2;19;18,2;18,1;95;94;94;322;6,6;2,7;
2026/02/24;0600 UTC;0;883,9;884,4;883,9;;19;18;19,1;19;18,2;18;94;94;94;325;6,3;2,4;
2026/02/24;0700 UTC;0;883,6;883,9;883,5;;18,8;17,9;19;18,8;18;17,8;94;94;94;315;6,1;2,7;
2026/02/24;0800 UTC;0;883,5;883,6;883,5;;18,9;17,9;18,9;18,8;17,9;17,8;94;94;94;316;6,7;2,9;
2026/02/24;0900 UTC;0;883,7;883,7;883,4;;18,9;17,8;19;18,9;17,9;17,8;94;93;93;319;7,3;3,4;
2026/02/24;1000 UTC;0;884,2;884,2;883,7;56;19,1;17,9;19,1;18,9;17,9;17,7;93;93;93;315;8;3,2;
2026/02/24;1100 UTC;0;885;885;884,2;257,3;19,6;18,2;19,6;19,1;18,2;17,9;93;92;92;311;7;2,5;
2026/02/24;1200 UTC;0;885,5;885,5;885;606,2;20,9;18,6;20,9;19,6;18,6;18,2;92;86;87;306;8;2,8;
2026/02/24;1300 UTC;0;885,8;885,8;885,5;823,3;21,8;18,6;21,8;20,8;18,8;18,3;87;82;82;298;7,6;3,5;
2026/02/24;1400 UTC;0;885,7;885,8;885,6;1119,9;22,3;18,2;22,4;21,8;18,8;18,2;82;77;77;297;8,7;3,6;
2026/02/24;1500 UTC;0;885,1;885,7;885,1;2016,3;23,8;18,7;23,9;22,1;19,5;18;82;73;73;322;8,7;4,1;
2026/02/24;1600 UTC;0;884,3;885,2;884,3;1847,6;23,3;18,4;24,5;22,8;19,5;18,3;78;71;74;306;8,4;2,5;
2026/02/24;1700 UTC;0;883,3;884,3;883,3;1596,2;23,8;18,9;23,8;23,3;18,9;18,2;76;72;74;288;8,5;3,4;
2026/02/24;1800 UTC;0;882,6;883,3;882,6;1936,6;23,7;19;24;23,3;19,2;18,4;76;73;75;288;8,5;3,1;
2026/02/24;1900 UTC;0;882;882,6;881,9;1924,3;23,6;18,7;24,8;23,5;19,6;18,5;77;70;74;323;8,8;4;
2026/02/24;2000 UTC;0;881,8;882;881,5;1202,5;22;18,5;24,8;22;19,8;18,2;81;71;80;297;10,6;4,6;
2026/02/24;2100 UTC;0;882,3;882,3;881,8;337,1;21;18,5;22;21;18,6;18,3;86;80;85;289;9,1;3,4;
2026/02/24;2200 UTC;0;883,5;883,6;882,3;81,1;20,1;18,1;21;20,1;18,6;18;88;83;88;303;8,8;3,1;
2026/02/24;2300 UTC;0;884;884;883,5;;19,7;18;20,1;19,6;18,1;17,9;90;88;89;311;7;3,2;
2026/02/25;0000 UTC;0;884;884,1;883,9;;19,3;18;19,7;19,3;18;17,9;92;89;92;314;7;2,7;
2026/02/25;0100 UTC;0;884,2;884,2;884;;19,1;17,7;19,3;19;18;17,7;93;92;92;319;5,7;2,4;
2026/02/25;0200 UTC;0;884,2;884,4;884,1;;19,2;17,9;19,2;19;17,9;17,7;93;92;92;327;5,4;2,4;
2026/02/25;0300 UTC;0;884,2;884,2;884;;19,2;18;19,2;19,1;18;17,9;93;92;93;320;5,7;2,2;
2026/02/25;0400 UTC;0;884;884,2;883,9;;19,2;18;19,3;19,1;18;18;93;92;93;327;4,6;2,2;
2026/02/25;0500 UTC;0;883,4;884;883,4;;19,4;18,4;19,4;19,1;18,4;18;94;93;94;330;6,1;3,2;
2026/02/25;0600 UTC;0;882,8;883,4;882,8;;19,2;18,4;19,4;19,2;18,5;18,4;95;94;95;317;6,8;2,8;
2026/02/25;0700 UTC;0;882,8;882,9;882,7;;19,2;18,1;19,4;19,2;18,4;18,1;95;93;93;311;5,9;2,2;
2026/02/25;0800 UTC;0;883;883;882,7;;19,2;18,3;19,3;19;18,3;18;94;93;94;330;5,2;1,7;
2026/02/25;0900 UTC;0;883,3;883,3;883;;19,4;18,4;19,4;19,2;18,4;18,3;94;94;94;314;3,9;1,8;
2026/02/25;1000 UTC;0;883,7;883,8;883,3;64,9;19,6;18,7;19,6;19,4;18,7;18,4;95;94;95;306;5,7;2,9;
2026/02/25;1100 UTC;0;884,5;884,5;883,7;429,4;20,5;18,8;20,5;19,6;19;18,7;95;90;90;306;7,6;3,4;
2026/02/25;1200 UTC;0;884,8;884,9;884,4;507,2;20,3;19,1;20,5;20,2;19,3;18,7;94;90;93;307;7,8;2,7;
2026/02/25;1300 UTC;0;884,9;885;884,8;1670,1;22,8;19;22,9;20,3;19,4;18,7;93;78;79;293;8,8;3,9;
2026/02/25;1400 UTC;0;884,5;884,9;884,5;2430;23,8;19,3;24;22,8;19,4;18,6;80;73;76;294;9,3;4,3;
2026/02/25;1500 UTC;2,4;883,8;884,6;883,8;2129,3;22,6;20,1;24,3;20,7;20,7;18,8;94;73;86;303;9;3,4;
2026/02/25;1600 UTC;0;882,6;883,9;882,6;2917,9;24,5;20,1;24,5;22,6;20,5;19,3;88;75;76;303;8,6;3,9;
2026/02/25;1700 UTC;0;881,9;882,6;881,9;2168,2;23,2;19,4;24,8;22,6;20,8;19,3;89;74;79;305;8,6;4;
2026/02/25;1800 UTC;0;881,6;882;881,6;2145,6;23,5;19,1;23,8;22,9;19,7;18,8;82;74;77;293;10,1;4,2;
2026/02/25;1900 UTC;0;880,7;881,6;880,7;1924,7;23,3;18,7;23,9;22,8;19,2;18,6;79;73;75;297;9,2;3,4;
2026/02/25;2000 UTC;0;880,5;880,7;880,3;1210,5;23,3;18,6;24,1;22,9;19,1;18,3;79;72;75;306;8,8;3,6;
2026/02/25;2100 UTC;0;880,7;880,7;880,5;394,2;22,1;18,9;23,3;22,1;19,2;18,4;83;75;82;324;9,3;3,3;
2026/02/25;2200 UTC;0;881;881;880,6;65,7;20,6;19,3;22,1;20,6;19,3;18,8;92;82;92;319;9,1;3,3;
2026/02/25;2300 UTC;0;881,7;881,7;881;;20,1;18,6;20,6;20,1;19,3;18,6;92;90;91;316;7,1;3;
2026/02/26;0000 UTC;0;882,1;882,1;881,6;;19,5;18,2;20,1;19,5;18,6;18,2;93;91;93;318;6,5;2,2;
2026/02/26;0100 UTC;0;882,9;882,9;882,1;;19,5;18,2;19,5;19,3;18,2;18;93;92;92;328;5,4;2,6;
2026/02/26;0200 UTC;0;882,6;882,9;882,6;;19,6;18,5;19,6;19,4;18,5;18,2;94;92;93;322;6,2;3,2;
2026/02/26;0300 UTC;0;882;882,6;882;;19,6;18,6;19,7;19,6;18,6;18,5;94;93;94;322;6,3;3,2;
2026/02/26;0400 UTC;0;881,9;882;881,7;;19,8;18,8;19,9;19,6;18,8;18,6;94;93;94;312;7,5;3;
2026/02/26;0500 UTC;,6;881,7;881,9;881,7;;19,6;18,9;20;19,6;18,9;18,7;95;92;95;309;8,3;2,6;
2026/02/26;0600 UTC;0;881,4;881,7;881,4;;19,2;18,5;19,6;19,2;18,9;18,5;96;95;96;310;8,4;3,3;
2026/02/26;0700 UTC;0;881,2;881,4;881,1;;19;18,4;19,2;18,9;18,5;18,4;97;96;97;314;7,7;2,9;
2026/02/26;0800 UTC;,2;881,5;881,5;881,2;;19;18,5;19,1;19;18,5;18,4;97;97;97;320;6,8;2,7;
2026/02/26;0900 UTC;0;881,8;881,8;881,5;;18,8;18,3;19;18,8;18,5;18,3;97;97;97;316;6,4;3,1;
2026/02/26;1000 UTC;0;882,1;882,1;881,7;51,6;19,1;18,3;19,1;18,8;18,3;18,3;97;95;95;305;8,6;4;
2026/02/26;1100 UTC;0;882,8;882,8;882,1;302,4;19,7;18,7;19,7;19,1;18,8;18,3;96;94;94;308;8,6;3,9;
2026/02/26;1200 UTC;0;883,3;883,3;882,7;1105,2;21,1;19,4;21,1;19,7;19,6;18,6;94;88;90;312;10,2;3,8;
2026/02/26;1300 UTC;0;883,4;883,5;883,3;1678,5;22,2;19,1;22,3;21,1;19,8;18,8;90;82;83;307;11,3;4,2;
2026/02/26;1400 UTC;0;883,3;883,4;883,3;2025,5;22,8;19,2;23,5;21,5;19,8;18,8;89;76;80;297;10;4,3;
2026/02/26;1500 UTC;0;883,1;883,3;883,1;2215,2;24;19,3;24,4;21,9;19,6;18,7;86;72;75;300;13,4;3,6;
2026/02/26;1600 UTC;0;882,3;883,1;882,3;2338,1;23,7;18,3;24,6;22,8;19,4;18,1;80;69;72;296;12,9;5,1;
2026/02/26;1700 UTC;0;881,3;882,3;881,2;2468,3;23,8;19,4;25;23,3;19,5;18,4;76;69;76;324;12,9;4,3;
2026/02/26;1800 UTC;0;880,8;881,4;880,8;1077,4;23;19,3;23,8;21,6;20;18,9;90;76;80;315;9,3;3,9;
2026/02/26;1900 UTC;1;880,2;880,8;880,2;1371,9;22;20;24,4;21,3;20,8;18,9;94;73;89;304;8,4;4,5;
2026/02/26;2000 UTC;0;879,7;880,2;879,7;1190,9;22,8;19,7;22,8;22;20;19;89;81;83;322;11,1;2,7;
2026/02/26;2100 UTC;1;880,5;880,5;879,7;439,4;21,2;19,6;23,3;21,2;19,8;19,2;90;78;90;291;9,2;3,1;
2026/02/26;2200 UTC;1,6;881,2;881,2;880,5;34,7;20,1;19,3;21,2;19,9;19,5;19;95;91;95;285;9,2;2,5;
2026/02/26;2300 UTC;,6;882,1;882,1;881,2;;19,9;19,2;20,2;19,9;19,4;19,1;96;95;96;298;6,2;2,5;
2026/02/27;0000 UTC;,2;882,8;882,8;882,1;;20;19,2;20;19,9;19,2;19,1;96;95;95;282;6,2;2,1;
2026/02/27;0100 UTC;,4;883,4;883,5;882,8;;20;19,2;20,1;20;19,2;19,1;95;94;95;290;6,2;2,4;
2026/02/27;0200 UTC;0;883,2;883,5;883,2;;20,1;19,2;20,2;20;19,3;19,2;95;94;94;290;5,6;2,3;
2026/02/27;0300 UTC;0;882,7;883,2;882,7;;19,9;19;20,1;19,9;19,2;19;95;94;95;287;5,2;2,1;
2026/02/27;0400 UTC;0;882,3;882,7;882,3;;19,4;18,7;19,9;19,4;19;18,7;96;95;96;298;4,5;1,7;
2026/02/27;0500 UTC;0;881,4;882,3;881,4;;19,8;19,1;19,8;19,4;19,1;18,7;96;96;96;300;4,6;2,1;
2026/02/27;0600 UTC;0;881,2;881,5;881,2;;19,7;18,9;19,9;19,7;19,2;18,9;96;95;95;289;4,3;2,2;
2026/02/27;0700 UTC;0;881,2;881,3;881,1;;19,3;18,7;19,7;19,3;18,9;18,7;96;95;96;303;4,1;1,5;
2026/02/27;0800 UTC;0;881,5;881,5;881,2;;19,1;18,5;19,3;19,1;18,7;18,5;97;96;96;288;3,3;1,3;
2026/02/27;0900 UTC;0;881,7;881,7;881,5;;19,3;18,6;19,4;19,1;18,7;18,6;96;96;96;273;3,9;1,5;
2026/02/27;1000 UTC;0;882,4;882,4;881,6;60,1;19,2;18,6;19,3;19;18,6;18,3;96;96;96;323;3;,7;
2026/02/27;1100 UTC;0;883,3;883,3;882,4;732,3;21,1;19,2;21,2;19,2;19,6;18,6;96;89;89;287;3,8;1,7;
2026/02/27;1200 UTC;0;883,7;883,7;883,3;996,3;22,8;19,3;22,8;21;19,4;18,7;90;80;81;263;5,2;1,9;
2026/02/27;1300 UTC;0;883,9;884;883,6;1923,4;23,7;19,1;24;22,8;19,7;18,8;81;74;76;284;4,6;1,9;
2026/02/27;1400 UTC;0;883,9;884;883,9;1825,4;25,6;19;25,7;23,4;19,7;18,2;78;65;67;232;4,5;1,3;
2026/02/27;1500 UTC;,2;883,3;883,9;883,3;2309,8;26,2;19,6;27;24,9;20,1;18,2;70;60;67;300;5,5;2,3;
2026/02/27;1600 UTC;0;882,3;883,3;882,3;2176,7;25,9;19,2;27,2;25;20,3;18,6;74;61;67;243;5,5;2,4;
2026/02/27;1700 UTC;0;881,3;882,3;881,3;2420,9;27,3;18,4;27,6;25,8;19,4;17,2;68;55;58;226;5,7;2,2;
2026/02/27;1800 UTC;0;880,5;881,3;880,5;2470,1;26,7;20,1;28,9;26,7;20,2;16,6;67;48;67;82;5,6;1,3;
2026/02/27;1900 UTC;0;880,6;880,6;880,1;493,5;22,9;19,1;26,7;22,9;20,5;18,8;79;67;79;312;6,6;2,9;
2026/02/27;2000 UTC;0;880,6;880,8;880,5;137,7;20,8;18,2;22,9;20,8;19,2;18,1;86;79;85;325;6,6;1,6;
2026/02/27;2100 UTC;0;881,1;881,4;880,6;69,1;21,3;18,7;21,4;20,8;18,9;18,1;86;84;85;350;3,3;,9;
2026/02/27;2200 UTC;0;882;882;881,1;23;20,8;18,5;21,3;20,8;18,9;18,4;87;85;87;293;3,6;1,5;
2026/02/27;2300 UTC;,6;882,7;882,8;882;;20,4;19;20,8;20,4;19,4;18,5;92;87;91;311;6,4;1,7;
2026/02/28;0000 UTC;,2;883,3;883,3;882,7;;19,4;18,2;20,4;19,3;18,9;18;93;90;93;348;3,7;1,8;
2026/02/28;0100 UTC;0;883,9;884;883,3;;20;18,9;20;19,4;18,9;18,2;94;93;94;335;4,1;2,3;
2026/02/28;0200 UTC;0;883,9;884;883,9;;20,3;19,4;20,3;20;19,4;18,9;95;93;95;331;5,9;2,7;
2026/02/28;0300 UTC;0;883,8;884;883,7;;19,8;18,8;20,3;19,8;19,4;18,8;95;94;94;332;6,7;2,6;
2026/02/28;0400 UTC;0;883;883,8;883;;19,4;18,2;19,8;19,4;18,8;18,2;94;92;92;324;5,8;2,7;
2026/02/28;0500 UTC;0;882,8;883,1;882,7;;19,2;18,1;19,4;19,1;18,2;18;94;92;93;318;5,1;1,8;
2026/02/28;0600 UTC;0;882,8;882,9;882,7;;19,4;18,2;19,5;19,2;18,2;18,1;93;92;93;303;4,3;1;
2026/02/28;0700 UTC;2,8;882,5;882,9;882,5;;19,2;18,3;19,4;19,1;18,4;18,2;95;93;95;316;5;2,6;
2026/02/28;0800 UTC;0;882,8;882,8;882,5;;19;18,3;19,2;19;18,4;18,3;96;95;96;310;4,9;1,8;
2026/02/28;0900 UTC;0;883,1;883,1;882,8;;18,8;18,2;19;18,8;18,3;18,1;96;96;96;305;3,5;1,6;
2026/02/28;1000 UTC;,8;883,7;883,7;883,1;9;19;18,4;19;18,8;18,4;18,2;96;96;96;300;3,4;1,4;
2026/02/28;1100 UTC;,4;884,2;884,2;883,6;191,7;19,5;19;19,5;19;19;18,4;97;96;97;312;4,2;1,5;
2026/02/28;1200 UTC;0;884,6;884,6;884,2;714,4;21;19,7;21;19,5;19,9;18,9;97;92;92;289;4,7;2,3;
2026/02/28;1300 UTC;0;884,7;884,7;884,5;1547,1;22,1;19,2;22,5;21;20,1;19,1;92;83;84;303;4,7;1,8;
2026/02/28;1400 UTC;0;884,5;884,7;884,4;2418,8;24,1;18,7;24,7;22,1;19,9;18,7;85;72;72;314;3,9;1,8;
2026/02/28;1500 UTC;0;884,2;884,5;884,2;737,1;22,8;19,4;24,1;22,7;19,9;18,6;81;72;81;287;5,9;2,5;
2026/02/28;1600 UTC;0;883,2;884,2;883,2;2775,6;24,4;19,4;25;22,8;20,2;18,8;82;71;74;327;5,8;2,8;
2026/02/28;1700 UTC;0;882,2;883,2;882,2;3306,3;26,3;18,4;27;24,1;20,1;18,2;74;59;62;307;5,6;2,2;
2026/02/28;1800 UTC;0;881,4;882,2;881,4;2354,7;27,1;17,6;27,8;26,3;19,5;17;65;53;56;254;6,2;2,3;
2026/02/28;1900 UTC;0;881;881,4;880,9;1915,9;28,5;17,1;28,7;26,9;18,3;16,4;58;48;50;231;7;1,9;
2026/02/28;2000 UTC;0;880,4;881;880,4;1812,2;28,6;16,4;28,9;27,7;18,1;16,4;53;48;48;252;5,3;2,5;
2026/02/28;2100 UTC;0;881;881;880,4;829,2;26,7;18;28,6;26,7;18,3;16,9;59;48;59;219;5,6;2,6;
2026/02/28;2200 UTC;0;881,6;881,6;881;87,5;24,9;18,5;26,7;24,9;18,6;17,8;68;59;68;254;5,6;1,9;
2026/02/28;2300 UTC;3,2;882,5;882,5;881,6;;20,8;18,9;24,9;20,8;19,8;18,4;89;67;89;205;9,1;3,9;
2026/03/01;0000 UTC;2,4;883,7;883,7;882,5;;20,2;19,2;20,8;20,1;19,3;18,8;95;88;94;237;9,1;2,4;
2026/03/01;0100 UTC;0;883,9;884,1;883,7;;20,4;19,2;20,4;20,2;19,3;19,1;94;93;93;242;5,3;1,7;
2026/03/01;0200 UTC;0;884,3;884,3;883,8;;21,3;19,1;21,3;20,4;19,2;19,1;93;87;87;198;4;2,1;
2026/03/01;0300 UTC;0;884,2;884,3;884,1;;21,4;19,1;21,5;21,3;19,2;19;88;86;87;188;4,3;2;
2026/03/01;0400 UTC;0;883,7;884,2;883,7;;21,1;19;21,4;21,1;19,1;18,9;88;87;87;193;4,7;2,1;
2026/03/01;0500 UTC;0;883,3;883,7;883,3;;20,8;18,6;21,2;20,7;18,9;18,6;87;86;87;185;4,6;2;
2026/03/01;0600 UTC;0;882,9;883,3;882,9;;20,2;18,1;20,8;20,2;18,6;18;88;87;88;169;4,8;1,8;
2026/03/01;0700 UTC;0;883,2;883,2;882,9;;19,4;17,7;20,2;19,4;18,1;17,7;90;87;90;176;4,5;1,6;
2026/03/01;0800 UTC;0;883,5;883,5;883,2;;18,4;17;19,5;18,4;17,7;17;92;88;92;168;4,4;1,2;
2026/03/01;0900 UTC;0;883,9;883,9;883,4;;17,5;16,4;18,6;17,5;17,2;16,4;94;91;94;154;3,4;,6;
2026/03/01;1000 UTC;0;884,1;884,1;883,8;79,2;17,6;16,9;17,6;17,1;16,9;16,3;96;94;96;189;1,9;,9;
2026/03/01;1100 UTC;0;884,7;884,7;884,1;777,8;20,3;17,1;20,3;17,6;17,9;16,9;96;82;82;187;3,4;1,5;
2026/03/01;1200 UTC;0;884,9;885;884,6;1419,2;21,8;17,4;21,8;20,1;17,7;16,7;83;76;76;148;4,8;2,5;
2026/03/01;1300 UTC;0;885;885,1;884,9;3032,7;23,1;18,6;23,7;21,8;18,7;17,4;78;71;76;124;5,9;3,6;
2026/03/01;1400 UTC;0;884,6;885;884,6;3560,8;24,3;18,4;24,4;23,1;19,4;18;76;69;70;71;5,9;2,6;
2026/03/01;1500 UTC;,2;884,3;884,6;884,2;3858,6;25,8;18,4;25,8;24;19;16,4;72;58;64;25;4,9;1,2;
2026/03/01;1600 UTC;0;883,4;884,3;883,4;3876,5;26,7;15,8;26,9;25,6;18,4;15,4;64;51;51;300;4,5;1,5;
2026/03/01;1700 UTC;0;882,6;883,4;882,6;3748,9;27,8;15,3;28;26,7;17,1;14,7;54;45;46;122;6,3;2,8;
2026/03/01;1800 UTC;0;881,8;882,6;881,8;3092,2;27,8;15,4;28,5;27,1;16,4;14,5;50;42;47;161;6,3;2,8;
2026/03/01;1900 UTC;0;881,5;881,9;881,5;1014;27,4;15,6;28,3;27;16,2;14,7;51;45;49;114;5,8;1,6;
2026/03/01;2000 UTC;0;881,5;881,6;881,3;572,5;27;15,4;27,8;26,9;16;14,8;51;46;49;126;4;2,1;
2026/03/01;2100 UTC;0;881,6;881,6;881,4;206,1;25,8;15,1;27;25,8;15,8;14,4;54;47;52;133;3,8;1,4;
2026/03/01;2200 UTC;0;882;882;881,6;37;22,2;17,9;25,8;22,2;18,7;15;77;51;77;128;2,5;,6;
2026/03/01;2300 UTC;0;882,8;882,8;882;;21,5;17,9;22,5;21,5;18,4;16,5;80;70;80;298;3,1;,6;
2026/03/02;0000 UTC;0;883,4;883,5;882,8;;21,5;18,6;22,4;20,9;18,8;18;85;77;83;15;2,5;,8;
2026/03/02;0100 UTC;0;884;884;883,4;;21,1;17,9;22,1;21,1;18,6;17,9;84;77;82;309;2,7;,9;
2026/03/02;0200 UTC;0;884,1;884,2;884;;22,6;17,3;22,6;20,8;18,2;17,2;85;71;72;230;3,8;1,8;
2026/03/02;0300 UTC;0;883,6;884,1;883,6;;21,9;17,3;22,6;21,9;17,4;17,2;75;72;75;249;5;1,4;
2026/03/02;0400 UTC;0;883,6;883,7;883,5;;21,2;16,3;21,9;20,7;17,6;16,3;82;73;74;228;4,3;1,8;
2026/03/02;0500 UTC;0;883,2;883,6;883,2;;20;16,7;21,2;20;17,1;16,1;83;74;81;267;3,9;,9;
2026/03/02;0600 UTC;0;882,8;883,2;882,8;;18,7;16,5;20;18,7;17,2;16,5;87;81;87;230;2,5;1,3;
2026/03/02;0700 UTC;0;882,8;882,8;882,6;;19,3;15,8;20,3;18,7;16,5;15,5;87;75;80;222;3,3;1,6;
2026/03/02;0800 UTC;0;883,2;883,2;882,8;;17,5;15,7;19,4;17,5;16;15,6;89;80;89;316;2,8;,8;
2026/03/02;0900 UTC;0;883,4;883,4;883,2;;17,6;16,8;17,8;17,4;16,8;15,7;95;89;95;301;2,1;1,3;
2026/03/02;1000 UTC;0;884;884;883,4;135,6;18,8;18;18,8;17,1;18,1;16,4;97;95;96;292;2;,9;
2026/03/02;1100 UTC;0;884,6;884,6;884;946,8;22;17,1;22,1;18,8;18,5;17;96;73;74;213;2,3;1;
2026/03/02;1200 UTC;0;885;885;884,6;1870,8;24,2;16,5;24,2;22;17,4;15,9;74;62;62;196;3,9;1,7;
2026/03/02;1300 UTC;0;885;885,2;885;2659;25,2;16,2;25,6;24,2;17,3;15,4;64;55;57;154;3,8;1,6;
2026/03/02;1400 UTC;0;884,7;885;884,7;3256,1;27,3;15,5;27,4;25,2;16,8;14,5;58;45;49;249;4,8;1,6;
2026/03/02;1500 UTC;0;884,3;884,7;884,3;2035,7;26,8;16;27,7;26,2;16,6;15,2;55;48;51;152;3,7;1,5;
2026/03/02;1600 UTC;0;883,5;884,3;883,5;1691,3;27,2;15,5;27,9;26,5;16,6;14,3;53;45;49;69;4;1,3;
2026/03/02;1700 UTC;0;882,6;883,5;882,6;2381,6;28,3;15,3;29,1;27,3;16,5;14,2;50;42;45;184;4,6;1,8;
2026/03/02;1800 UTC;0;881,9;882,6;881,9;870,3;28,1;15,3;28,3;27,4;17,1;14,5;53;44;46;262;4,2;,7;
2026/03/02;1900 UTC;0;881,7;881,9;881,5;1105,5;26,5;18,5;28,4;26,3;18,6;15,2;63;45;62;344;6,7;3,7;
2026/03/02;2000 UTC;0;881,7;881,8;881,6;459,5;25,6;18,1;26,7;25,6;18,9;17,8;65;60;63;14;6,2;2,7;
2026/03/02;2100 UTC;0;881,9;881,9;881,6;251,7;24,8;17,4;25,6;24,4;18,7;17;67;62;64;328;7,1;1,1;
2026/03/02;2200 UTC;0;882,7;882,7;881,9;116,7;23,5;18,1;25,3;23,5;18,4;17,3;72;62;72;344;3,6;2,4;
2026/03/02;2300 UTC;0;883,3;883,4;882,7;;23;18;23,5;22,6;18,5;18;77;72;73;63;3,6;1,4;
2026/03/03;0000 UTC;0;884,2;884,3;883,3;;22,8;18,3;23,3;22,7;18,4;17,9;77;72;76;44;3,5;1,5;
2026/03/03;0100 UTC;0;884,7;884,7;884,2;;22,6;18,4;23,1;22,6;18,4;18,2;77;74;77;39;4,4;,9;
2026/03/03;0200 UTC;0;885;885;884,7;;22,7;18,3;22,9;22,6;18,6;18;77;74;76;37;3;1;
2026/03/03;0300 UTC;0;885,1;885,1;885;;22,2;18,5;22,7;21,5;19,2;18,3;86;76;80;126;1,9;1;
2026/03/03;0400 UTC;0;884,9;885,1;884,8;;20,8;18,6;22,5;20,8;18,6;17,6;87;74;87;346;4,8;2,8;
2026/03/03;0500 UTC;0;884,4;884,9;884,4;;19,7;18,4;20,8;19,7;18,6;18,2;92;87;92;21;5,5;1,9;
2026/03/03;0600 UTC;0;883,6;884,4;883,6;;19,4;18,3;19,7;19,4;18,5;18,3;94;92;93;351;5,5;1,8;
2026/03/03;0700 UTC;0;883,1;883,6;883,1;;19,1;18,1;19,4;19,1;18,3;18,1;94;93;94;312;3,2;1,3;
2026/03/03;0800 UTC;0;883,3;883,3;883,1;;18,7;17,7;19,1;18,7;18,1;17,7;94;94;94;338;3,2;,9;
2026/03/03;0900 UTC;0;883,7;883,7;883,3;;18;17,2;18,7;18;17,8;17,1;95;94;95;354;1,9;1,1;
2026/03/03;1000 UTC;0;884,3;884,3;883,7;144,6;19,5;17,9;19,5;17,8;18;17;96;90;90;348;2,2;1,1;
2026/03/03;1100 UTC;0;885;885;884,3;884,8;22,2;17,7;22,2;19,5;18,1;17,3;90;76;76;4;3,3;2,1;
2026/03/03;1200 UTC;0;885,9;885,9;885;2084,4;23,4;18,6;23,8;22,1;18,6;17,7;77;69;75;4;5,8;2,9;
2026/03/03;1300 UTC;0;885,8;886;885,8;2519,4;24,2;18,5;24,4;23,1;19,3;17,9;78;68;70;13;5,8;2,5;
2026/03/03;1400 UTC;0;885,8;885,8;885,7;3000,2;25;18,7;26,2;24,1;19,1;17,6;71;62;68;6;4,9;1,4;
2026/03/03;1500 UTC;0;885,5;885,9;885,5;3032,2;25,7;18;26,8;25;19,1;17,1;68;57;62;16;5,6;2,2;
2026/03/03;1600 UTC;0;884,6;885,6;884,5;3229,1;27,3;17,7;28;25,7;18,9;17,1;63;53;56;72;4,8;1,5;
2026/03/03;1700 UTC;0;883,9;884,6;883,7;1916,5;26,8;18,2;28,5;26,8;18,6;16,4;60;50;59;241;5,8;2;
2026/03/03;1800 UTC;0;883,3;884;883,1;1197,5;24,4;17,9;26,8;24,4;19,3;17,5;70;59;67;238;9,9;2,3;
2026/03/03;1900 UTC;0;882,9;883,6;882,9;562,8;24;18;24,4;23,6;18,4;17,6;72;66;69;12;5,5;2,6;
2026/03/03;2000 UTC;0;882,7;883;882,6;548,6;23,5;18,9;24,3;23,5;19,4;17,5;76;66;76;115;5,9;3;
2026/03/03;2100 UTC;0;883,6;883,6;882,7;416,7;23,4;17,5;23,5;22,7;19,1;17,5;79;70;70;124;5,9;1,8;
2026/03/03;2200 UTC;0;883,8;883,8;883,5;41,5;22;18;23,4;22;18;16,7;78;69;78;165;5,8;,9;
2026/03/03;2300 UTC;7,4;884,5;884,5;883,8;;19,9;18,4;22,6;19,9;18,9;17,8;92;76;91;165;4,1;,9;
2026/03/04;0000 UTC;1,8;884,7;884,7;884,5;;20,5;18,8;20,5;19,9;18,9;18;92;89;90;71;2,9;1,8;
2026/03/04;0100 UTC;0;885,6;885,6;884,7;;21,1;19,6;21,3;20,5;19,6;18,6;92;87;91;13;2,8;1,3;
2026/03/04;0200 UTC;0;885,8;885,9;885,6;;20,4;19,6;21,1;20,3;19,7;19,3;95;90;95;330;2,3;1;
2026/03/04;0300 UTC;0;885,4;885,8;885,4;;21;19,9;21;20,3;20,2;19,5;96;94;94;92;1,9;1;
2026/03/04;0400 UTC;0;885,3;885,5;885,2;;20,5;19,7;21;20,3;19,9;19,3;96;93;96;14;1,7;,7;
2026/03/04;0500 UTC;0;885;885,3;885;;20,6;19,5;20,9;20,4;20,1;19,5;96;93;94;33;1,3;,5;
2026/03/04;0600 UTC;0;884,7;885,1;884,7;;20,4;19,7;20,6;20;19,7;19,1;96;94;96;184;1,4;,6;
2026/03/04;0700 UTC;0;884,6;884,7;884,3;;20,1;19,3;20,6;20,1;19,9;19,3;96;95;95;67;1,9;,4;
2026/03/04;0800 UTC;0;884,8;884,9;884,6;;19,8;19,2;20,1;19,7;19,3;19,1;96;95;96;47;1,4;,6;
2026/03/04;0900 UTC;0;884,8;884,9;884,7;;20,1;18,4;20,4;19,8;19,2;18,4;96;89;90;12;2,6;1,1;
2026/03/04;1000 UTC;0;885,4;885,4;884,8;176,9;21,5;20,3;21,5;19;20,3;17,9;96;90;93;135;2,2;,4;
2026/03/04;1100 UTC;0;886,2;886,3;885,4;936,3;23;18,6;23;21,5;20,6;18,1;93;75;76;51;3,3;1,6;
2026/03/04;1200 UTC;0;886,4;886,5;886,2;1842;24,6;19;24,6;22,9;19,2;18,1;77;71;71;67;5,2;1,7;
2026/03/04;1300 UTC;0;886,6;886,7;886,4;2474,2;24,7;17,9;25,3;23,8;19,2;17,7;73;64;66;84;4,5;2;
2026/03/04;1400 UTC;,2;886,8;886,9;886,6;2214,8;25,7;17,8;25,9;24,4;18,8;16,7;68;57;62;80;5,4;2,7;
2026/03/04;1500 UTC;0;886,2;886,8;886,2;3403,3;26,9;17,6;26,9;25,6;18,7;16,6;65;55;57;59;5,8;2,6;
2026/03/04;1600 UTC;0;885,3;886,2;885,3;3721,6;27,5;17,4;27,7;26,1;19,1;16,9;64;53;54;87;6,5;3,4;
2026/03/04;1700 UTC;0;883,8;885,3;883,8;2951,3;27,7;16,3;28;27,1;18,3;15,9;58;48;50;92;6;3;
2026/03/04;1800 UTC;0;883,4;883,8;883,4;2465,5;27,6;16,9;28,5;27,5;17,4;15,6;54;46;52;75;6;2,1;
2026/03/04;1900 UTC;0;882,6;883,4;882,6;1759,3;28;16,4;28,6;27,4;17,3;15,4;53;46;50;82;4,6;2,2;
2026/03/04;2000 UTC;0;882,7;882,7;882,5;859,4;26,9;16,5;28,3;26,8;17,1;15,7;55;47;53;112;5,6;1,8;
2026/03/04;2100 UTC;0;883,2;883,2;882,7;183,8;25,7;17,5;26,9;25,7;18;16,5;62;53;60;117;4,8;2;
2026/03/04;2200 UTC;0;884;884;883,1;22,7;23,8;19,2;25,7;23,8;19,2;17,1;75;59;75;289;3,6;,8;
2026/03/04;2300 UTC;0;884,8;884,8;884;;22,4;18,1;24;22,4;18,8;18;77;71;77;195;5,3;1,8;
2026/03/05;0000 UTC;0;885,5;885,5;884,8;;21,6;18,9;22,4;21,6;18,9;18;84;77;84;123;7;3,5;
2026/03/05;0100 UTC;2;886,1;886,1;885,5;;20,7;19,1;21,6;20,5;19,1;18,6;91;84;91;91;7,1;2,4;
2026/03/05;0200 UTC;0;886;886,2;886;;21,5;19,1;21,5;20,7;19,2;18,8;91;86;86;94;3,8;1,4;
2026/03/05;0300 UTC;0;885,7;886;885,7;;20,7;19,3;21,8;20,7;19,3;19;92;84;92;356;3,1;1,6;
2026/03/05;0400 UTC;0;885,3;885,7;885,3;;20,7;18,7;21;19,8;19,3;18,7;95;88;89;47;3,6;,9;
2026/03/05;0500 UTC;0;885,1;885,3;885,1;;19,8;18,8;20,7;19,5;19;18,4;95;89;94;58;2,1;1,1;
2026/03/05;0600 UTC;0;884,9;885,1;884,9;;20,6;18,4;20,6;19,7;18,8;18,4;94;87;87;79;2,5;1,4;
2026/03/05;0700 UTC;0;884,8;884,9;884,7;;20,4;17,9;20,6;20,3;18,4;17,9;88;85;86;80;2,8;1,5;
2026/03/05;0800 UTC;0;884,9;885;884,8;;20,5;17,7;20,5;19,4;18;17,6;91;84;84;82;4,1;2,4;
2026/03/05;0900 UTC;0;885,1;885,1;884,9;;20,1;17,5;20,6;20;17,7;17,5;86;83;85;76;4,2;1,6;
2026/03/05;1000 UTC;0;885,9;885,9;885,1;193,1;21,5;18;21,5;20;18;17,4;85;80;80;107;2,9;1,4;
2026/03/05;1100 UTC;0;886,8;886,8;885,9;915,3;22;18;22,1;21,4;18,4;17,7;82;77;78;89;5,9;3,2;
2026/03/05;1200 UTC;0;887,2;887,3;886,8;1760,4;23;18,1;23;21,9;18,5;17,8;79;73;74;68;6,8;3,5;
2026/03/05;1300 UTC;0;887,2;887,3;887,1;2526,2;24,3;18,5;24,3;22,9;18,8;17,8;76;69;70;72;7,7;3,8;
2026/03/05;1400 UTC;0;887,1;887,3;887,1;2298,5;24,7;17,8;25,2;23,7;18,5;17,5;72;63;66;79;7,7;2,9;
2026/03/05;1500 UTC;0;886,8;887,2;886,7;2717,5;25,9;17,3;26,5;24,7;18,4;17;66;58;59;77;6,4;3;
2026/03/05;1600 UTC;0;885,8;886,7;885,8;3819,4;26,9;16,5;27,1;25,9;18,4;16,4;62;52;53;106;5,9;1,9;
2026/03/05;1700 UTC;0;884,7;885,8;884,7;2507,9;27,5;16,9;27,7;26,5;18,2;16,4;60;51;52;118;5,4;2,8;
2026/03/05;1800 UTC;0;884,1;884,7;884,1;3365,7;28,5;16,4;28,6;27,5;17,8;15,6;54;45;48;125;7,2;2,9;
2026/03/05;1900 UTC;0;883,5;884,1;883,4;2512,3;28,4;16,1;28,7;27,8;17,5;14,7;52;44;47;127;6,9;3,1;
2026/03/05;2000 UTC;0;883,6;883,6;883,5;1756,1;27,2;17,6;28,8;27,2;17,6;15,2;56;45;56;136;7,1;3,7;
2026/03/05;2100 UTC;0;883,8;883,8;883,5;665,5;26,5;16,9;27,2;26,4;17,9;16,7;59;55;56;115;8,2;3,6;
2026/03/05;2200 UTC;0;884,9;884,9;883,8;63,9;23,4;19,2;26,5;23,4;19,5;16,9;77;56;77;56;8,4;3,9;
2026/03/05;2300 UTC;0;885,5;885,5;884,9;;22,3;18,6;23,4;22,3;19,2;18,6;81;77;80;74;9,7;4,7;
2026/03/06;0000 UTC;0;886,5;886,5;885,5;;20,4;18,1;22,3;20,4;18,7;17,9;87;78;87;77;11;5;
2026/03/06;0100 UTC;,8;887;887;886,5;;19,8;17,9;20,4;19,8;18,2;17,4;89;84;89;85;11,9;2,1;
2026/03/06;0200 UTC;,2;887,2;887,3;887;;20,5;17,6;20,7;19,8;18;17,6;89;83;84;63;6;2,6;
2026/03/06;0300 UTC;0;887,5;887,6;887,2;;20,2;18,8;20,5;20,2;18,8;17,6;92;84;92;64;7,8;3,4;
2026/03/06;0400 UTC;4;886,6;887,5;886,6;;19,4;18,6;20,2;19,4;18,8;18,5;95;92;95;61;7,9;2,5;
2026/03/06;0500 UTC;1,6;886,2;886,6;886,2;;19,7;19;19,7;19,3;19;18,5;96;95;96;74;6,8;2,7;
2026/03/06;0600 UTC;1,2;885,7;886,2;885,7;;19,7;19,1;19,7;19,7;19,1;19;96;96;96;64;5,6;2,5;
2026/03/06;0700 UTC;,4;885,5;885,7;885,5;;19,7;18,9;19,7;19,6;19,1;18,9;96;95;95;58;6,5;2,2;
2026/03/06;0800 UTC;0;885,5;885,6;885,5;;19,5;18,6;19,7;19,4;18,9;18,6;95;95;95;57;4,9;2,6;
2026/03/06;0900 UTC;0;885,9;885,9;885,5;;19,6;18,7;19,6;19,5;18,7;18,6;95;94;94;52;5,5;2,2;
2026/03/06;1000 UTC;0;886,4;886,4;885,9;100,8;19,9;18,9;19,9;19,6;18,9;18,7;94;93;94;40;5,2;1,6;
2026/03/06;1100 UTC;0;887,1;887,1;886,4;430,4;20,5;18,9;20,6;19,9;19;18,7;94;90;90;46;4,6;2,2;
2026/03/06;1200 UTC;0;887,6;887,6;887,1;647,3;21,2;18,7;21,2;20,5;19,2;18,6;91;85;86;29;5,3;2,9;
2026/03/06;1300 UTC;0;888;888;887,6;1386,8;22,9;18,8;22,9;21,2;19,3;18,4;87;77;78;33;7,5;3,1;
2026/03/06;1400 UTC;0;887,8;888,1;887,8;1914,6;24,1;18,9;24,3;22,5;19,7;18,5;80;72;72;28;7;3,3;
2026/03/06;1500 UTC;0;887,4;887,9;887,4;1716,8;24,5;18,7;24,8;23,7;19,5;18,4;75;69;70;34;7,6;3,3;
2026/03/06;1600 UTC;0;886,3;887,4;886,3;2059,4;23,9;19,3;25,4;22,9;20,5;18,1;80;68;75;14;7,9;3,9;
2026/03/06;1700 UTC;0;884,9;886,3;884,9;3727,1;27,1;18,2;27,2;23,9;20,4;18,1;76;58;58;351;7,5;4,4;
2026/03/06;1800 UTC;,8;884,4;884,9;884,3;2453,6;22,6;20,3;27,1;22,6;20,3;18,2;87;59;87;356;11;5;
2026/03/06;1900 UTC;,2;883,9;884,4;883,9;2121,4;26,1;19,6;26,1;22,4;21,6;19,2;88;67;67;2;11;3,7;
2026/03/06;2000 UTC;,4;884,1;884,2;883,6;661,3;23,5;20,6;26,1;22,9;20,7;19,1;86;66;83;63;7,1;2,2;
2026/03/06;2100 UTC;0;884,9;885;884,1;54,2;21,7;19,6;23,7;21,7;20,6;19,4;88;78;88;330;5,8;1,3;
2026/03/06;2200 UTC;0;885,2;885,2;884,8;;20,7;18,6;21,7;20,3;19,5;18,5;91;86;88;358;3,8;1,7;
2026/03/06;2300 UTC;,2;885,8;885,8;885,2;;20,7;19,6;20,9;20,5;19,6;18,5;93;86;93;43;2,9;,7;
2026/03/07;0000 UTC;,2;886,1;886,1;885,7;;20,8;19,6;21,2;20,7;19,8;19,5;94;91;93;345;3,5;2,2;
2026/03/07;0100 UTC;0;886,8;886,9;886,1;;21,1;19;21,1;20,8;19,6;19;93;88;88;359;3,8;2,4;
2026/03/07;0200 UTC;0;887,1;887,1;886,8;;20,7;18,7;21,1;20,7;19,1;18,7;90;87;88;357;4,5;2,3;
2026/03/07;0300 UTC;0;886,9;887,1;886,9;;20,5;18,7;20,7;20,4;18,8;18,7;90;88;89;349;4,5;2,1;
2026/03/07;0400 UTC;0;886,5;886,9;886,5;;20,3;18,8;20,5;20,2;18,9;18,7;91;89;91;348;4,8;2,8;
2026/03/07;0500 UTC;0;886,2;886,5;886,2;;20,1;18,9;20,4;20,1;18,9;18,8;93;91;93;338;5,1;2,2;
2026/03/07;0600 UTC;0;886,1;886,2;886,1;;18,6;17,2;20,1;18,6;19;17,2;94;90;92;321;10;2,9;
2026/03/07;0700 UTC;,8;885,5;886,1;885,5;;18,1;17,2;18,6;18,1;17,3;17,2;95;92;95;313;6,5;2,2;
2026/03/07;0800 UTC;0;885,9;885,9;885,5;;18,1;17,2;18,1;18;17,2;17,2;95;94;94;318;4,3;1,7;
2026/03/07;0900 UTC;0;886;886;885,7;;17,9;17;18,1;17,8;17,2;17;95;94;95;326;3,6;1,5;
2026/03/07;1000 UTC;0;886,2;886,3;886;148,1;18,9;17,8;18,9;17,8;17,8;16,9;95;93;93;343;2,9;,8;
2026/03/07;1100 UTC;0;887,2;887,2;886,2;641,4;20,2;17,5;20,4;18,9;17,9;17,3;93;83;84;41;3,4;1,2;
2026/03/07;1200 UTC;0;887,3;887,4;887,2;1210,7;22,1;18,1;22,2;20,1;18,4;17,3;85;76;78;360;3,3;1,7;
2026/03/07;1300 UTC;0;887,6;887,6;887,3;2012,5;23,6;19;23,6;22,1;19,2;17,9;79;74;75;12;5,1;2,3;
2026/03/07;1400 UTC;0;887,4;887,7;887,4;3110,1;25,1;18,3;25,5;23,6;19,9;17,8;77;64;66;8;6,3;3,2;
2026/03/07;1500 UTC;0;886,9;887,4;886,9;2557,5;26,3;18,2;26,4;25;19,3;18;70;61;61;10;7;3,4;
2026/03/07;1600 UTC;0;886;886,9;886;3172,3;26,7;18,4;26,9;25,6;19,7;18;68;60;60;339;7,9;3,7;
2026/03/07;1700 UTC;0;885,3;886;885,3;2677,2;25,9;18,4;27,2;25,5;19,3;17,2;64;57;63;333;8,3;3,1;
2026/03/07;1800 UTC;0;885,2;885,3;885;1003,6;23,3;17,4;26;23,3;19,2;17,3;71;62;70;20;6,7;3,2;
2026/03/07;1900 UTC;0;885;885,2;885;341,4;22,6;17;23,3;22,4;17,4;15,8;71;65;71;105;6,5;1,2;
2026/03/07;2000 UTC;0;884,4;885;884,4;140,4;22,3;16,7;22,7;22,1;17,2;15,5;71;66;71;110;4,6;1,2;
2026/03/07;2100 UTC;0;884,3;884,4;884,2;80,7;22,1;17,4;22,4;22;18,8;16,6;81;70;75;146;2,2;1,2;
2026/03/07;2200 UTC;0;884;884,3;883,9;16;21,4;18,2;22,3;21,4;18,2;17,1;82;73;82;92;2;,6;
2026/03/07;2300 UTC;0;884,6;884,6;884;;21,7;17,6;21,7;20,4;18,7;17,6;89;78;78;63;2,4;1,1;
2026/03/08;0000 UTC;0;885,4;885,4;884,6;;21,1;18,2;21,7;21,1;18,3;17,6;84;77;83;56;2,8;,8;
2026/03/08;0100 UTC;0;885,6;885,6;885,4;;21,2;18,3;21,3;20,6;18,7;18,2;89;83;84;98;3,3;1,1;
2026/03/08;0200 UTC;0;885,7;885,8;885,6;;20,6;19,2;21,2;20,6;19,2;18,3;92;84;92;106;3,9;1,6;
2026/03/08;0300 UTC;0;885,4;885,7;885,4;;20,4;19,3;20,6;20,4;19,3;19,2;93;92;93;107;3,5;2;
2026/03/08;0400 UTC;0;885,5;885,6;885,4;;20,1;19,3;20,4;20,1;19,4;19,1;95;93;95;98;4,3;2,5;
2026/03/08;0500 UTC;0;885,3;885,5;885,3;;20;19,5;20,1;20;19,5;19,4;97;95;97;79;4,3;1,8;
2026/03/08;0600 UTC;0;884,9;885,3;884,9;;19,8;19,4;20,1;19,7;19,6;19,3;97;97;97;73;4,6;1,8;
2026/03/08;0700 UTC;0;884,9;885;884,7;;19,5;19,1;19,8;19,5;19,4;19,1;97;97;97;42;3,4;,7;
2026/03/08;0800 UTC;0;885,1;885,1;884,9;;19,7;19,2;19,7;18,8;19,2;18,3;97;97;97;101;2,8;1,4;
2026/03/08;0900 UTC;0;885,5;885,5;885,1;;19,2;18,6;19,8;19,2;19,3;18,6;97;96;96;95;2,8;,5;
2026/03/08;1000 UTC;0;885,9;885,9;885,5;47,7;19,6;19,1;19,6;18,8;19,1;18,2;97;96;97;340;1,8;,8;
2026/03/08;1100 UTC;0;886,4;886,4;885,9;394,3;20,3;19,4;20,3;19,6;19,4;19,1;97;94;95;37;2,1;,8;
2026/03/08;1200 UTC;0;886,8;886,8;886,4;1781,9;22,8;19,8;22,9;20,3;20,1;19,2;95;81;83;14;3,8;1,9;
2026/03/08;1300 UTC;0;886,9;887;886,8;2511,7;25,1;19,8;25,1;22,9;20,4;19,3;83;72;72;35;5;2,4;
2026/03/08;1400 UTC;,4;886,7;886,9;886,7;1148,7;23,9;19,6;25,2;23,8;20,3;19;81;71;77;74;5,7;1,2;
2026/03/08;1500 UTC;0;885,8;886,7;885,8;1100;25,3;19,4;25,3;23,9;20,6;19,1;80;68;70;175;3,3;1,6;
2026/03/08;1600 UTC;25,2;885,5;886,2;885,4;530,4;19,4;18,3;25,8;18,2;19,7;17,2;95;67;93;112;9,9;,9;
2026/03/08;1700 UTC;0;885,3;885,6;885,2;253,5;19,8;18,7;20,3;19,4;19,3;18,2;94;91;93;221;4,3;1,2;
2026/03/08;1800 UTC;0;884,7;885,3;884,7;471,4;21,7;19,4;21,7;19,7;19,9;18,5;94;87;87;279;3,5;,6;
2026/03/08;1900 UTC;0;884,1;884,7;884,1;1172,8;23,6;18,5;23,6;21,7;20;18,1;87;72;73;17;2,6;1,5;
2026/03/08;2000 UTC;0;883,6;884,2;883,6;1119,8;24,3;19,4;24,4;23,6;19,8;18,6;76;72;74;60;3,6;1;
2026/03/08;2100 UTC;0;883,6;883,6;883,3;248,1;23,2;19,5;24,3;23,2;19,8;18,6;81;72;80;19;3;,8;
2026/03/08;2200 UTC;0;884,2;884,2;883,6;26,1;21,4;19,4;23,2;21,4;19,7;19,2;88;78;88;6;3;1,3;
2026/03/08;2300 UTC;0;884,9;884,9;884,2;;20,5;19,1;21,4;20,4;19,4;18,9;92;88;92;353;3,3;1,5;
2026/03/09;0000 UTC;0;885,3;885,3;884,9;;19,8;18,9;20,6;19,7;19,1;18,8;95;91;95;10;2,3;1,5;
2026/03/09;0100 UTC;0;886,4;886,4;885,3;;19,7;18,8;20,2;19,7;19,1;18,8;95;93;94;229;2,3;,5;
2026/03/09;0200 UTC;0;886,5;886,6;886,4;;19,7;19;19,8;19,6;19,1;18,8;96;94;96;340;1,1;,5;
2026/03/09;0300 UTC;0;886,2;886,5;886,1;;19,4;18,8;19,7;19,4;19,1;18,8;96;96;96;351;1,8;1,1;
2026/03/09;0400 UTC;0;885,9;886,2;885,9;;19,7;18,5;20,1;19,4;19;18,5;96;91;92;347;2,7;1,3;
2026/03/09;0500 UTC;0;885,5;885,9;885,5;;19,1;18,2;19,7;18,9;18,5;18;95;92;95;357;1,8;,5;
2026/03/09;0600 UTC;0;885,6;885,9;885,4;;20,8;18,4;20,8;19,1;18,7;18,2;95;86;86;33;6,8;2,1;
2026/03/09;0700 UTC;0;885,4;885,6;885,4;;20,5;17,7;20,8;20;18,4;17,5;87;83;84;93;5;1,3;
2026/03/09;0800 UTC;0;885,6;885,6;885,4;;19,2;18,2;20,5;19,2;18,3;17,8;94;84;94;247;2,9;,6;
2026/03/09;0900 UTC;0;886,1;886,1;885,5;;19,4;18,6;19,5;19,2;18,6;18,3;95;94;95;33;1,4;,4;
2026/03/09;1000 UTC;0;886,9;886,9;886,1;17,4;19,3;18,6;19,4;19,2;18,6;18,4;96;95;96;133;1,1;,4;
2026/03/09;1100 UTC;0;887,7;887,7;886,9;234,1;21;19,4;21;19,3;19,6;18,6;96;91;91;299;1,4;,5;
2026/03/09;1200 UTC;0;888,2;888,3;887,7;1621,4;25,3;18,8;25,4;21;20,1;18,6;91;67;67;28;3,6;1,8;
2026/03/09;1300 UTC;0;888,4;888,5;888,2;2244,1;25,5;18;25,7;24,9;19,1;17,6;70;62;63;13;5;2,7;
2026/03/09;1400 UTC;,2;888,1;888,4;888;2290;26,1;18,2;26,4;25,3;19,6;17,9;70;60;62;5;6,4;3,2;
2026/03/09;1500 UTC;0;887,6;888,1;887,6;3001,4;27;18,5;27,6;26;19,1;17,5;64;56;60;4;6,9;3,2;
2026/03/09;1600 UTC;0;886,3;887,6;886,3;3472,9;28,1;18;28,4;26,8;19,1;16,7;61;49;54;24;6,6;2,7;
2026/03/09;1700 UTC;0;885,5;886,3;885,5;3097,2;28;17,6;28,9;27,4;19,4;16,9;58;49;53;39;6,5;2,1;
2026/03/09;1800 UTC;0;885;885,6;885;1613,2;27,9;17,4;28,6;27,8;18,2;16,5;55;49;53;6;5,9;2,3;
2026/03/09;1900 UTC;0;884,6;885;884,4;1055,2;27,6;17,3;28;27,4;18;16,5;56;50;53;4;5;2,1;
2026/03/09;2000 UTC;0;884,9;884,9;884,4;500,4;26,4;18,4;27,6;26,4;18,7;16,9;62;53;61;360;4,6;2,3;
2026/03/09;2100 UTC;0;885,2;885,3;884,7;245,1;24,9;19,3;26,5;24,9;19,3;18;71;60;71;358;4,4;1,4;
2026/03/09;2200 UTC;0;886;886,2;885,2;17,8;22,1;18,6;24,9;22,1;19,3;18,6;81;70;81;320;8,4;3,3;
2026/03/09;2300 UTC;0;886,8;886,9;886;;21,5;17,4;22,1;21,3;18,5;17,4;83;78;78;315;6,6;1,5;
2026/03/10;0000 UTC;0;887,1;887,2;886,8;;21,2;16,3;21,5;21;17,4;16;78;72;74;258;3,6;1,6;
2026/03/10;0100 UTC;0;888,1;888,1;887,1;;21;17,4;21,5;21;17,5;16,3;80;73;80;319;4,4;1,2;
2026/03/10;0200 UTC;0;888,1;888,3;888;;20,5;17,6;21;20,5;17,9;17,5;84;80;84;194;4,1;1,3;
2026/03/10;0300 UTC;0;888,3;888,3;888,1;;20,2;18,4;20,6;20,1;18,4;17,7;89;84;89;194;3,2;1,2;
2026/03/10;0400 UTC;0;888,3;888,6;888,3;;20,3;18,6;20,3;20,1;18,6;18,4;91;89;90;170;3,4;1,4;
2026/03/10;0500 UTC;0;887,8;888,3;887,8;;19,9;18,4;20,3;19,9;18,5;18,4;91;90;91;130;2,8;1;
2026/03/10;0600 UTC;0;887,4;887,8;887,4;;19,2;17,8;19,9;19,1;18,4;17,8;93;91;92;153;2,9;1,8;
2026/03/10;0700 UTC;0;887;887,4;887;;18,8;17,5;19,2;18,8;17,8;17,4;92;91;92;197;2,9;1;
2026/03/10;0800 UTC;0;887,4;887,4;887;;18,5;17,3;18,8;18,2;17,5;17;94;90;93;148;2,4;1,2;
2026/03/10;0900 UTC;0;887,4;887,4;887,4;;18,4;17,2;18,7;18,4;17,3;17,1;93;91;92;184;2,1;1,1;
2026/03/10;1000 UTC;0;887,8;888;887,4;43,6;19,1;17,5;19,1;18,4;17,5;17,2;92;89;91;148;2,1;,6;
2026/03/10;1100 UTC;0;888,7;888,7;887,8;371;20,3;17,8;20,3;19;17,8;16,8;92;83;86;157;3,6;1,8;
2026/03/10;1200 UTC;0;888,9;888,9;888,6;1477,6;22,4;18,2;22,4;20,3;18,5;17,6;86;76;77;138;5;2,8;
2026/03/10;1300 UTC;0;889;889,2;888,9;2612,9;24,2;18,4;24,2;22,4;18,7;17,4;78;66;70;149;6;2,2;
2026/03/10;1400 UTC;0;889,1;889,1;888,9;2660,3;25;18,2;25,6;24,2;18,8;17,6;71;62;66;149;6,3;3;
2026/03/10;1500 UTC;0;888,7;889,1;888,7;3452,1;26,7;17,5;27,1;25;18,7;17,5;67;57;57;126;6,8;2,5;
2026/03/10;1600 UTC;0;887,7;888,7;887,7;3122,8;27,5;17,5;28,1;26,3;18,2;16,1;60;49;54;68;6,3;2,2;
2026/03/10;1700 UTC;0;886,6;887,7;886,6;2705,3;28,6;16,5;28,6;27,3;18,2;16,1;55;47;48;111;5,4;2,8;
2026/03/10;1800 UTC;0;885,9;886,6;885,9;1470,2;28,3;16;28,7;27,5;17,4;15,8;54;46;47;36;5,5;1,8;
2026/03/10;1900 UTC;0;885,5;886;885,5;1162,4;28,5;17;28,6;27,6;17,5;15,5;54;47;50;73;4,7;2,4;
2026/03/10;2000 UTC;0;885,2;885,5;885,2;1135,4;25,7;17,7;29;25,7;18,5;16,6;61;47;61;337;6,9;3,2;
2026/03/10;2100 UTC;0;885,2;885,4;885,2;291,1;24,4;18,6;26;24,4;18,9;17,1;70;58;70;31;6,9;,5;
2026/03/10;2200 UTC;0;885,5;885,5;885,1;14,3;23,2;18,2;24,4;23;19,4;18,2;77;70;74;326;4;1,4;
2026/03/10;2300 UTC;0;886,1;886,1;885,5;;22,4;18,3;23,2;21,8;19,1;18,1;84;74;77;287;2,2;1,4;
2026/03/11;0000 UTC;0;887;887;886,1;;23,1;18,7;23,4;22,5;20;18,2;85;74;76;6;3,7;1,1;
2026/03/11;0100 UTC;0;887,5;887,5;887;;23;20;23,7;22,9;20;18,1;83;72;83;88;3,5;1,9;
2026/03/11;0200 UTC;3,6;887,7;888;887,5;;20;18,9;23;19,9;19,8;18,5;94;82;94;306;6;1,9;
2026/03/11;0300 UTC;0;887,4;887,7;887,4;;20,2;19,4;20,2;19,9;19,4;18,9;95;94;95;94;3,1;,6;
2026/03/11;0400 UTC;0;886,8;887,4;886,8;;19,8;19,2;20,2;19,4;19,5;18,7;96;95;96;339;1,6;,4;
2026/03/11;0500 UTC;0;886,5;886,8;886,5;;19,9;19,3;20,1;19,6;19,6;19,1;97;96;97;139;1,6;,9;
2026/03/11;0600 UTC;0;886;886,5;886;;19,9;19,2;19,9;19,4;19,3;18,9;97;96;96;97;2;,9;
2026/03/11;0700 UTC;0;885,7;886;885,7;;18,9;18,3;19,9;18,8;19,2;18,2;97;95;96;181;1,5;,4;
2026/03/11;0800 UTC;0;885,8;885,9;885,6;;18,7;18,2;19,2;18,7;18,7;18,2;97;96;97;86;1,8;,5;
2026/03/11;0900 UTC;0;886,3;886,4;885,8;;19,2;18,7;19,2;18,4;18,7;17,9;97;97;97;109;1,6;,6;
2026/03/11;1000 UTC;0;887;887;886,3;132,4;20,5;19,8;20,5;19;19,8;18,5;97;95;95;105;2,2;1,2;
2026/03/11;1100 UTC;0;887,4;887,4;886,9;817,1;22,2;19,9;22,5;20,5;20,3;19,7;95;86;87;109;5,3;2,1;
2026/03/11;1200 UTC;0;887,6;887,6;887,3;1283,1;23,3;20,1;23,5;22,1;20,7;19,9;88;82;82;99;5,3;1,9;
2026/03/11;1300 UTC;0;887,6;887,6;887,5;1782,6;24,6;20,3;24,6;22,8;20,6;19,7;87;77;77;56;5,1;1,2;
2026/03/11;1400 UTC;0;887,5;887,7;887,4;2769,2;25,8;20;26;24,2;20,8;19,3;79;68;71;74;4,9;2,2;
2026/03/11;1500 UTC;0;886,6;887,5;886,6;3349,4;27,6;18,3;27,7;25,7;20,7;18,3;73;57;57;50;5,8;2,2;
2026/03/11;1600 UTC;0;885,8;886,6;885,8;2825,2;26,7;19,5;27,9;26,7;19,9;18;65;54;65;7;5,8;2,6;
2026/03/11;1700 UTC;0;884,8;885,8;884,8;3651,7;28,4;18,9;28,6;26,5;20,1;18,7;66;55;56;14;7;3,1;
2026/03/11;1800 UTC;0;884,2;884,8;884,1;1900,9;27,3;19;28,4;27,2;20,6;17,8;64;53;61;30;7;2,1;
2026/03/11;1900 UTC;0;884,1;884,2;883,8;1365;24,3;17,7;27,9;24,3;20;17,2;70;58;67;53;7,7;4,1;
2026/03/11;2000 UTC;0;884,3;884,3;883,7;805;24,2;17,7;25,3;23,2;19,5;17,4;74;66;67;25;7,6;1,5;
2026/03/11;2100 UTC;0;884,4;884,4;883,9;199,9;23,2;19,6;24,3;23,2;19,6;17,5;80;66;80;234;3;,3;
2026/03/11;2200 UTC;0;884,7;884,7;884,3;9,2;23,2;19,5;23,3;22,2;19,9;19;85;78;80;359;2,9;1,5;
2026/03/11;2300 UTC;0;885,2;885,2;884,7;;22,1;19,6;23,3;22,1;19,9;19,2;87;80;85;68;2,9;,4;
2026/03/12;0000 UTC;0;886,3;886,3;885,1;;21,3;20;22,2;21,3;20;19,2;92;85;92;188;2;,6;
2026/03/12;0100 UTC;0;886,8;886,9;886,2;;21,1;19,4;22;21,1;20,3;19,4;93;87;90;151;3,5;,5;
2026/03/12;0200 UTC;0;886,8;886,9;886,8;;20,4;19,4;21,1;20,4;19,6;19,2;94;90;94;65;,9;,4;
2026/03/12;0300 UTC;0;886;886,8;886;;19,8;19;20,4;19,8;19,3;18,9;95;93;95;291;1,4;1;
2026/03/12;0400 UTC;0;886;886;885,6;;19,9;19;20,3;19,8;19,5;19;96;94;94;120;1,4;,4;
2026/03/12;0500 UTC;0;885,4;886;885,4;;19,8;18,9;20,1;19,7;19,3;18,8;95;94;95;75;1,4;,6;
2026/03/12;0600 UTC;0;885,1;885,4;885,1;;20,1;19,5;20,1;19,3;19,5;18,5;96;95;96;61;1;,4;
2026/03/12;0700 UTC;0;885,2;885,3;885,1;;20,9;19,5;21,3;20,1;19,9;19,5;96;90;92;23;2,6;,8;
2026/03/12;0800 UTC;0;885,2;885,2;885;;19,9;18,9;20,9;19,9;19,7;18,9;94;92;94;243;2,2;,2;
2026/03/12;0900 UTC;0;885,6;885,6;885,1;;20,3;19,1;20,5;19,7;19,3;18,8;95;93;93;128;2,4;,9;
2026/03/12;1000 UTC;0;886,2;886,2;885,6;69,4;20,9;19,3;20,9;19,5;19,4;18,5;95;91;91;106;1,5;,9;
2026/03/12;1100 UTC;0;887;887;886,2;447,6;22;19,1;22;20,9;19,5;19;91;84;84;115;3,5;1,8;
2026/03/12;1200 UTC;2,2;887,5;887,6;887;696,6;21;19,7;22,4;21;19,9;18,9;92;82;92;100;3,5;1,4;
2026/03/12;1300 UTC;2;887,9;887,9;887,5;266,9;19,7;18,7;21,1;19,7;20;18,6;94;91;94;68;7,6;4,1;
2026/03/12;1400 UTC;2;887,4;888;887,4;674,5;21,7;20,4;21,7;19,4;20,4;18,5;95;90;92;99;7,6;1,9;
2026/03/12;1500 UTC;1,8;886,7;887,4;886,7;760;20,6;18,8;22,3;20,3;20,7;18,5;92;88;89;7;8,7;2,9;
2026/03/12;1600 UTC;,2;885,4;886,7;885,4;1541,4;23;19,8;23;20,6;20,2;18,9;90;81;82;1;6,3;2,1;
2026/03/12;1700 UTC;0;884,8;885,4;884,6;1419,3;23,5;19,5;23,6;23;20,2;18,8;84;75;78;353;6,8;3,8;
2026/03/12;1800 UTC;0;884,2;884,8;884,1;1040,2;24;19,4;24;23,2;20;18,8;82;74;76;358;6,9;3,2;
2026/03/12;1900 UTC;0;884,4;884,5;884,2;675,7;22,7;18,3;24;22,7;19,5;18,2;78;74;76;326;7,9;3,8;
2026/03/12;2000 UTC;0;883,9;884,4;883,9;374,1;21,5;19,1;22,7;21,5;19,1;17,8;86;76;86;311;7,7;2,7;
2026/03/12;2100 UTC;0;883,5;883,9;883,5;171,5;21,2;19,2;21,5;21,2;19,3;19,1;89;86;88;338;5,4;2,8;
2026/03/12;2200 UTC;0;883,6;883,7;883,3;5;20,9;19;21,2;20,9;19,5;19;91;89;89;351;6,1;3,3;
2026/03/12;2300 UTC;0;884,5;884,5;883,6;;20,3;19,3;20,9;20,3;19,4;19;94;89;94;336;6,3;2,1;
2026/03/13;0000 UTC;0;885,2;885,2;884,5;;19,6;18,8;20,3;19,6;19,3;18,7;95;94;95;320;3,9;,5;
2026/03/13;0100 UTC;0;886,1;886,1;885,2;;19,2;18,5;19,7;18,9;18,8;18,2;96;95;96;334;1,9;1,1;
2026/03/13;0200 UTC;0;886,4;886,4;886,1;;19,1;18,5;19,2;19,1;18,6;18,5;96;96;96;286;2,9;1,2;
2026/03/13;0300 UTC;0;886,2;886,4;886,2;;19,6;18,8;19,6;19,1;18,8;18,5;96;95;95;301;3,3;1,7;
2026/03/13;0400 UTC;0;885,4;886,2;885,4;;19,4;18,3;19,6;19,4;18,8;18,3;95;93;93;300;3;1,2;
2026/03/13;0500 UTC;0;885;885,4;885;;19;17,5;19,7;19;18,3;17,4;93;88;91;338;2,8;1,3;
2026/03/13;0600 UTC;0;884,9;885,1;884,9;;19;17,4;19,1;18,8;17,5;17,4;92;90;91;311;3;1,8;
2026/03/13;0700 UTC;0;884,9;884,9;884,7;;19,3;17,8;19,3;18,9;17,8;17,4;92;91;92;328;3;1,4;
2026/03/13;0800 UTC;0;884,9;884,9;884,9;;19,3;17,8;19,4;19,2;17,8;17,7;92;91;91;323;3,3;1,3;
2026/03/13;0900 UTC;0;885,3;885,3;884,9;;19,1;17,4;19,3;18,9;17,8;17,4;91;90;90;323;2,5;1,3;
2026/03/13;1000 UTC;0;885,5;885,5;885,3;102,8;19,5;17,2;19,5;18,6;17,6;17,2;91;87;87;291;2,5;1,2;
2026/03/13;1100 UTC;0;886,5;886,5;885,5;631,8;21,6;17,8;21,6;19,5;17,9;17;87;79;79;299;4,3;2,2;
2026/03/13;1200 UTC;0;886,7;886,8;886,5;1777,6;24;17,8;24,2;21,6;18,4;17,6;79;67;68;279;5,6;2,7;
2026/03/13;1300 UTC;0;886,8;886,8;886,7;2697,7;25,5;19,1;25,5;24;19,1;17,7;70;65;68;319;7,3;3,2;
2026/03/13;1400 UTC;0;886,7;886,8;886,7;3228,4;26,8;19;27,3;25,5;19,2;17,6;67;57;62;319;8;4;
2026/03/13;1500 UTC;0;886,2;886,7;886,2;3435,6;26,2;18,4;26,8;25,8;18,9;17,3;64;58;62;332;9,6;4,2;
2026/03/13;1600 UTC;0;885,4;886,2;885,3;3202,4;26,7;17,6;27,6;25,7;18,9;17,5;65;55;57;316;11;4,8;
2026/03/13;1700 UTC;0;884,3;885,4;884,3;2945,5;27,4;18,1;28,2;26,5;18,9;17,3;60;54;57;325;10,5;3,8;
2026/03/13;1800 UTC;0;883,7;884,3;883,7;1992;26,6;18,2;28,2;26;18,9;17,3;63;54;60;325;9,4;3,6;
2026/03/13;1900 UTC;0;883,4;883,7;883,3;1873,6;25,9;18,7;27,9;25,8;19,3;17,7;65;56;64;335;9,8;4,3;
2026/03/13;2000 UTC;0;883,4;883,5;883,1;939,1;25,2;17,8;26,9;25,2;19,3;17,3;68;60;64;300;8,3;3,3;
2026/03/13;2100 UTC;0;884;884;883,4;271,1;24,1;17,9;25,4;24,1;18,3;17,5;68;62;68;304;8,8;3;
2026/03/13;2200 UTC;0;884,3;884,3;884;19,6;22,9;18,3;24,1;22,9;18,3;17,8;75;68;75;302;6,5;2;
2026/03/13;2300 UTC;0;884,9;884,9;884,3;;22,3;18,6;22,9;22,3;18,6;18,3;80;75;80;286;4,3;2;
2026/03/14;0000 UTC;0;885,6;885,6;884,9;;21,7;19,3;22,3;21,7;19,4;18,6;86;79;86;290;4,5;2,1;
2026/03/14;0100 UTC;0;886;886;885,6;;21,3;19,1;21,7;21,3;19,4;19;88;85;87;276;5,2;2;
2026/03/14;0200 UTC;0;886,4;886,4;886;;20,7;19;21,3;20,7;19,2;19;90;87;90;324;4,1;2;
2026/03/14;0300 UTC;0;886,1;886,5;886,1;;20,5;18,9;20,7;20,5;19,1;18,9;91;90;91;318;4,4;2,1;
2026/03/14;0400 UTC;0;885,7;886,1;885,7;;20,1;19;20,5;20;19;18,9;93;91;93;329;3,7;1,4;
2026/03/14;0500 UTC;0;885,1;885,7;885,1;;20;18,6;20,1;19,9;18,9;18,6;94;92;92;312;4,1;1,8;
2026/03/14;0600 UTC;0;884,9;885,1;884,9;;20,1;18,6;20,3;20;18,7;18,6;92;90;91;305;4;2,1;
2026/03/14;0700 UTC;0;884,6;884,9;884,6;;19,8;18,5;20,2;19,8;18,7;18,5;92;91;92;307;4,8;2,2;
2026/03/14;0800 UTC;0;884,8;884,8;884,6;;19,6;18,5;19,8;19,5;18,6;18,4;94;92;93;314;4,5;1,7;
2026/03/14;0900 UTC;0;885,6;885,6;884,8;;19,7;18,6;19,7;19,6;18,6;18,5;94;93;94;306;4,6;1,5;
2026/03/14;1000 UTC;0;886,2;886,2;885,6;43;20;18,8;20;19,7;18,8;18,6;94;93;93;310;3,7;1,4;
2026/03/14;1100 UTC;0;886,7;886,7;886,1;715,8;21,5;19,5;21,9;20;19,7;18,8;93;86;88;294;4,8;2,3;
2026/03/14;1200 UTC;0;887,3;887,3;886,7;1157,2;22,3;18,9;23,1;21,5;19,8;18,9;88;79;81;273;5,8;2,1;
2026/03/14;1300 UTC;5,2;887,5;887,7;887,3;803,1;21,1;20,2;23;20,1;20,2;18,8;96;78;95;253;7,1;1,9;
2026/03/14;1400 UTC;0;886,8;887,4;886,8;3484;25,1;19;25,1;21,1;21,1;18,6;95;69;69;284;6,2;2,5;
2026/03/14;1500 UTC;0;886,5;886,8;886,5;2621,1;25,3;18,2;25,7;24,9;20,1;18;72;63;65;315;6,2;2,8;
2026/03/14;1600 UTC;0;885,6;886,5;885,6;2413,7;26,5;18,9;27,2;25,2;19,1;17,4;68;56;63;299;6,7;3,3;
2026/03/14;1700 UTC;0;885;885,6;885;3092,5;26,4;18,6;26,7;25,5;19,5;18,5;69;61;62;321;9,1;3,1;
2026/03/14;1800 UTC;0;884,5;885;884,2;1343,9;23,9;19,1;26,5;23,9;19,1;17,9;74;60;74;281;8,3;3,2;
2026/03/14;1900 UTC;0;883,9;884,6;883,9;720,7;23,1;18,5;23,9;22,7;19,5;17,9;81;74;75;302;6,7;2,5;
2026/03/14;2000 UTC;0;883,6;883,9;883,5;884,5;22,9;18,1;23,6;22,9;19;17,9;76;72;74;304;6,6;1,9;
2026/03/14;2100 UTC;0;884,1;884,1;883,6;331,8;21,9;18,2;22,9;21,9;18,2;17,7;79;73;79;301;5,3;1,7;
2026/03/14;2200 UTC;0;884,7;884,7;884,1;12,7;21,3;18,3;21,9;21,3;18,3;18,1;83;79;83;298;3,8;1,8;
2026/03/14;2300 UTC;0;885,1;885,1;884,6;;20,8;18;21,3;20,8;18,3;18;84;83;84;304;3,7;1,8;
2026/03/15;0000 UTC;0;885,9;885,9;885,1;;20,5;18,2;20,8;20,5;18,2;18;87;84;87;322;3,7;1,9;
2026/03/15;0100 UTC;0;886,3;886,4;885,9;;20,2;18,1;20,5;20,2;18,2;18;88;86;88;314;3,4;1,4;
2026/03/15;0200 UTC;0;886,3;886,4;886,2;;19,9;17,9;20,2;19,9;18;17,9;88;87;88;307;3,1;1,4;
2026/03/15;0300 UTC;0;885,9;886,3;885,9;;20;17,7;20;19,8;18;17,7;89;87;87;253;3;,9;
2026/03/15;0400 UTC;0;885,7;886;885,7;;20;17,7;20;19,6;17,9;17,7;90;87;87;265;2,2;1;
2026/03/15;0500 UTC;0;885,2;885,7;885,2;;19,4;17,6;20,2;19,2;17,7;17,5;91;85;89;300;2,2;1,1;
2026/03/15;0600 UTC;0;884,6;885,2;884,6;;19,1;17,7;19,5;19,1;17,8;17,5;92;88;91;5;2;1,1;
2026/03/15;0700 UTC;0;884,5;884,7;884,5;;18;16,9;19,3;18;17,7;16,9;93;91;93;332;1,8;,7;
2026/03/15;0800 UTC;0;884,7;884,7;884,5;;17,4;16,6;18;17,4;17;16,6;96;93;95;300;1,8;,9;
2026/03/15;0900 UTC;0;885,1;885,1;884,7;;17,6;16,9;17,6;17,2;16,9;16,5;96;95;96;109;1,3;,5;
2026/03/15;1000 UTC;0;885,8;885,8;885,1;146,2;19,3;18,4;19,3;17,3;18,4;16,6;97;95;95;84;,9;,4;
2026/03/15;1100 UTC;0;886,6;886,6;885,8;535,9;21,6;18,1;21,6;19,3;18,9;17,4;95;79;81;254;1,1;,3;
2026/03/15;1200 UTC;0;887;887;886,6;1264,6;23,9;18,3;23,9;21,6;18,6;17,7;81;71;71;97;1,5;,7;
2026/03/15;1300 UTC;0;887,1;887,2;887;2555,1;25,6;16,7;25,9;23,8;18,4;16,6;71;57;58;280;3,5;1,6;
2026/03/15;1400 UTC;0;886,8;887,1;886,8;3061;26,6;17,6;26,8;25,2;18,5;16,5;63;56;58;320;4,8;1,7;
2026/03/15;1500 UTC;0;886,1;886,9;886,1;1910,7;25,4;17,3;28,3;25,4;18,8;15,8;65;49;61;336;4,5;2,4;
2026/03/15;1600 UTC;0;885,1;886,1;885,1;2405,8;25,8;19,2;26,7;25,1;19,2;17,2;69;60;67;32;6;2,5;
2026/03/15;1700 UTC;0;883,9;885,1;883,9;1478,6;26,9;18,5;26,9;25;19,8;17,6;71;59;60;356;5;2;
2026/03/15;1800 UTC;0;883,2;883,9;883,2;2235,5;27,7;16,8;28,4;26,8;18,4;16,1;60;47;51;302;4,6;1,9;
2026/03/15;1900 UTC;0;883;883,3;882,7;1564;26;18,8;27,7;25,9;19,1;16,3;66;51;64;164;4,8;2,1;
2026/03/15;2000 UTC;0;883,9;884;883;484,5;21,6;18,3;26,1;21,6;19,3;18,1;82;63;82;228;7,6;3,2;
2026/03/15;2100 UTC;,2;884;884;883,8;39,9;20,1;18,9;21,5;20,1;19;18,1;93;82;93;182;6;1,2;
2026/03/15;2200 UTC;0;884,9;884,9;884;,2;20,2;19,2;20,3;20,1;19,2;18,5;94;90;94;35;2,5;,3;
2026/03/15;2300 UTC;,2;885,7;885,7;884,9;;20,2;19,3;20,3;20;19,4;19,1;95;94;95;310;2;,5;
2026/03/16;0000 UTC;0;886,4;886,4;885,6;;20,3;19,3;20,5;20;19,5;19,1;95;94;94;357;1,5;,7;
2026/03/16;0100 UTC;0;887,1;887,1;886,4;;20,6;19,5;20,7;20,2;19,6;19,2;95;93;93;40;1,5;,4;
2026/03/16;0200 UTC;0;887,4;887,6;887,1;;20,9;19,2;21;20,5;19,6;19,2;94;90;90;95;2,4;1,3;
2026/03/16;0300 UTC;9,6;887,5;887,6;887,3;;19,3;18,5;20,9;19,3;19,4;18,4;95;90;95;276;3,9;,8;
2026/03/16;0400 UTC;4,4;887,1;887,5;887,1;;19,1;18,5;19,3;19,1;18,7;18,4;97;95;97;171;2;,3;
2026/03/16;0500 UTC;2,6;886,7;887,1;886,7;;19,6;19,1;19,6;19,1;19,1;18,5;97;96;97;120;3,4;2;
2026/03/16;0600 UTC;,8;886,2;886,7;886,2;;19;18,3;19,6;19;19,1;18,3;97;96;96;111;5,5;3;
2026/03/16;0700 UTC;0;885,8;886,2;885,8;;18,8;18,3;19,1;18,8;18,5;18,3;97;96;97;111;5,5;2,9;
2026/03/16;0800 UTC;0;885,6;885,8;885,6;;18,7;18,2;18,9;18,7;18,4;18,1;97;97;97;130;4,5;2,2;
2026/03/16;0900 UTC;0;885,7;885,7;885,5;;18,7;18,2;18,8;18,7;18,3;18,2;97;97;97;170;4;,7;
2026/03/16;1000 UTC;,2;886;886;885,7;92,5;19;18,5;19;18,4;18,5;17,9;97;97;97;313;2;1,1;
2026/03/16;1100 UTC;0;886,6;886,6;886;641,6;20,3;19,7;20,3;19;19,7;18,5;97;96;96;325;2,9;1,9;
2026/03/16;1200 UTC;0;887,3;887,3;886,6;1698;23,3;19,3;23,4;20,3;20,2;18,9;96;76;78;345;3,1;1,8;
2026/03/16;1300 UTC;0;887,3;887,4;887,3;2196,6;26;19;26;23,4;20,2;18,3;78;64;65;344;4,3;2,1;
2026/03/16;1400 UTC;0;887;887,4;887;2142,6;26,4;18,5;26,4;25,6;18,8;17,7;66;60;62;330;4,3;1,2;
2026/03/16;1500 UTC;2,6;886,6;887;886,6;1494,8;22,3;19;26,9;22,3;19,2;16,8;82;55;82;64;6;3,4;
2026/03/16;1600 UTC;0;885,6;886,6;885,6;692,9;24,4;19,3;24,4;22,2;20,1;18,7;82;73;73;74;5,6;2,3;
2026/03/16;1700 UTC;0;884,5;885,6;884,5;1117,7;25,3;19;25,4;24,4;19,6;18,3;74;65;68;88;3,9;1,7;
2026/03/16;1800 UTC;0;883,5;884,5;883,5;1090,2;23,7;18,2;25,5;23,7;19,5;18;75;66;71;12;5,8;2,5;
2026/03/16;1900 UTC;0;883,2;883,6;883,2;717,6;24,3;18,6;24,3;23,4;19,1;17,9;74;70;70;114;4,7;1,2;
2026/03/16;2000 UTC;0;883,5;883,6;883,1;636,2;22,4;19;24,5;22,4;19,5;18,3;82;69;81;1;7,2;3,9;
2026/03/16;2100 UTC;0;884,3;884,3;883,5;214,3;21,4;18,4;22,4;21,4;19,1;18,1;84;80;83;340;6,9;1,9;
2026/03/16;2200 UTC;0;885,1;885,2;884,3;6,5;21,3;18,3;21,4;20,9;18,6;18;85;83;83;99;3,4;,5;
2026/03/16;2300 UTC;0;885,7;885,7;885,1;;20,5;18,8;21,4;20,5;18,9;18,5;90;83;90;276;1,8;,8;
2026/03/17;0000 UTC;,2;886,2;886,3;885,7;;20,7;19,1;20,7;20,5;19,4;18,8;93;90;91;42;2,1;,9;
2026/03/17;0100 UTC;0;886,7;886,7;886,2;;20,3;19,2;20,8;20,1;19,4;19;94;90;94;184;2,3;1,1;
2026/03/17;0200 UTC;0;886,6;886,8;886,6;;19,9;18,9;20,3;19,9;19,2;18,8;94;93;94;57;2,3;,5;
2026/03/17;0300 UTC;0;886,4;886,6;886,4;;19,7;18,9;19,9;19,4;19;18,6;96;94;96;24;1,1;,4;
2026/03/17;0400 UTC;0;886;886,4;886;;19,6;18,9;19,7;19,5;19;18,8;96;96;96;307;1,3;,8;
2026/03/17;0500 UTC;0;885,8;886,1;885,7;;19,6;18,9;19,9;19,5;19,1;18,8;96;95;96;349;1,4;,5;
2026/03/17;0600 UTC;,4;885,5;885,8;885,5;;19,8;18,8;19,9;19,6;19,1;18,8;96;94;94;2;2,4;1,2;
2026/03/17;0700 UTC;0;885,4;885,5;885,4;;19,6;18,9;19,8;19,5;18,9;18,7;96;94;96;2;2,4;1,1;
2026/03/17;0800 UTC;0;885,3;885,4;885,3;;19,4;18,8;19,6;19,3;18,9;18,6;96;95;96;355;1,9;1,1;
2026/03/17;0900 UTC;0;885,8;885,9;885,3;;19,6;18,7;19,8;19,4;18,9;18,7;96;94;94;325;2,6;1,2;
2026/03/17;1000 UTC;0;886,7;886,7;885,8;126,7;20,3;19,1;20,3;19,6;19,2;18,7;95;93;93;333;2;1,3;
2026/03/17;1100 UTC;0;887,6;887,6;886,7;954,1;22,1;19,8;22,1;20,3;19,9;19,1;93;84;87;311;4;1,6;
2026/03/17;1200 UTC;0;888,5;888,5;887,6;1382,4;22,6;19,3;22,6;21,7;20;19,1;87;82;82;308;4,9;1,8;
2026/03/17;1300 UTC;0;888,4;888,5;888,4;2215,1;24,1;19,2;24,5;22,6;19,9;18,6;83;72;74;346;5,2;2,2;
2026/03/17;1400 UTC;0;887,8;888,5;887,8;2173,6;25,1;19,2;25,3;23,6;19,5;18,6;76;67;70;21;4,5;2;
2026/03/17;1500 UTC;0;887,1;887,8;887,1;1870,1;24,4;20,2;26;24;20,2;18,4;79;63;78;298;4,8;2,1;
2026/03/17;1600 UTC;0;885,9;887,1;885,9;2632,7;27,1;17,8;27,1;24,4;20,4;16,9;77;56;57;352;5;1,4;
2026/03/17;1700 UTC;0;885,2;885,9;885,2;1131,4;24,4;19,6;27,3;24,4;19,8;16;74;54;74;182;5,1;1,8;
2026/03/17;1800 UTC;0;884,6;885,2;884,6;941,4;24,8;19,2;25,1;24,1;20,2;19,1;77;71;71;220;4,2;1,3;
2026/03/17;1900 UTC;0;884,4;884,6;884;918,7;24,8;19,7;25,1;24,6;20;18,9;75;69;73;14;4,9;1,6;
2026/03/17;2000 UTC;0;884,2;884,4;884,2;672;22;17,9;25;22;20;17,8;79;71;77;294;7,6;2,9;
2026/03/17;2100 UTC;0;884,4;884,5;884,1;284;22,2;18,6;22,3;21,9;18,7;17,5;81;75;80;325;5,9;1,2;
2026/03/17;2200 UTC;0;884,7;884,8;884,4;10,2;20,7;18,7;22,2;20,7;19;18,5;88;79;88;238;2,7;,3;
2026/03/17;2300 UTC;0;885,4;885,4;884,7;;20,6;18,6;20,7;20,2;19,1;18,5;91;87;88;259;2,2;,8;
2026/03/18;0000 UTC;0;886,2;886,2;885,4;;20,1;18,8;20,6;20,1;18,8;18,5;93;88;93;312;2,1;,6;
2026/03/18;0100 UTC;0;886,8;886,8;886,2;;19,7;18,1;20,2;19,6;18,9;17,8;93;87;91;159;1,9;,7;
2026/03/18;0200 UTC;0;887,3;887,3;886,8;;20;18,8;20;19,5;18,8;17,9;94;89;93;116;1,8;1,2;
2026/03/18;0300 UTC;0;887,1;887,4;887,1;;19,2;18,3;20,2;19,2;18,8;18,2;95;91;95;13;1,8;,5;
2026/03/18;0400 UTC;0;886,6;887,1;886,5;;18,7;18;19,2;18,5;18,4;17,8;96;95;96;164;1,2;,6;
2026/03/18;0500 UTC;0;886,1;886,6;886;;18,5;17,7;18,9;18,3;18,2;17,5;96;95;95;157;2;,9;
2026/03/18;0600 UTC;0;885,3;886,1;885,3;;18,9;18,1;18,9;18,4;18,2;17,6;96;95;96;114;2,4;1,4;
2026/03/18;0700 UTC;0;885,4;885,5;885,3;;18,7;18;19;18,4;18,3;17,6;96;94;96;147;2,4;,6;
2026/03/18;0800 UTC;0;885,7;885,7;885,4;;18,6;18,1;18,8;18,4;18,2;17,7;97;96;97;215;1,6;,7;
2026/03/18;0900 UTC;0;886,1;886,2;885,7;;19,1;18,4;19,1;18,6;18,6;18,1;97;96;96;332;1,7;,9;
2026/03/18;1000 UTC;0;886,4;886,6;886,1;55,3;19,3;18,6;19,3;18,9;18,6;18,2;96;96;96;178;1,6;,8;
2026/03/18;1100 UTC;0;887,1;887,2;886,4;325,9;20,2;19,2;20,2;19,3;19,3;18,7;96;94;94;140;3;1,8;
2026/03/18;1200 UTC;0;887,8;887,8;887,1;1015,7;22,3;19,4;22,3;20,1;19,9;19,2;95;84;84;115;3;,6;
2026/03/18;1300 UTC;0;887,9;888;887,8;936,1;23,3;19,1;23,3;22,3;19,8;19,1;84;77;77;233;1,5;,5;
2026/03/18;1400 UTC;0;887;887,9;887;2792,1;25,4;18,5;25,4;23,2;20,1;18,4;81;65;66;337;3,4;,7;
2026/03/18;1500 UTC;0;886,4;887;886,4;2352,9;25,6;19,2;25,9;24,9;19,8;18,4;72;64;68;264;4,4;,8;
2026/03/18;1600 UTC;0;885,4;886,4;885,4;1608,5;25,6;17,6;25,6;24,8;19,4;17,6;70;61;61;13;3,6;2,1;
2026/03/18;1700 UTC;0;884,6;885,4;884,6;2868,9;26,4;18,7;26,4;25,5;19,7;17,6;69;60;63;257;5,1;1,4;
2026/03/18;1800 UTC;0;883,8;884,6;883,8;1951,6;25,6;18,6;26,6;25,5;19,3;18,2;68;61;65;280;5,1;1,6;
2026/03/18;1900 UTC;0;883;883,8;883;1306,9;25,9;18,3;26,1;25,6;19;17,9;67;61;63;2;5,1;3,4;
2026/03/18;2000 UTC;0;882,5;883;882,5;1380,5;26,4;18,1;26,5;25,8;19,1;17,9;65;60;60;349;5,1;2,5;
2026/03/18;2100 UTC;0;883,1;883,1;882,5;746,6;25,2;18,4;26,5;25,2;19;18;66;59;66;353;5;2,2;
2026/03/18;2200 UTC;0;883,8;883,8;883,1;21,1;23,5;18,7;25,2;23,4;18,8;18,2;74;66;74;348;4,6;2,1;
2026/03/18;2300 UTC;0;884,3;884,3;883,7;;22,4;18,9;23,5;22,3;19;18,6;81;74;80;337;3,6;1,8;
2026/03/19;0000 UTC;0;885,2;885,2;884,3;;21,4;18,9;22,4;21,4;19;18,8;86;80;86;290;3,3;1,4;
2026/03/19;0100 UTC;0;885,8;885,8;885,2;;20,9;18,6;21,4;20,9;19;18,6;88;85;87;300;3,9;1,4;
2026/03/19;0200 UTC;0;886,1;886,3;885,8;;20,1;18,6;20,9;20,1;18,7;18,5;91;87;91;246;3,5;1;
2026/03/19;0300 UTC;0;885,7;886,2;885,7;;19,8;18,5;20,3;19,8;18,9;18,5;93;91;92;249;2,4;,7;
2026/03/19;0400 UTC;0;885,5;885,7;885,4;;19,4;18,5;19,8;19,3;18,7;18,4;95;92;94;287;2,3;1,1;
2026/03/19;0500 UTC;0;885,2;885,6;885,2;;18,9;18;19,5;18,9;18,6;18;95;94;95;261;1,8;,2;
2026/03/19;0600 UTC;0;884,5;885,2;884,5;;18,7;18;18,9;18,5;18,1;17,8;96;95;96;302;1,8;,7;
2026/03/19;0700 UTC;0;884,2;884,5;884,1;;18,2;17,6;18,7;18,1;18,1;17,5;96;96;96;347;1,1;,4;
2026/03/19;0800 UTC;0;884,2;884,2;884;;18;17,5;18,2;18;17,6;17,4;97;96;97;318;1,2;,5;
2026/03/19;0900 UTC;0;884,6;884,6;884,2;;17,9;17,3;18,3;17,8;17,7;17,2;97;96;96;49;1,3;,7;
2026/03/19;1000 UTC;0;884,9;884,9;884,6;48,7;19,2;18,6;19,2;17,6;18,6;17;97;96;97;45;1,5;,7;
2026/03/19;1100 UTC;0;885,4;885,4;884,9;680,9;21,3;18,1;21,4;19,2;19,1;18,1;97;82;82;18;2,5;1,3;
2026/03/19;1200 UTC;0;885,9;885,9;885,4;1358,4;23,5;19;23,5;21,3;19,2;18;84;73;76;80;2,5;,6;
2026/03/19;1300 UTC;0;885,6;885,9;885,6;2516,3;24,9;17,7;24,9;23,5;19,1;16,8;76;62;64;2;3,3;1,2;
2026/03/19;1400 UTC;0;885,3;885,7;885,3;3033,7;26,4;18,8;26,4;24,8;18,8;16,7;66;60;63;353;4,1;1,6;
2026/03/19;1500 UTC;0;884,6;885,3;884,6;3319,7;27,5;18,6;27,7;26,1;18,8;17,5;63;56;58;10;6,8;3,5;
2026/03/19;1600 UTC;0;883,8;884,6;883,8;3049,6;28,5;17,5;28,6;26,4;18,8;16,3;60;49;51;321;7,5;2,4;
2026/03/19;1700 UTC;0;882,5;883,8;882,5;2318,3;28,3;18,1;28,5;27,2;18,4;16,3;56;49;54;322;7,6;3,1;
2026/03/19;1800 UTC;0;881,8;882,5;881,8;2019,5;27,5;17,1;28,5;27,3;17,4;16,4;54;49;53;334;8,8;3,9;
2026/03/19;1900 UTC;0;881,5;881,9;881,5;2005,4;26,4;18,8;28,4;26,4;19,2;16,3;63;48;63;10;9,1;5,4;
2026/03/19;2000 UTC;0;881,3;881,5;881,1;1129,8;24,6;18,4;27;24,6;19,1;18,3;69;61;69;351;9,2;5,1;
2026/03/19;2100 UTC;0;881,8;881,8;881,2;623,8;23,4;18,2;24,7;23,1;19,6;17,9;80;68;73;350;9,2;3,4;
2026/03/19;2200 UTC;0;882,8;882,8;881,8;26,4;22,6;17,4;23,4;22,6;18,6;17,3;75;72;73;357;5,6;2,6;
2026/03/19;2300 UTC;0;883,3;883,3;882,8;;21,6;17,4;22,7;21,6;17,5;17;77;70;77;356;4,4;1;
2026/03/20;0000 UTC;0;883,8;883,8;883,3;;21,1;17,6;21,6;20,9;17,8;17,4;82;77;81;329;2,5;1,3;
2026/03/20;0100 UTC;0;884,5;884,5;883,8;;20,5;17,9;21,4;20,5;18;17,6;85;80;85;353;2,5;1,4;
2026/03/20;0200 UTC;0;884,9;884,9;884,5;;20,5;17,9;20,8;20,3;17,9;17,8;86;83;85;331;2,9;1,4;
2026/03/20;0300 UTC;0;884,7;885;884,7;;20,2;18,2;20,5;19,8;18,2;17,8;90;85;88;308;2,5;1,1;
2026/03/20;0400 UTC;0;884,4;884,8;884,4;;20,2;18;20,3;20;18,2;18;89;87;87;295;2,7;1,3;
2026/03/20;0500 UTC;0;883,9;884,4;883,9;;19,8;18,1;20,3;19,6;18,2;17,9;91;87;90;323;2,6;1,3;
2026/03/20;0600 UTC;0;883,5;883,9;883,5;;19,9;18,2;20,1;19,7;18,3;18;91;89;90;311;2,9;1,2;
2026/03/20;0700 UTC;0;883,5;883,6;883,5;;19,3;17,9;20,1;19,3;18,3;17,9;92;89;92;308;3,4;,7;
2026/03/20;0800 UTC;0;883,8;883,8;883,5;;18,8;18;19,3;18,8;18,4;17,9;95;92;95;316;2,2;1;
2026/03/20;0900 UTC;0;884,1;884,1;883,7;;18,7;17,9;19,1;18,6;18,3;17,8;95;95;95;291;2,3;1,1;
2026/03/20;1000 UTC;0;884,7;884,7;884,1;115,2;19,8;18,9;19,8;18,5;18,9;17,8;96;95;95;312;1,6;,9;
2026/03/20;1100 UTC;0;885,4;885,4;884,7;581,1;21,7;19,2;21,7;19,8;19,4;18,9;95;86;86;301;3,3;1,6;
2026/03/20;1200 UTC;0;885,7;885,7;885,4;1247,8;24,1;19,9;24,1;21,7;20,4;19,3;86;77;77;293;4,3;2,4;
2026/03/20;1300 UTC;0;886;886,1;885,6;2097,2;25,1;18,7;25,5;24,1;20;18,3;77;65;67;298;5,6;2,5;
2026/03/20;1400 UTC;0;885,6;886;885,6;1216,5;25;18,6;25,2;24,3;19,1;18,3;71;67;68;344;5,1;2,4;
2026/03/20;1500 UTC;0;884,8;885,6;884,8;2088,7;25,4;18,2;26,8;24,9;19,6;17,6;71;58;64;268;4,5;1,9;
2026/03/20;1600 UTC;0;883,7;884,8;883,7;2696,6;26,3;19,3;27,3;25,2;20;17,6;70;56;65;104;5,4;1;
2026/03/20;1700 UTC;0;882,8;883,7;882,8;1597;26,1;19,2;26,5;25,2;20,3;18,7;72;63;66;22;5,1;1,8;
2026/03/20;1800 UTC;0;882,5;882,8;882,2;693,6;23,8;19,4;26;23,8;20,7;18,2;77;64;76;102;4,6;1,7;
2026/03/20;1900 UTC;7,8;883,5;883,5;882,4;141,5;19;18;23,8;19;20;18;94;76;94;225;11,1;5,3;
2026/03/20;2000 UTC;20,6;884;884,2;883,5;20,1;19,4;18,9;19,4;18,2;18,9;17,5;97;94;97;264;11,1;2,1;
2026/03/20;2100 UTC;3,4;884,2;884,2;883,9;29,8;19;18,3;19,6;19;19,1;18,3;97;96;96;273;7,2;2,5;
2026/03/20;2200 UTC;2,6;884,9;885;884,2;;18,1;17,3;18,9;18;18,2;17,3;96;95;95;299;5,4;1,4;
2026/03/20;2300 UTC;,8;885,4;885,4;884,9;;18,4;17,8;18,4;18,1;17,8;17,3;96;95;96;80;3,1;,3;
2026/03/21;0000 UTC;,6;885,8;885,8;885,4;;18,5;17,9;18,5;18,3;17,9;17,8;97;96;97;288;1,9;,8;
2026/03/21;0100 UTC;0;886,2;886,2;885,8;;18,6;18,1;18,7;18,5;18,2;17,9;97;97;97;119;1,7;,5;
2026/03/21;0200 UTC;0;886,1;886,4;886,1;;19;18,5;19;18,6;18,5;18,1;97;97;97;54;2,4;,8;
2026/03/21;0300 UTC;0;885,8;886,1;885,7;;18,2;17,7;19;18,1;18,5;17,6;97;97;97;262;1,6;,8;
2026/03/21;0400 UTC;0;885,4;885,8;885,4;;18,9;18,5;18,9;18,2;18,5;17,8;98;97;98;143;1,8;,6;
2026/03/21;0500 UTC;0;885;885,4;885;;18,7;18,3;18,9;18,6;18,5;18,2;98;97;98;246;1,2;,2;
2026/03/21;0600 UTC;0;884,8;885;884,8;;19;18,6;19;18,7;18,7;18,3;98;98;98;5;2;1,1;
2026/03/21;0700 UTC;0;884,5;884,8;884,5;;18,5;18,2;19;18,5;18,6;18,2;98;98;98;136;2,1;,4;
2026/03/21;0800 UTC;,2;884,8;884,8;884,5;;18,5;18,2;18,7;18,5;18,3;18,2;98;98;98;168;1,2;,5;
2026/03/21;0900 UTC;0;885,3;885,4;884,8;;18,7;18,3;18,8;18,5;18,5;18,1;98;98;98;354;1,9;1,2;
2026/03/21;1000 UTC;0;885,7;885,7;885,3;68,6;18,9;18,5;18,9;18,5;18,5;18,2;98;98;98;333;1,7;,9;
2026/03/21;1100 UTC;0;886,3;886,3;885,7;427,9;20;18,8;20;18,9;19;18,6;98;93;93;334;2,3;1,2;
2026/03/21;1200 UTC;0;886,9;886,9;886,3;1092,1;22,3;18,2;22,3;20;18,9;17,8;93;77;77;357;3,4;2;
2026/03/21;1300 UTC;0;887;887;886,9;1514,2;24;18,1;24;22,3;18,2;16,7;78;64;69;333;3,2;1,1;
2026/03/21;1400 UTC;0;887;887,1;887;2774,4;26,3;17,5;26,5;24;18,6;16,5;69;58;58;5;4,8;1,8;
2026/03/21;1500 UTC;0;886,8;887,1;886,8;2368,3;26,5;17;26,7;26;19;16,7;64;55;56;360;5,3;2,1;
2026/03/21;1600 UTC;2,4;886,2;886,8;886,2;865,2;22,2;19,1;26,6;22,1;19,8;16,7;85;56;83;65;5,4;2,4;
2026/03/21;1700 UTC;5,2;885,3;886,2;885,3;488,6;21,3;19,5;22,2;20,8;19,7;18,7;91;81;89;24;4,3;2,4;
2026/03/21;1800 UTC;0;884,3;885,3;884,3;1121,6;23,4;19,6;23,4;21,3;20,5;19,4;90;79;79;23;4,1;2;
2026/03/21;1900 UTC;0;883,9;884,3;883,9;1177;24,8;19,5;25,5;23,4;20,2;18,1;80;66;73;177;3,4;1;
2026/03/21;2000 UTC;0;884,4;884,4;883,9;603,1;25,1;19,7;25,1;24,5;20,1;18,8;76;68;72;2;4,1;2,6;
2026/03/21;2100 UTC;0;884,8;884,8;884,4;457,5;22,3;19;25,1;21,9;19,4;18,7;85;69;82;335;6,5;1,9;
2026/03/21;2200 UTC;0;885,8;885,8;884,6;37,1;21,6;19,1;22,3;21,6;19,3;18,9;86;82;85;38;4,5;1,5;
2026/03/21;2300 UTC;0;886,4;886,4;885,8;;20,7;19,3;21,6;20,7;19,3;18,7;92;84;92;339;5,4;2,7;
2026/03/22;0000 UTC;0;887;887;886,4;;20,3;18,7;20,7;20,3;19,4;18,7;92;90;91;342;4,9;2;
2026/03/22;0100 UTC;0;887,7;887,7;887;;20,2;18,8;20,5;20,1;18,8;18,7;92;90;92;337;4,1;2,4;
2026/03/22;0200 UTC;0;887,8;887,9;887,7;;20;18,9;20,2;19,9;18,9;18,8;94;92;94;358;5,2;2,5;
2026/03/22;0300 UTC;0;887,7;887,8;887,5;;20;19,1;20;19,9;19,1;18,9;94;94;94;10;4,5;1,7;
2026/03/22;0400 UTC;0;887,4;887,7;887,4;;20,1;19,3;20,1;20;19,3;19,1;95;94;95;20;3,7;1,4;
2026/03/22;0500 UTC;,6;886,8;887,4;886,8;;18,5;17;20,1;18,5;19,4;17;96;90;91;36;6,5;2,2;
2026/03/22;0600 UTC;,2;886,1;886,8;886,1;;18,3;17,4;18,7;18,2;17,4;17;95;90;95;333;5,5;1,4;
2026/03/22;0700 UTC;0;885,7;886,1;885,6;;18,9;18,3;19;18,3;18,4;17,4;96;95;96;352;2,4;1,4;
2026/03/22;0800 UTC;0;886,4;886,4;885,7;;19,1;18,6;19,2;18,8;18,8;18,3;97;96;97;297;2,5;1,1;
2026/03/22;0900 UTC;0;886,8;886,8;886,4;;18,5;18,1;19,1;18,2;18,6;17,8;98;97;98;309;2;1,1;
2026/03/22;1000 UTC;0;887,5;887,5;886,8;74,3;19,4;19;19,4;18,3;19;17,9;98;97;98;244;1,7;,7;
2026/03/22;1100 UTC;0;887,9;887,9;887,5;419,3;20,9;19,9;20,9;19,4;19,9;19;98;94;94;327;1,5;,7;
2026/03/22;1200 UTC;0;888,3;888,3;887,9;1436,3;23,2;19,3;23,3;20,9;20;19;94;78;79;13;2,8;1,5;
2026/03/22;1300 UTC;0;888,2;888,4;888,2;2047,3;25;18,9;25,2;23,2;20;18,5;81;68;69;132;3,5;1,5;
2026/03/22;1400 UTC;18;888,5;888,8;888,2;425,8;20,2;19,6;25;18,6;19,6;17,9;97;69;97;21;7,7;,9;
2026/03/22;1500 UTC;1,4;887,7;888,5;887,7;1351,2;22,5;20,8;22,6;20,1;21,3;19,6;97;90;90;302;3,3;1,5;
2026/03/22;1600 UTC;0;886,5;887,7;886,5;3241,5;25;19,8;25,4;22,5;21,6;19,8;90;73;73;312;4,3;1,6;
2026/03/22;1700 UTC;0;885,3;886,5;885,3;3365,4;27,1;19,4;27,2;25;20,9;19,3;76;62;63;260;4,5;1,8;
2026/03/22;1800 UTC;0;884,3;885,2;884,3;1976,5;28,3;18,6;28,3;26,2;19,9;17,6;67;53;56;224;4,9;1,4;
2026/03/22;1900 UTC;0;883,9;884,3;883,8;1459,1;24,8;20,1;28,6;24,8;20,2;17,4;76;52;75;97;7,3;,5;
2026/03/22;2000 UTC;0;883,7;883,9;883,6;489,8;23,9;19,6;24,9;23,9;21,2;19,2;81;73;77;293;4,3;1,6;
2026/03/22;2100 UTC;0;883,9;883,9;883,4;171,3;22,1;19;23,9;22;19,3;18,8;84;75;83;328;4,2;2,3;
2026/03/22;2200 UTC;0;884,4;884,4;883,9;10,3;21,3;19;22,1;21,3;19,7;19;89;83;87;347;4,2;2,2;
2026/03/22;2300 UTC;0;884,8;884,8;884,2;;20,5;18,8;21,2;20,4;19;18,3;90;84;90;354;3,5;1,6;
2026/03/23;0000 UTC;0;885,7;885,7;884,8;;20,5;18,9;20,9;20,3;19;18,7;92;88;90;320;3;1,3;
2026/03/23;0100 UTC;5,2;886,6;886,6;885,6;;20,5;19,5;21,4;20,5;19,5;18,8;94;88;94;149;7;2,5;
2026/03/23;0200 UTC;8,8;886,5;886,7;886,3;;19,8;19,1;20,5;19,5;19,4;18,7;96;94;96;290;5,2;1,4;
2026/03/23;0300 UTC;0;886,6;886,6;886,4;;19,9;19,3;19,9;19,7;19,3;19;96;96;96;277;3,2;,8;
2026/03/23;0400 UTC;,6;886,2;886,9;886,2;;18,9;18,1;20,3;18,9;19,7;18,1;97;93;95;261;6,4;1,6;
2026/03/23;0500 UTC;0;886;886,2;886;;18,3;17,5;18,9;18,2;18;17,5;96;95;95;312;3;,9;
2026/03/23;0600 UTC;0;885,5;886;885,5;;18,2;17,6;18,3;18;17,7;17,3;97;95;97;294;1,8;,7;
2026/03/23;0700 UTC;0;885,1;885,5;885,1;;18,2;17,7;18,4;18,1;18;17,6;97;97;97;348;2;,7;
2026/03/23;0800 UTC;0;885,4;885,4;885,1;;18,6;18,2;18,6;17,7;18,2;17,2;98;97;98;294;1,9;1;
2026/03/23;0900 UTC;0;885,9;885,9;885,4;;18,3;17,9;18,7;18,2;18,3;17,8;98;97;98;354;3,9;1,3;
2026/03/23;1000 UTC;0;886,2;886,2;885,9;129,7;20;19,6;20;17,8;19,6;17,5;98;97;98;171;1,8;,5;
2026/03/23;1100 UTC;0;886,1;886,2;885,9;876,1;22,9;19,8;22,9;19,8;20,4;19,4;98;83;83;156;2,9;1,5;
2026/03/23;1200 UTC;0;886,4;886,4;886,1;1824,5;25,1;20,1;25,1;22,8;20,2;19,2;83;71;74;114;3,1;1,3;
2026/03/23;1300 UTC;0;886,5;886,5;886,4;1126,9;24,7;19,8;25,2;23,6;20,2;18,7;81;69;74;242;3,1;,5;
2026/03/23;1400 UTC;0;886,2;886,6;886,2;2486,8;27;17;27;24,7;20,1;16,3;76;52;55;65;3,9;1,9;
2026/03/23;1500 UTC;,2;885,4;886,2;885,4;2879,1;27;18,3;27,4;26,2;18,7;15,4;63;48;59;34;4,6;2,5;
2026/03/23;1600 UTC;0;884,3;885,4;884,3;3822,4;28,2;16,1;28,4;27;19,1;16,1;61;48;48;48;4,5;1,1;
2026/03/23;1700 UTC;0;883,3;884,3;883,3;2863,7;28,7;16,9;29,1;27,4;17,9;15,5;54;46;49;30;4,4;2,1;
2026/03/23;1800 UTC;0;882,7;883,4;882,7;1907,6;28,9;16;29,7;28;17,1;14,8;52;42;46;169;4,4;1,2;
2026/03/23;1900 UTC;0;882,3;882,7;882,2;1195,7;27,7;17,7;29,6;27,7;18,8;15,1;58;43;54;170;3,5;1,3;
2026/03/23;2000 UTC;0;882,1;882,3;882;493,6;27,1;17,4;28,5;27,1;18,4;16,6;57;48;55;107;3,4;1,2;
2026/03/23;2100 UTC;0;882,5;882,7;882,1;234,8;24;18,2;27,5;24;20;17,6;70;55;70;358;5,8;3;
2026/03/23;2200 UTC;0;883,2;883,2;882,4;21,5;22,8;19,1;24;22,8;19,5;17,8;81;69;80;340;5,8;,3;
2026/03/23;2300 UTC;0;883,9;883,9;883,2;;22,9;18,1;23,1;22,2;19,2;17,8;81;73;74;326;3,1;1,6;
2026/03/24;0000 UTC;0;884,4;884,4;883,9;;21,4;16,9;23;21,1;18,7;16,9;85;72;76;263;3,6;1,8;
2026/03/24;0100 UTC;0;885,2;885,2;884,4;;22,2;17,7;22,7;21,4;18,3;16,8;79;74;76;108;5,1;2,8;
2026/03/24;0200 UTC;0;885,4;885,4;885,2;;21,2;18,3;22,2;21,2;18,7;17,6;84;75;84;21;6;2,8;
2026/03/24;0300 UTC;0;885,7;885,7;885,4;;20;18,3;21,2;20;18,3;18,1;90;84;90;349;5,5;2,2;
2026/03/24;0400 UTC;0;885,5;885,8;885,5;;19,2;18,2;20;19,2;18,4;18,2;94;90;94;326;5,9;2,3;
2026/03/24;0500 UTC;0;885,1;885,5;885,1;;18,8;17,8;19,2;18,8;18,2;17,8;95;94;94;324;5,2;2;
2026/03/24;0600 UTC;0;885,3;885,5;885,1;;18,6;17,8;19;18,6;17,9;17,7;95;93;95;328;7,4;3,1;
2026/03/24;0700 UTC;0;885;885,3;885;;18,5;17,7;18,6;18,4;17,9;17,6;96;95;95;347;8,5;3,9;
2026/03/24;0800 UTC;0;885,1;885,1;884,9;;18,4;17,5;18,7;18,4;18,1;17,5;96;94;94;345;7,6;3,8;
2026/03/24;0900 UTC;0;885,6;885,7;885,1;;17,7;16,5;18,4;17,7;17,4;16,3;94;91;93;326;7;1,7;
2026/03/24;1000 UTC;0;886;886;885,6;145,1;18,4;16,1;18,4;17,6;16,5;16;93;87;87;324;4,5;2,4;
2026/03/24;1100 UTC;0;886,6;886,6;886;835;21;16,4;21;18,4;16,6;15,8;87;75;75;342;4,4;1,9;
2026/03/24;1200 UTC;0;887;887;886,5;1689,6;22,5;16,9;22,6;20,9;17,4;16,2;76;70;71;2;6,5;3,5;
2026/03/24;1300 UTC;0;887;887,2;886,9;2426;23,3;16,8;23,3;22,2;17,1;15,9;73;64;67;355;6,5;2,7;
2026/03/24;1400 UTC;0;886,7;887;886,7;2999,5;24,6;18,2;24,7;23,3;18,2;16,1;69;61;67;4;5,7;2,6;
2026/03/24;1500 UTC;0;886,6;886,8;886,6;3589,5;25,6;17,8;25,8;24,3;18,5;16,5;69;59;62;310;5,9;2,3;
2026/03/24;1600 UTC;0;885,6;886,6;885,6;3609,3;26,1;18,4;26,9;25,6;19,2;17,4;65;59;63;5;5,4;2,7;
2026/03/24;1700 UTC;0;884,4;885,6;884,4;2251,8;26,1;18,4;26,9;25,9;19,1;16,9;64;56;62;320;6,2;1,8;
2026/03/24;1800 UTC;0;883,9;884,4;883,3;896,5;24;19;26,5;24;19,1;17,7;74;60;74;345;7,1;3,4;
2026/03/24;1900 UTC;12,8;883,6;884,5;883,6;84,6;18,2;17,2;24;18;19,5;17,2;96;74;94;279;9,7;2,8;
2026/03/24;2000 UTC;0;883,9;883,9;883;64,8;18,4;16,9;18,4;18,1;17,1;16,6;94;91;91;259;7,3;1,4;
2026/03/24;2100 UTC;0;884;884;883,7;74;19,3;17,8;19,5;18,4;17,9;16,9;91;87;91;194;4;,6;
2026/03/24;2200 UTC;0;885;885;884;6,7;19,2;17,8;19,5;19,1;18;17,6;93;89;91;151;3,6;1,6;
2026/03/24;2300 UTC;0;885,4;885,4;884,9;;18,3;17,2;19,3;18,3;17,8;17,1;93;90;93;199;5,4;1,3;
2026/03/25;0000 UTC;0;886;886;885,4;;18,4;17,4;18,5;18,2;17,5;17,1;94;93;94;352;3,1;1,2;
2026/03/25;0100 UTC;0;886,5;886,5;885,9;;18,5;17,7;18,6;18;17,7;17,1;95;93;95;354;2,3;1,1;
2026/03/25;0200 UTC;0;886,5;886,6;886,4;;18,6;17,7;18,8;18,4;17,9;17,5;95;94;94;311;2,5;1,6;
2026/03/25;0300 UTC;0;887,1;887,1;886,5;;18,8;17,4;19,2;18,6;17,7;17,3;94;89;91;357;3;,9;
2026/03/25;0400 UTC;0;886,5;887,1;886,5;;18,6;17,8;18,9;18,6;17,9;17,4;95;91;95;354;1,9;1,1;
2026/03/25;0500 UTC;0;885,7;886,5;885,7;;18,9;18,2;18,9;18,2;18,2;17,5;96;95;96;328;1,8;,8;
2026/03/25;0600 UTC;0;885,8;885,8;885,4;;19;18,4;19;18,5;18,4;17,9;97;96;97;35;1,3;,3;
2026/03/25;0700 UTC;,4;885,6;885,8;885,5;;18;16,6;19,1;18;18,6;16,6;97;90;91;8;7,1;3;
2026/03/25;0800 UTC;5;886,9;886,9;885,6;;17,5;16,9;18;17,4;16,9;16,4;96;91;96;120;5,6;1;
2026/03/25;0900 UTC;2,6;887,2;887,2;886,8;;17,6;17;17,6;17,4;17;16,7;96;95;96;123;3,3;1,1;
2026/03/25;1000 UTC;,4;887,2;887,2;887,1;32,6;17,9;17,4;17,9;17,6;17,4;17;97;96;97;156;2,8;,4;
2026/03/25;1100 UTC;,2;888,3;888,3;887,2;374,1;18,6;17,8;18,6;17,9;18;17,4;97;95;95;359;2,3;1,5;
2026/03/25;1200 UTC;,2;888,9;888,9;888,3;650,1;19,5;17,7;19,5;18,6;17,9;17,3;95;88;89;1;4;2,6;
2026/03/25;1300 UTC;0;889,2;889,2;888,9;812,5;20,1;18,1;20,1;19,5;18,1;17,5;90;86;88;6;6,2;3,8;
2026/03/25;1400 UTC;0;889,3;889,4;889,2;2227,3;21,5;17,9;21,9;20,1;18,8;17,6;88;78;80;6;6,5;3,8;
2026/03/25;1500 UTC;0;888,7;889,4;888,7;1731,1;21,9;17,8;22,4;21,2;18,3;17,4;81;75;78;12;7,2;4;
2026/03/25;1600 UTC;0;887,7;888,7;887,7;1942,8;23,1;17,5;23,1;21,8;18,4;17,4;79;71;71;24;6,9;2,7;
2026/03/25;1700 UTC;0;886,8;887,7;886,8;2539,8;24,3;17,4;24,4;22,9;18,3;16,6;74;65;65;17;5,8;2,5;
2026/03/25;1800 UTC;,2;886,1;886,8;886,1;2207,3;23,4;16,4;24,9;23,4;18,1;16,3;70;61;65;22;6,2;2,9;
2026/03/25;1900 UTC;0;886,2;886,2;885,9;2190,2;23,8;16,2;25,5;23,4;17,5;15,9;66;57;62;43;5,7;2,6;
2026/03/25;2000 UTC;0;886;886,2;886;945,1;22,9;17;24,1;22,6;17,6;16,2;71;62;69;29;5,8;2,7;
2026/03/25;2100 UTC;0;886,5;886,5;885,9;326,1;21,4;17;22,9;21,4;17,3;16,8;76;69;76;42;5,5;2,2;
2026/03/25;2200 UTC;0;886,7;886,8;886,5;3,1;20,7;16,9;21,4;20,7;17,1;16,9;80;76;79;35;4,9;1,6;
2026/03/25;2300 UTC;0;887,1;887,1;886,7;;19,5;16,7;20,7;19,5;16,9;16,6;84;78;84;42;4,4;1,4;
2026/03/26;0000 UTC;0;887,7;887,7;887,1;;18,9;16,1;19,5;18,9;16,7;16,1;84;83;84;35;4,9;2;
2026/03/26;0100 UTC;0;888,2;888,2;887,7;;18,6;15,8;18,9;18,6;16;15,7;84;83;83;37;4,4;1,1;
2026/03/26;0200 UTC;0;888,4;888,5;888,2;;19,1;15,1;19,1;18,6;15,8;14,9;84;77;77;73;3,4;1,9;
2026/03/26;0300 UTC;0;888,2;888,5;888,1;;18,8;15,9;19,2;18,7;15,9;15;84;77;84;71;4,7;1,7;
2026/03/26;0400 UTC;0;887,7;888,2;887,7;;18,4;16,3;18,8;18;16,3;15,9;89;84;88;74;3,5;1,6;
2026/03/26;0500 UTC;0;887,5;887,7;887,5;;17,9;16,5;18,7;17,7;16,6;16,2;92;87;91;102;4,2;1,6;
2026/03/26;0600 UTC;0;887,4;887,5;887,4;;17,5;16,7;18;17,4;16,7;16,1;95;91;95;97;6,4;3,3;
2026/03/26;0700 UTC;0;887,2;887,4;887,2;;18;17,2;18,1;17,5;17,2;16,7;95;94;95;96;6,8;3,1;
2026/03/26;0800 UTC;0;887,4;887,5;887,2;;18,1;17,1;18,1;18;17,4;17,1;95;94;94;59;6,5;2,2;
2026/03/26;0900 UTC;0;887,7;887,7;887,4;;18,1;17;18,2;18;17,1;16,8;94;92;93;66;4,7;1,7;
2026/03/26;1000 UTC;0;888,3;888,3;887,7;54,4;18,5;17,2;18,5;18,1;17,2;17;93;92;92;82;3,6;1,4;
2026/03/26;1100 UTC;0;888,7;888,7;888,3;391;19,4;17,6;19,4;18,5;17,7;17,2;92;89;89;71;4,4;2,5;
2026/03/26;1200 UTC;0;889,2;889,2;888,7;1041,5;20,1;17,4;20,4;19,4;18,1;17,3;90;84;85;71;6,4;2,9;
2026/03/26;1300 UTC;0;889,3;889,4;889,2;2225,8;21,9;17,6;22,3;20,1;18,2;17,2;85;74;77;61;6,5;2,9;
2026/03/26;1400 UTC;0;889;889,3;888,9;3022,3;23,7;17,6;24,2;21,9;18,8;17,3;79;66;69;45;6,2;2,4;
2026/03/26;1500 UTC;7,6;888,6;889;888,6;1350,2;20,7;18,7;23,7;19,3;19,4;17,1;93;68;88;134;7,6;1,7;
2026/03/26;1600 UTC;0;887,3;888,6;887,3;3768,3;25;17,4;25,3;20,7;20;17,1;92;61;63;21;5,7;2,3;
2026/03/26;1700 UTC;,2;886,5;887,3;886,5;1755;24,3;17,6;26;24,3;18;16,5;66;57;66;38;4,6;1,9;
2026/03/26;1800 UTC;0;886,1;886,6;886;1284;25,5;16,8;25,5;24,2;18,4;15,9;69;58;59;86;5,4;1,4;
2026/03/26;1900 UTC;0;885,7;886,1;885,7;633,1;22,4;18,2;25,5;22,4;19;16,6;77;58;77;113;7,5;3,4;
2026/03/26;2000 UTC;0;886,3;886,5;885,7;202,8;20,2;17,9;22,4;20,2;18,8;17,8;91;77;86;196;8,7;2,9;
2026/03/26;2100 UTC;0;886,5;886,5;886,2;111,6;20,1;18,4;20,4;20;18,4;17,6;90;85;90;338;5,6;,6;
2026/03/26;2200 UTC;0;886,9;886,9;886,5;,9;20,2;18,6;20,8;20,1;18,6;18,4;90;87;90;147;4;1,6;
2026/03/26;2300 UTC;0;887,7;887,7;886,9;;19,9;18,5;20,2;19,7;18,6;18,4;92;90;92;141;3,6;1,6;
2026/03/27;0000 UTC;0;888,4;888,4;887,7;;20,2;18,7;20,3;19,8;18,9;18,5;92;91;91;120;4,6;2,2;
2026/03/27;0100 UTC;0;888,5;888,5;888,4;;20,1;18,8;20,3;20,1;18,8;18,7;92;91;92;113;5,2;2,7;
2026/03/27;0200 UTC;0;888,3;888,5;888,3;;20;18,9;20,1;19,9;19;18,8;94;92;93;105;5,5;2,7;
2026/03/27;0300 UTC;0;888,1;888,3;888,1;;19,9;19;20;19,9;19;18,9;95;93;95;101;6;2,4;
2026/03/27;0400 UTC;0;888;888,2;888;;19,9;19,1;19,9;19,9;19,1;19;95;95;95;117;4,6;1,9;
2026/03/27;0500 UTC;0;887,7;888;887,7;;19,7;18,8;19,9;19,7;19;18,8;95;95;95;99;4,6;1,6;
2026/03/27;0600 UTC;0;887,2;887,7;887,2;;19,5;18,7;19,7;19,5;18,8;18,7;95;94;95;103;5;1,8;
2026/03/27;0700 UTC;0;887,4;887,4;887,2;;19,5;18,5;19,6;19,5;18,7;18,5;95;94;94;96;6,1;3;
2026/03/27;0800 UTC;0;887,5;887,5;887,3;;19,2;18,4;19,6;19,2;18,5;18,3;95;94;95;94;6,1;2,2;
2026/03/27;0900 UTC;0;887,8;887,8;887,5;;19,1;18,1;19,4;19,1;18,4;18,1;95;93;94;91;6,6;2,8;
2026/03/27;1000 UTC;0;888,5;888,5;887,8;75,2;19,1;17,8;19,2;18,9;18;17,7;94;92;92;94;6,7;3,6;
2026/03/27;1100 UTC;0;889,2;889,2;888,5;307,2;19,5;17,7;19,6;19,1;18;17,6;92;89;89;96;8;4,7;
2026/03/27;1200 UTC;0;889,8;889,8;889,2;631,7;20,1;18;20,1;19,5;18,1;17,7;90;86;88;90;9,2;4,4;
2026/03/27;1300 UTC;0;890;890,1;889,8;1146;21,4;18,3;21,4;20,1;18,5;17,8;89;82;83;88;8,1;3,5;
2026/03/27;1400 UTC;0;889,9;890;889,9;2493,4;23,5;18,5;23,5;21,4;18,6;17,9;84;73;74;89;7,5;4,1;
2026/03/27;1500 UTC;0;889,1;889,9;889,1;3431,6;24;18,3;24;22,7;18,9;17,5;77;68;70;84;8,8;4,5;
2026/03/27;1600 UTC;0;888,1;889,1;888,1;3313,7;24,5;16,3;25,3;23,8;18,6;16,3;71;59;60;113;9,1;4,4;
2026/03/27;1700 UTC;0;887,3;888,1;887,3;3398,7;25,8;16,9;26;24,4;17,6;16,3;65;55;58;76;8,4;3,7;
2026/03/27;1800 UTC;0;886,9;887,4;886,9;2846,5;26,3;16,5;26,3;24,9;17,1;15,6;59;52;55;81;9,7;3,7;
2026/03/27;1900 UTC;0;886,6;886,9;886,6;1683,8;25,2;16,5;26,4;25;17;15,3;59;51;58;113;7,5;3,2;
2026/03/27;2000 UTC;0;886,4;886,7;886,4;953,4;24,6;16,7;26,1;24,3;16,8;15,7;62;54;61;99;8;3,8;
2026/03/27;2100 UTC;0;886,4;886,6;886,4;366,6;23,7;17,2;25,5;23,7;17,2;16,3;67;58;67;103;7,8;2,9;
2026/03/27;2200 UTC;0;887,1;887,1;886,4;5,1;22,9;17,6;23,7;22,8;17,6;17;72;66;72;117;6,2;2,4;
2026/03/27;2300 UTC;0;887,4;887,4;887,1;;22;17,1;22,9;22;17,6;17;74;71;74;113;6,8;3;
2026/03/28;0000 UTC;0;888;888;887,4;;21,4;16,6;22;21,4;17,1;16,4;75;72;74;96;9,2;3,9;
2026/03/28;0100 UTC;0;888,3;888,3;888;;20,3;16,8;21,4;20,2;16,8;16,6;81;74;80;95;7,9;3,5;
2026/03/28;0200 UTC;0;888,6;888,7;888,3;;19,5;16,5;20,3;19,5;16,8;16,5;82;80;82;108;6,7;2,3;
2026/03/28;0300 UTC;0;888,5;888,8;888,5;;19,4;16,3;19,7;19,4;16,4;16,3;83;81;82;98;7;3;
2026/03/28;0400 UTC;0;888;888,6;888;;19,2;16,2;19,5;19,2;16,3;16,1;83;81;83;108;5,8;2,6;
2026/03/28;0500 UTC;0;887,7;888,1;887,7;;19,1;15,9;19,5;19;16,1;15,9;83;80;82;104;6,5;2,1;
2026/03/28;0600 UTC;0;887,4;887,7;887,4;;18,9;16;19,1;18,8;16,1;15,9;84;82;84;103;5,6;2,9;
2026/03/28;0700 UTC;0;887,1;887,4;887,1;;18,8;16;18,9;18,7;16;16;84;83;84;99;5,8;2,8;
2026/03/28;0800 UTC;0;887,4;887,4;887,1;;18,6;16;18,8;18,6;16,1;16;85;84;85;105;6,6;3,6;
2026/03/28;0900 UTC;0;888,1;888,2;887,4;;18;16;18,8;18;16,1;16;88;84;88;113;7,4;2,9;
2026/03/28;1000 UTC;0;888,8;888,8;888,1;116,8;18,1;16,3;18,1;17,8;16,3;16;90;88;89;104;6,2;2,9;
2026/03/28;1100 UTC;0;889,4;889,4;888,8;794,2;19,6;16,7;19,7;18,1;17;16,3;89;83;84;92;8,1;4,4;
2026/03/28;1200 UTC;0;890;890;889,4;1796,1;21,3;17,4;21,3;19,5;17,4;16,7;84;77;78;99;8,8;3,9;
2026/03/28;1300 UTC;0;890,3;890,3;890;2073,5;22,4;17,5;22,4;21;17,6;16,7;79;72;74;99;9,8;5,1;
2026/03/28;1400 UTC;0;890,4;890,5;890,3;2419,8;23,3;17,5;24,1;22,2;18,2;16,7;75;65;70;95;8,4;3,8;
2026/03/28;1500 UTC;0;889,7;890,4;889,7;2584;24,3;17,1;24,6;23;17,9;16,6;72;63;64;112;8;4;
2026/03/28;1600 UTC;0;889,1;889,7;889,1;2823,8;25,3;16,7;25,6;23,9;17,9;16,6;67;59;59;110;8;3,8;
2026/03/28;1700 UTC;0;888,3;889,1;888,3;2821,9;25,4;16,3;26,2;24,8;17,7;15,6;62;53;57;115;7,2;3,5;
2026/03/28;1800 UTC;0;887,7;888,3;887,7;2276,2;25,8;17,2;26,6;24,7;17,6;16,1;63;54;59;97;8,9;3,1;
2026/03/28;1900 UTC;0;887,6;887,7;887,5;1715,5;25,9;15,6;26,5;24,8;17,5;15,2;59;51;53;93;7,3;3,4;
2026/03/28;2000 UTC;0;887,6;887,6;887,4;1129,6;24,9;16,4;26;24,8;16,8;15,5;59;53;59;93;7,2;3,2;
2026/03/28;2100 UTC;0;887,8;887,9;887,5;435,7;23,7;16,7;25,2;23,7;16,9;16,2;65;58;65;124;6,8;2,7;
2026/03/28;2200 UTC;0;888,1;888,1;887,8;5,2;22,6;17,2;23,7;22,6;17,2;16,6;72;65;72;131;6,5;1,8;
2026/03/28;2300 UTC;0;888,3;888,3;888,1;;21,9;17,3;22,6;21,9;17,3;17;75;72;75;127;6,2;2,7;
2026/03/29;0000 UTC;0;888,6;888,6;888,3;;21,5;17,4;22;21,5;17,4;17,2;77;75;77;126;6,8;3,4;
2026/03/29;0100 UTC;0;888,9;888,9;888,6;;21,1;17,2;21,5;21,1;17,4;17,2;79;77;79;123;7,1;3,5;
2026/03/29;0200 UTC;0;889;889,1;888,8;;20,5;17,5;21,1;20,5;17,5;17,2;83;79;83;119;7,5;2,7;
2026/03/29;0300 UTC;0;889;889,1;889;;19,8;17,5;20,5;19,8;17,6;17,5;87;83;87;115;5,9;2,6;
2026/03/29;0400 UTC;0;888,8;889;888,8;;19,7;17,5;19,9;19,6;17,6;17,5;88;86;87;96;5,6;1,6;
2026/03/29;0500 UTC;0;888,5;888,9;888,5;;19,2;17,3;19,7;19,2;17,5;17,3;89;87;89;122;5,1;1,5;
2026/03/29;0600 UTC;0;888,3;888,5;888,3;;19,3;17,5;19,4;19,1;17,5;17,3;89;89;89;135;3,6;1,6;
2026/03/29;0700 UTC;0;888,4;888,5;888,3;;19;17,4;19,7;19;17,6;17,4;91;87;91;116;6,1;2,3;
2026/03/29;0800 UTC;0;888,6;888,6;888,3;;18,5;17,3;19;18,4;17,4;17,2;93;91;92;113;4,6;2,2;
2026/03/29;0900 UTC;0;889,1;889,1;888,5;;18,2;16,9;18,5;18,2;17,3;16,9;93;92;92;98;6,8;2,9;
2026/03/29;1000 UTC;0;889,6;889,6;889,1;82,2;18,3;16,8;18,3;18;16,9;16,7;93;91;91;97;7,3;3,4;
2026/03/29;1100 UTC;0;890;890;889,5;768,1;19,7;16,3;19,7;18,3;17;16,3;91;81;81;90;7,8;4,8;
2026/03/29;1200 UTC;0;890,2;890,2;890;1812,4;21,3;16,2;21,3;19,7;16,5;15,7;81;71;73;85;8,3;4,5;
2026/03/29;1300 UTC;0;890,2;890,2;890;2584,6;22,9;15,9;23;21,3;16,8;15,7;73;65;65;100;8;4;
2026/03/29;1400 UTC;0;890;890,3;890;3158,4;23,9;16,4;24;22,6;17,2;15,6;68;61;63;85;8,3;3,8;
2026/03/29;1500 UTC;0;889,3;890;889,3;3600,6;25;17,6;25,2;23,7;18,5;16,6;69;62;63;73;7,7;3,7;
2026/03/29;1600 UTC;0;888,4;889,3;888,4;3431,1;26;17,2;26;24,7;18,1;16,1;65;55;59;96;8;3,3;
2026/03/29;1700 UTC;0;887,5;888,4;887,5;3350,4;26,2;16;26,8;25,2;17,6;15,7;60;51;53;126;6,7;2,9;
2026/03/29;1800 UTC;0;886,9;887,5;886,8;2111,1;26,4;16,7;26,7;25,3;17,2;15,3;58;51;55;129;7,4;3,7;
2026/03/29;1900 UTC;0;886,5;886,9;886,5;2147;26,6;16,1;26,8;25,9;17,1;15,6;56;51;53;111;6,8;2,7;
2026/03/29;2000 UTC;0;886,6;886,7;886,5;1149,6;25,1;16,1;26,9;25,1;16,5;15;58;50;57;144;7,9;2,9;
2026/03/29;2100 UTC;0;886,8;886,8;886,6;471,3;24,1;15,8;25,4;24,1;16,4;15,6;60;56;60;123;6,5;2,7;
2026/03/29;2200 UTC;0;887,4;887,4;886,8;2,8;23,2;15,8;24,1;23,1;15,9;15,5;63;59;63;117;6;2,5;
2026/03/29;2300 UTC;0;887,9;887,9;887,4;;22,1;16,2;23,2;22,1;16,3;15,7;69;63;69;114;6,2;3,3;
2026/03/30;0000 UTC;0;888,3;888,3;887,9;;20,9;16,7;22,1;20,9;16,7;16,2;77;69;77;96;5,8;2;
2026/03/30;0100 UTC;0;888,5;888,5;888,3;;20,4;16,5;20,9;20,3;16,7;16,5;79;77;78;112;4,4;1,7;
2026/03/30;0200 UTC;0;888,7;888,8;888,5;;19,7;16,6;20,4;19,7;16,6;16,5;82;78;82;123;4;1,5;
2026/03/30;0300 UTC;0;888,4;888,7;888,4;;19,2;16,4;19,9;19,2;16,6;16,4;84;81;84;137;3,6;1,4;
2026/03/30;0400 UTC;0;888,2;888,4;888,2;;17,5;16,1;19,2;17,5;16,5;16,1;92;84;92;144;2,4;1;
2026/03/30;0500 UTC;0;888,1;888,3;888,1;;16,6;15,6;17,5;16,6;16,2;15,6;95;92;94;127;1,6;1;
2026/03/30;0600 UTC;0;887,5;888,1;887,5;;18;16,3;18,2;16,5;16,7;15,6;96;89;89;127;2,5;1,2;
2026/03/30;0700 UTC;0;887,2;887,6;887,2;;18;16,2;18;17,1;16,3;15,8;93;89;89;115;3;1,5;
2026/03/30;0800 UTC;0;887,2;887,2;887,2;;17,6;15,8;18,1;17,5;16,2;15,6;89;88;89;119;3;1,2;
2026/03/30;0900 UTC;0;887,4;887,4;887,1;;17,4;15,8;17,9;17,4;15,9;15,8;90;88;90;128;2,8;1,6;
2026/03/30;1000 UTC;0;887,8;887,8;887,4;110,3;18,8;16,2;18,8;17,4;16,2;15,8;91;84;84;117;3,3;1,8;
2026/03/30;1100 UTC;0;888,2;888,2;887,8;898,5;20,8;16,2;20,9;18,8;16,6;15,9;84;74;75;93;4,3;2,6;
2026/03/30;1200 UTC;0;888,5;888,5;888,2;1799,1;22,5;16,9;22,5;20,8;16,9;15,9;76;68;71;101;5,8;3,2;
2026/03/30;1300 UTC;0;888,5;888,7;888,5;2591,4;23,3;15,9;23,8;22,5;17;15,7;71;62;63;85;7,5;4;
2026/03/30;1400 UTC;0;888,3;888,5;888,3;3170,5;24,3;15,8;24,8;23,3;17;15,4;64;58;59;90;7,5;3,2;
2026/03/30;1500 UTC;0;887,6;888,3;887,6;3546,9;25,4;14,5;25,4;24,3;16,6;14,2;62;51;51;76;7;2,5;
2026/03/30;1600 UTC;0;886,7;887,6;886,7;3621;26,2;14,6;26,6;25,3;16;13,7;55;47;49;59;5,3;2,3;
2026/03/30;1700 UTC;0;885,8;886,7;885,8;2852,7;25,7;14,6;27,8;25,5;15,8;13,2;52;43;50;126;6,3;2,2;
2026/03/30;1800 UTC;0;885,2;885,8;885,2;2402,2;26,9;13,2;27,3;25,6;15,4;12,6;52;41;43;169;5;1,9;
2026/03/30;1900 UTC;0;884,4;885,2;884,4;1514,4;26,8;12,3;27,5;26,1;14,7;11,8;48;39;41;48;4;1,1;
2026/03/30;2000 UTC;0;884,2;884,4;884;783,2;25;14,2;27,6;25;15,2;11,6;52;38;51;329;3,2;1,4;
2026/03/30;2100 UTC;0;884,4;884,4;884,2;184,8;24,3;16,6;25,1;24,3;16,6;13,9;62;50;62;7;2,6;1;
2026/03/30;2200 UTC;0;884,7;884,7;884,4;,9;24;15,2;24,3;22,4;17,8;15,2;74;58;58;112;2,9;1,7;
2026/03/30;2300 UTC;0;885,1;885,1;884,6;;23,4;16,1;24,2;23,3;16,2;15,1;65;57;64;121;5,1;2,1;
2026/03/31;0000 UTC;0;885,9;885,9;885,1;;21,4;16,1;23,4;21,4;17,2;15,9;74;64;71;292;3,6;1,2;
2026/03/31;0100 UTC;0;886,5;886,5;885,9;;19,4;16,2;21,4;19,4;16,5;16,1;82;72;82;329;4,8;1,8;
2026/03/31;0200 UTC;0;886,5;886,7;886,5;;18,1;16,3;19,4;18,1;16,4;16;89;82;89;49;3;1;
2026/03/31;0300 UTC;0;886,3;886,5;886,3;;19,5;16,5;21;18,1;16,6;16,2;90;75;83;58;3,3;,8;
2026/03/31;0400 UTC;0;885,9;886,3;885,8;;19,7;16,5;20,7;19;16,6;16,4;86;77;82;125;2,5;1,1;
2026/03/31;0500 UTC;0;885,4;885,9;885,4;;19,5;16,7;20,1;18,6;16,7;16,3;87;80;84;43;2,5;,9;
2026/03/31;0600 UTC;0;885;885,4;885;;19,6;16,6;19,6;18,7;17,1;16,6;90;83;83;107;2,2;1,2;
2026/03/31;0700 UTC;0;884,8;885;884,8;;20,2;16,3;20,4;19,2;16,9;16,2;87;77;78;59;3,6;1,3;
2026/03/31;0800 UTC;0;885;885;884,8;;17,3;16,1;20,2;17,3;16,4;15,9;93;78;93;36;3;,6;
2026/03/31;0900 UTC;0;884,9;885;884,9;;17,5;15,9;18,6;17,3;16,5;15,8;93;85;90;47;2,4;,7;
2026/03/31;1000 UTC;0;885,4;885,4;884,9;109,3;20,8;17,4;20,8;17,4;17,7;15,8;91;81;81;60;2,1;,4;
2026/03/31;1100 UTC;0;885,9;885,9;885,4;864,3;21,8;16,4;21,8;20,4;17,1;16;81;70;72;9;3,4;2;
2026/03/31;1200 UTC;0;886,5;886,5;885,9;1750,9;23,5;16,8;23,7;21,8;17,2;16,2;73;65;66;11;4,5;2,4;
2026/03/31;1300 UTC;0;886,9;886,9;886,5;2392,1;24,7;17;25;23,4;18,1;16,9;70;62;62;21;5,1;2,3;
2026/03/31;1400 UTC;0;886,6;886,9;886,6;2951,2;25,1;17,3;25,5;24;18,1;16,4;67;59;62;20;5,6;2,8;
2026/03/31;1500 UTC;0;885,8;886,6;885,8;2772,5;26,3;17,3;26,4;24,3;18;16,6;64;56;58;341;7,9;3,3;
2026/03/31;1600 UTC;0;884,7;885,8;884,7;3411,9;26;15,6;27,3;25,9;18,1;15,5;60;48;53;342;7,9;2,4;
2026/03/31;1700 UTC;0;884,1;884,7;884,1;1195,8;23,5;17,8;27;23,5;17,8;14,8;71;48;70;158;6,1;2,1;
2026/03/31;1800 UTC;0;883,5;884,2;883,5;695,2;21,4;16,9;23,5;21,1;18,9;16,7;83;70;75;118;5,8;2,5;
2026/03/31;1900 UTC;,2;883,4;883,6;883,3;288;20,5;18,6;22,4;20,5;18,9;16,7;90;70;89;249;5,2;1,7;
2026/03/31;2000 UTC;1,4;883,3;883,4;883,1;171,3;19,8;18,3;20,5;19,7;18,8;17,9;92;89;91;313;3,3;1,3;
2026/03/31;2100 UTC;0;883,2;883,3;883,1;96,4;20;18,3;20;19,7;18,6;17,8;92;89;90;314;3,7;1,2;
2026/03/31;2200 UTC;0;884,2;884,2;883,2;;19,6;18,4;20;19,6;18,8;18,3;93;90;92;316;3,8;1,9;
2026/03/31;2300 UTC;,2;885,1;885,1;884,2;;19,8;17,9;19,9;19,6;18,4;17,9;92;89;89;323;3,8;1,2;
2026/04/01;0000 UTC;0;885,6;885,6;885,1;;19,5;17,9;19,8;19,5;18,1;17,7;91;88;91;326;2,3;,4;
2026/04/01;0100 UTC;0;886,1;886,1;885,6;;19,2;17,7;19,7;19,1;18,1;17,7;94;89;91;340;5,5;2,2;
2026/04/01;0200 UTC;0;886,1;886,4;886,1;;19;17;19,2;18,8;17,7;17;92;88;88;318;3,7;1,4;
2026/04/01;0300 UTC;0;886,1;886,1;885,9;;18,1;16,8;19;18,1;17,2;16,8;92;88;92;359;2,7;1,8;
2026/04/01;0400 UTC;0;885,7;886,1;885,7;;18,8;17,2;18,9;18,1;17,4;16,7;93;90;90;328;2,3;,6;
2026/04/01;0500 UTC;0;885,4;885,7;885,4;;18,4;17,6;18,8;18,2;17,6;17,1;95;90;95;222;1,5;,5;
2026/04/01;0600 UTC;0;885,4;885,5;885,3;;19,1;17,4;19,1;18;17,6;17,1;95;90;90;157;3,1;1,7;
2026/04/01;0700 UTC;0;885,1;885,5;885,1;;18,7;17,4;19,2;18,7;17,4;17,1;92;88;92;167;3,8;1,8;
2026/04/01;0800 UTC;0;885,1;885,1;885;;17,3;16,4;18,7;17,3;17,4;16,4;95;92;95;174;3,8;,5;
2026/04/01;0900 UTC;0;885,6;885,6;885,1;;17,6;17,1;17,8;17,1;17,2;16,2;97;95;97;323;1,5;1;
2026/04/01;1000 UTC;0;886,4;886,4;885,6;56,6;18,3;17,8;18,3;17,6;17,8;17,1;97;97;97;332;1,9;1,1;
2026/04/01;1100 UTC;0;887;887;886,4;563,5;20,6;18,3;21;18,3;19,8;17,8;97;86;87;126;2,8;1,3;
2026/04/01;1200 UTC;0;887,4;887,4;887;1389,3;21,7;18,2;21,8;20,5;19;17,8;88;80;80;131;3,5;1,8;
2026/04/01;1300 UTC;0;887,5;887,6;887,4;2204,9;23,6;18,5;23,6;21,5;19,2;17,6;82;72;73;69;3,8;1,8;
2026/04/01;1400 UTC;0;887,3;887,6;887,3;1570,1;22,2;18,3;24,2;22,2;18,7;17,7;79;68;79;279;6,7;1,8;
2026/04/01;1500 UTC;1,2;887,2;887,3;887;249,1;20,1;18,2;22,2;20,1;18,2;16,7;89;76;89;45;6,7;1,3;
2026/04/01;1600 UTC;1,2;886,9;887,2;886,7;552,2;19,7;18,7;20,4;19,7;19,2;18;94;88;94;37;6,1;3,2;
2026/04/01;1700 UTC;,4;886;886,9;886;1682,9;21;18,2;21,1;19,5;19;18,1;95;83;84;97;6,1;2;
2026/04/01;1800 UTC;0;885,3;886;885,3;1555,6;22,4;16,9;22,7;20,9;18,6;16,4;84;68;71;65;3,8;1,5;
2026/04/01;1900 UTC;0;884,9;885,4;884,8;804,1;21,9;17,9;22,6;21,8;18,4;16,4;81;69;78;115;3,9;2,1;
2026/04/01;2000 UTC;0;884,8;884,9;884,8;1078,3;21,8;18,5;22,6;21,6;19,2;18;84;78;82;118;5,1;2,2;
2026/04/01;2100 UTC;0;885;885;884,8;212,4;21;18,7;22;21;18,9;18;87;80;87;111;3,7;1,4;
2026/04/01;2200 UTC;0;885,4;885,4;885;2;20,1;18,7;21;20,1;18,8;18,5;92;87;92;125;3,6;2;
2026/04/01;2300 UTC;0;886;886;885,4;;19,9;18,1;20,1;19,8;18,8;18,1;93;90;90;115;3,6;1,3;
2026/04/02;0000 UTC;0;887,3;887,3;886;;19,8;18,7;19,9;19,2;18,7;17,6;93;87;93;38;2,1;1,1;
2026/04/02;0100 UTC;0;887,6;887,6;887,1;;19,3;18,2;20,1;19,3;18,9;18,1;94;92;93;57;2,7;,7;
2026/04/02;0200 UTC;0;887,8;887,8;887,6;;19,8;17,6;19,8;18,7;18,2;17,5;94;87;87;75;3,5;1,7;
2026/04/02;0300 UTC;0;887,8;888;887,8;;19,3;18,1;19,8;19,3;18,3;17,6;94;87;93;61;3,5;1,4;
2026/04/02;0400 UTC;0;887;887,8;887;;19,2;17,8;19,3;19,1;18,3;17,8;94;92;92;69;3,9;1,6;
2026/04/02;0500 UTC;0;886,8;887,1;886,8;;18,8;17,7;19,2;18,8;17,9;17,6;93;92;93;105;3,5;1,2;
2026/04/02;0600 UTC;0;886,1;886,8;886;;18,5;17,8;18,8;18,3;18;17,4;96;93;95;89;3,2;1,2;
2026/04/02;0700 UTC;0;885,8;886,1;885,8;;17,1;16,6;18,5;17,1;17,8;16,6;97;95;97;182;2,5;,7;
2026/04/02;0800 UTC;0;885,9;885,9;885,7;;18,1;17,6;18,1;17,1;17,6;16,6;97;97;97;100;1,9;,9;
2026/04/02;0900 UTC;0;886,2;886,2;885,9;;18,4;18;18,4;18,1;18;17,6;98;97;97;71;3,8;1,9;
2026/04/02;1000 UTC;0;887;887;886,2;45,2;18,4;17,9;18,4;18,2;18;17,8;97;97;97;106;3,6;1,5;
2026/04/02;1100 UTC;0;887,8;887,8;887;437,5;19,2;18,5;19,2;18,3;18,5;17,9;97;95;95;63;3,3;1,4;
2026/04/02;1200 UTC;0;888,6;888,6;887,8;1647,9;21,5;17,8;21,9;19,2;18,7;17,8;95;79;79;46;4,1;2,3;
2026/04/02;1300 UTC;0;889,1;889,1;888,5;2307,9;23;18,3;23,1;21,5;18,8;17,6;81;73;75;70;5;2,5;
2026/04/02;1400 UTC;,2;889;889,2;889;1727,9;23;18,5;24,1;22,7;19,2;18,2;78;72;76;83;5,5;2,5;
2026/04/02;1500 UTC;0;888,6;889;888,6;2978,2;25,1;18,2;25,4;23;19,1;17,7;76;63;66;60;7,1;3;
2026/04/02;1600 UTC;0;887,7;888,6;887,7;2147,6;24,9;18,4;25,2;24,2;18,9;17,6;71;64;67;64;5,9;2,6;
2026/04/02;1700 UTC;0;886,9;887,7;886,9;1707,8;24,6;18;25,5;24,6;18,9;17,8;70;64;67;72;5,8;1,7;
2026/04/02;1800 UTC;0;886;886,9;886;720,1;24,1;19,4;24,7;23,8;19,4;17,9;75;66;75;101;4,3;1,4;
2026/04/02;1900 UTC;17,8;886,1;886,4;885,8;235,3;20;19,3;24,2;19,7;20;17,8;96;68;96;66;11,9;3,1;
2026/04/02;2000 UTC;,2;886,4;886,4;885,9;328,3;21,4;19,6;21,4;19,9;19,9;19,2;96;89;89;61;7,4;1,2;
2026/04/02;2100 UTC;0;887;887,1;886,3;110,3;20,5;19,4;21,9;20,4;19,9;19,3;94;88;94;189;4,5;1,3;
2026/04/02;2200 UTC;0;887,4;887,4;886,9;;20,2;19,4;20,5;20,2;19,5;19,3;95;94;95;173;2,6;,7;
2026/04/02;2300 UTC;,2;887,9;888;887,4;;19,7;19;20,2;19,6;19,4;18,9;96;95;96;284;1,5;,5;
2026/04/03;0000 UTC;0;889,1;889,1;887,9;;19,8;19,3;19,8;19,6;19,3;19;97;96;97;349;1,5;1;
2026/04/03;0100 UTC;,2;889,8;889,8;889,1;;20,1;19;20,4;19,8;19,4;19;97;92;94;359;3,3;1,1;
2026/04/03;0200 UTC;1,2;890,1;890,1;889,8;;19,5;18,9;20,1;19,5;19;18,8;96;94;96;303;2,4;,5;
2026/04/03;0300 UTC;,6;889,6;890;889,6;;19,5;19;19,6;19,5;19;18,8;97;96;97;352;1,9;1,5;
2026/04/03;0400 UTC;,4;889,1;889,6;889,1;;19,5;19;19,6;19,5;19;18,9;97;97;97;358;2,5;1,5;
2026/04/03;0500 UTC;,4;888,8;889,1;888,7;;19,5;18,8;19,6;19,5;19;18,8;97;96;96;6;2,8;1,1;
2026/04/03;0600 UTC;,4;888,2;888,8;888,2;;19,4;18,6;19,6;19,4;18,9;18,6;96;95;96;30;3,5;1,4;
2026/04/03;0700 UTC;0;887,7;888,2;887,7;;19;18,2;19,4;19;18,7;18,2;96;95;95;85;3,4;1,2;
2026/04/03;0800 UTC;,2;887,5;887,7;887,5;;18,9;18,1;19;18,9;18,2;18;95;95;95;114;2,8;1,5;
2026/04/03;0900 UTC;0;887,6;887,6;887,4;;18,7;18,1;19;18,7;18,4;18,1;96;95;96;140;3,6;1,8;
2026/04/03;1000 UTC;0;888,4;888,4;887,6;59,3;19,2;18,6;19,2;18,7;18,6;18,1;96;96;96;115;3,6;1,7;
2026/04/03;1100 UTC;0;889,5;889,5;888,4;418,1;19,9;18,8;19,9;19,2;18,8;18,5;96;93;93;129;4;1,8;
2026/04/03;1200 UTC;0;890,1;890,1;889,5;677,9;20,5;18,9;20,6;19,9;19,1;18,6;93;90;90;106;3,9;2,1;
2026/04/03;1300 UTC;0;890,7;890,7;890,1;1212,2;21,5;18,9;21,7;20,5;19,3;18,6;91;84;85;91;4,7;2,3;
2026/04/03;1400 UTC;0;890,6;890,8;890,6;1603,4;22,3;18,6;22,6;21,5;19,6;18,6;87;80;80;94;5,1;2,6;
2026/04/03;1500 UTC;0;890,1;890,6;890,1;1467,9;22,6;18,4;22,9;22,2;19;18,3;82;77;77;72;5,8;2,7;
2026/04/03;1600 UTC;0;889,2;890,1;889,2;1375,4;23,3;18,4;23,4;22,6;19,1;18,3;80;74;74;40;5;1,9;
2026/04/03;1700 UTC;,2;888,5;889,2;888,5;2134,4;24,2;18,1;24,4;23,4;19,1;18;76;68;69;90;4,6;2,4;
2026/04/03;1800 UTC;0;887,7;888,5;887,7;1711,1;24;18,7;24,7;24;18,9;17,8;73;66;72;120;5;2,4;
2026/04/03;1900 UTC;0;887,5;887,8;887,4;745,4;23,7;18,8;24,1;23,6;18,9;18,4;75;71;74;130;4,9;2,4;
2026/04/03;2000 UTC;0;887,4;887,5;887,3;754,8;23,8;18,8;24;23,6;19,2;18,6;76;73;74;111;5;2,4;
2026/04/03;2100 UTC;0;887,2;887,4;887,1;232,2;22,9;18,8;23,8;22,9;18,9;18,5;78;74;78;107;4,5;1,9;
2026/04/03;2200 UTC;0;887,5;887,5;887,2;3,4;22,4;18,9;22,9;22,4;19;18,8;81;78;81;121;3,4;1,7;
2026/04/03;2300 UTC;0;887,7;887,8;887,5;;21,9;19,2;22,4;21,9;19,2;18,9;85;81;85;138;3,3;1,4;
2026/04/04;0000 UTC;0;888,3;888,3;887,7;;21,6;19,5;21,9;21,6;19,5;19,2;88;85;88;129;3,6;1,7;
2026/04/04;0100 UTC;0;889;889;888,3;;21,2;19,4;21,6;21,2;19,8;19,4;91;88;90;122;4,3;2,1;
2026/04/04;0200 UTC;0;889,3;889,3;889;;20,6;19,5;21,2;20,6;19,5;19,3;93;90;93;108;4,6;2,3;
2026/04/04;0300 UTC;0;889,1;889,4;889,1;;20,6;19,9;20,7;20,4;19,9;19,4;95;93;95;122;4,8;2,1;
2026/04/04;0400 UTC;0;888,5;889,1;888,4;;20,4;19,6;20,6;20,4;19,9;19,6;95;95;95;116;5,1;2,6;
2026/04/04;0500 UTC;0;888,2;888,6;888,2;;20,4;19,4;20,5;20,3;19,7;19,3;95;94;94;119;5,7;2,6;
2026/04/04;0600 UTC;0;888;888,2;887,9;;20,3;19,2;20,4;20,3;19,4;19,1;94;93;93;114;5,8;2,3;
2026/04/04;0700 UTC;0;887,8;888,1;887,7;;20;18,8;20,3;20;19,2;18,8;94;93;93;111;5,7;2,8;
2026/04/04;0800 UTC;0;887,8;887,9;887,7;;19,8;18,7;20;19,8;18,9;18,7;94;93;94;105;6;2,5;
2026/04/04;0900 UTC;0;888,3;888,3;887,7;;19,7;18,7;19,8;19,6;18,8;18,6;94;94;94;97;5,5;2;
2026/04/04;1000 UTC;0;888,9;888,9;888,3;58,5;19,6;18,6;19,7;19,5;18,7;18,5;94;93;94;99;5,4;3;
2026/04/04;1100 UTC;0;889,5;889,5;888,9;365;20,4;18,9;20,5;19,6;19,1;18,6;94;91;91;107;5,4;2,8;
2026/04/04;1200 UTC;0;890,2;890,2;889,5;1140,3;21,6;19,1;21,8;20,3;19,4;18,7;92;84;86;94;6,2;2,3;
2026/04/04;1300 UTC;0;890,3;890,4;890,2;2332;23,3;18,8;23,8;21,5;19,8;18,7;87;75;76;109;5,9;2,3;
2026/04/04;1400 UTC;0;890,2;890,4;890,1;3163,9;24,5;18,7;24,9;23,2;19,7;18,3;79;68;70;69;5,5;2,6;
2026/04/04;1500 UTC;0;889,6;890,2;889,6;2896,5;25,6;17,7;26,1;24,3;19,6;17,2;73;60;61;98;5,4;2,7;
2026/04/04;1600 UTC;0;888,8;889,6;888,8;2583,6;26,8;17,6;26,8;25,3;19,2;16,8;65;57;57;94;6,2;2,4;
2026/04/04;1700 UTC;0;888,1;888,8;888,1;2757,3;27,5;16,3;27,6;26;19;15;61;47;50;33;4,8;1,7;
2026/04/04;1800 UTC;0;887,2;888,1;887,2;2330,2;26,7;16,3;27,9;26,7;17,2;15,6;55;47;53;83;5,2;3;
2026/04/04;1900 UTC;0;886,4;887,2;886,4;2172,4;27,5;16,7;27,8;26,6;17,7;14,8;56;46;52;64;5,2;2,4;
2026/04/04;2000 UTC;0;886,1;886,4;886;677,1;26,5;16,6;27,5;26;17;15,7;57;49;55;60;4,2;1,5;
2026/04/04;2100 UTC;0;886,1;886,2;886;177,2;25,2;16,9;26,6;25,2;17,1;16;60;52;60;94;4,4;2,1;
2026/04/04;2200 UTC;0;886,5;886,5;886;;24,3;17;25,2;24,3;17,7;16,8;66;60;64;98;4,4;1,4;
2026/04/04;2300 UTC;0;887,1;887,1;886,4;;23,5;16,9;24,3;22,8;18,1;16,7;73;64;66;109;2,8;1,3;
2026/04/05;0000 UTC;0;887,8;887,8;887,1;;22,9;17,7;23,6;22,9;17,8;17;73;66;73;113;4,8;2,4;
2026/04/05;0100 UTC;0;888,2;888,3;887,8;;22,3;17,8;22,9;22,2;17,9;17,7;76;73;76;107;4,8;2,1;
2026/04/05;0200 UTC;0;888,2;888,3;888,1;;21,9;17,6;22,3;21,9;17,8;17,5;77;75;77;117;5,2;2,2;
2026/04/05;0300 UTC;0;888,2;888,3;888,2;;21,4;17;21,9;21,4;17,6;17;77;76;76;104;5;2;
2026/04/05;0400 UTC;0;888,2;888,3;888,1;;21,1;17;21,4;21,1;17,1;17;78;76;78;101;5;2,3;
2026/04/05;0500 UTC;0;887,9;888,2;887,9;;20,7;17,4;21,1;20,6;17,4;17;82;77;81;94;5,7;2,1;
2026/04/05;0600 UTC;0;887,7;888;887,7;;20,6;17,4;20,8;20,5;17,5;17,4;83;81;82;74;4,2;2;
2026/04/05;0700 UTC;0;887,6;887,7;887,4;;19,3;17;20,6;19,3;17,4;17;87;82;87;20;3,6;,5;
2026/04/05;0800 UTC;0;887,8;887,8;887,5;;18,4;16,5;19,5;18,3;17,2;16,5;92;85;89;135;2,3;,7;
2026/04/05;0900 UTC;0;887,9;887,9;887,7;;20,1;17,3;20,2;17,8;17,3;16,5;93;84;84;58;2,6;1,1;
2026/04/05;1000 UTC;0;888,4;888,4;887,9;107,6;21,2;17,9;21,2;20;17,9;17,3;85;81;81;123;2,7;1,1;
2026/04/05;1100 UTC;0;889,3;889,3;888,4;838,2;22,6;18,7;22,9;21;18,7;17,8;83;76;78;79;3,8;1,8;
2026/04/05;1200 UTC;0;889,3;889,5;889,3;1702;23,6;19,3;23,6;22,4;19,3;18,4;79;75;77;80;6,5;3,5;
2026/04/05;1300 UTC;0;889,6;889,6;889,3;2361,2;24,2;18,6;24,8;23,5;19,4;18,2;77;67;71;77;7;3,3;
2026/04/05;1400 UTC;0;889,2;889,6;889,1;2962,4;26;18,7;26;24,2;19,6;18,1;72;63;64;66;6,3;2,5;
2026/04/05;1500 UTC;0;888,8;889,2;888,8;3033,7;26,3;18,9;26,3;25,2;19,8;17,6;70;62;63;107;6,2;2,4;
2026/04/05;1600 UTC;0;888,3;888,9;888,3;3233;27,3;17,7;27,3;26,2;19,2;16,5;65;54;56;86;7,4;3,2;
2026/04/05;1700 UTC;0;887,3;888,3;887,3;3242,2;27,8;17,5;28,2;27;18,5;16,2;57;48;54;84;6,2;2,8;
2026/04/05;1800 UTC;0;886,5;887,3;886,5;2021,4;26,6;17,2;28,4;26,4;17,9;16,2;57;49;56;71;6,5;2,7;
2026/04/05;1900 UTC;0;885,7;886,5;885,6;2160,3;27,8;17,2;28,2;26,7;18,5;16,3;58;49;52;84;6,1;3,2;
2026/04/05;2000 UTC;0;885,5;885,7;885,5;1114,1;27,1;16,1;27,8;26,5;17,3;16,1;57;50;51;51;5,9;2;
2026/04/05;2100 UTC;0;885,9;886;885,4;420,9;23,3;16,2;27,2;23,3;17,2;15,8;65;51;64;7;8,1;2,7;
2026/04/05;2200 UTC;0;886,2;886,2;885,7;;23,9;17,2;23,9;22,1;17,9;16;75;64;66;58;4,6;1,4;
2026/04/05;2300 UTC;0;887,1;887,1;886,2;;23,2;17,7;24,6;23,2;17,9;16,8;72;63;71;143;3,5;1,6;
2026/04/06;0000 UTC;0;888;888;887,1;;23;18;23,3;23;18;17,7;74;71;74;125;3,5;1,6;
2026/04/06;0100 UTC;0;888,6;888,6;888;;22,7;18,2;23;22,5;18,3;18;77;73;75;96;4,4;2;
2026/04/06;0200 UTC;0;888,5;888,6;888,4;;22,4;18;22,8;22,4;18,2;18;76;75;76;111;4,4;2,2;
2026/04/06;0300 UTC;0;888,3;888,7;888,3;;21,9;18,3;22,4;21,9;18,3;18;80;76;80;114;4;1,9;
2026/04/06;0400 UTC;0;887,9;888,3;887,9;;21,9;18,2;21,9;21,7;18,3;18,2;81;79;79;100;4,4;2,6;
2026/04/06;0500 UTC;0;887,7;887,9;887,7;;21,7;18,2;22;21,7;18,3;18,2;81;79;81;84;5,2;2,6;
2026/04/06;0600 UTC;0;887,3;887,7;887,3;;21,3;18,1;21,8;21,3;18,3;18,1;82;80;82;101;4,8;1,4;
2026/04/06;0700 UTC;0;887,4;887,5;887,3;;21,1;18;21,3;20,8;18,1;17,9;84;82;83;82;3,3;1,9;
2026/04/06;0800 UTC;0;887,3;887,4;887,3;;20,7;17,6;21,2;20,7;18;17,5;83;81;82;110;4,1;1,5;
2026/04/06;0900 UTC;0;887,5;887,5;887,2;;20,3;17,5;20,8;20,3;17,6;17,4;84;81;84;109;3,6;1,3;
2026/04/06;1000 UTC;0;888;888;887,5;94,9;21,3;17,8;21,3;20;17,9;17,5;86;80;81;96;4,8;2,4;
2026/04/06;1100 UTC;0;889,1;889,1;888;396,7;21,6;18;21,6;21,1;18,1;17,7;81;80;80;99;5,7;3,2;
2026/04/06;1200 UTC;0;889,7;889,8;889;1367,7;23,2;19,5;23,2;21,5;19,5;18,1;82;79;79;99;7;3,2;
2026/04/06;1300 UTC;0;890,1;890,2;889,7;2558,9;24,3;19,2;24,5;23,2;19,6;18,6;79;71;73;68;8;3,7;
2026/04/06;1400 UTC;0;890;890,2;890;2441,9;25,8;18,9;25,8;24,3;19,7;18;75;65;66;91;7,1;3,7;
2026/04/06;1500 UTC;0;889,4;890;889,4;3283,1;26,7;18,1;26,9;25,6;18,8;16,9;66;55;59;55;7;2,7;
2026/04/06;1600 UTC;0;888,6;889,4;888,6;3065,4;27,5;17,5;27,6;26,2;18,4;16,7;61;54;55;93;6,3;3;
2026/04/06;1700 UTC;0;887,7;888,6;887,7;2207,9;25,6;18,6;27,8;25,3;18,9;17,1;67;53;65;10;5,9;1,9;
2026/04/06;1800 UTC;0;886,8;887,7;886,8;1632,7;26,9;16,9;27,8;25,3;18,7;16,5;66;52;54;69;7,1;3,2;
2026/04/06;1900 UTC;0;886,6;886,9;886,6;1225,1;26,7;16,2;28;26,7;17,4;15,9;55;48;53;78;6,2;2,9;
2026/04/06;2000 UTC;0;886,9;887;886,6;243,1;24,2;17,3;26,7;24,2;18,2;16,2;67;52;65;12;6,3;2,4;
2026/04/06;2100 UTC;0;887,1;887,4;886,9;135;22,6;18,9;24,2;22,6;19,1;17,1;80;65;80;90;4,9;1;
2026/04/06;2200 UTC;0;887,2;887,2;886,9;;24,3;18,2;24,7;22,4;18,8;17,9;80;66;69;76;5,2;3;
2026/04/06;2300 UTC;0;888,2;888,2;887,2;;23,4;18,6;24,3;23,4;18,6;18,1;75;69;75;52;5,8;1,8;
2026/04/07;0000 UTC;0;888,8;888,8;888,2;;22,9;18,1;23,4;22,9;18,6;18;75;72;74;58;4,6;1,9;
2026/04/07;0100 UTC;0;889,5;889,5;888,8;;23;18,2;23,1;22,8;18,2;17,8;75;73;74;62;5,9;2,8;
2026/04/07;0200 UTC;,2;889,5;889,8;889,4;;20,4;18,1;23;20,4;19,1;18,1;89;74;86;18;11,5;3;
2026/04/07;0300 UTC;0;888,9;889,5;888,9;;18,8;17,3;20,4;18,8;18;17,2;91;83;91;1;6,3;,5;
2026/04/07;0400 UTC;0;887,8;888,9;887,8;;18,4;17,6;18,8;18,4;17,8;17,3;95;91;95;224;2;1,1;
2026/04/07;0500 UTC;0;887,8;887,8;887,5;;19,4;18;19,4;18,4;18,2;17,6;96;92;92;62;1,7;1,1;
2026/04/07;0600 UTC;0;887,8;887,9;887,7;;18,9;18;19,4;18,7;18,1;17,8;95;92;95;110;1,7;,7;
2026/04/07;0700 UTC;0;887,9;888;887,8;;18,7;18;18,9;18,4;18;17,7;96;95;96;18;2;1,2;
2026/04/07;0800 UTC;0;888,1;888,1;887,9;;18,3;17;20;18,3;18,1;16,9;96;85;92;155;3,2;,8;
2026/04/07;0900 UTC;0;888,5;888,5;888,1;;18,3;17,6;18,5;17,8;17,6;17;96;92;96;30;1,8;1;
2026/04/07;1000 UTC;0;889,1;889,1;888,5;95,1;20,1;18,6;20,1;17,9;19;17,1;96;91;91;150;1,8;,7;
2026/04/07;1100 UTC;0;889,9;889,9;889,1;688,5;22,1;18,6;22,4;20,1;18,9;18,1;91;79;81;81;3,9;1,8;
2026/04/07;1200 UTC;0;890,3;890,3;889,9;1577,5;23,6;19,3;23,7;22,1;19,5;18,4;82;75;77;64;5,8;3,1;
2026/04/07;1300 UTC;0;890,2;890,4;890,2;2142,5;24,7;18,9;24,7;23,2;19,6;18,5;77;69;70;57;8,4;3,7;
2026/04/07;1400 UTC;0;890,1;890,3;890;3021,7;25,8;19,7;26;24,4;19,7;17,7;72;63;69;78;8,6;3,5;
2026/04/07;1500 UTC;0;889,4;890,1;889,4;2725,3;26,5;19,1;26,5;24,9;19,4;17,8;69;61;64;64;6,6;2,5;
2026/04/07;1600 UTC;,2;888,6;889,4;888,6;2947,3;27,7;18,2;27,9;25,8;19,4;17,1;65;53;56;44;6,8;2,2;
2026/04/07;1700 UTC;0;888;888,6;888;3332,8;27,2;18,1;27,9;26,8;19,2;17,3;62;53;57;88;7;3,4;
2026/04/07;1800 UTC;0;887,7;888;887,7;2234,2;24,2;18,6;27,6;24,2;19,2;17,4;71;56;71;39;7,6;2,5;
2026/04/07;1900 UTC;0;887,1;887,7;887,1;353,5;24,4;18,1;24,5;24,2;18,8;17,9;72;67;68;59;5,2;1,9;
2026/04/07;2000 UTC;0;887,6;887,6;887;303,3;24,9;18,2;25;24,4;18,9;18;69;65;66;41;3,5;1,4;
2026/04/07;2100 UTC;0;887,3;887,7;887,3;119,9;24,2;18,3;25;24,2;18,6;18,1;70;66;70;58;3,1;1,2;
2026/04/07;2200 UTC;0;887,9;887,9;887,3;;22,8;19,5;24,2;22,8;19,5;18,3;81;70;81;11;5;2,1;
2026/04/07;2300 UTC;0;888,5;888,6;887,9;;22,9;19;23,3;22,7;19,6;18,9;83;77;79;32;4;1;
2026/04/08;0000 UTC;0;889,2;889,2;888,5;;20,9;19;22,9;20,9;19,1;19;89;79;89;247;1,9;1,1;
2026/04/08;0100 UTC;0;889,4;889,4;889,2;;20,9;19,3;20,9;20,5;19,5;18,9;93;89;90;165;1,9;1,1;
2026/04/08;0200 UTC;0;889,3;889,5;889,3;;20,9;18,6;21,4;20,9;19,3;18,6;90;85;86;183;3,9;2;
2026/04/08;0300 UTC;0;889;889,3;889;;20,4;18,4;21;20,1;18,6;18,4;90;86;88;160;3,5;1,2;
2026/04/08;0400 UTC;0;888,6;889;888,6;;19,2;18,1;20,4;19,2;18,4;18,1;94;88;93;150;2,4;,6;
2026/04/08;0500 UTC;0;888,3;888,6;888,3;;19,1;18,2;19,5;18,9;18,4;17,9;95;92;95;15;1,7;1;
2026/04/08;0600 UTC;0;887,9;888,3;887,9;;19;17,7;19,3;18,8;18,3;17,7;95;92;92;121;1,7;1;
2026/04/08;0700 UTC;0;888,1;888,2;887,9;;18,3;17,5;19;18,1;17,8;17,2;96;92;95;100;1,6;,6;
2026/04/08;0800 UTC;0;888,1;888,1;888;;18,2;17,7;18,3;18,1;17,7;17,4;97;95;97;266;1,3;,2;
2026/04/08;0900 UTC;0;888,6;888,6;888,1;;18,2;17,8;18,2;17,7;17,8;17,2;97;96;97;115;1,5;1;
2026/04/08;1000 UTC;0;889,2;889,2;888,6;63,9;19,1;18,6;19,1;17,6;18,6;17,1;97;96;97;214;1,5;,8;
2026/04/08;1100 UTC;0;889,7;889,7;889,2;805,4;22,9;18,3;22,9;19,1;20;18,2;97;75;75;78;4,4;1,8;
2026/04/08;1200 UTC;0;889,9;889,9;889,6;1696,7;24,5;18,1;24,6;22,8;18,7;17,4;77;66;68;65;4,2;1,9;
2026/04/08;1300 UTC;0;890,1;890,2;889,9;2452,6;25,1;18;25,2;24,1;18,6;17,5;69;62;65;77;4,6;2,1;
2026/04/08;1400 UTC;0;889,8;890,2;889,8;2805,7;26;18;26,3;24,8;19,2;17,4;68;60;61;84;4,9;1,7;
2026/04/08;1500 UTC;0;888,9;889,8;888,9;3657,1;27,2;17,6;27,5;26;19,1;16,8;63;52;56;66;4,4;1,9;
2026/04/08;1600 UTC;0;887,9;888,9;887,9;3057,6;27,1;16,6;28,1;26,9;18,4;16,3;59;50;53;152;5,2;1,3;
2026/04/08;1700 UTC;0;887;887,9;887;1604,6;27,9;18,5;27,9;25,6;19,2;15,8;66;51;56;7;4,7;1,3;
2026/04/08;1800 UTC;0;886,3;887;886,2;700;26;18,4;28,1;26;19,4;16,7;66;53;63;221;4,2;1;
2026/04/08;1900 UTC;13,2;886;886,9;886;128,4;20,7;18,4;26;18,6;19,1;16,8;95;61;86;17;21,5;3,2;
2026/04/08;2000 UTC;0;886,2;886,2;885,9;198,9;21,7;19,3;22,6;20,7;19,3;18,1;87;77;86;352;5,5;2,3;
2026/04/08;2100 UTC;0;885,8;886,4;885,8;66,6;20,8;19,2;21,7;20,8;19,8;19,2;92;86;91;214;3,8;1,2;
2026/04/08;2200 UTC;0;886,8;886,8;885,8;;22;19,3;22;20,4;19,5;19,1;93;85;85;206;3,2;2;
2026/04/08;2300 UTC;0;887,5;887,5;886,8;;21,2;18;22,4;21,2;19,4;18;87;82;82;160;4,4;2,3;
2026/04/09;0000 UTC;0;888,5;888,5;887,5;;20,5;18,2;21,2;20,5;18,3;17,5;87;81;87;141;5,9;3,2;
2026/04/09;0100 UTC;0;889;889;888,5;;19,8;17,9;20,5;19,8;18,5;17,8;89;87;89;113;5,5;2;
2026/04/09;0200 UTC;0;888,7;889;888,6;;19,4;18,3;19,8;19,3;18,4;18;94;89;94;121;4,5;1,5;
2026/04/09;0300 UTC;0;888,5;888,7;888,5;;19,1;18,2;19,4;19,1;18,4;18,1;95;93;95;98;3,2;,5;
2026/04/09;0400 UTC;0;887,5;888,5;887,5;;19;18,3;19,1;18,8;18,4;18;96;95;96;102;1,4;,6;
2026/04/09;0500 UTC;0;887,3;887,5;887,2;;18,8;18,1;19,2;18,7;18,4;18;96;95;96;291;1,8;1,1;
2026/04/09;0600 UTC;0;887,2;887,3;887,1;;18,9;18,3;19,1;18,8;18,4;18,1;96;95;96;257;2,1;,4;
2026/04/09;0700 UTC;0;886,8;887,2;886,8;;19,6;18,5;19,6;19;18,7;18,3;96;93;94;119;2,3;1,3;
2026/04/09;0800 UTC;0;887;887;886,7;;19,2;18,2;19,6;19,2;18,5;18,2;95;94;94;124;2,1;1,1;
2026/04/09;0900 UTC;0;887,4;887,4;886,9;;19,8;18,2;20;19,2;18,2;18;94;90;90;120;3,4;1,5;
2026/04/09;1000 UTC;0;888,1;888,1;887,4;42,2;20,2;18,1;20,2;19,8;18,3;18,1;91;88;88;107;3,5;1,7;
2026/04/09;1100 UTC;0;888,6;888,6;888,1;544;21,7;18,8;22;20,2;18,8;18,1;88;81;83;117;3,3;1,5;
2026/04/09;1200 UTC;0;889;889;888,5;1282,8;22,6;19;23,2;21,5;19,8;18,7;86;78;80;138;4,6;3,1;
2026/04/09;1300 UTC;0;889,3;889,4;889;2490,9;25;18,9;25,1;22,6;19,8;18,7;81;69;69;97;4,9;2,1;
2026/04/09;1400 UTC;0;888,9;889,4;888,9;2500,2;25,4;19,7;25,6;24,2;20;18,5;75;68;71;75;5;2,2;
2026/04/09;1500 UTC;0;888;888,9;888;2291,3;25,8;18,2;26,1;25;19,9;18,1;71;62;63;84;4,6;1,5;
2026/04/09;1600 UTC;0;886,8;888;886,8;3538,5;27,1;18,2;27,9;25,8;19,5;17,2;65;53;58;13;4,3;1,4;
2026/04/09;1700 UTC;,2;886,7;886,9;886,3;708,1;21,9;17,7;27,1;21,9;18,5;17,1;77;58;77;71;8,5;3,6;
2026/04/09;1800 UTC;3,4;885,6;886,7;885,6;1072,4;24;19,4;24;20,6;20,4;17,8;92;75;76;13;7,7;1,5;
2026/04/09;1900 UTC;0;884,9;885,6;884,8;2296,3;26,7;19,1;27;24;20,4;17,7;76;58;63;49;3;1,3;
2026/04/09;2000 UTC;0;885,5;885,5;884,9;968;24,5;19;26,7;24,5;19,2;17,6;72;59;72;131;5,7;3,3;
2026/04/09;2100 UTC;0;886,7;886,7;885,5;52,9;21,9;19,3;24,5;21,9;19,3;18,5;85;71;85;240;5,7;,9;
2026/04/09;2200 UTC;2,6;887;887;886,5;;20,4;19,5;21,9;20,3;19,7;19,1;94;85;94;107;5,1;1,9;
2026/04/09;2300 UTC;,2;887,2;887,2;886,9;;20,6;19,4;20,8;20,4;19,5;19,1;94;90;93;12;3,6;1,7;
2026/04/10;0000 UTC;0;887,8;887,8;887,2;;20,1;19,4;20,6;20;19,4;19;96;93;96;321;3,1;,7;
2026/04/10;0100 UTC;0;888;888,2;887,8;;19,7;19,1;20,1;19,6;19,4;19;96;96;96;135;2,1;,4;
2026/04/10;0200 UTC;0;888,3;888,3;888;;19,5;18,9;19,7;19,4;19,1;18,8;97;96;96;305;2,8;,7;
2026/04/10;0300 UTC;0;888,2;888,4;888,2;;18,9;18,4;19,5;18,9;18,9;18,4;97;96;97;316;1,4;,6;
2026/04/10;0400 UTC;0;887,6;888,2;887,6;;18,8;18,3;19,1;18,7;18,6;18,2;97;97;97;303;1,8;,5;
2026/04/10;0500 UTC;0;887;887,7;887;;18,6;18,2;18,9;18,4;18,5;18;97;97;97;155;1,2;,6;
2026/04/10;0600 UTC;0;886,9;887;886,8;;18,6;18,1;18,8;18,2;18,4;17,8;98;97;97;46;1,7;,6;
2026/04/10;0700 UTC;0;886,7;886,9;886,5;;18,4;18;18,7;18;18,3;17,5;98;97;98;102;1,5;,7;
2026/04/10;0800 UTC;0;886,7;886,8;886,6;;18,6;18,3;18,6;17,7;18,3;17,3;98;98;98;122;2;1,3;
2026/04/10;0900 UTC;0;887,1;887,1;886,7;;17,6;17,2;18,9;17,6;18,5;17,2;98;98;98;156;2;,6;
2026/04/10;1000 UTC;,2;887,7;887,7;887,1;61,4;19;18,7;19;17,3;18,7;16,9;98;98;98;140;1,6;1;
2026/04/10;1100 UTC;0;888,7;888,7;887,7;790,5;20,3;19,7;20,6;19;20,1;18,7;98;97;97;319;1,9;1,2;
2026/04/10;1200 UTC;0;889,2;889,2;888,7;1621;23,1;19,1;23,4;20,3;20,8;18,9;97;77;78;119;3,4;2;
2026/04/10;1300 UTC;0;889,4;889,4;889,2;1815,1;24,3;18,9;24,4;23,1;19,6;17,9;80;67;72;103;4,9;2,1;
2026/04/10;1400 UTC;0;889,2;889,5;889,1;2514,3;25,6;18,5;25,6;24,3;18,9;17,1;73;62;65;137;5,9;2,2;
2026/04/10;1500 UTC;0;888,3;889,2;888,3;2582,3;25,8;18,9;25,9;24,6;19,4;18,1;71;63;66;113;4,9;2,1;
2026/04/10;1600 UTC;0;887,6;888,3;887,5;2804,3;25,5;19,4;26,7;25,4;19,7;17,8;70;59;69;97;7,5;4,1;
2026/04/10;1700 UTC;0;886,6;887,6;886,6;1685,4;26,5;18,7;26,5;24,4;19,6;18,2;73;62;62;70;7,5;2,7;
2026/04/10;1800 UTC;0;885,7;886,6;885,7;2305,2;26,8;17,4;27,4;25,9;19,8;17,1;67;54;56;116;5,8;2,6;
2026/04/10;1900 UTC;0;885,5;885,8;885,4;1416,6;26,8;17,8;27,3;25,8;18,9;17,3;63;56;58;117;5,8;2,2;
2026/04/10;2000 UTC;0;885,5;885,5;885,4;604,4;25,9;18;27;25,6;18,8;17,7;65;58;62;117;5,4;1,8;
2026/04/10;2100 UTC;0;886;886;885,5;91,7;24,2;19,1;25,9;24,2;19,2;17,8;73;62;73;79;5,3;2,9;
2026/04/10;2200 UTC;0;886,9;886,9;886;;23,5;18,5;24,2;23,5;19,2;18,4;76;73;74;90;5,2;2;
2026/04/10;2300 UTC;0;887,4;887,4;886,9;;22,8;18,7;23,5;22,6;18,7;18,4;78;73;78;78;3,8;1,5;
2026/04/11;0000 UTC;0;888,4;888,4;887,4;;22,6;18,7;22,9;22,6;18,7;18,5;79;77;79;103;4,4;2,1;
2026/04/11;0100 UTC;0;888,6;888,7;888,3;;20,2;18,6;22,6;20,2;18,9;18,6;91;79;91;157;3,9;,7;
2026/04/11;0200 UTC;0;888,4;888,7;888,3;;19,3;18,2;20,2;19,3;18,7;18,2;94;91;93;52;1,8;,3;
2026/04/11;0300 UTC;0;888,3;888,4;888,2;;18,8;18;19,3;18,8;18,4;17,9;95;93;95;65;1,6;,6;
2026/04/11;0400 UTC;0;887,5;888,3;887,5;;18,7;18,2;19,1;18,4;18,3;17,7;96;95;96;171;2,2;,7;
2026/04/11;0500 UTC;0;887,4;887,6;887,4;;18,8;18,2;19,1;18,6;18,5;17,9;96;95;96;140;1,9;,6;
2026/04/11;0600 UTC;0;887,2;887,4;887,2;;18,9;18,3;19,2;18,2;18,5;17,5;97;95;97;121;1,7;1;
2026/04/11;0700 UTC;0;886,9;887,2;886,9;;19,4;18,8;19,4;18,8;18,8;18,1;97;96;96;95;2,1;1,2;
2026/04/11;0800 UTC;0;887,1;887,1;886,8;;19,5;18,8;19,7;19,2;19;18,4;96;95;95;137;3,1;1,7;
2026/04/11;0900 UTC;0;887,5;887,5;887;;19,4;18,7;19,5;18,9;18,8;18,3;97;95;96;112;4;1,9;
2026/04/11;1000 UTC;0;888,2;888,2;887,5;63;19,8;18,8;19,8;19,4;18,9;18,7;96;94;94;114;5,8;2,8;
2026/04/11;1100 UTC;0;889;889;888,2;688,9;20,6;18,5;20,9;19,8;19,1;18,5;94;87;88;121;5,9;3,1;
2026/04/11;1200 UTC;0;889,5;889,5;889;1080,4;21,2;18,6;21,4;20,3;19;18,3;90;85;85;95;6,4;3,2;
2026/04/11;1300 UTC;0;889,8;889,9;889,5;1367,7;21,5;19;21,6;20,9;19,4;18,5;89;84;86;77;6,9;3,6;
2026/04/11;1400 UTC;0;889,4;889,9;889,4;2225,6;23,3;19,4;23,6;21,5;19,8;18,8;86;77;79;96;7,6;3,3;
2026/04/11;1500 UTC;0;888,9;889,4;888,8;3338,1;24,7;19,5;24,9;23,3;20;18,9;80;70;73;101;7,5;3,5;
2026/04/11;1600 UTC;0;888,1;888,9;888,1;3442,2;26;19,6;26,4;24,7;20,1;18,5;74;65;68;64;7;3;
2026/04/11;1700 UTC;0;887,2;888,1;887,2;2436,4;26;18,3;26,9;25,7;20,1;17,9;69;61;63;86;7,3;3,2;
2026/04/11;1800 UTC;0;886,6;887,2;886,6;2651,1;27,5;17,9;27,7;26;19,1;17,6;64;55;56;81;6;3,2;
2026/04/11;1900 UTC;0;886,3;886,6;886,2;1642,4;27,3;17,4;28,1;26;19;16,9;60;53;55;85;6,4;3,1;
2026/04/11;2000 UTC;0;886,4;886,4;886,1;1154,2;25,6;18,4;27,6;25,6;18,4;16,3;64;50;64;128;6,6;3,9;
2026/04/11;2100 UTC;0;886,9;886,9;886,4;210,1;24,4;19,4;25,7;24,4;19,4;18,5;73;65;73;138;6,4;2,3;
2026/04/11;2200 UTC;0;887,3;887,3;886,9;;23,7;19,5;24,4;23,7;19,6;19,3;77;73;77;127;5,2;2,2;
2026/04/11;2300 UTC;0;887,9;887,9;887,2;;23,4;18,8;23,8;23,4;19,5;18,7;77;74;75;119;5,6;2,3;
2026/04/12;0000 UTC;0;888,6;888,6;887,9;;22,6;18,6;23,4;22,6;18,8;18,6;78;75;78;125;5,1;2,7;
2026/04/12;0100 UTC;0;889,1;889,2;888,6;;22;18,7;22,6;22;18,7;18,6;82;78;82;120;5,2;2,4;
2026/04/12;0200 UTC;0;889,2;889,3;889,1;;21,7;18,9;22,1;21,6;18,9;18,7;85;81;84;117;6,5;3,2;
2026/04/12;0300 UTC;0;889,1;889,2;889,1;;21,3;19,1;21,7;21,3;19,1;18,9;87;84;87;108;6,1;2,6;
2026/04/12;0400 UTC;0;888,9;889,1;888,9;;21,2;18,7;21,4;21,2;19,1;18,7;87;85;86;104;7,8;3,8;
2026/04/12;0500 UTC;0;888,6;889;888,5;;20,4;18,6;21,2;20,4;18,7;18,5;89;86;89;96;7,7;3;
2026/04/12;0600 UTC;0;888,2;888,6;888,1;;19,9;18,5;20,4;19,8;18,6;18,5;92;89;92;98;7,6;4,4;
2026/04/12;0700 UTC;0;888,2;888,3;888,1;;19,4;18,4;19,9;19,4;18,5;18,4;93;92;93;102;8,3;3,8;
2026/04/12;0800 UTC;0;888,6;888,7;888,1;;19,4;18,3;19,5;19,4;18,4;18,3;94;93;94;92;8,2;3,6;
2026/04/12;0900 UTC;0;889,2;889,2;888,6;;19,1;18;19,4;19,1;18,3;18;94;94;94;92;8,7;4,2;
2026/04/12;1000 UTC;0;889,7;889,7;889,2;43,5;19;17,8;19,1;18,9;18,1;17,8;94;93;93;91;9,4;4;
2026/04/12;1100 UTC;0;890,1;890,1;889,7;238,1;19,2;17,8;19,2;18,9;17,9;17,7;93;91;91;89;9,6;4,6;
2026/04/12;1200 UTC;0;890,5;890,5;890,1;886,2;20,7;17,9;20,7;19,2;18,2;17,7;91;84;84;96;8,8;4,2;
2026/04/12;1300 UTC;0;890,5;890,6;890,4;1408;22,3;18,7;22,3;20,6;18,8;18;85;78;80;75;8,2;4,3;
2026/04/12;1400 UTC;0;890,1;890,6;890,1;1746,3;23,2;17,8;23,4;22;19,2;17,7;82;71;72;74;8;4,2;
2026/04/12;1500 UTC;0;889,8;890,2;889,8;2616,2;24,2;17,7;24,5;22,8;19;17,7;77;66;67;82;9,2;4;
2026/04/12;1600 UTC;0;889;889,8;889;3498,7;25,1;17,8;25,2;24,1;18,6;17,1;70;61;64;66;7,9;3,1;
2026/04/12;1700 UTC;0;888,4;889;888,4;3240,6;25,7;17,4;25,8;24,7;18,8;16,7;67;58;60;89;7,4;3,5;
2026/04/12;1800 UTC;0;887,3;888,4;887,3;2677,2;26,1;15,9;26,2;25,2;17,8;15,9;63;53;53;88;7,7;3,6;
2026/04/12;1900 UTC;0;887,1;887,3;887,1;2047,1;26;16,1;26,2;25,6;17,6;15,7;61;53;55;105;8,4;3,4;
2026/04/12;2000 UTC;0;887,2;887,2;887;910,6;25,1;16,8;26,1;24,3;17,3;16,3;64;54;60;117;7,3;3,1;
2026/04/12;2100 UTC;0;887,4;887,4;887,2;311,6;23,4;16,6;25,1;23,4;17,3;16,4;66;60;65;117;6,5;2,6;
2026/04/12;2200 UTC;0;887,7;887,7;887,4;;22,8;16,7;23,5;22,7;16,7;16,4;69;65;69;107;5,8;2,5;
2026/04/12;2300 UTC;0;888,3;888,3;887,7;;21,9;17,1;22,8;21,9;17,2;16,7;75;69;74;107;6,4;3;
2026/04/13;0000 UTC;0;888,8;888,9;888,3;;21,1;17,2;21,9;21,1;17,2;17;79;74;79;116;5,8;3;
2026/04/13;0100 UTC;0;889;889,1;888,8;;20,7;17,5;21,1;20,6;17,5;17,2;83;79;82;107;6,9;2,4;
2026/04/13;0200 UTC;0;888,7;889;888,7;;20,1;17,6;20,7;20,1;17,6;17,5;86;82;86;108;6,5;3,3;
2026/04/13;0300 UTC;0;888,3;888,8;888,3;;19,5;17,4;20,1;19,5;17,6;17,4;88;86;88;104;7,4;2,9;
2026/04/13;0400 UTC;0;888,2;888,3;888,2;;19,2;17,2;19,5;19,1;17,4;17,2;89;88;88;108;5,6;2,9;
2026/04/13;0500 UTC;0;887,5;888,2;887,5;;18,9;17,1;19,2;18,8;17,2;17,1;90;88;89;112;5,6;2,8;
2026/04/13;0600 UTC;0;887,3;887,5;887,2;;18,7;17;18,9;18,6;17,1;16,9;90;89;90;119;5,6;2,6;
2026/04/13;0700 UTC;0;887,1;887,3;887,1;;18,4;16,9;18,7;18,4;17;16,9;91;90;91;111;5,3;3;
2026/04/13;0800 UTC;0;887,3;887,4;887;;18,2;16,9;18,4;18,1;17;16,9;92;91;92;102;7;3;
2026/04/13;0900 UTC;0;887,9;887,9;887,3;;18,1;17;18,2;18,1;17;16,9;94;92;94;106;7,8;3,3;
2026/04/13;1000 UTC;0;888,6;888,6;887,9;42,4;18,1;17,1;18,1;17,9;17,1;16,9;94;93;94;103;7,8;3,1;
2026/04/13;1100 UTC;0;889,6;889,6;888,6;280,6;17,9;17,1;18,3;17,9;17,3;17;95;93;95;101;7,8;3,8;
2026/04/13;1200 UTC;0;890,1;890,1;889,5;538,1;18,8;17,2;18,8;17,9;17,3;17;95;90;90;108;7,5;3,4;
2026/04/13;1300 UTC;0;890,6;890,6;890,2;843,4;19,8;17,4;19,8;18,8;17,7;17,1;91;86;87;99;7,3;2,7;
2026/04/13;1400 UTC;0;890;890,7;890;1931,8;21,5;17,7;21,7;19,7;18,3;17,2;87;76;79;91;6,2;3,9;
2026/04/13;1500 UTC;0;889,5;890;889,5;2263,6;22,3;17,4;22,9;21,3;18,3;17,2;79;71;74;87;6,2;3,3;
2026/04/13;1600 UTC;0;888,4;889,5;888,4;3177,1;23,7;18,1;24;22,2;18,2;17,2;76;68;71;79;6,4;2,9;
2026/04/13;1700 UTC;0;887,3;888,5;887,3;3011,5;23,8;16,9;24,9;23,5;18;16,4;71;60;65;123;6,2;3,3;
2026/04/13;1800 UTC;0;886,4;887,3;886,4;2231;24,8;16,8;25,2;23,8;17,7;16;67;58;61;86;6,2;2;
2026/04/13;1900 UTC;0;886,1;886,4;886,1;1628,7;25,4;16,8;25,6;24,2;17,4;16,1;65;56;59;96;5,3;2,4;
2026/04/13;2000 UTC;0;886,2;886,2;886,1;906,3;23,8;16;25,5;23,8;17,1;15,5;63;56;62;119;5,7;2;
2026/04/13;2100 UTC;0;886,1;886,2;886;108,2;22,9;16,5;23,8;22,9;16,7;15,7;67;61;67;124;4,3;2,1;
2026/04/13;2200 UTC;0;886,5;886,5;886,1;;22;16,6;22,9;22;16,6;16,3;72;67;72;108;4;1,7;
2026/04/13;2300 UTC;0;886,5;886,5;886,3;;21,3;17,1;22;21,3;17,2;16,7;78;72;77;103;3,9;1,7;
2026/04/14;0000 UTC;0;887;887;886,5;;21,3;16,9;21,6;21,2;17,1;16,9;77;75;76;103;5,8;2,6;
2026/04/14;0100 UTC;0;887,3;887,3;887;;20,3;17,1;21,3;20,3;17,1;16,8;82;76;82;118;5,6;2,1;
2026/04/14;0200 UTC;0;887,2;887,4;887,2;;19,7;17,3;20,3;19,7;17,4;17,1;87;82;86;108;3,9;1,8;
2026/04/14;0300 UTC;0;887,1;887,3;887,1;;19,4;17,4;19,8;19,4;17,4;17,3;89;85;88;121;4,1;1,9;
2026/04/14;0400 UTC;0;886,9;887,1;886,7;;19,1;17,4;19,4;19,1;17,6;17,4;90;88;90;115;3,8;1,3;
2026/04/14;0500 UTC;0;886,4;887;886,4;;19;17,1;19,1;18,3;17,4;16,8;93;89;89;90;4,2;2,2;
2026/04/14;0600 UTC;0;886,2;886,4;886,2;;19;17,4;19,1;18,9;17,4;17,1;91;88;90;85;5;2,5;
2026/04/14;0700 UTC;0;885,9;886,2;885,8;;18,5;17,3;19;18,5;17,5;17,3;93;90;93;112;5,2;1,8;
2026/04/14;0800 UTC;0;886;886,1;885,8;;18,2;17,3;18,5;18,2;17,4;17,2;94;93;94;111;3,6;1,6;
2026/04/14;0900 UTC;0;886,5;886,5;886;;18,5;17,6;18,5;18,2;17,6;17,2;95;94;95;103;5,6;2,8;
2026/04/14;1000 UTC;0;887,1;887,1;886,5;61,5;18,6;17,6;18,6;18,5;17,6;17,5;95;94;94;100;5,6;3;
2026/04/14;1100 UTC;0;887,5;887,5;887,1;458;19,4;17,5;19,4;18,6;17,8;17,5;94;88;89;93;6,1;3,3;
2026/04/14;1200 UTC;0;887,8;887,8;887,5;936,8;19,7;17,6;19,8;19,4;17,7;17,4;89;86;88;85;6,9;3,4;
2026/04/14;1300 UTC;0;887,9;888;887,8;1193,1;21,2;17,8;21,2;19,6;18;17,4;88;81;81;87;6,9;3,1;
2026/04/14;1400 UTC;0;887,5;887,9;887,4;2262;23,2;17,9;23,9;21,2;18,5;17,4;82;68;72;65;5,7;2,9;
2026/04/14;1500 UTC;0;886,6;887,5;886,6;3063,8;24,5;17,5;24,6;23,2;18,3;16,9;72;65;65;92;5,8;2,9;
2026/04/14;1600 UTC;0;885,7;886,6;885,7;3201,3;24,7;16,9;25,4;24,4;18,1;16,2;67;59;62;88;6;2,1;
2026/04/14;1700 UTC;0;884,6;885,7;884,6;2601,5;25,4;16,9;25,8;24,7;17,7;16,5;64;57;59;56;5,9;2,5;
2026/04/14;1800 UTC;0;884,2;884,7;884,2;2428,1;26,3;14,9;26,7;24,9;17,1;14,7;61;48;49;68;5,6;1,9;
2026/04/14;1900 UTC;0;884,1;884,2;884;1655,8;26,5;15,7;26,9;25,4;17;14,9;57;50;52;82;5,6;1,8;
2026/04/14;2000 UTC;0;884,1;884,1;883,9;615,8;25;15,7;26,6;24,9;16,5;15,2;59;50;57;96;3,9;1,3;
2026/04/14;2100 UTC;0;884,5;884,5;884,1;70,9;24,2;16,7;25;24,2;17;15,6;63;56;63;102;5,5;2,8;
2026/04/14;2200 UTC;0;884,7;884,7;884,4;;23;17,6;24,2;23;17,7;16,5;72;63;72;85;7,8;3,5;
2026/04/14;2300 UTC;0;885,3;885,3;884,6;;22,3;17,6;23;22,3;17,9;17,3;76;72;75;91;7,2;2,9;
2026/04/15;0000 UTC;0;886;886;885,3;;21,9;17,1;22,3;21,9;17,6;17,1;75;73;74;89;6,6;2,4;
2026/04/15;0100 UTC;0;886;886,1;885,9;;21,8;16,9;21,9;21,7;17,3;16,8;76;73;73;87;5,3;2;
2026/04/15;0200 UTC;0;885,9;886;885,9;;21,5;16,6;21,8;21,5;17;16,6;75;73;74;102;4;2,4;
2026/04/15;0300 UTC;0;885,9;885,9;885,8;;20,7;16,9;21,5;20,7;16,9;16,6;79;74;79;111;4;1;
2026/04/15;0400 UTC;0;885,8;886;885,8;;20,2;15,9;20,7;20,1;16,9;15,9;81;76;77;91;4,5;2,4;
2026/04/15;0500 UTC;0;885,4;885,8;885,4;;20,3;16,5;20,4;20;16,5;15,9;79;77;79;99;5,8;3,1;
2026/04/15;0600 UTC;0;885,1;885,4;885,1;;19,5;16,6;20,3;19,5;16,6;16,4;83;79;83;99;6;2,5;
2026/04/15;0700 UTC;0;884,9;885,2;884,8;;19,5;16,8;19,6;19,4;16,8;16,6;85;83;85;95;5,5;2,7;
2026/04/15;0800 UTC;0;884,9;885;884,8;;19;16,8;19,5;18,9;16,8;16,8;87;85;87;92;5,7;2,5;
2026/04/15;0900 UTC;0;885,5;885,5;884,9;;18,7;16,8;19;18,7;16,8;16,8;89;87;89;87;5,1;2;
2026/04/15;1000 UTC;0;886,5;886,5;885,5;66,8;19,4;16,9;19,5;18,6;17;16,8;89;85;86;94;4,6;2,2;
2026/04/15;1100 UTC;0;887,1;887,1;886,5;558,5;20,5;17,1;20,6;19,2;17,3;16,8;87;80;81;66;5,8;3;
2026/04/15;1200 UTC;0;887,7;887,7;887,1;1663,2;22,5;17,2;22,5;20,5;17,8;16,9;81;71;72;67;6,8;2,5;
2026/04/15;1300 UTC;0;887,9;888;887,7;2447,4;23,6;17,5;23,8;22,3;17,7;16,8;73;66;69;71;7,1;3,5;
2026/04/15;1400 UTC;0;887,4;887,9;887,4;2594,4;23,8;17,2;25;23,5;18,1;17;69;63;67;67;6,9;2,5;
2026/04/15;1500 UTC;0;887,1;887,4;887,1;2234,9;24,4;16,6;25,9;23,8;18,1;16,6;68;58;62;53;5,7;2;
2026/04/15;1600 UTC;,8;886,7;887,1;886,6;1333,3;24,8;17,6;24,8;22,5;18,6;15,1;77;56;64;23;4;1,5;
2026/04/15;1700 UTC;0;886;886,7;886;1744,2;24,5;17,4;25,7;24,5;18,2;16,4;66;58;65;44;6,1;2,2;
2026/04/15;1800 UTC;,4;885,9;886;885,8;664,2;21,8;19,4;24,7;21,1;19,5;16,9;89;62;86;170;5,2;2,3;
2026/04/15;1900 UTC;0;885,4;885,9;885,4;751,3;22;19,2;22,4;21,8;19,2;18,6;86;80;84;188;5,2;,9;
2026/04/15;2000 UTC;0;885;885,4;885;245,2;21,8;18,5;22,1;21,7;19,3;18,4;84;81;81;153;3;1,2;
2026/04/15;2100 UTC;0;885,2;885,2;884,9;106;21,2;18,6;22;21,2;18,7;17,8;85;77;85;221;2,5;1,1;
2026/04/15;2200 UTC;0;885,5;885,5;885,1;;20,5;19;21,2;20,3;19;18,4;92;85;91;161;1,7;1;
2026/04/15;2300 UTC;0;885,9;885,9;885,5;;20,7;18,6;20,9;20,4;18,9;18,6;91;88;88;145;3,3;1,8;
2026/04/16;0000 UTC;0;886,4;886,4;885,9;;20,3;18,4;20,8;20,3;18,6;18,1;89;87;89;157;4,1;1,3;
2026/04/16;0100 UTC;0;886,7;886,7;886,4;;19,9;18,4;20,3;19,9;18,5;18,3;91;89;91;161;3,2;1,6;
2026/04/16;0200 UTC;0;887;887;886,6;;19,4;18,1;19,9;19,4;18,5;18;92;91;92;148;5,6;3,2;
2026/04/16;0300 UTC;0;886,7;887,1;886,7;;19,2;17,5;19,4;19,2;18,1;17,5;92;90;90;132;5,6;3;
2026/04/16;0400 UTC;0;886,1;886,8;886,1;;19,2;17;19,3;19,1;17,5;17;90;86;87;120;5,4;1;
2026/04/16;0500 UTC;0;885,5;886,1;885,5;;18,2;17,1;19,3;18,2;17,1;16,9;93;86;93;235;1,8;,8;
2026/04/16;0600 UTC;0;885,4;885,6;885,4;;18,9;17,6;18,9;18,1;17,6;17,1;94;92;92;122;1,5;,4;
2026/04/16;0700 UTC;0;885,4;885,4;885,2;;19,2;17,3;19,9;18,6;17,8;17;94;83;89;6;2,5;,9;
2026/04/16;0800 UTC;0;885,3;885,4;885,3;;19,3;17,7;19,3;18,9;17,8;17,3;93;89;90;106;1,9;1;
2026/04/16;0900 UTC;0;885,7;885,7;885,2;;19,9;17,5;20,3;19,3;17,7;17,3;90;83;86;111;5,2;,9;
2026/04/16;1000 UTC;0;886;886;885,6;80,9;20,1;17;20,1;18,9;17,5;17;91;82;82;92;6,3;3,2;
2026/04/16;1100 UTC;0;886,5;886,6;886;771,1;21,3;16,7;21,3;20,1;17,2;16,6;82;75;75;105;6,8;3,1;
2026/04/16;1200 UTC;0;887,1;887,1;886,5;1797;22,8;17,4;22,9;21,3;17,6;16,5;75;70;72;78;7;2,9;
2026/04/16;1300 UTC;0;887,3;887,4;887,1;1974,9;22,6;17,2;23,7;21,9;18,2;16,9;76;69;72;91;6,9;2,8;
2026/04/16;1400 UTC;0;886,9;887,3;886,9;1146,8;23,2;17;23,2;22,5;17,7;16,7;73;67;68;82;6;3;
2026/04/16;1500 UTC;0;886,1;886,9;886,1;1454;23,7;17,5;23,8;23,2;17,8;16,6;70;65;68;91;5,5;2,7;
2026/04/16;1600 UTC;0;885,1;886,1;885,1;1680,3;24,4;17,6;24,6;23,5;18,3;17,1;70;65;66;83;6;2,5;
2026/04/16;1700 UTC;0;884,4;885,1;884,4;2309;25;17,3;25,3;24,4;18,3;17,3;68;63;63;105;6;2,5;
2026/04/16;1800 UTC;0;883,7;884,3;883,7;1830,9;25,4;17,5;25,7;24,5;18,1;17;66;59;62;94;5,1;2;
2026/04/16;1900 UTC;0;883,2;883,7;883,2;1437,8;25;17,5;26;25;17,7;16,8;63;58;63;107;4,6;1,9;
2026/04/16;2000 UTC;0;883,3;883,4;883,2;370,7;24,3;17,3;25,1;24,3;17,5;17,1;66;62;65;114;4,4;1,9;
2026/04/16;2100 UTC;0;883,6;883,6;883,3;104,3;23,5;17,3;24,3;23,5;17,7;17,2;69;65;68;118;4,6;2,8;
2026/04/16;2200 UTC;0;883,8;883,8;883,6;;22,7;17,7;23,5;22,7;17,7;17,3;73;68;73;95;5,2;2,1;
2026/04/16;2300 UTC;0;884,5;884,5;883,8;;22,7;17,3;22,8;22,5;17,8;17,3;75;72;72;109;5,4;2,5;
2026/04/17;0000 UTC;0;885,3;885,3;884,4;;21,6;17,4;22,7;21,6;17,7;17,3;77;72;77;115;6,9;2,7;
2026/04/17;0100 UTC;0;885,6;885,6;885,3;;21,1;17,1;21,6;21,1;17,5;17;79;77;78;115;6;2,1;
2026/04/17;0200 UTC;0;885,6;885,7;885,6;;21;17;21,2;21;17,1;16,8;78;76;78;113;4,8;1,6;
2026/04/17;0300 UTC;0;884,9;885,6;884,9;;20,4;17,2;21;20,4;17,2;17;81;78;81;144;3,7;,9;
2026/04/17;0400 UTC;0;884,7;885;884,7;;19;17,5;20,4;18,9;17,5;17;91;81;91;190;1,6;,2;
2026/04/17;0500 UTC;0;884,3;884,7;884,3;;19,2;17,5;19,4;19;17,7;17,5;91;89;90;316;1,2;,9;
2026/04/17;0600 UTC;0;884;884,3;884;;19,5;17,7;19,6;19,2;17,9;17,6;91;89;89;41;1,8;,8;
2026/04/17;0700 UTC;0;883,8;884;883,7;;19,9;17,5;20;19,4;18;17,1;90;83;86;49;2,6;,9;
2026/04/17;0800 UTC;0;883,8;883,8;883,7;;18,8;17,8;19,9;18,7;17,9;17,4;94;86;94;353;2;1,2;
2026/04/17;0900 UTC;0;884;884;883,7;;19,3;17,8;19,3;18,8;18,1;17,8;94;91;91;3;2,9;2;
2026/04/17;1000 UTC;0;884,9;884,9;884;38,1;19,4;17,9;19,4;19,1;17,9;17,6;92;90;91;338;2,9;,8;
2026/04/17;1100 UTC;0;885,8;885,8;884,9;315,7;21;16,7;21;19,4;18,4;16,7;91;77;77;61;2,5;1,1;
2026/04/17;1200 UTC;0;886,5;886,5;885,8;600,6;21,8;17,3;21,8;21;17,5;16,7;78;74;76;37;2,8;1,5;
2026/04/17;1300 UTC;0;886,7;886,8;886,5;852,3;21,7;17,7;22,3;21,7;17,9;16,9;78;73;78;348;4;2,1;
2026/04/17;1400 UTC;0;886,5;886,8;886,5;931,6;20,3;18,4;21,8;20,3;18,6;17,7;89;78;89;336;5,2;2,7;
2026/04/17;1500 UTC;0;885,7;886,5;885,7;1603,2;22;18,2;22,1;20,3;19,2;17,9;91;78;79;12;5,7;2,5;
2026/04/17;1600 UTC;0;884,5;885,7;884,5;1980,9;23,6;18,1;23,6;22;18,8;18;79;71;71;3;5,8;3,3;
2026/04/17;1700 UTC;,2;883,7;884,5;883,7;2012,7;25,2;17;25,4;23,6;18,7;17;73;60;61;190;4,8;1,2;
2026/04/17;1800 UTC;0;882,9;883,7;882,9;1499,3;25,6;17,5;26;24,9;17,7;16,7;63;57;61;357;2,8;,9;
2026/04/17;1900 UTC;0;882,4;882,9;882,4;1075,6;25,5;16,8;25,6;25,1;18,2;16,1;65;56;59;359;3;,7;
2026/04/17;2000 UTC;0;882,9;882,9;882,4;755,8;25,3;17,6;26,9;25,3;17,8;16,2;63;52;62;118;1,9;,6;
2026/04/17;2100 UTC;0;883;883;882,9;178,5;24;17,1;25,3;24;17,8;16,7;67;60;65;60;3,1;1,8;
2026/04/17;2200 UTC;0;883,6;883,6;883;;21,1;18,4;24;21;18,4;17;84;65;84;342;3,1;1;
2026/04/17;2300 UTC;0;883,9;884;883,6;;20,4;18,7;21,2;20,4;18,8;18,3;90;84;90;3;2,2;,2;
2026/04/18;0000 UTC;0;884,6;884,6;883,9;;19,8;18,5;20,4;19,8;18,7;18,4;93;90;92;69;1,1;,7;
2026/04/18;0100 UTC;0;884,8;884,8;884,6;;19,2;18,2;19,8;19,2;18,5;18,1;94;92;94;319;1,4;,1;
2026/04/18;0200 UTC;0;885;885;884,7;;18,8;17,8;19,4;18,8;18,5;17,8;95;94;94;38;3,1;,4;
2026/04/18;0300 UTC;0;884,9;885,1;884,8;;18,1;17,5;18,8;18,1;17,8;17,4;96;94;96;339;1,3;,6;
2026/04/18;0400 UTC;0;884,8;884,9;884,7;;18;17,4;18,4;17,9;17,8;17,3;97;96;97;294;1,9;,9;
2026/04/18;0500 UTC;0;884,4;884,8;884,4;;18;17,5;18,4;17,7;18;17,2;97;97;97;44;1,3;,5;
2026/04/18;0600 UTC;0;884;884,4;884;;17,8;17,4;18,1;17,7;17,7;17,2;97;97;97;139;1;,3;
2026/04/18;0700 UTC;0;883,8;884;883,8;;17,5;17,1;18,1;17,4;17,6;16,9;98;97;97;157;1,3;,8;
2026/04/18;0800 UTC;0;883,6;883,8;883,5;;17,3;16,9;17,8;17,1;17,4;16,7;98;97;98;156;1,4;,7;
2026/04/18;0900 UTC;0;883,7;883,7;883,6;;17,6;17,3;17,6;17;17,3;16,6;98;97;98;48;1,1;,4;
2026/04/18;1000 UTC;0;884,4;884,4;883,6;56,2;18,2;17,9;18,2;17,5;17,9;17,1;98;98;98;132;1,4;,8;
2026/04/18;1100 UTC;0;885,1;885,1;884,4;775,7;22,3;18,6;22,3;18,2;20,8;18;98;79;79;121;2,1;1,4;
2026/04/18;1200 UTC;0;885,6;885,6;885,1;1636,1;23,3;17,9;23,6;22,4;18,8;17,6;80;70;72;96;4,8;2,7;
2026/04/18;1300 UTC;0;886;886;885,6;2226,2;24,4;18,4;24,9;23,3;18,9;17,8;73;67;69;114;4,4;1,6;
2026/04/18;1400 UTC;0;885,8;886,1;885,8;2433,1;25,2;17,6;26;23,6;18,9;17,3;73;60;63;95;5,5;2,5;
2026/04/18;1500 UTC;0;885,2;885,8;885,1;2636,6;25,3;16,2;26,7;25,1;18,5;16,2;65;56;57;139;5,1;2,5;
2026/04/18;1600 UTC;0;884,3;885,2;884,3;2543,3;26,8;15,4;27,4;25,3;17;15,2;60;48;50;95;4,9;1,9;
2026/04/18;1700 UTC;0;883,2;884,3;883,2;2801,9;27,9;15,2;27,9;25,8;16,9;14,1;55;44;46;60;6;1,1;
2026/04/18;1800 UTC;0;882,3;883,2;882,3;2467,2;27,6;15,1;27,9;26,9;15,9;13,9;51;43;47;81;5,7;2,4;
2026/04/18;1900 UTC;0;882;882,3;882;1580;27,5;13,5;27,8;26,3;16,1;13,1;52;41;42;148;5,5;2,8;
2026/04/18;2000 UTC;0;882;882,1;881,9;1134,3;26,8;14;27,6;26,8;14,9;13;47;41;45;130;5,5;2,6;
2026/04/18;2100 UTC;0;882,3;882,3;882;239;24,9;14,9;26,8;24,9;15,1;13;54;43;54;117;4,9;2,3;
2026/04/18;2200 UTC;0;882,9;882,9;882,3;;23,9;15,3;24,9;23,8;15,4;14,9;59;54;59;115;4,5;1,7;
2026/04/18;2300 UTC;0;883,8;883,8;882,8;;23;15,1;23,9;22,9;15,4;15,1;62;59;61;97;3,9;1,6;
2026/04/19;0000 UTC;0;884,6;884,6;883,8;;22,6;13,9;23;22,5;15,1;13,9;62;57;58;113;3,9;1,8;
2026/04/19;0100 UTC;0;884,7;884,7;884,6;;21,8;14,2;22,7;21,8;14,3;13,6;62;57;62;103;4,5;2,1;
2026/04/19;0200 UTC;0;885,1;885,1;884,7;;21,6;14,2;22,2;21,5;14,3;14;63;60;63;102;5,1;2;
2026/04/19;0300 UTC;0;884,9;885,1;884,8;;21,2;14,6;21,6;21;14,7;14,2;67;63;66;66;4;1,8;
2026/04/19;0400 UTC;0;884,9;885;884,8;;18,6;15,2;21,3;18,6;15,2;14,6;81;66;81;94;3,1;1,1;
2026/04/19;0500 UTC;0;884,5;884,9;884,5;;17,1;15,3;18,6;17,1;15,4;15;89;81;89;65;2,4;1;
2026/04/19;0600 UTC;0;884,4;884,5;884,4;;16,6;15,2;17,3;16,4;15,5;15;93;88;92;101;2,4;,3;
2026/04/19;0700 UTC;0;884,2;884,4;884,2;;16,4;15,3;16,7;16,1;15,4;14,9;94;91;93;352;1,8;,2;
2026/04/19;0800 UTC;0;884,5;884,5;884,2;;16,1;14,9;16,5;15,9;15,4;14,5;93;91;92;141;1,2;,7;
2026/04/19;0900 UTC;0;884,9;885;884,5;;15,6;14,8;16,3;15,6;15,1;14,7;95;92;95;358;1,3;,7;
2026/04/19;1000 UTC;0;885,6;885,6;884,9;63,7;17,6;16;17,6;15,5;16;14,6;96;90;90;105;1;,5;
2026/04/19;1100 UTC;0;886;886;885,6;820,1;23,2;15,1;24,1;17,6;17,5;14,8;91;59;61;51;2,4;1,1;
2026/04/19;1200 UTC;0;886,6;886,6;886;1684,5;24,6;16;24,6;23,2;16,1;14,1;62;54;59;86;3,5;2,1;
2026/04/19;1300 UTC;0;887,1;887,1;886,6;2432,3;25,8;13,5;25,8;24,6;16,5;13,5;60;47;47;97;5;2,1;
2026/04/19;1400 UTC;0;886,8;887,1;886,8;2977,5;26,5;13,5;26,8;25,8;14,9;11,3;50;39;45;83;5,6;1,9;
2026/04/19;1500 UTC;0;886,2;886,8;886,2;3285,3;27,4;12;27,5;26,6;14;11,7;46;38;38;59;5,4;2,2;
2026/04/19;1600 UTC;0;885,6;886,2;885,6;3312,1;28,3;10,6;28,4;27,3;13,4;9,2;42;31;33;156;5,8;2;
2026/04/19;1700 UTC;0;884,9;885,6;884,9;2840,6;28,4;12,7;28,9;27,1;13,5;9,9;42;32;38;80;5,6;1,6;
2026/04/19;1800 UTC;0;884,4;884,9;884,4;2662,4;28,7;11,7;29;28;13;10,9;39;33;35;157;7;1,7;
2026/04/19;1900 UTC;0;884,2;884,4;884,2;1946;28,5;11,4;28,7;28,1;12,5;9,4;37;31;35;54;7;1,4;
2026/04/19;2000 UTC;0;884,1;884,2;884;1079,9;27,2;12,6;28,6;27,2;12,6;9,7;40;32;40;135;4,8;2,9;
2026/04/19;2100 UTC;0;884,3;884,3;884,1;132,8;25,2;14,2;27,2;25,2;14,3;12;50;40;50;130;5;1,4;
2026/04/19;2200 UTC;0;884,6;884,6;884,3;;22,2;14,7;25,2;22,1;15,3;14;64;50;63;115;3;1,3;
2026/04/19;2300 UTC;0;885,4;885,4;884,6;;20,3;15,2;22,7;20,3;15,4;14,4;73;60;73;104;2,5;1,2;
2026/04/20;0000 UTC;0;886,3;886,3;885,4;;19,7;15,4;20,3;19,4;15,7;14,9;79;73;76;92;2,3;1;
2026/04/20;0100 UTC;0;886,7;886,7;886,3;;19,2;15,7;23;19,2;15,7;14,6;80;60;80;145;3,2;,7;
2026/04/20;0200 UTC;0;887,1;887,1;886,7;;18,7;15,6;19,5;18,7;15,9;15,5;82;79;82;146;1,9;,7;
2026/04/20;0300 UTC;0;887;887,2;887;;17,9;15,4;18,7;17,9;15,6;15,4;85;82;85;47;1,3;,6;
2026/04/20;0400 UTC;0;886,5;887;886,5;;17,8;15,5;17,9;17,4;15,5;15,1;87;85;87;29;1,9;,2;
2026/04/20;0500 UTC;0;886,4;886,6;886,4;;17,3;15,3;17,8;17,3;15,5;15,1;88;86;88;259;1,6;,7;
2026/04/20;0600 UTC;0;886,2;886,4;886,1;;16,9;15;17,3;16,9;15,3;15;89;87;89;291;1;,5;
2026/04/20;0700 UTC;0;886,2;886,3;886,2;;16,7;14,9;17;16,6;15,1;14,8;90;88;89;343;1;,7;
2026/04/20;0800 UTC;0;886,4;886,4;886,2;;17;14,7;17,4;16,7;15,1;14,7;90;85;86;143;1,5;,8;
2026/04/20;0900 UTC;0;886,7;886,7;886,4;;16,8;15;17,2;16,4;15,1;14,7;91;86;89;43;1,2;,2;
2026/04/20;1000 UTC;0;887,2;887,2;886,7;81,5;18,4;16;18,4;16,3;16;14,7;91;86;86;293;1,2;,4;
2026/04/20;1100 UTC;0;887,8;887,8;887,2;745,5;23,7;16,2;23,7;18,4;17,1;15,2;87;61;63;32;2,2;,4;
2026/04/20;1200 UTC;0;888,1;888,1;887,7;1627,6;24,7;15,4;24,9;22,8;16,1;15;63;55;56;353;3,2;2,2;
2026/04/20;1300 UTC;0;888,2;888,3;888,1;2339,6;26;15,2;26,6;24,6;16,2;14,6;57;48;51;85;4;2,1;
2026/04/20;1400 UTC;0;888,1;888,2;888,1;2899,1;26,4;15,7;27,1;25,9;15,7;13,8;52;46;52;135;6,7;2,9;
2026/04/20;1500 UTC;0;887,6;888,1;887,6;2617,4;26,2;14,6;27,4;26,2;16,1;14,5;53;47;49;74;6,7;2,3;
2026/04/20;1600 UTC;0;887;887,6;887;2968,2;27,9;15,6;28;25,8;16,5;13,7;53;42;47;114;5,5;2,5;
2026/04/20;1700 UTC;0;886,3;887;886,3;2360,6;27,8;13,9;28,1;26,7;15,5;13,7;49;42;42;120;5,9;2,3;
2026/04/20;1800 UTC;0;885,6;886,3;885,5;1807;28;14,3;28,6;26,7;15;13,2;46;39;43;159;5;1,7;
2026/04/20;1900 UTC;0;885,6;885,6;885,5;1200,4;28;13,7;28,3;27;15,1;13,4;48;40;41;116;5,5;2,5;
2026/04/20;2000 UTC;0;885,6;885,7;885,5;577,3;26,6;13,7;28;26,6;16,4;13;54;40;45;101;5;1,1;
2026/04/20;2100 UTC;0;885,8;885,8;885,6;74,1;24;17,2;26,6;24;17,3;13,4;66;44;65;295;4,6;1,8;
2026/04/20;2200 UTC;0;885,8;885,9;885,7;;21,8;17,2;24;21,8;17,5;17;76;66;75;311;4;1,3;
2026/04/20;2300 UTC;0;886,1;886,1;885,8;;20,3;17,3;21,8;20,2;17,4;17;84;75;83;310;1,9;1;
2026/04/21;0000 UTC;0;886,4;886,4;886,1;;19,8;17,2;20,3;19,8;17,3;17,1;85;82;85;153;1,7;,7;
2026/04/21;0100 UTC;0;886,7;886,8;886,4;;20,9;17,2;21,5;19,7;17,3;16,9;85;76;79;125;2,2;1,1;
2026/04/21;0200 UTC;0;886,8;886,8;886,6;;18,9;17;21;18,9;17,4;16,9;89;79;89;146;1,7;,9;
2026/04/21;0300 UTC;0;887;887;886,8;;18,3;16,8;19,8;18,3;17,3;16,7;91;83;91;240;1,3;,7;
2026/04/21;0400 UTC;0;886,7;887;886,7;;18,1;16,9;18,3;18;17,1;16,8;93;91;93;349;1,3;,5;
2026/04/21;0500 UTC;0;886,3;886,7;886,3;;18,5;17;19,2;18;17,6;16,8;93;90;91;150;1,4;,7;
2026/04/21;0600 UTC;0;886,3;886,4;886,3;;17,9;16,6;18,5;17,9;17,1;16,6;94;91;92;173;1,3;,6;
2026/04/21;0700 UTC;0;886,4;886,4;886,2;;18;16,3;18,3;17,8;16,8;16,3;93;90;90;103;1,1;,8;
2026/04/21;0800 UTC;0;886,5;886,6;886,4;;17,4;16,3;18,1;17,4;16,6;16,2;94;90;94;58;1,3;,4;
2026/04/21;0900 UTC;0;887;887;886,5;;17,1;15,8;17,5;16,9;16,4;15,7;95;92;92;85;1,7;1;
2026/04/21;1000 UTC;0;887,8;887,8;887;70;18,7;17,6;18,7;16,8;17,6;15,7;95;92;94;9;2;,4;
2026/04/21;1100 UTC;0;888,4;888,4;887,8;678,4;22,8;16,1;22,8;18,7;18,2;16,1;94;66;66;76;3,9;2,3;
2026/04/21;1200 UTC;0;889;889,1;888,4;1238;23,7;16,3;24;22,7;17;15,9;69;61;63;56;6,2;3,2;
2026/04/21;1300 UTC;0;889,2;889,3;889;2323,3;24,8;16,4;24,8;23,6;17,1;16;65;59;60;67;6,4;3,5;
2026/04/21;1400 UTC;0;888,8;889,2;888,8;2910,2;26;16,8;26,3;24,8;17;15,8;60;54;57;52;6,1;2,7;
2026/04/21;1500 UTC;0;888,1;888,8;888,1;2641,8;27,3;15,3;27,3;25,6;16,8;15,3;57;48;48;55;5,7;2,7;
2026/04/21;1600 UTC;0;887,4;888,1;887,4;2741,8;27;14,6;28;26,8;16,2;14,2;50;43;46;36;5,7;1,2;
2026/04/21;1700 UTC;0;886,6;887,4;886,6;2289,2;27,6;14,3;28,3;26,5;15,9;14,1;51;44;44;74;5,5;2,5;
2026/04/21;1800 UTC;0;886;886,6;886;1627;27,7;14,9;28,1;26,7;15,9;14;50;43;45;58;5,7;1,9;
2026/04/21;1900 UTC;0;885,9;886;885,8;628,8;26,4;14,6;27,7;26,2;15,4;14,4;51;45;48;81;5,7;2,2;
2026/04/21;2000 UTC;0;885,9;886;885,8;731,2;26,8;14,5;27,1;26,2;15,2;14,3;50;46;47;58;4;2,1;
2026/04/21;2100 UTC;0;886,1;886,2;885,9;211,7;25,2;14,8;26,8;25,2;14,9;14,4;53;47;52;76;4;1,4;
2026/04/21;2200 UTC;0;886,3;886,3;886,1;;24;16,3;25,2;23,8;16,3;14,7;62;52;62;101;4,8;1,6;
2026/04/21;2300 UTC;0;887;887;886,3;;23,6;16,1;24;23,5;16,4;16;64;62;63;99;3,5;1,7;
2026/04/22;0000 UTC;0;887,4;887,4;886,9;;23,2;16,5;23,6;23;16,5;16;66;62;66;104;3,5;1,8;
2026/04/22;0100 UTC;0;887,8;887,8;887,4;;22,6;16,7;23,1;22,4;16,8;16,5;70;66;69;79;3,2;1,7;
2026/04/22;0200 UTC;0;888,1;888,1;887,8;;22,4;16,4;22,6;22;17;16,4;73;69;69;68;3,5;1,9;
2026/04/22;0300 UTC;0;888,2;888,3;888,1;;21,9;16,5;22,4;21,5;16,5;16,4;73;69;72;76;3,3;1,8;
2026/04/22;0400 UTC;0;887,9;888,2;887,9;;21,1;16,9;22;20,5;16,9;16,5;79;71;77;73;3,3;1,2;
2026/04/22;0500 UTC;0;887,5;887,9;887,5;;20,9;16,6;21,6;20,9;16,9;16,6;77;74;76;64;3;1,2;
2026/04/22;0600 UTC;0;887,4;887,6;887,3;;20,6;16,7;20,9;19,4;16,8;16,4;84;76;78;63;3,6;1,7;
2026/04/22;0700 UTC;0;887,3;887,4;887,3;;18,9;16,3;20,6;18,7;16,7;16,3;87;78;85;77;3,1;1,1;
2026/04/22;0800 UTC;0;887,4;887,5;887,3;;19,2;16,6;19,2;18;16,6;16;90;85;85;63;2,6;1,3;
2026/04/22;0900 UTC;0;887,7;887,7;887,4;;19,2;16,1;20;19,2;16,6;16,1;85;80;82;76;3,1;1;
2026/04/22;1000 UTC;0;888,4;888,4;887,7;72;19,9;17;19,9;17,4;17,3;15,8;93;82;84;109;2;,6;
2026/04/22;1100 UTC;0;888,9;888,9;888,4;772,8;22,8;16,7;22,8;19,9;17,4;16,4;84;68;68;66;4;2,1;
2026/04/22;1200 UTC;0;889,3;889,3;888,9;1636,6;23,3;16,6;23,3;22,5;17,2;16;71;65;66;55;6,2;3,2;
2026/04/22;1300 UTC;0;889,4;889,5;889,3;2341,2;25,2;15,9;25,3;23,3;17,1;15,5;67;56;56;42;8,5;2,9;
2026/04/22;1400 UTC;0;889;889,4;889;2899,7;26,6;15,4;26,8;25,1;16,7;14,8;58;49;50;48;6,5;2,8;
2026/04/22;1500 UTC;0;888,2;889;888,2;2790,1;26,8;15,3;27,5;25,9;16,2;13,7;54;44;49;102;6,3;3,1;
2026/04/22;1600 UTC;0;887,6;888,2;887,6;2051,1;27;14,4;27,8;26,3;15,8;13,3;50;42;46;67;5,3;2,1;
2026/04/22;1700 UTC;0;886,9;887,6;886,9;3232,7;27,9;13,1;28,5;27;14,1;11,3;46;35;40;97;5,6;2,3;
2026/04/22;1800 UTC;0;886,2;886,9;886,2;1814,5;28,2;14;28,2;26,8;14,7;12,8;47;40;42;134;6,3;2,3;
2026/04/22;1900 UTC;0;885,9;886,2;885,9;1771,8;27,5;13,1;28,2;27;14,4;12,8;44;40;41;108;5,6;2,9;
2026/04/22;2000 UTC;0;886,3;886,3;885,9;930,2;26,5;14,4;27,6;26,5;14,9;12,3;49;39;47;77;6,6;3;
2026/04/22;2100 UTC;0;886,5;886,5;886,3;246,5;25;15,4;26,5;25;15,5;14,3;55;47;55;98;6,2;3;
2026/04/22;2200 UTC;0;886,9;886,9;886,5;;24;15,7;25;24;15,8;15,3;60;55;60;103;5,2;1,7;
2026/04/22;2300 UTC;0;887,6;887,6;886,9;;23,3;16,1;24,1;23,3;16,2;15,7;64;60;64;103;5;2,5;
2026/04/23;0000 UTC;0;888;888;887,6;;22,5;16,2;23,4;22,5;16,2;16;68;64;68;104;5,8;1,9;
2026/04/23;0100 UTC;0;888,2;888,3;888;;22,1;16,1;22,5;22;16,2;16;69;67;69;91;5,1;2,5;
2026/04/23;0200 UTC;0;888,3;888,3;888,2;;21,6;16,1;22,1;21,6;16,2;16,1;71;69;71;96;7,6;2,3;
2026/04/23;0300 UTC;0;888,4;888,5;888,3;;21;16,1;21,6;21;16,1;16;74;71;74;110;5,1;2,1;
2026/04/23;0400 UTC;0;888,1;888,4;888,1;;20,7;15,8;21;20,7;16,1;15,8;74;73;74;87;4,5;2,2;
2026/04/23;0500 UTC;0;887,8;888,1;887,7;;20,2;15,8;20,8;20,2;15,9;15,8;76;73;76;105;4,9;1,9;
2026/04/23;0600 UTC;0;887,5;887,8;887,4;;19,9;15,6;20,3;19,9;15,8;15,6;76;75;76;104;4,3;1,8;
2026/04/23;0700 UTC;0;887,3;887,5;887,3;;19,8;15,6;19,9;19,7;15,7;15,5;77;76;77;94;3,5;1,7;
2026/04/23;0800 UTC;0;887,5;887,5;887,3;;19,2;15,6;20;19,2;15,7;15,6;80;76;80;113;3,8;1,4;
2026/04/23;0900 UTC;0;887,8;887,8;887,5;;18,5;15,8;19,2;18,5;15,8;15,6;84;80;84;129;3,4;1,3;
2026/04/23;1000 UTC;0;888,3;888,3;887,8;67,9;20,2;15,8;20,2;16,6;15,9;15,1;93;76;76;73;3,1;1,5;
2026/04/23;1100 UTC;0;889;889;888,3;780,4;21,5;16;21,5;20,2;16;15,4;76;69;71;85;6,3;3;
2026/04/23;1200 UTC;0;889,5;889,6;889;1614,4;22;16,1;22,3;21,5;16,4;15,8;72;67;69;87;7,4;4,1;
2026/04/23;1300 UTC;0;889,7;889,7;889,5;2362,7;23,4;16,6;23,8;22;17;16;70;62;66;85;7,4;2,9;
2026/04/23;1400 UTC;0;889,5;889,8;889,5;2875,1;24,5;16;24,7;23,3;17,2;15,7;66;58;59;70;7,8;3,6;
2026/04/23;1500 UTC;0;888,9;889,5;888,8;3238,2;25,7;15,9;25,8;24,5;16,2;14,5;60;51;55;75;8,3;3,7;
2026/04/23;1600 UTC;0;888,1;888,9;888,1;3173;25,6;14,8;26,2;25,4;15,6;14,1;54;48;52;84;7,9;3,3;
2026/04/23;1700 UTC;0;887,2;888,1;887,2;2201;25,8;14,8;26,6;25,2;15,6;13,8;53;46;51;90;6,6;3;
2026/04/23;1800 UTC;0;886,7;887,2;886,7;2101,1;25,5;14,6;27;25,5;15,5;13,8;52;45;51;109;6,9;2,8;
2026/04/23;1900 UTC;0;886,4;886,8;886,4;1278,8;25,1;14;26,6;25,1;14,8;13,5;52;45;50;115;6,9;2,9;
2026/04/23;2000 UTC;0;886,7;886,7;886,4;1055,7;25,7;13,3;26,3;25,1;14,3;12,9;50;44;46;124;6,7;3;
2026/04/23;2100 UTC;0;886,8;886,8;886,7;240,5;24,1;13,1;25,7;24,1;13,6;12,6;51;46;51;123;6,2;2,3;
2026/04/23;2200 UTC;0;887;887;886,8;;22,7;14,1;24;22,7;14,1;13;58;51;58;114;4,4;2;
2026/04/23;2300 UTC;0;887,6;887,6;887;;21,7;14,5;22,8;21,7;14,6;14,1;64;58;63;109;4,2;1,7;
2026/04/24;0000 UTC;0;888,1;888,2;887,6;;21,5;13,3;21,9;21,3;14,5;13,3;63;60;60;96;6,5;3,1;
2026/04/24;0100 UTC;0;888,3;888,4;888,1;;20,3;13,8;21,5;20,3;13,8;13,2;66;59;66;108;6,5;2;
2026/04/24;0200 UTC;0;888,5;888,6;888,3;;20,1;13,4;20,4;20,1;13,8;13,1;67;63;65;73;4,2;2;
2026/04/24;0300 UTC;0;888,6;888,7;888,5;;19,6;13,5;20,1;19,6;13,8;13,4;69;65;68;98;4,6;1,7;
2026/04/24;0400 UTC;0;888,3;888,7;888,3;;19,4;13,7;19,6;19,1;13,8;13,5;71;68;70;99;3,9;2,1;
2026/04/24;0500 UTC;0;887,9;888,4;887,9;;18,8;13,7;19,5;18,8;13,8;13,7;72;69;72;110;3,9;1,5;
2026/04/24;0600 UTC;0;887,9;888;887,9;;17,9;13,8;18,9;17,1;13,9;13,5;81;72;77;104;3;1,3;
2026/04/24;0700 UTC;0;887,9;887,9;887,8;;18,4;13,8;18,8;18;13,8;13,7;77;73;74;109;4;1,9;
2026/04/24;0800 UTC;0;888;888;887,8;;16,3;13,6;18,4;16,3;13,7;13,3;84;74;84;123;3,9;1,3;
2026/04/24;0900 UTC;0;888,5;888,5;888;;17;13,9;17;15,7;14;13,4;88;82;82;122;2,5;1,6;
2026/04/24;1000 UTC;0;889,2;889,2;888,5;69,6;17,6;14,3;17,6;16,8;14,3;13,9;84;81;81;131;3,7;1,5;
2026/04/24;1100 UTC;0;889,9;889,9;889,1;786,2;19,6;15,1;19,6;17,6;15,2;14,3;81;75;75;94;5,6;3;
2026/04/24;1200 UTC;0;890,1;890,1;889,8;1627,2;21;15,6;21,2;19,6;15,8;15,1;77;70;71;81;6,5;3,5;
2026/04/24;1300 UTC;0;890,4;890,5;890,1;2372;22,7;16,2;22,9;21;16,4;15,4;72;64;66;70;6,9;3,6;
2026/04/24;1400 UTC;0;890;890,4;890;2658,9;24,1;16;24,2;22,8;16,6;15,4;67;59;61;97;6,9;3,1;
2026/04/24;1500 UTC;0;888,9;890;888,9;2845,5;25,6;16,6;25,9;23,8;16,6;14,7;61;52;57;85;7;2,5;
2026/04/24;1600 UTC;0;888;888,9;888;2512,3;26,6;14,4;26,7;24,8;16,2;14,4;57;47;47;49;7,1;2,6;
2026/04/24;1700 UTC;0;887,3;888;887,3;2568,7;27;13,7;27,3;25,6;15,2;12,4;51;41;44;334;6;1,9;
2026/04/24;1800 UTC;0;886,8;887,3;886,8;2652,2;28,1;13;28,1;26,9;14,8;11,5;47;37;39;345;5,6;2,3;
2026/04/24;1900 UTC;0;886,7;886,8;886,6;1858,7;27,4;11,8;28,1;27,1;13,4;10,1;42;33;38;342;5,5;2,4;
2026/04/24;2000 UTC;0;886,7;886,8;886,6;1085,3;26,3;12,6;27,5;26,3;13,5;11,8;44;38;43;339;5;2,6;
2026/04/24;2100 UTC;0;887;887;886,7;226,5;23,3;15,1;26,3;23,3;15,1;12,8;60;43;60;351;4,4;1,4;
2026/04/24;2200 UTC;0;887,3;887,3;886,9;;21,9;16,5;23,3;21,6;16,5;15;72;60;71;37;2,4;,5;
2026/04/24;2300 UTC;0;887,9;887,9;887,3;;22,8;16,2;22,8;21,1;16,7;15,9;75;66;67;82;3,1;1,5;
2026/04/25;0000 UTC;0;888,4;888,4;887,9;;20;16,5;22,8;20;16,5;16,3;80;67;80;1;2,8;1,4;
2026/04/25;0100 UTC;0;888,5;888,5;888,4;;19,2;16,3;20,2;19,2;16,6;16,2;84;79;84;120;2,2;,5;
2026/04/25;0200 UTC;0;888,5;888,6;888,4;;18,2;16,2;19,2;18,1;16,5;16;89;84;88;161;1,5;,7;
2026/04/25;0300 UTC;0;888,5;888,6;888,5;;18;16,3;18,9;18;16,6;16,1;89;86;89;139;2,3;,7;
2026/04/25;0400 UTC;0;888,2;888,6;888,2;;17,5;15,9;18;17,5;16,4;15,9;90;89;90;141;2;1;
2026/04/25;0500 UTC;0;887,8;888,2;887,8;;17,2;15,8;17,6;17,2;16,1;15,8;91;90;91;138;1,9;1,3;
2026/04/25;0600 UTC;0;887,6;887,8;887,6;;17,4;15,9;17,5;16,7;16,2;15,6;94;91;91;155;1,9;,9;
2026/04/25;0700 UTC;0;887,4;887,6;887,4;;16,4;15,4;17,5;16,3;16,2;15,3;94;90;94;165;1,5;,4;
2026/04/25;0800 UTC;0;887,3;887,4;887,2;;16,1;15,4;16,4;16,1;15,5;15,3;96;94;96;193;1;,7;
2026/04/25;0900 UTC;0;887,8;887,8;887,2;;16;15,4;16,3;16;15,7;15,3;96;95;96;339;1;,6;
2026/04/25;1000 UTC;0;888,4;888,4;887,8;64,4;19,4;16,6;19,4;16;16,9;15,4;97;84;84;55;3,5;1,4;
2026/04/25;1100 UTC;0;889;889;888,4;756,9;21,5;17,1;21,6;19,4;17,6;16,6;84;74;76;89;4,3;1,9;
2026/04/25;1200 UTC;0;889,3;889,3;889;1588,6;22,8;17,1;22,9;21,4;17,7;16,5;76;70;70;68;5,5;2,2;
2026/04/25;1300 UTC;0;889,5;889,5;889,2;2343,4;23,8;17,7;24,1;22,7;17,9;17;72;66;69;77;4,6;2,1;
2026/04/25;1400 UTC;0;888,9;889,5;888,9;2804,3;25,7;16,9;26,2;23,8;18,2;16,4;70;56;58;4;5;1,8;
2026/04/25;1500 UTC;0;887,8;888,9;887,8;3241,1;26,9;15,8;27,2;25,1;17,7;15,7;63;50;50;352;4,8;1,4;
2026/04/25;1600 UTC;0;887;887,8;887;2485,3;25,7;16,7;27,8;25,7;17,4;15,6;58;49;58;143;4,2;2,4;
2026/04/25;1700 UTC;0;886,3;887;886,3;2414,4;27,6;15,2;27,9;25,6;16,8;14,9;58;46;47;31;4,3;1,6;
2026/04/25;1800 UTC;0;885,8;886,3;885,8;1370,6;27,6;14;28;26,7;15,5;13,6;50;42;44;141;3,3;1,1;
2026/04/25;1900 UTC;0;885,7;885,8;885,6;1559,2;27,7;12,6;28,4;26,8;14,9;12,5;47;38;39;162;4,4;2,3;
2026/04/25;2000 UTC;0;886;886;885,6;601,7;26,3;15,1;28;26,3;15,2;12,6;50;39;50;152;5,3;2,4;
2026/04/25;2100 UTC;0;886,1;886,1;885,9;203,1;24,6;15,5;26,5;24,6;15,6;14,7;57;48;57;151;5;1,5;
2026/04/25;2200 UTC;0;886,2;886,2;886,1;;21,4;16;24,5;21,3;16,2;15,4;72;57;72;144;3,2;,8;
2026/04/25;2300 UTC;0;886,6;886,6;886,1;;20,8;15,2;21,7;20,2;16,1;15,2;74;70;70;135;2,1;1,1;
2026/04/26;0000 UTC;0;887,1;887,1;886,6;;19,2;15,2;20,8;19,2;15,4;15,1;78;70;78;145;2;,7;
2026/04/26;0100 UTC;0;887,5;887,5;887,1;;18,6;15;19,2;18,2;15,2;14,8;82;78;79;120;1,5;,7;
2026/04/26;0200 UTC;0;887,7;887,7;887,5;;18,3;15,1;18,6;18,1;15,2;14,9;83;79;81;155;1,9;,7;
2026/04/26;0300 UTC;0;887,8;887,8;887,7;;17,9;15;18,5;17,9;15,1;14,8;84;79;84;127;1,6;,9;
2026/04/26;0400 UTC;0;887,1;887,8;887,1;;18;14,8;18,1;17,6;15;14,6;85;80;81;137;1,8;1,2;
2026/04/26;0500 UTC;0;886,9;887,1;886,8;;17,5;14,9;18,4;17,3;14,9;14,4;85;78;85;142;1,7;,9;
2026/04/26;0600 UTC;0;886,8;886,9;886,8;;17;15,2;17,7;17;15,3;14,6;89;82;89;68;2,2;,5;
2026/04/26;0700 UTC;0;887;887;886,8;;18,7;17;18,7;17;17;15,3;91;89;89;53;2,9;1,4;
2026/04/26;0800 UTC;0;887,2;887,2;887;;17,7;15,7;20,2;17,7;17,1;15,6;89;80;88;264;2,9;,6;
2026/04/26;0900 UTC;0;887,4;887,4;887,2;;18;15,5;18;17,3;16;15,5;91;85;85;148;1,4;,6;
2026/04/26;1000 UTC;0;888;888;887,4;22,6;17,4;15,6;18,2;17,3;15,7;15,3;89;84;89;139;1,8;,8;
2026/04/26;1100 UTC;0;888,4;888,4;888;155,3;20;17,7;20;17,4;17,7;15,6;91;84;87;67;2,4;1;
2026/04/26;1200 UTC;0;888,9;888,9;888,4;1136,5;22,1;18,1;22,3;20;18,8;17,5;87;77;78;80;5,2;2,3;
2026/04/26;1300 UTC;0;889;889,1;888,9;2287,3;23,2;18,2;24;21,9;18,9;18,1;81;71;73;77;6;3;
2026/04/26;1400 UTC;0;888,6;889,1;888,6;2767,8;25;17,5;25,1;23;18,3;17,3;74;62;63;81;5,8;2,8;
2026/04/26;1500 UTC;0;887,6;888,6;887,6;3189,3;25,9;16,5;26,1;24,8;17,9;16,5;65;56;56;55;5,6;2;
2026/04/26;1600 UTC;0;886,7;887,6;886,7;3370,7;27;16,2;27,2;25,8;17,2;15,5;58;49;52;93;4,9;1,9;
2026/04/26;1700 UTC;0;885,8;886,7;885,8;3022,8;26,9;15,7;27,7;26,6;17,1;15,4;54;49;50;116;5,5;1,9;
2026/04/26;1800 UTC;0;885,3;885,8;885,3;848,1;26,8;15,7;27,1;26,1;16,4;15,3;55;49;51;131;4,4;1,3;
2026/04/26;1900 UTC;0;885,1;885,3;885,1;1679,3;26,9;15,9;27,7;26,8;16,9;15,5;54;49;51;42;3,9;1,7;
2026/04/26;2000 UTC;0;885,4;885,4;885,1;766,1;25,9;16,2;27,3;25,9;16,4;15,7;56;50;55;110;3,6;,9;
2026/04/26;2100 UTC;0;885,8;885,8;885,4;47;25,3;17,2;25,9;25;18;15,9;64;54;61;100;2,8;1,5;
2026/04/26;2200 UTC;0;886,1;886,1;885,8;;24,5;17,3;25,3;24,5;17,6;17;65;60;64;110;3,6;1,6;
2026/04/26;2300 UTC;0;886,7;886,7;886,1;;23,4;17,7;24,5;22,6;18,4;17,3;76;64;70;110;2,6;1,2;
2026/04/27;0000 UTC;0;887,1;887,1;886,7;;20,4;17,7;23,4;20,4;18;17,6;84;70;84;155;2,1;,9;
2026/04/27;0100 UTC;0;887,2;887,3;887,1;;20,5;17,6;20,7;20,3;17,8;17,5;85;82;83;129;1,7;1;
2026/04/27;0200 UTC;0;887,2;887,2;887,1;;20,1;17,7;20,5;19,6;17,8;17,3;88;83;86;83;2;1,2;
2026/04/27;0300 UTC;0;887,4;887,4;887,2;;19,7;17,6;20,9;19,7;17,7;17,5;88;81;88;301;2,1;,6;
2026/04/27;0400 UTC;0;887,3;887,4;887,3;;19,2;17,7;19,8;19;17,8;17,5;91;88;91;82;2,4;1;
2026/04/27;0500 UTC;0;887,1;887,3;887,1;;19,1;17,5;19,9;19;17,7;17,3;91;86;91;156;2,6;,3;
2026/04/27;0600 UTC;0;887;887,1;887;;18,6;17,4;19,1;18,6;17,7;17,3;93;91;93;50;1;,5;
2026/04/27;0700 UTC;0;886,8;887;886,8;;18,1;16,8;18,8;18,1;17,6;16,8;93;91;92;143;1,8;,9;
2026/04/27;0800 UTC;0;887;887;886,8;;17,7;16,8;18,2;17,6;17,1;16,7;95;92;94;145;1,9;,9;
2026/04/27;0900 UTC;0;887,5;887,5;887;;17,3;16,5;17,7;17,2;16,7;16,4;96;94;96;165;1,3;,2;
2026/04/27;1000 UTC;0;888,3;888,3;887,5;60,8;21;17,5;21;17,3;17,6;16,5;96;81;81;80;2,8;1,5;
2026/04/27;1100 UTC;0;889,1;889,1;888,3;663,3;22,1;18,2;23,1;21;18,5;17,4;81;72;79;336;2,8;,9;
2026/04/27;1200 UTC;0;889,4;889,4;889,1;1104,6;24,3;17,2;24,3;22;18,7;17,2;82;65;65;42;3,8;2,2;
2026/04/27;1300 UTC;0;889,7;889,7;889,4;1493,2;25,2;18,5;25,2;23,5;18,5;17,2;70;63;66;45;4,7;2,1;
2026/04/27;1400 UTC;0;889,1;889,7;889,1;2556,6;25,5;17,1;26;24,7;18,6;16,9;67;58;60;83;5,6;2,7;
2026/04/27;1500 UTC;0;888,1;889,1;888,1;2421,9;26,9;17;26,9;24,9;18;16,9;64;54;55;31;5,4;2,8;
2026/04/27;1600 UTC;0;887,2;888,1;887,2;2119,3;27,2;17,6;27,5;25,4;17,7;16,6;61;53;56;48;5,6;2,3;
2026/04/27;1700 UTC;0;886,4;887,3;886,4;2761;27;16,1;28,5;26,9;18;15,8;55;48;51;67;5,1;1,9;
2026/04/27;1800 UTC;0;886;886,4;886;2015,7;27,8;16;28,4;26,6;16,7;15,2;53;46;49;111;7,2;2,2;
2026/04/27;1900 UTC;0;885,9;886;885,8;1567,2;27,1;15,7;28,4;27,1;16,3;14,7;50;44;50;59;7,2;1,9;
2026/04/27;2000 UTC;0;886,3;886,3;885,9;632,1;26,9;16,1;28,1;26,9;16,6;15,3;52;47;52;93;4,3;1,7;
2026/04/27;2100 UTC;0;886,4;886,5;886,3;70,8;25;17,6;26,9;25;17,7;16,4;64;52;64;45;5,1;1,3;
2026/04/27;2200 UTC;0;887;887;886,4;;23,1;18;25;23,1;18,3;17,6;73;64;73;264;4,1;1,8;
2026/04/27;2300 UTC;0;887,6;887,7;887;;21,7;18,4;23,1;21,7;18,7;18;81;73;81;287;4;,8;
2026/04/28;0000 UTC;0;888,1;888,1;887,6;;20,7;17,9;21,7;20,7;18,5;17,7;85;80;84;336;1,6;,3;
2026/04/28;0100 UTC;0;888,5;888,6;888,1;;20,9;18,2;21,4;20,6;18,3;17,8;85;80;85;86;3,6;,5;
2026/04/28;0200 UTC;0;888,4;888,5;888,3;;20,9;18,2;21,7;20,6;18,8;18,1;87;82;85;300;2,3;,9;
2026/04/28;0300 UTC;0;888,4;888,5;888,3;;20;17,7;21;20;18,3;17,6;86;81;86;306;2,1;,9;
2026/04/28;0400 UTC;0;887,8;888,4;887,8;;19,7;17,5;20,2;19,7;18;17,5;89;86;87;25;2,6;1,1;
2026/04/28;0500 UTC;0;887,4;887,8;887,4;;18,6;17,2;19,9;18,6;18;17,1;92;87;92;358;2;1,1;
2026/04/28;0600 UTC;0;886,8;887,4;886,8;;18,5;17,6;18,6;18,1;17,6;16,9;95;92;95;1;2;1,6;
2026/04/28;0700 UTC;0;886,8;886,8;886,7;;17,8;16,7;19,9;17,8;18,1;16,6;95;88;93;96;3,3;,4;
2026/04/28;0800 UTC;0;886,7;886,8;886,6;;17,9;17,1;18,2;17,5;17,3;16,6;95;93;95;31;1,5;,9;
2026/04/28;0900 UTC;0;887,7;887,7;886,7;;16,9;16,3;18;16,9;17,2;16,3;96;95;96;294;1,6;1;
2026/04/28;1000 UTC;0;888,1;888,1;887,7;72,5;18,5;18;18,5;16,7;18;16;97;96;97;9;1,4;,8;
2026/04/28;1100 UTC;0;888,8;888,8;888,1;758,8;23;17,4;23;18,5;19,3;17,4;97;71;71;45;2,6;1,4;
2026/04/28;1200 UTC;0;889,1;889,1;888,7;1598,7;24,9;17,5;24,9;23;17,9;16,9;72;63;64;51;5;2,1;
2026/04/28;1300 UTC;0;889,2;889,2;889,1;2163,5;25,4;17,2;25,5;24,3;17,8;16,7;65;59;61;76;6,2;3,3;
2026/04/28;1400 UTC;0;888,8;889,2;888,7;2780,3;26,6;15,3;26,9;25,4;17,1;14,8;61;48;50;69;6,1;2,9;
2026/04/28;1500 UTC;0;888,1;888,8;888,1;3105,9;27,2;13,9;27,9;26,2;16,1;13,6;53;42;44;88;6,2;3;
2026/04/28;1600 UTC;0;887,3;888,1;887,3;2684,7;27,8;14,1;28,2;26,8;14,9;12,7;46;41;43;115;6,6;2,8;
2026/04/28;1700 UTC;0;886,7;887,4;886,7;2629,4;28,2;12,7;28,6;26,9;14,8;12,5;44;38;39;56;7,4;2,6;
2026/04/28;1800 UTC;0;886,1;886,7;886;2663,6;28,3;13,6;29;28,2;14,6;10,5;43;33;40;20;5,8;2,6;
2026/04/28;1900 UTC;0;886,2;886,2;886;1804,6;28;12,7;28,4;28;14,4;12,6;43;38;39;98;5,8;2,4;
2026/04/28;2000 UTC;0;886,3;886,3;886,2;999,7;27,3;12,5;28;27,3;13,7;10,9;42;35;40;101;5,3;2,4;
2026/04/28;2100 UTC;0;886,6;886,7;886,3;196,3;25,5;13,5;27,3;25,5;13,7;12,6;47;40;47;99;5,7;2,7;
2026/04/28;2200 UTC;0;886,7;886,7;886,6;;24,6;14;25,6;24,6;14,2;13,4;52;47;52;107;5,5;2,2;
2026/04/28;2300 UTC;0;887,1;887,1;886,7;;23,5;15,3;24,6;23,5;15,3;14;60;52;60;115;4,5;2,3;
2026/04/29;0000 UTC;0;887,7;887,7;887,1;;22,8;14,7;23,6;22,7;15,3;14,5;61;59;60;106;4,6;2,1;
2026/04/29;0100 UTC;0;888,1;888,1;887,7;;22,3;14,4;22,8;22,2;14,7;14,3;61;60;61;98;4,5;1,9;
2026/04/29;0200 UTC;0;888,3;888,4;888,1;;21,8;14,7;22,4;21,6;14,7;14,3;64;60;64;80;4,8;1,9;
2026/04/29;0300 UTC;0;888,4;888,4;888,3;;20,8;15;21,8;20,8;15;14,7;70;64;70;125;4,1;1,7;
2026/04/29;0400 UTC;0;888;888,5;888;;20;15,1;20,8;20;15,1;14,9;73;70;73;131;3,4;1,6;
2026/04/29;0500 UTC;0;887,5;888;887,5;;19,8;14,7;20;19,4;15,2;14,7;76;72;72;107;2,8;1,6;
2026/04/29;0600 UTC;0;887,1;887,6;887,1;;19,1;14,5;19,8;16,5;14,7;14,3;87;72;74;103;2,6;1,5;
2026/04/29;0700 UTC;0;886,9;887,1;886,9;;19,8;14,5;20;18,2;14,5;14;78;70;72;96;3,4;1,6;
2026/04/29;0800 UTC;0;886,9;886,9;886,8;;16,3;14,5;19,9;16,2;14,6;14,1;90;71;89;114;3,3;1,1;
2026/04/29;0900 UTC;0;887,4;887,4;886,9;;18,9;15,1;19;16,3;15,1;14,5;89;78;78;107;3,3;1,8;
2026/04/29;1000 UTC;0;888;888;887,4;80,5;19,8;15,2;19,8;18,8;15,2;15,1;79;75;75;80;3,8;1,6;
2026/04/29;1100 UTC;0;888,6;888,6;888;776,5;21,2;14,6;21,3;19,8;15,3;14,6;75;66;66;71;6,7;3;
2026/04/29;1200 UTC;0;888,8;888,8;888,6;1621,5;22,6;14,7;23;21,2;15,3;14,5;67;59;61;75;6,9;3,2;
2026/04/29;1300 UTC;0;889,1;889,1;888,8;2358,1;24,4;14,6;24,5;22,6;15,2;14,4;62;54;55;94;7,1;3,7;
2026/04/29;1400 UTC;0;888,7;889,1;888,7;2881,3;25,7;14,3;25,7;24,2;15,2;14,3;57;49;49;91;7,1;2,8;
2026/04/29;1500 UTC;0;887,8;888,7;887,8;3234;26,1;12,6;26,5;25,3;14,7;12,6;51;43;43;72;6,3;2,9;
2026/04/29;1600 UTC;0;887;887,8;887;3242,3;26,7;12,3;27,1;26,1;14,2;11,7;46;40;41;28;6,9;2,5;
2026/04/29;1700 UTC;0;886,3;887;886,3;2955,2;26,8;12,3;27,1;26,6;12,9;9,8;43;34;41;49;6,8;2,7;
2026/04/29;1800 UTC;0;885,7;886,3;885,7;2486,1;27,2;11,5;27,5;26,7;13;10,3;42;35;38;59;6;2,8;
2026/04/29;1900 UTC;0;885,5;885,7;885,4;1805,3;26,7;11,6;27,4;26,6;12,3;10,5;41;36;39;88;6,4;2,6;
2026/04/29;2000 UTC;0;885,8;885,9;885,5;1028,9;26,1;11,3;26,9;26,1;12,1;10,9;42;37;40;73;6,4;1,7;
2026/04/29;2100 UTC;0;886,2;886,2;885,8;194,4;24,4;11,8;26,1;24,4;12,3;11,5;46;40;45;104;4,5;1,8;
2026/04/29;2200 UTC;0;886,6;886,6;886,2;;22,2;12,8;24,4;21,4;13,7;11,8;60;45;55;125;3;1,4;
2026/04/29;2300 UTC;0;887,2;887,2;886,5;;22,6;12,7;23;22,3;13,3;12,6;57;52;54;115;3,8;1,7;
2026/04/30;0000 UTC;0;887,5;887,5;887,2;;21,7;12,9;22,6;21,3;13,2;12,7;59;54;57;116;3,6;2;
2026/04/30;0100 UTC;0;887,5;887,5;887,4;;21;12,7;21,7;20,9;12,9;12,6;59;57;59;110;3,8;1,8;
2026/04/30;0200 UTC;0;887,6;887,6;887,4;;18,5;13,4;21;18,5;13,4;12,8;72;59;72;137;3,7;1;
2026/04/30;0300 UTC;0;887,6;887,6;887,6;;17,5;13,6;18,8;17,4;13,7;13,4;79;72;78;133;2,7;1,3;
2026/04/30;0400 UTC;0;887,5;887,6;887,5;;16,3;13,7;18,9;16,3;13,9;13,6;85;72;85;143;2,2;1,1;
2026/04/30;0500 UTC;0;887,2;887,5;887,2;;15,8;14;16,3;15,5;14;13,6;90;85;89;120;1,5;,5;
2026/04/30;0600 UTC;0;887;887,2;887;;15;13,5;16;15;14,1;13,5;91;88;91;130;1,2;,7;
2026/04/30;0700 UTC;0;887;887,1;887;;15,5;13,9;15,5;14,9;13,9;13,4;92;89;90;132;1,8;1,1;
2026/04/30;0800 UTC;0;887;887,1;886,9;;14,5;13;15,7;14,4;13,9;13;92;87;91;132;1,7;,8;
2026/04/30;0900 UTC;0;887,5;887,5;887;;15,4;13,3;15,8;14,3;14,2;13;93;86;87;124;1,9;1,3;
2026/04/30;1000 UTC;0;888,2;888,2;887,5;84,2;18,6;14,1;18,6;14,8;14,1;13,2;92;75;75;105;3,5;1,9;
2026/04/30;1100 UTC;0;888,8;888,9;888,2;801,1;20,4;14,4;20,5;18,6;14,5;14;75;66;68;117;5,8;3;
2026/04/30;1200 UTC;0;889,3;889,3;888,8;1624,7;21,7;14,5;21,8;20,4;14,9;14,3;69;63;64;99;7,7;3,5;
2026/04/30;1300 UTC;0;889,8;889,8;889,3;2356,9;23,2;15,5;23,2;21,6;15,6;14,4;65;61;62;97;7,7;3,3;
2026/04/30;1400 UTC;0;889,5;889,9;889,5;2736,3;24;15,1;24,2;22,9;15,8;14,4;62;55;57;127;7,9;4;
2026/04/30;1500 UTC;0;888,4;889,5;888,4;2899,9;24,5;13,9;25,2;22,9;15,2;13,4;58;49;52;77;8,7;3,5;
2026/04/30;1600 UTC;0;887,6;888,4;887,6;2894,5;25,6;13,3;26;23,9;14,8;13,2;55;45;46;96;7,3;3,8;
2026/04/30;1700 UTC;0;886,9;887,6;886,9;2732,2;25,3;12,7;26,5;25,1;14,5;10,7;51;39;46;96;7,3;3,3;
2026/04/30;1800 UTC;0;886,3;886,9;886,3;2492,6;25,9;13,1;26,5;25,2;14;12,6;48;43;45;117;7,3;3,7;
2026/04/30;1900 UTC;0;885,9;886,3;885,9;1796,7;25,7;14;26,3;25,6;14,2;12,6;49;44;48;83;7,4;4,1;
2026/04/30;2000 UTC;0;885,9;886;885,8;979,1;25,1;13,7;25,7;25,1;14,3;13,2;49;46;49;97;7,4;3,4;
2026/04/30;2100 UTC;0;886;886;885,9;184,2;23,7;14;25,1;23,7;14,1;13,6;55;49;54;79;7,2;2,8;
2026/04/30;2200 UTC;0;886,5;886,5;886;;22,8;14,8;23,8;22,8;14,8;14;61;54;61;83;6,5;2,2;
2026/04/30;2300 UTC;0;886,9;886,9;886,5;;21,9;14,8;22,8;21,9;15;14,7;64;61;64;94;4,7;2,3;
2026/05/01;0000 UTC;0;887,5;887,5;886,9;;21,1;14,9;21,9;21,1;14,9;14,5;68;64;68;110;4,8;2,1;
2026/05/01;0100 UTC;0;887,8;887,8;887,5;;20,4;15,3;21,1;20,4;15,3;14,8;72;68;72;103;5,9;2,8;
2026/05/01;0200 UTC;0;887,9;887,9;887,8;;20;15,2;20,5;19,9;15,3;15,2;74;72;74;97;5,9;3,1;
2026/05/01;0300 UTC;0;888,2;888,2;887,9;;19,4;14,9;20;19,4;15,2;14,9;75;74;75;103;7,3;2,1;
2026/05/01;0400 UTC;0;887,9;888,2;887,9;;19,7;14,7;20;19,4;14,9;14,6;75;72;73;98;5,6;2,8;
2026/05/01;0500 UTC;0;887,7;887,9;887,7;;19,2;14,9;19,7;18,9;14,9;14,7;77;73;77;93;6,1;3,2;
2026/05/01;0600 UTC;0;887,5;887,8;887,5;;18,9;14,6;19,3;18,8;15;14,6;78;75;76;96;6,1;2,2;
2026/05/01;0700 UTC;0;887,4;887,6;887,4;;19,1;14,5;19,3;18,9;14,7;14,4;76;74;75;84;5,6;2,8;
2026/05/01;0800 UTC;0;887,5;887,5;887,4;;19,3;14,6;19,3;18,9;14,6;14,4;76;73;74;90;6;2,9;
2026/05/01;0900 UTC;0;888,1;888,1;887,5;;19;14,6;19,3;18,9;14,7;14,4;77;74;76;84;6,2;3,3;
2026/05/01;1000 UTC;0;888,9;888,9;888,1;103,2;19;14,9;19,1;18,6;15;14,6;79;75;77;83;7,9;3,9;
2026/05/01;1100 UTC;0;889,4;889,4;888,9;790,9;19,9;15,3;19,9;19;15,3;14,8;77;73;75;85;8,9;4,5;
2026/05/01;1200 UTC;0;890;890,1;889,3;1625;21,5;16;21,5;19,9;16;15;75;70;71;85;8,9;4,1;
2026/05/01;1300 UTC;0;890,5;890,6;890;2249,4;23,1;16;23,2;21,6;16,3;15,4;71;63;64;91;8,3;3,1;
2026/05/01;1400 UTC;0;890,4;890,6;890,4;2414,3;24,2;14,2;24,6;23,1;16,2;13,8;64;52;54;66;9,6;4,3;
2026/05/01;1500 UTC;0;889,9;890,4;889,9;3080,5;25,2;14;25,4;24,2;14,6;13,3;54;48;50;75;10,4;4,9;
2026/05/01;1600 UTC;0;889,1;889,9;889,1;3252,1;25,6;14,2;26,1;25,1;14,7;13,4;51;46;49;74;9,1;4,2;
2026/05/01;1700 UTC;0;888,6;889,1;888,4;2749,2;25,5;14,7;26,3;25,5;14,8;13,5;51;47;51;98;9,2;4,8;
2026/05/01;1800 UTC;0;888;888,6;888;1591,6;26,2;15,2;26,3;24,5;15,4;14,3;55;49;51;92;8,4;3,6;
2026/05/01;1900 UTC;0;887,7;888,1;887,7;1004,4;25,4;14,9;26,4;24,6;15,5;14,2;55;50;52;71;7,3;2,7;
2026/05/01;2000 UTC;0;888,1;888,1;887,7;869,6;25,4;15;25,8;24,5;15,3;14,3;55;49;53;95;7,2;3,5;
2026/05/01;2100 UTC;0;888,5;888,5;888;135,4;23,9;14,9;25,4;23,8;15,3;14,7;59;53;57;71;7,2;2,4;
2026/05/01;2200 UTC;0;888,8;888,8;888,5;;22,9;15;23,9;22,9;15,1;14,9;61;57;61;95;4,3;1,7;
2026/05/01;2300 UTC;0;889,5;889,5;888,8;;21,7;15,6;22,9;21,7;15,6;15;68;61;68;125;3,5;1,4;
2026/05/02;0000 UTC;0;889,8;889,8;889,5;;21,6;16,4;21,7;21,4;16,5;15,6;73;68;72;116;3,4;1,7;
2026/05/02;0100 UTC;0;889,8;889,9;889,8;;21;16,3;21,6;21;16,4;16,3;75;72;75;101;4,9;2,1;
2026/05/02;0200 UTC;0;889,8;889,9;889,7;;20,6;16,3;21,2;20,6;16,5;16,3;77;74;77;101;4,6;2,2;
2026/05/02;0300 UTC;0;889,8;889,8;889,7;;20,2;16,2;20,6;20,1;16,4;16,2;78;77;78;108;4,5;1,8;
2026/05/02;0400 UTC;0;889,5;889,8;889,5;;19,6;16,2;20,2;19,5;16,2;16,1;81;78;81;119;4,1;1,6;
2026/05/02;0500 UTC;0;889,2;889,5;889,2;;19,6;16,3;19,7;19,4;16,3;16,1;82;81;81;109;5;2;
2026/05/02;0600 UTC;0;888,9;889,2;888,9;;19;16,3;19,6;19;16,4;16,3;84;81;84;117;4,9;1,7;
2026/05/02;0700 UTC;0;888,6;888,9;888,6;;18,4;16,4;19;18,4;16,5;16,3;88;84;88;116;4,4;1,7;
2026/05/02;0800 UTC;0;888,5;888,6;888,5;;18,1;16,2;18,4;18,1;16,5;16,2;90;88;89;113;4,3;1,7;
2026/05/02;0900 UTC;0;889,1;889,1;888,5;;17,4;16,1;18,1;17,4;16,3;16;92;89;92;129;3,6;1,5;
2026/05/02;1000 UTC;0;889,9;889,9;889,2;58,4;17,8;16,4;17,8;16,6;16,5;15,4;95;92;92;106;4;1,9;
2026/05/02;1100 UTC;0;890,5;890,5;889,9;799,1;19,8;17;19,8;17,8;17,2;16,4;92;84;84;106;4,2;2,2;
2026/05/02;1200 UTC;0;891,2;891,2;890,5;1602,4;21,6;17,3;21,6;19,8;17,5;16,8;85;76;76;88;5,2;2,9;
2026/05/02;1300 UTC;0;891,4;891,4;891,2;2339,1;23,1;17,7;23,4;21,6;17,9;17,2;77;69;72;79;7,3;2,7;
2026/05/02;1400 UTC;0;891;891,4;891;2703,1;25;17,3;25;23,1;18,1;16,8;72;62;62;53;6,6;2,7;
2026/05/02;1500 UTC;0;890,4;891,1;890,4;2692;25,5;16,2;25,7;24,4;17,8;15,1;66;53;56;107;5,8;3;
2026/05/02;1600 UTC;0;889,6;890,4;889,5;3037,5;26,8;14,2;27,2;25,5;16;13,8;56;44;46;84;6,2;2,8;
2026/05/02;1700 UTC;0;889;889,6;889;1606,3;26,3;13,6;27,4;26,2;14,6;13,1;48;43;46;105;5;1,9;
2026/05/02;1800 UTC;0;888,6;889,1;888,6;1578,8;26,2;13,7;27,8;26,1;14,8;12,9;47;41;46;114;5,2;2,4;
2026/05/02;1900 UTC;0;888,4;888,6;888,4;854,7;26,7;12,8;27,4;26,1;14,2;11,8;48;39;42;127;5;1,9;
2026/05/02;2000 UTC;0;888,8;888,8;888,4;780,9;26,1;14,4;27,7;26;14,9;12,2;50;39;49;142;5;3;
2026/05/02;2100 UTC;0;889;889;888,8;136,9;24,3;14,5;26,1;24,3;14,9;14,3;55;49;55;135;5;1,6;
2026/05/02;2200 UTC;0;889,2;889,2;889;;21,6;15,2;24,3;21,5;15,7;14,7;69;55;67;153;2,7;,8;
2026/05/02;2300 UTC;0;889,7;889,7;889,2;;22,4;14,5;22,9;21,6;15,5;14,2;68;59;61;161;3,4;1,6;
2026/05/03;0000 UTC;0;890,1;890,1;889,7;;19,9;14,5;22,4;19,9;14,8;14,3;71;60;71;153;3,3;,9;
2026/05/03;0100 UTC;0;890;890,2;890;;19,1;14,4;19,7;18,8;14,7;14,4;77;72;74;149;3,6;1,7;
2026/05/03;0200 UTC;0;890;890,2;890;;20,6;14,8;21,2;19,2;14,8;14,3;74;67;70;137;4,1;1,4;
2026/05/03;0300 UTC;0;889,8;890,1;889,8;;20,9;15,7;20,9;20,3;15,8;14,8;73;70;72;117;2,7;1,3;
2026/05/03;0400 UTC;0;889,6;889,8;889,6;;18,3;15,6;20,9;18,3;15,8;15,6;84;72;84;151;2,6;,7;
2026/05/03;0500 UTC;0;889,2;889,6;889,1;;18,9;16,3;18,9;17,8;16,3;15,6;88;84;85;145;2,2;,9;
2026/05/03;0600 UTC;0;888,8;889,2;888,8;;19,6;16,2;19,8;18,8;16,4;16,1;85;80;81;144;2,3;1,2;
2026/05/03;0700 UTC;0;888,9;888,9;888,7;;18,5;16,4;19,6;18,4;16,4;16,2;88;81;88;146;1,9;,5;
2026/05/03;0800 UTC;0;888,7;889;888,7;;17,7;16,3;18,5;17,6;16,4;16,2;92;88;92;163;1,3;,6;
2026/05/03;0900 UTC;0;889,1;889,1;888,7;;17,5;16,1;17,9;17,4;16,5;16;92;90;92;141;1,3;,6;
2026/05/03;1000 UTC;0;889,4;889,5;889,1;91,3;19,9;16,8;19,9;17,5;16,8;16,1;92;82;82;109;2,1;1,2;
2026/05/03;1100 UTC;0;889,6;889,6;889,3;750,9;22,2;16,7;22,2;19,9;17,1;16,6;82;71;71;106;5,4;2,6;
2026/05/03;1200 UTC;0;889,5;889,6;889,4;1562,3;23,1;16,9;23,4;22,1;17,2;16,4;71;67;68;73;7,6;3,4;
2026/05/03;1300 UTC;0;889,7;889,7;889,5;2266,4;24,4;16,7;24,4;23;17,3;16,6;69;62;63;101;8,6;4,6;
2026/05/03;1400 UTC;0;889,3;889,7;889,3;2875,3;25,4;16,4;25,7;24,3;17,1;14,8;63;52;58;102;8,4;4,3;
2026/05/03;1500 UTC;0;888,6;889,3;888,5;3309,4;26,7;14,9;27;25,4;16,2;11,9;58;39;48;105;9;4,2;
2026/05/03;1600 UTC;0;887,6;888,6;887,6;2787,3;27,1;14,3;27,2;25,2;15;13,6;52;44;46;97;7,9;3,6;
2026/05/03;1700 UTC;0;886,9;887,6;886,9;2745,4;27,2;12,9;27,5;26;15,3;12,9;50;41;41;86;7,2;3,4;
2026/05/03;1800 UTC;0;886,5;886,9;886,5;2173,7;26,7;14,2;27,9;26,4;14,4;12,7;47;40;46;92;6,9;2,8;
2026/05/03;1900 UTC;0;886,4;886,5;886,2;989,9;26,2;13,3;27,1;25,9;14,6;12,2;48;42;45;98;6,2;2,7;
2026/05/03;2000 UTC;0;886,6;886,6;886,4;888;26,2;13,9;26,8;26,2;14,5;13,1;48;42;47;107;5,6;2,8;
2026/05/03;2100 UTC;0;886,9;886,9;886,6;135,1;24,8;14,3;26,2;24,8;14,5;13,7;53;47;52;118;5,9;2,5;
2026/05/03;2200 UTC;0;887,3;887,3;886,9;;24,5;14,4;24,8;24,5;14,5;13,9;54;51;54;114;5,6;2,2;
2026/05/03;2300 UTC;0;887,8;887,8;887,3;;24;14,2;24,5;24;14,5;14;55;53;54;122;4,6;2,1;
2026/05/04;0000 UTC;0;888,1;888,1;887,7;;23,5;14,7;24;23,5;14,7;14,1;58;54;58;119;4,9;2,3;
2026/05/04;0100 UTC;0;888,2;888,3;888,1;;22,3;14,7;23,5;22,2;15;14,7;63;58;62;129;5,6;3;
2026/05/04;0200 UTC;0;888,2;888,3;888,1;;21,8;13,3;22,3;21,8;14,6;13,3;62;58;58;133;5,8;3,3;
2026/05/04;0300 UTC;0;888,4;888,4;888,1;;21;12,8;21,8;20,8;13,2;12,6;61;56;60;125;6;1,8;
2026/05/04;0400 UTC;0;888,1;888,4;888,1;;21;13,4;21,5;20,7;13,7;12,7;63;57;62;121;3,8;1;
2026/05/04;0500 UTC;0;887,5;888,1;887,5;;20,8;13,1;21;19,6;14,2;12,9;70;60;61;107;3,6;1,7;
2026/05/04;0600 UTC;0;887,3;887,5;887,3;;21;12,8;21,1;20,7;13,1;12,8;62;59;59;109;4,2;1,6;
2026/05/04;0700 UTC;0;887;887,3;887;;20,2;13,2;21,1;20,2;13,2;12,8;64;59;64;106;4,1;1,8;
2026/05/04;0800 UTC;0;887,2;887,3;887;;19,9;13,4;20,2;19,6;13,4;13,2;67;64;66;109;4,9;2,5;
2026/05/04;0900 UTC;0;888,2;888,2;887,1;;19,7;13,9;20,1;19,6;13,9;13,4;69;66;69;90;4,9;2,5;
2026/05/04;1000 UTC;0;889,2;889,2;888,2;43,8;19,4;14,1;19,7;19;14,1;13,9;73;69;72;109;4,6;2,1;
2026/05/04;1100 UTC;0;890;890;889,2;355,7;20,7;14,5;20,7;19,4;14,8;14,1;72;68;68;113;5,5;2,4;
2026/05/04;1200 UTC;0;890,7;890,7;890;872,5;21,9;15,2;21,9;20,5;15,5;14,5;70;66;66;73;5,2;2,4;
2026/05/04;1300 UTC;0;891,1;891,2;890,6;1874,9;21,7;15,8;23;21,7;16,3;15,3;69;64;69;72;8,2;4,3;
2026/05/04;1400 UTC;0;891,1;891,4;891,1;1601,3;23,3;16,2;23,4;21,7;16,5;15,8;70;64;64;76;7,5;4,1;
2026/05/04;1500 UTC;0;890,4;891,1;890,4;2155,3;23,7;16,4;24;22,8;16,6;16;67;62;64;89;8,5;4;
2026/05/04;1600 UTC;0;890;890,4;889,9;3004,5;24,9;16,5;24,9;23,5;16,9;16,1;65;59;60;86;8,4;4;
2026/05/04;1700 UTC;0;889,3;890;889,3;2120,2;24,7;16,6;25;24;16,7;15,7;62;57;61;98;8,3;3,7;
2026/05/04;1800 UTC;0;888,6;889,3;888,6;1980,9;24,4;16,3;25,6;24,4;16,7;15,8;61;56;61;87;6,8;2,9;
2026/05/04;1900 UTC;0;888,6;888,8;888,6;1151,2;24,3;16,3;25,2;24,2;16,8;15,5;62;57;61;90;6,8;3,1;
2026/05/04;2000 UTC;0;888,9;888,9;888,5;434,9;23,6;16,4;24,4;23,6;16,5;15,9;64;60;64;73;6;2,5;
2026/05/04;2100 UTC;0;889,2;889,2;888,9;108,1;22,7;16,6;23,6;22,7;16,6;16,3;69;64;69;106;5,4;2,6;
2026/05/04;2200 UTC;0;889,6;889,6;889,2;;21,9;16,6;22,7;21,9;16,6;16,4;72;69;72;115;5;2,3;
2026/05/04;2300 UTC;0;890,3;890,3;889,6;;21,5;16,3;21,9;21,5;16,6;16,2;73;71;72;108;6,3;2,5;
2026/05/05;0000 UTC;0;890,7;890,7;890,3;;20,9;16,2;21,5;20,9;16,4;16,2;75;72;75;107;5,9;2,4;
2026/05/05;0100 UTC;0;890,9;890,9;890,7;;20,5;15,6;21;20,5;16,2;15,6;75;73;73;108;5,5;2,2;
2026/05/05;0200 UTC;0;890,8;890,9;890,8;;20,1;14,6;20,5;20;15,6;14,6;73;71;71;112;4,6;1,8;
2026/05/05;0300 UTC;0;890,8;890,8;890,7;;20;14,3;20,4;20;14,6;14,3;71;69;70;110;5;2,3;
2026/05/05;0400 UTC;0;890,5;890,8;890,5;;19,9;13,6;20,2;19,8;14,4;13,6;70;67;67;98;4,9;2,2;
2026/05/05;0500 UTC;0;890,1;890,5;890,1;;19,2;14;19,9;18,4;14;13,4;74;67;72;78;3,8;1,4;
2026/05/05;0600 UTC;0;890;890,1;889,9;;19,5;13,9;19,7;19,2;14,1;13,9;72;70;70;99;5,7;3;
2026/05/05;0700 UTC;0;890,1;890,1;890;;18,5;14,1;19,5;18,4;14,1;13,9;76;70;76;103;6;2,3;
2026/05/05;0800 UTC;0;890,2;890,2;890,1;;17,7;14,5;18,5;17,7;14,6;14,1;82;76;82;123;4,7;1,7;
2026/05/05;0900 UTC;0;890,6;890,6;890,2;;17,6;14,7;17,7;17,5;14,7;14,5;83;82;83;90;5,1;1,8;
2026/05/05;1000 UTC;0;891,2;891,2;890,6;71,9;17,7;14,9;17,7;17,3;14,9;14,6;85;83;84;94;7;3,4;
2026/05/05;1100 UTC;0;891,6;891,6;891,2;753,2;18,6;15,2;18,6;17,7;15,4;14,9;84;80;81;79;7;2,9;
2026/05/05;1200 UTC;0;892,4;892,4;891,6;1576,5;20;15,4;20;18,5;15,7;15,2;82;75;75;111;7,7;3,7;
2026/05/05;1300 UTC;0;892,6;892,6;892,3;2301,3;21;15,2;21,3;19,9;15,9;15,2;76;69;70;108;8,4;4,5;
2026/05/05;1400 UTC;0;892,3;892,6;892,3;2829,9;22,5;15,7;22,7;20,9;16,2;15,3;71;64;65;90;8,2;3,3;
2026/05/05;1500 UTC;0;891,6;892,3;891,6;3114,3;24;15,2;24;22,4;16,1;15,1;67;58;58;80;7,6;4,2;
2026/05/05;1600 UTC;0;891,1;891,6;891,1;3129,3;25,4;14,1;25,4;23,8;15,7;13,5;59;49;50;90;7,8;4;
2026/05/05;1700 UTC;0;890,2;891,1;890,2;2794,6;25,7;13,9;25,7;24,6;14,6;13,1;53;46;48;112;7,8;3,8;
2026/05/05;1800 UTC;0;889,7;890,3;889,7;2277,4;25,5;12,7;26,3;25;14,2;12,3;49;43;45;109;6,6;3,1;
2026/05/05;1900 UTC;0;889,6;889,8;889,5;1489;25,3;12,5;25,8;24,5;12,9;10,5;48;38;45;97;7,1;3,6;
2026/05/05;2000 UTC;0;889,7;889,7;889,6;967,2;24,7;12,5;25,4;24,7;12,5;11,1;47;41;47;98;7,7;4;
2026/05/05;2100 UTC;0;890;890,1;889,7;179,4;23,2;12,1;24,7;23,2;12,6;12,1;50;46;50;110;7,2;2,6;
2026/05/05;2200 UTC;0;890,3;890,3;890;;22,2;12,5;23,3;22,2;12,6;12,1;54;50;54;118;5,3;2,3;
2026/05/05;2300 UTC;0;890,5;890,5;890,3;;21,4;11,9;22,3;21,4;12,6;11,9;55;53;55;103;5,6;2,5;
2026/05/06;0000 UTC;0;890,9;890,9;890,5;;20,8;12,7;21,4;20,8;12,7;11,9;60;55;60;98;5,6;2,6;
2026/05/06;0100 UTC;0;891,2;891,2;890,9;;20;13,2;20,8;20;13,2;12,5;65;60;65;117;4,8;1,9;
2026/05/06;0200 UTC;0;891,1;891,2;891,1;;19,2;13,8;20,1;19,1;13,8;13,3;72;65;71;118;4,7;1,8;
2026/05/06;0300 UTC;0;890,8;891,1;890,8;;18,4;14;19,2;18,4;14;13,8;75;71;75;122;4,7;1,5;
2026/05/06;0400 UTC;0;890,5;890,8;890,5;;18,6;14,4;18,9;18,4;14,4;14;76;75;76;119;4,3;1,6;
2026/05/06;0500 UTC;0;890,1;890,5;890,1;;18,7;14,6;18,9;18,6;14,6;14,4;77;76;77;116;5,5;2,8;
2026/05/06;0600 UTC;0;889,8;890,1;889,8;;17,9;14,7;18,7;17,9;14,7;14,5;82;77;82;100;7,2;2,6;
2026/05/06;0700 UTC;0;889,5;889,8;889,5;;17,4;14,8;18;17,4;14,8;14,7;85;81;85;103;6,3;2,7;
2026/05/06;0800 UTC;0;889,7;889,8;889,4;;17,4;15;17,5;17,4;15;14,8;86;84;86;94;7,2;3,3;
2026/05/06;0900 UTC;0;890,3;890,3;889,7;;17,1;15,1;17,5;17,1;15,1;15;88;86;88;95;7,1;3;
2026/05/06;1000 UTC;0;890,9;890,9;890,3;66,3;17,4;15,3;17,4;16,9;15,3;15;89;87;87;93;6,8;3;
2026/05/06;1100 UTC;0;891,3;891,3;890,9;722,1;18,6;15,5;18,7;17,4;15,7;15,3;87;82;82;82;9,6;4,8;
2026/05/06;1200 UTC;0;891,7;891,7;891,3;1418,2;20;15,8;20;18,6;15,9;15,5;83;76;76;85;9,6;4,5;
2026/05/06;1300 UTC;0;892,1;892,2;891,7;1695,4;21,1;15,9;21,1;19,9;16;15,5;77;72;72;96;9,5;4,2;
2026/05/06;1400 UTC;0;891,5;892,2;891,5;2559,2;22,8;15,5;22,8;21,1;16;15,2;73;63;63;78;8,5;4,1;
2026/05/06;1500 UTC;0;890,9;891,5;890,9;2809,5;24,2;14,7;24,2;22,5;15,7;13,8;65;54;56;78;8,2;4,1;
2026/05/06;1600 UTC;0;890,1;890,9;890,1;2916,7;24,7;14;24,9;23,7;15;13;56;49;51;105;7,9;3,6;
2026/05/06;1700 UTC;0;889,3;890,1;889,3;2660,9;25,1;14,2;25,4;24,5;14,4;13,3;53;48;51;79;7,5;3,5;
2026/05/06;1800 UTC;0;888,5;889,3;888,5;2012;25;13,7;25,5;24,8;14,3;13,1;51;48;50;73;7;3,4;
2026/05/06;1900 UTC;0;888,2;888,5;888,2;1677,8;25,3;14;25,7;24,8;14,4;13,2;51;47;50;93;6,9;2,4;
2026/05/06;2000 UTC;0;888,6;888,7;888,2;734,5;24,1;13,5;25,5;23,9;14,5;13,3;53;49;52;94;6;2,4;
2026/05/06;2100 UTC;0;888,9;888,9;888,6;153,6;22,7;14,3;24,3;22,7;14,3;13,4;59;51;59;101;6;2,3;
2026/05/06;2200 UTC;0;889,1;889,2;888,9;;22;14;22,8;21,9;14,4;14;61;58;60;111;4,8;2,3;
2026/05/06;2300 UTC;0;889,6;889,6;889,1;;21,1;14,2;22;21,1;14,2;13,8;65;60;65;122;4,8;1,7;
2026/05/07;0000 UTC;0;889,6;889,8;889,6;;20,3;14,8;21,2;20,3;14,9;14,2;71;65;71;120;3,9;1,6;
2026/05/07;0100 UTC;0;889,7;889,8;889,6;;20;15;20,4;20;15;14,8;73;71;73;113;4,8;2;
2026/05/07;0200 UTC;0;889,8;889,9;889,7;;19,9;15,2;20;19,8;15,2;14,9;74;73;74;103;5,6;2,3;
2026/05/07;0300 UTC;0;889,6;889,8;889,6;;19,8;15,3;20;19,6;15,3;15,2;76;74;75;107;4,4;2,5;
2026/05/07;0400 UTC;0;889,1;889,6;889,1;;19,7;15,5;20;19,7;15,5;15,3;76;75;76;99;5,5;2,1;
2026/05/07;0500 UTC;0;888,6;889,1;888,6;;18,8;15,4;19,8;18,8;15,5;15,4;80;76;80;109;5,5;2,1;
2026/05/07;0600 UTC;0;888,3;888,6;888,2;;18,6;15,5;18,8;18,5;15,5;15,4;82;80;82;90;4,5;2,5;
2026/05/07;0700 UTC;0;888;888,3;888;;18,6;15,7;18,9;18,5;15,7;15,5;83;81;83;86;5,6;2,8;
2026/05/07;0800 UTC;0;888,1;888,1;887,9;;18,5;15,6;18,7;18,5;15,7;15,5;84;82;83;70;5,2;2,1;
2026/05/07;0900 UTC;0;888,3;888,3;888;;18,2;15,6;18,6;18,2;15,6;15,4;85;83;85;73;5,7;2,6;
2026/05/07;1000 UTC;0;888,7;888,7;888,3;57,1;18,5;15,7;18,5;18;15,7;15,5;86;84;84;76;6,1;3,1;
2026/05/07;1100 UTC;0;889,1;889,1;888,7;738,5;20,2;16,2;20,2;18,5;16,5;15,7;84;78;78;70;8,2;2,7;
2026/05/07;1200 UTC;0;889,3;889,3;889,1;1557,2;22,1;16,6;22,1;20,1;16,7;16,1;79;70;71;60;7,1;2,9;
2026/05/07;1300 UTC;0;889,5;889,6;889,3;2275;23,8;16;23,9;22;16,7;15,4;71;60;62;56;8;3,2;
2026/05/07;1400 UTC;0;888,9;889,5;888,9;2758,3;24,8;14,1;25;23,6;16,1;14,1;62;51;52;64;8,1;4,4;
2026/05/07;1500 UTC;0;888,2;888,9;888,2;2809,9;25,9;14,6;25,9;24,7;15,2;14;54;50;50;56;9,4;3,7;
2026/05/07;1600 UTC;0;887,3;888,2;887,3;2855,3;26,5;14;26,6;25,7;15,4;13,5;52;46;46;43;9,4;3,1;
2026/05/07;1700 UTC;0;886,5;887,4;886,5;2686,1;27,2;12,3;27,3;25,8;14,5;12,1;49;39;40;23;7,5;3,2;
2026/05/07;1800 UTC;0;886,1;886,5;886;2168,4;26,9;12,8;27,4;25,6;14;12,2;48;40;42;2;8,1;2,8;
2026/05/07;1900 UTC;0;886;886,1;885,9;1821,4;26,5;14;27,7;26,3;14,4;12,7;47;41;46;347;8,9;2,8;
2026/05/07;2000 UTC;0;886,1;886,1;885,9;993;25,9;13,1;26,8;25,9;14,2;12,7;47;43;45;353;5,9;2,9;
2026/05/07;2100 UTC;0;886,2;886,2;886;170,8;22,8;14,2;25,9;22,8;14,2;12,9;58;45;58;355;5,9;1,4;
2026/05/07;2200 UTC;0;886,4;886,4;886,2;;20,5;14,5;22,7;20,1;14,9;14,1;71;58;69;47;2,4;,8;
2026/05/07;2300 UTC;0;886,8;886,8;886,4;;22,4;14,6;22,8;20,5;14,6;14,3;68;59;61;49;3,9;1,4;
2026/05/08;0000 UTC;0;887,3;887,3;886,8;;21,6;13,8;22,5;21,6;14,7;13,8;62;60;61;51;3,6;1,2;
2026/05/08;0100 UTC;0;887,6;887,6;887,3;;21,9;14,1;21,9;20,6;14,3;13,6;67;61;61;89;3,2;1,7;
2026/05/08;0200 UTC;0;887,8;887,8;887,6;;21,5;15,8;22,3;21,5;15,8;14;70;61;70;95;3,8;2,1;
2026/05/08;0300 UTC;0;887,8;888;887,8;;20,3;16;21,5;20,3;16;15,8;76;70;76;102;4,5;1,9;
2026/05/08;0400 UTC;0;887,7;887,9;887,6;;19,9;15,6;20,3;19,9;16;15,6;77;75;76;93;3,6;,9;
2026/05/08;0500 UTC;0;887,4;887,7;887,4;;20,5;15,1;20,5;18,5;15,7;15,1;83;71;71;76;4,7;2,2;
2026/05/08;0600 UTC;0;887,1;887,5;887,1;;20,3;15,1;20,6;20,3;15,2;15,1;72;71;72;78;4,7;1,9;
2026/05/08;0700 UTC;0;886,9;887,1;886,8;;20,1;15,3;20,3;20;15,3;15;74;72;74;72;6,6;2,7;
2026/05/08;0800 UTC;0;887,1;887,1;886,9;;19,6;15,2;20,1;19,6;15,3;15,2;76;74;76;78;6;3;
2026/05/08;0900 UTC;0;888,1;888,1;887;;19,2;15,1;19,6;19,2;15,2;15,1;77;76;77;78;5,4;2;
2026/05/08;1000 UTC;0;888,8;888,8;888,1;47,2;19,7;14,9;19,7;19;15,1;14,9;77;74;74;74;7;3,4;
2026/05/08;1100 UTC;0;889,5;889,5;888,7;708,3;20,9;15,1;21,1;19,6;15,2;14,9;74;69;69;70;6,6;3,3;
2026/05/08;1200 UTC;0;890,2;890,3;889,5;1528,8;22,7;15,7;22,7;20,9;15,7;15,1;70;64;64;59;6,3;2,4;
2026/05/08;1300 UTC;0;890,4;890,6;890,2;2231,1;24,3;15,5;24,3;22,5;15,9;15,2;66;58;58;93;6,9;3,5;
2026/05/08;1400 UTC;0;889,7;890,5;889,7;2751,3;25,5;15,6;25,5;23,9;15,9;15,1;60;54;54;52;7,3;3,1;
2026/05/08;1500 UTC;0;888,9;889,7;888,9;3025,2;26;15,4;26,3;25,1;15,7;14,6;56;50;52;88;7,2;2,9;
2026/05/08;1600 UTC;0;887,9;888,9;887,9;2481,3;26,6;14,9;27,1;25,5;15,8;14,2;53;46;49;82;6,1;2,1;
2026/05/08;1700 UTC;0;887,1;887,9;887,1;2166,4;26,2;13,8;27,2;25,9;15,2;13,6;50;45;46;34;6,1;2,6;
2026/05/08;1800 UTC;0;886,4;887,1;886,4;1973,2;26,8;14,2;27,6;26,1;14,4;13,2;48;42;46;77;6,4;2,5;
2026/05/08;1900 UTC;0;885,9;886,4;885,8;1715,6;27,1;13,7;27,5;26,7;14,5;13,1;47;41;44;67;5,6;2,5;
2026/05/08;2000 UTC;0;886,1;886,1;885,9;997;26,2;13,5;27,2;26,2;14,3;13,5;46;43;46;62;5;2,5;
2026/05/08;2100 UTC;0;886,3;886,3;886,1;130,3;24,6;13,6;26,2;24,6;13,7;13,3;50;46;50;57;4,7;1,4;
2026/05/08;2200 UTC;0;886,6;886,6;886,3;;23,3;14,7;24,6;23,3;14,8;13,6;59;50;59;66;3,8;1,4;
2026/05/08;2300 UTC;0;887;887;886,6;;22,6;14,6;23,5;22,5;14,9;14,5;61;58;60;55;3,7;1,5;
2026/05/09;0000 UTC;0;887,4;887,4;887;;20,7;14,9;22,6;20,7;14,9;14,5;70;60;70;60;3,4;1,1;
2026/05/09;0100 UTC;0;887,8;887,8;887,4;;21,7;15,1;22,1;20,7;15,2;14,9;70;65;66;94;3,3;1,7;
2026/05/09;0200 UTC;0;887,8;887,9;887,7;;21,2;14,5;21,8;21,2;15,1;14,5;66;63;65;98;3,4;1,8;
2026/05/09;0300 UTC;0;887,9;887,9;887,8;;20,7;15,2;21,2;20,7;15,2;14,4;71;65;71;82;5,1;2,5;
2026/05/09;0400 UTC;0;887,6;887,9;887,6;;20,3;14,9;20,8;20,3;15,2;14,9;71;70;71;79;5,6;2,4;
2026/05/09;0500 UTC;0;887,5;887,6;887,4;;19,9;14,8;20,4;19,8;14,9;14,8;73;71;73;75;4,8;1,8;
2026/05/09;0600 UTC;0;887;887,5;887;;19,6;14,1;20,1;19,6;14,8;14;73;68;71;65;4,5;2,1;
2026/05/09;0700 UTC;0;887;887,1;887;;19,5;14,1;19,9;19,4;14,3;14;72;70;71;73;5,6;3;
2026/05/09;0800 UTC;0;887,5;887,5;886,9;;19,5;14;19,9;19,5;14,1;13,9;71;68;71;75;7,4;2,7;
2026/05/09;0900 UTC;0;887,9;887,9;887,4;;19,1;14,5;19,6;19,1;14,5;14;75;71;75;67;6,4;3,2;
2026/05/09;1000 UTC;0;888,6;888,6;887,9;42,5;19,2;14,6;19,2;18,7;14,6;14,5;77;75;75;78;6,9;3,4;
2026/05/09;1100 UTC;0;889,6;889,6;888,6;723,2;21,2;15;21,3;19,2;15,2;14,6;75;68;68;53;5,9;1,8;
2026/05/09;1200 UTC;0;890;890;889,6;1542,1;22,8;15,3;23;21,2;15,7;14,9;69;62;63;58;5,3;2,6;
2026/05/09;1300 UTC;0;890,3;890,3;890;2254,6;24,4;15,3;24,6;22,8;15,9;15,1;64;56;57;46;6,3;2,8;
2026/05/09;1400 UTC;0;890;890,3;890;2711,9;25,9;14,9;25,9;24,3;15,9;14,8;58;51;51;16;6,5;3,1;
2026/05/09;1500 UTC;0;889,2;890;889,2;3036,4;26,7;14,5;26,9;25,5;15,7;13,5;53;44;47;47;5,9;2,7;
2026/05/09;1600 UTC;0;888,4;889,2;888,4;3059,9;28,3;13,3;28,3;26,5;14,7;12,2;47;39;40;36;6,3;1,9;
2026/05/09;1700 UTC;0;887,7;888,4;887,7;3095,8;28,3;13,3;28,4;27,1;14,2;11,8;45;36;40;60;7,5;2,7;
2026/05/09;1800 UTC;0;887,1;887,7;887,1;2556,3;27,7;11,9;28,3;27,6;13,2;10,9;40;34;37;85;6;2,5;
2026/05/09;1900 UTC;0;887;887,1;887;1449,6;27,3;11;28,4;27,2;12,2;9,4;39;32;36;22;5,6;2,3;
2026/05/09;2000 UTC;0;887,1;887,1;887;913,8;27,1;11,5;27,5;27;12,2;10,3;39;34;38;56;5;2;
2026/05/09;2100 UTC;0;887,4;887,4;887,1;200,3;24,8;13,7;27,1;24,8;13,9;10,9;51;37;50;72;5,4;2,7;
2026/05/09;2200 UTC;0;887,5;887,5;887,4;;23,5;14;24,8;23,5;14,1;13,6;55;50;55;66;5,4;2;
2026/05/09;2300 UTC;0;888,1;888,1;887,5;;22,4;14,6;23,5;22,4;14,7;14;62;55;62;56;3,5;1,3;
2026/05/10;0000 UTC;0;888,8;888,8;888,1;;22,4;15;22,6;22,2;15;14,6;64;61;63;60;3,5;1,7;
2026/05/10;0100 UTC;0;889,1;889,2;888,8;;21,6;15;22,4;21,6;15,2;15;67;63;66;84;3,3;1,7;
2026/05/10;0200 UTC;0;889,4;889,4;889,1;;18,3;15;21,6;17,6;15,2;14,7;84;66;81;142;2,9;1,5;
2026/05/10;0300 UTC;0;889,5;889,6;889,4;;16,7;14,6;20;16,7;15,1;14,5;87;73;87;104;2,8;,8;
2026/05/10;0400 UTC;0;889,3;889,5;889,3;;19,2;15;19,4;16,6;15,2;14,5;89;76;76;119;2,7;1,5;
2026/05/10;0500 UTC;0;889;889,3;889;;19,5;14,9;19,5;19,1;15;14,8;77;74;75;107;4,3;2;
2026/05/10;0600 UTC;0;889,1;889,2;889;;15,8;14,4;19,5;15,7;14,9;14,1;92;75;92;13;4,3;,2;
2026/05/10;0700 UTC;0;888,9;889,1;888,9;;16,6;14,7;16,6;15;14,8;13,8;93;88;88;59;3;1,5;
2026/05/10;0800 UTC;0;888,8;888,9;888,6;;19,7;14,2;19,7;16,6;14,9;14,2;88;71;71;70;4,8;2,3;
2026/05/10;0900 UTC;0;889,4;889,4;888,8;;15;13,6;19,8;15;14,3;13,6;91;69;91;267;4;,8;
2026/05/10;1000 UTC;0;889,9;889,9;889,4;62,4;16,3;14,8;16,3;14,8;14,8;13,6;94;91;91;203;1,6;,7;
2026/05/10;1100 UTC;0;890,7;890,7;889,9;684,5;20,7;14,2;21,1;16,3;16;14;91;65;66;75;5,8;3,4;
2026/05/10;1200 UTC;0;891;891;890,6;1481,6;22,2;15,3;22,2;20,7;15,4;14,1;67;64;65;70;6,9;3,5;
2026/05/10;1300 UTC;0;891,3;891,4;891;2270,8;24,2;16,1;24,3;22,2;16,1;15,1;66;57;60;69;6,5;3,3;
2026/05/10;1400 UTC;0;890,9;891,3;890,9;2730,2;25,9;14,6;25,9;24,2;15,7;14,2;60;49;50;59;6,4;2,6;
2026/05/10;1500 UTC;0;889,9;890,9;889,9;3027;26,9;12,7;27,4;25,7;15,5;11,3;52;38;41;46;6,1;2,5;
2026/05/10;1600 UTC;0;889,1;889,9;889,1;2995,3;27,2;11;27,7;26,6;13,1;10,8;42;35;36;13;6,4;1,5;
2026/05/10;1700 UTC;0;888,1;889,1;888,1;2376,7;27,5;9,3;28,1;26,6;12,4;9,1;39;30;32;150;4,9;1,9;
2026/05/10;1800 UTC;0;887,4;888,1;887,4;1307,5;27,3;10;28,1;26,4;10,8;9,3;38;31;34;211;4,9;1,7;
2026/05/10;1900 UTC;0;887,2;887,4;887,2;1286,1;26,7;12;28;26,7;12;8,7;40;31;40;357;3,8;,9;
2026/05/10;2000 UTC;0;887,6;887,6;887,2;662,2;26,7;11;27,5;26,3;13,7;9,6;45;33;37;140;4,3;2,3;
2026/05/10;2100 UTC;0;888;888;887,6;60,4;22,2;13,4;26,7;22,2;13,7;11,1;58;37;57;136;3,8;1;
2026/05/10;2200 UTC;0;888,2;888,2;887,9;;20,9;14,1;22,2;20,5;14,4;13,5;67;58;65;126;2,1;1,1;
2026/05/10;2300 UTC;0;888,6;888,6;888,2;;19,3;13,6;21;19,3;14,6;13,5;71;64;70;13;1,6;,9;
2026/05/11;0000 UTC;0;888,9;888,9;888,6;;18,7;13,8;19,4;18,3;14,1;13,4;76;69;73;221;2,8;,7;
2026/05/11;0100 UTC;0;889,1;889,1;888,9;;18,4;13,2;18,7;17,9;13,9;13,2;77;72;72;263;1,4;,3;
2026/05/11;0200 UTC;0;889,6;889,6;889,1;;19,3;16,3;20,1;18,3;16,4;13,1;83;68;83;190;6,8;2,3;
2026/05/11;0300 UTC;0;889,3;889,6;889,3;;18,6;16,7;19,3;18,6;16,7;16,4;88;83;88;177;6,2;2,7;
2026/05/11;0400 UTC;0;889,1;889,3;889,1;;18,1;16,8;18,6;18,1;16,9;16,6;92;88;92;176;5,5;2,3;
2026/05/11;0500 UTC;0;888,7;889,1;888,7;;17,6;16,6;18,2;17,6;17;16,6;94;92;94;180;6,1;1,4;
2026/05/11;0600 UTC;0;888,4;888,7;888,4;;17,4;16,4;17,7;17,4;16,7;16,4;94;93;94;169;4,9;2,4;
2026/05/11;0700 UTC;0;888,1;888,4;888;;16,7;16,1;17,4;16,7;16,4;16,1;96;94;96;175;5,8;3,2;
2026/05/11;0800 UTC;0;888,1;888,2;888;;16,5;16;16,7;16,5;16,2;16;97;96;97;179;5,8;1,7;
2026/05/11;0900 UTC;0;888,8;888,8;888,1;;16,1;15,7;16,5;16,1;16,1;15,7;97;97;97;177;3,9;1,6;
2026/05/11;1000 UTC;0;889,3;889,3;888,8;18,5;15,9;15,6;16,1;15,8;15,8;15,5;98;97;98;167;3,9;1,6;
2026/05/11;1100 UTC;0;890,1;890,1;889,3;151,5;15,9;15,6;16;15,7;15,7;15,4;98;98;98;171;3,5;1,8;
2026/05/11;1200 UTC;0;890,6;890,6;890,1;506,3;16,3;15,9;16,4;15,8;16;15,5;98;97;98;178;4;2;
2026/05/11;1300 UTC;0;890,7;890,8;890,5;1048,2;17,5;15,9;17,5;16,3;16,3;15,8;98;90;91;175;4,3;2,3;
2026/05/11;1400 UTC;0;890,1;890,7;890,1;2431,2;20,7;16,8;20,7;17,5;16,8;15,8;91;78;78;148;4,7;2,3;
2026/05/11;1500 UTC;0;889,4;890,1;889,4;2989,6;22,9;16,9;22,9;20,6;17,2;16,3;78;69;69;133;4,9;2,1;
2026/05/11;1600 UTC;0;888,6;889,4;888,6;2987,5;24,1;16,3;24,2;22,6;17,2;16,3;70;62;62;100;5,5;2,3;
2026/05/11;1700 UTC;0;887,8;888,6;887,8;2772,8;24,2;16,8;24,5;23,6;17,4;16,3;67;62;63;128;6,4;3,3;
2026/05/11;1800 UTC;0;887,5;887,8;887,4;2297,8;24,8;16;25,1;23,9;17,3;16;65;58;58;126;6,4;2,6;
2026/05/11;1900 UTC;0;887,2;887,5;887,2;1634,2;25,2;15,8;25,4;24,7;16,3;15,8;60;55;56;148;4,6;1,9;
2026/05/11;2000 UTC;0;887,6;887,6;887,2;851,6;24,2;16,4;25,4;24,2;16,5;15,7;62;55;62;136;4,8;2,5;
2026/05/11;2100 UTC;0;888,1;888,1;887,6;128,3;22,3;16,6;24,2;22,3;16,7;16,3;70;62;70;145;4,8;2,3;
2026/05/11;2200 UTC;0;888,3;888,3;888,1;;21,3;17;22,3;21,3;17;16,7;77;70;77;158;4,1;2,2;
2026/05/11;2300 UTC;0;888,8;888,8;888,3;;20,3;16,6;21,2;20,3;17;16,6;80;77;80;156;4;1,9;
2026/05/12;0000 UTC;0;889,4;889,4;888,9;;19,6;16,5;20,3;19,6;16,6;16,5;82;80;82;151;5,3;3;
2026/05/12;0100 UTC;0;889,4;889,5;889,3;;18,6;16,7;19,6;18,6;16,8;16,5;89;82;89;162;5,3;2,3;
2026/05/12;0200 UTC;0;889,3;889,5;889,3;;18,2;16,6;18,6;18,2;16,7;16,6;91;89;91;149;4,5;2,1;
2026/05/12;0300 UTC;0;889;889,3;888,9;;17,8;16,5;18,2;17,7;16,6;16,4;92;91;92;141;4;2;
2026/05/12;0400 UTC;0;888,5;889;888,5;;17,4;16,2;17,8;17,4;16,5;16,2;93;92;93;144;4,5;2,1;
2026/05/12;0500 UTC;0;888,4;888,5;888,2;;17,2;16,1;17,4;17,2;16,3;16,1;94;93;94;147;4,2;1,8;
2026/05/12;0600 UTC;0;888,2;888,4;888,1;;17;16,1;17,2;16,8;16,2;15,9;95;94;94;166;3,5;1,8;
2026/05/12;0700 UTC;0;888,3;888,3;888,1;;16,8;15,8;17;16,8;16,1;15,8;95;94;94;151;3,6;1,6;
2026/05/12;0800 UTC;0;888,1;888,4;888,1;;16,1;15,4;16,8;15,9;15,9;15;96;94;95;147;2,6;1,3;
2026/05/12;0900 UTC;0;888,7;888,7;888,1;;16,1;15,4;16,4;16;15,7;15,3;96;95;96;145;3,2;1,5;
2026/05/12;1000 UTC;0;889,3;889,3;888,7;32,8;16;15,4;16,2;15,5;15,6;14,8;97;95;96;146;2,3;1,2;
2026/05/12;1100 UTC;0;889,9;889,9;889,3;659,5;18,5;16,5;18,5;16;16,6;15,4;97;88;88;152;3,9;2,5;
2026/05/12;1200 UTC;0;890,3;890,3;889,9;1477,7;20,9;17,1;20,9;18,5;17,2;16,3;88;78;79;129;4,9;2,4;
2026/05/12;1300 UTC;0;890,4;890,6;890,3;2170,9;22,4;16,8;22,5;21;17,3;16,8;79;70;71;134;5,8;3,7;
2026/05/12;1400 UTC;0;890;890,4;889,9;2681,8;24,8;17;24,8;22,3;17,5;16,3;73;62;62;97;6,1;3,3;
2026/05/12;1500 UTC;0;889,2;890;889,2;2940,2;25,3;15,6;25,3;24,3;17;15,5;63;55;55;69;6,8;3,3;
2026/05/12;1600 UTC;0;888,5;889,2;888,5;3008,8;26,1;14,9;26,6;25,2;16,3;12,9;56;43;50;63;6,2;2,2;
2026/05/12;1700 UTC;0;887,7;888,5;887,7;2661,3;26,5;12,9;26,9;25,8;15,3;12,4;51;41;43;70;5,8;2,4;
2026/05/12;1800 UTC;0;887,3;887,7;887,3;1910,8;26,4;13,6;26,8;26,1;14,5;12,5;48;42;45;63;5,5;2,3;
2026/05/12;1900 UTC;0;887,3;887,3;887,2;1168;25,7;13,9;26,8;25,5;15;13,5;51;45;48;114;5,3;2,4;
2026/05/12;2000 UTC;0;887,5;887,5;887,3;855;25,6;13;26,4;25,6;14;12,8;48;44;46;27;5;2,2;
2026/05/12;2100 UTC;0;888;888;887,5;84,6;24,4;14;25,6;24,4;14,1;12,9;53;45;52;71;4;1,9;
2026/05/12;2200 UTC;0;888,3;888,3;888;;22,8;14,6;24,4;22,8;14,6;14;60;52;60;73;3,6;1;
2026/05/12;2300 UTC;0;889;889;888,3;;20,5;15;22,7;20,3;15,2;14,6;72;60;71;68;2,7;1,2;
2026/05/13;0000 UTC;0;889,5;889,5;889;;19,6;14,9;20,5;19,3;15,2;14,8;77;70;74;53;2,1;,8;
2026/05/13;0100 UTC;0;889,5;889,6;889,4;;19,2;15;19,8;18,6;15,2;14,8;79;73;77;78;2,1;1,2;
2026/05/13;0200 UTC;0;889,4;889,5;889,4;;17,9;15,1;19,2;17,9;15,1;14,9;84;76;84;146;2,1;,3;
2026/05/13;0300 UTC;0;889,2;889,4;889,2;;17,8;15,3;18,1;17,7;15,5;15,1;87;84;86;109;1,8;,4;
2026/05/13;0400 UTC;0;888,8;889,2;888,8;;17,2;15,2;17,8;17,1;15,4;15,1;89;86;88;110;1,8;1,2;
2026/05/13;0500 UTC;0;888,2;888,8;888,2;;17,3;15,5;17,6;17,2;15,7;15,2;89;87;89;91;2,6;1;
2026/05/13;0600 UTC;0;888;888,2;888;;16,7;15,3;18,4;16,7;15,6;15,1;91;82;91;100;2,3;,5;
2026/05/13;0700 UTC;0;888;888;887,9;;16,3;15;16,7;16,2;15,4;15;93;91;92;126;1,9;,2;
2026/05/13;0800 UTC;0;888,3;888,3;888;;15,9;14,8;16,3;15,9;15,1;14,7;94;92;93;58;2,3;1;
2026/05/13;0900 UTC;0;888,9;888,9;888,3;;16,7;14,6;16,7;15,9;15,1;14,5;93;87;88;88;2,2;1,3;
2026/05/13;1000 UTC;0;889,6;889,6;888,9;19,9;16,2;14,7;17,2;16;14,9;14,4;91;85;91;142;2,3;,6;
2026/05/13;1100 UTC;0;890,4;890,4;889,6;531,1;20,4;15,9;20,4;16,2;16,8;14,7;93;75;76;131;2,4;1,1;
2026/05/13;1200 UTC;0;890,9;890,9;890,4;1396,2;22,8;16,2;22,8;20,4;16,3;15,6;76;66;66;85;5,8;2,4;
2026/05/13;1300 UTC;0;890,7;891;890,7;1901,2;23,3;15,5;23,3;22,2;16,2;15,4;67;61;62;85;5,5;2,9;
2026/05/13;1400 UTC;0;890,3;890,8;890,3;1959,3;24,2;15,4;24,4;23,3;16,1;15,3;63;58;58;72;5,5;2,3;
2026/05/13;1500 UTC;0;889,6;890,3;889,6;2005,7;24,9;15,2;25,1;24;16;14,9;60;54;55;43;4,7;1,4;
2026/05/13;1600 UTC;0;888,9;889,6;888,9;1732,2;25,4;13,6;25,7;24,9;15,7;13,6;56;47;48;34;3,6;1,4;
2026/05/13;1700 UTC;0;888,2;888,9;888,2;1662;26,2;14,9;26,4;25,4;15,2;13,6;51;46;50;133;4,3;2,2;
2026/05/13;1800 UTC;0;887,8;888,2;887,7;1163,5;25,8;15,4;26,2;25,6;15,5;14,5;54;49;53;116;4,3;1,5;
2026/05/13;1900 UTC;0;887,7;887,8;887,6;999,9;25,7;15;26,7;25,4;15,9;14,9;55;49;52;33;3,6;1,8;
2026/05/13;2000 UTC;0;888,1;888,1;887,7;407,2;24,9;15,7;26;24,9;15,8;15;57;51;57;67;3,6;1,1;
2026/05/13;2100 UTC;0;888,4;888,4;888,1;66,1;24,1;16;24,9;24,1;16;15,6;60;56;60;70;4,3;2,3;
2026/05/13;2200 UTC;0;888,8;888,8;888,4;;23,2;16,4;24,1;23,2;16,6;15,9;66;60;66;75;5;1,5;
2026/05/13;2300 UTC;0;889,4;889,4;888,8;;22,3;16,1;23,2;22,3;16,4;16;68;65;68;49;3,2;1,1;
2026/05/14;0000 UTC;0;889,8;889,8;889,4;;20,4;16;22,4;20,4;16;15,8;76;66;76;43;2,7;,8;
2026/05/14;0100 UTC;0;890,1;890,1;889,8;;18,8;15,6;20,2;18,8;16;15,6;82;77;82;88;2;,6;
2026/05/14;0200 UTC;0;890;890,2;890;;17,9;15,4;18,8;17,9;15,6;15,3;85;82;85;79;1,8;,7;
2026/05/14;0300 UTC;0;889,8;890;889,7;;18,1;15,2;18,5;17,7;15,5;15,2;86;82;83;44;2,5;,8;
2026/05/14;0400 UTC;0;889,5;889,8;889,5;;16,6;15,2;18;16,6;15,4;15,1;92;84;92;306;1,8;,7;
2026/05/14;0500 UTC;0;888,8;889,5;888,8;;16,7;15,2;17;16,4;15,6;14,9;92;90;91;78;1;,3;
2026/05/14;0600 UTC;0;888,3;888,8;888,3;;16,9;15,4;16,9;16,6;15,5;15,1;92;90;91;71;1,1;,4;
2026/05/14;0700 UTC;0;888,2;888,3;888,1;;16,7;15,2;17;16,7;15,5;15,2;92;90;91;75;1,5;,4;
2026/05/14;0800 UTC;0;888,1;888,2;888,1;;16,3;15;16,8;16,3;15,5;15;93;91;92;117;1,5;,6;
2026/05/14;0900 UTC;0;888,7;888,7;888,1;;16;15,2;16,4;15,9;15,3;15;95;92;95;26;1,4;,4;
2026/05/14;1000 UTC;0;889,2;889,2;888,7;39,4;16,2;15,6;16,2;15,7;15,6;15;96;95;96;335;1,1;1;
2026/05/14;1100 UTC;0;889,7;889,7;889,2;467,6;21,3;16,4;21,3;16,2;17,3;15,6;96;73;73;53;1,6;,8;
2026/05/14;1200 UTC;0;890,2;890,2;889,7;1350,9;23;16,2;23,2;21,3;16,6;15,9;74;64;65;19;4,5;2,5;
2026/05/14;1300 UTC;0;890,3;890,4;890,1;2013,5;24,2;16;24,3;22,9;16,6;15,7;66;59;60;8;4,4;1,8;
2026/05/14;1400 UTC;0;890;890,3;890;2287,2;25,7;15;26;24,2;16,3;14,8;60;50;52;324;3,9;1,6;
2026/05/14;1500 UTC;0;889,3;890;889,3;2561,4;27,1;13,8;27,3;25,5;15,9;13,7;55;43;44;267;4,1;1,1;
2026/05/14;1600 UTC;0;888,4;889,3;888,4;2141,1;26,8;13,2;27,7;26,6;14,7;12,8;48;42;43;166;3,8;1,5;
2026/05/14;1700 UTC;0;887,9;888,4;887,9;1067,5;26,8;13,8;26,9;26,2;14,5;12,9;47;43;45;117;4,6;,7;
2026/05/14;1800 UTC;0;887,7;887,9;887,7;788,3;26,1;14,6;26,9;26,1;14,7;13,2;49;44;49;143;3,5;1,9;
2026/05/14;1900 UTC;0;887,9;887,9;887,7;357,5;25,6;15;26,1;25,6;15,8;14,2;55;48;52;176;4,3;1,5;
2026/05/14;2000 UTC;0;888,3;888,3;887,9;378,3;25,3;15,3;25,6;25,3;15,3;14,6;54;51;54;161;4,6;1,9;
2026/05/14;2100 UTC;0;888,6;888,7;888,3;118,3;23,4;15,2;25,3;23,4;15,3;14,7;60;52;60;149;4,5;1,5;
2026/05/14;2200 UTC;0;889;889;888,6;;21,2;15,7;23,4;20,7;15,9;15,3;74;60;71;143;3;1,1;
2026/05/14;2300 UTC;0;889,5;889,5;889;;20,5;15,7;22;20;15,9;15,6;77;68;74;117;2,6;1,3;
2026/05/15;0000 UTC;0;889,9;889,9;889,5;;18,9;15,8;20,7;18,6;16,1;15,7;84;74;83;96;2,3;1,2;
2026/05/15;0100 UTC;0;890,1;890,1;889,9;;19,6;16,1;19,6;18,1;16,1;15,7;87;80;80;159;2,9;1,2;
2026/05/15;0200 UTC;0;890,3;890,3;890,1;;20,6;16,3;20,8;19,6;16,3;15,9;80;75;77;92;3,4;1,8;
2026/05/15;0300 UTC;0;890,3;890,4;890,3;;20,6;16,5;20,8;20,3;16,5;16,3;79;76;77;92;4,3;2,1;
2026/05/15;0400 UTC;0;889,9;890,4;889,9;;18,1;15,8;20,6;18,1;16,5;15,7;87;77;87;115;3,3;,9;
2026/05/15;0500 UTC;0;889,4;889,9;889,4;;16,7;15,4;18,1;16,7;15,9;15,4;93;87;92;133;1,5;1;
2026/05/15;0600 UTC;0;889,3;889,4;889,2;;16,6;15,9;16,7;16,1;15,9;15,2;95;92;95;198;1,3;,6;
2026/05/15;0700 UTC;0;889,2;889,4;889,2;;16,2;15,4;16,7;16,2;15,9;15,4;96;94;95;166;,8;,5;
2026/05/15;0800 UTC;0;889,3;889,3;889,1;;15,9;15,1;16,5;15,9;15,8;15,1;96;94;95;286;,9;,5;
2026/05/15;0900 UTC;0;889,5;889,5;889,3;;15,6;15;16;15,6;15,4;15;97;95;96;347;1,2;,3;
2026/05/15;1000 UTC;0;889,9;889,9;889,4;34,6;16,2;15,7;16,2;15,6;15,7;15;97;96;97;132;1,6;,8;
2026/05/15;1100 UTC;0;890,5;890,5;889,9;620,8;21,6;16,2;21,6;16,2;17,1;15,7;97;71;71;66;4,6;1,5;
2026/05/15;1200 UTC;0;890,6;890,7;890,5;1396,4;22,3;16,2;22,4;21,6;16,4;15,9;72;68;68;63;6;2,8;
2026/05/15;1300 UTC;0;890,5;890,7;890,5;2156,6;24,6;16,5;24,6;22,3;17;16;68;61;61;58;5,5;2,5;
2026/05/15;1400 UTC;0;889,9;890,4;889,9;2389,6;25,4;16,4;25,6;24,2;16,8;15,7;63;55;58;15;5,8;3;
2026/05/15;1500 UTC;0;889,6;889,9;889,6;2227;25,4;15;26,2;25,2;16,3;14,6;58;50;53;56;5,8;2,2;
2026/05/15;1600 UTC;0;888,8;889,6;888,8;1831,6;25,7;15,3;27,1;25;16,1;14,5;56;47;53;11;5,8;2,9;
2026/05/15;1700 UTC;0;888,3;888,8;888,3;1603,4;27,4;14,1;27,8;25,3;15,4;13,4;53;42;44;347;5,8;1,4;
2026/05/15;1800 UTC;0;887,6;888,3;887,6;2112,4;27,5;13,6;28,1;26,4;14,3;13;47;40;42;61;4;1,7;
2026/05/15;1900 UTC;0;887,5;887,6;887,4;1452,2;26,3;14,3;28,7;26,3;14,5;12,7;48;38;48;337;5,9;2,5;
2026/05/15;2000 UTC;0;888;888;887,5;56,2;23;16,4;26,3;22,9;17,8;14;71;48;66;226;4,5;1,6;
2026/05/15;2100 UTC;0;888,1;888,2;887,9;2,2;23,1;17,4;23,7;22,5;18;15,9;74;61;70;182;4,3;1,8;
2026/05/15;2200 UTC;0;888,3;888,3;888,1;;22,2;16,6;23,1;22,2;17,4;16,5;72;69;70;186;3,5;1,5;
2026/05/15;2300 UTC;0;888,7;888,7;888,3;;22;16,7;22,2;21,5;17,4;16,5;77;70;72;136;3;1,5;
2026/05/16;0000 UTC;0;889;889;888,7;;21,8;16,7;22,1;21,8;16,8;16,2;73;70;73;159;3,2;1,5;
2026/05/16;0100 UTC;0;889,1;889,2;889;;21,4;17,1;21,9;21,3;17,1;16,6;77;72;77;139;3,5;1,6;
2026/05/16;0200 UTC;0;889,1;889,3;889;;21,7;17,1;21,8;21,3;17,2;16,6;77;73;75;138;2,6;1,3;
2026/05/16;0300 UTC;0;888,7;889,1;888,7;;20,3;17;21,7;20;17,7;16,9;86;75;81;140;2,6;1,3;
2026/05/16;0400 UTC;0;888,2;888,8;888,2;;20,8;16,8;21,1;20,3;17,2;16,8;83;77;78;125;2,6;1,6;
2026/05/16;0500 UTC;0;888,1;888,2;888;;20,5;16,7;20,8;20,5;16,9;16,7;79;77;79;106;3,3;1,4;
2026/05/16;0600 UTC;0;887,8;888,1;887,8;;19,6;16,8;20,6;19,6;16,9;16,7;84;79;84;84;2,9;,9;
2026/05/16;0700 UTC;0;887,7;887,9;887,7;;17,9;16,6;19,7;17,9;16,8;16,5;92;83;92;96;2,3;,6;
2026/05/16;0800 UTC;0;887,5;887,7;887,4;;19,6;16,7;19,8;17,7;17;16,3;93;83;83;84;2,5;1,3;
2026/05/16;0900 UTC;0;888;888;887,5;;17,2;16;19,8;17,2;16,7;15,9;93;81;93;166;2,1;,8;
2026/05/16;1000 UTC;0;888,2;888,5;888;40,4;19,8;16,5;19,8;17;17;15,8;94;81;81;81;2,6;1,6;
2026/05/16;1100 UTC;0;889,4;889,4;888,2;697,8;22,5;16,7;22,5;19,8;17,1;16,4;81;69;70;95;4,1;2;
2026/05/16;1200 UTC;0;889,9;889,9;889,4;1390,8;23,5;16,3;23,6;22,5;17,1;16,3;71;64;64;84;4,9;2,7;
2026/05/16;1300 UTC;0;890,1;890,2;889,9;2110,5;24,8;16,3;24,8;23,3;16,8;15,7;65;58;60;78;5,4;2,3;
2026/05/16;1400 UTC;0;889,6;890,1;889,6;2615,2;26,4;16,1;26,5;24,8;16,5;15,6;60;53;53;42;5,8;2,4;
2026/05/16;1500 UTC;0;889,2;889,6;889,1;2251,8;25,8;15,9;26,6;25,3;16,5;15,4;56;51;54;158;6,3;1,9;
2026/05/16;1600 UTC;0;888,4;889,2;888,4;1263,8;26,3;15,9;26,8;25,6;16,2;15,2;56;51;53;102;4,1;1,7;
2026/05/16;1700 UTC;0;887,6;888,4;887,6;1845,4;26,8;14,4;27,8;26,3;16;14,1;53;44;47;360;5,8;1,6;
2026/05/16;1800 UTC;0;887,1;887,6;887,1;2149,4;27,5;14,4;28,1;26,8;15,3;13,8;48;43;44;39;4,1;1,7;
2026/05/16;1900 UTC;0;887;887,1;886,9;675,5;26,4;14,6;27,6;26,3;14,9;13,5;49;43;48;60;4,4;1,7;
2026/05/16;2000 UTC;0;887,3;887,3;887;241,7;25,3;15,3;26,5;25,3;15,4;14,6;54;48;54;26;4,5;2,3;
2026/05/16;2100 UTC;0;887,9;887,9;887,3;29,1;23;16,7;25,3;23;16,7;15,3;68;54;68;193;5,3;2,8;
2026/05/16;2200 UTC;0;888,1;888,1;887,9;;22;16,7;23;21,9;17,1;16,7;73;68;72;208;5,3;1,4;
2026/05/16;2300 UTC;0;888,3;888,3;888;;22,1;16,5;22,3;22;16,8;16,2;72;69;71;133;2,9;1,1;
2026/05/17;0000 UTC;0;888,8;888,8;888,3;;19,6;16,5;22,2;19,6;16,8;16,3;82;70;82;71;1,8;,4;
2026/05/17;0100 UTC;0;888,9;888,9;888,8;;18,7;16,5;19,5;18,6;16,5;16,3;87;83;87;125;1;,4;
2026/05/17;0200 UTC;0;889,1;889,1;888,9;;20,8;16,7;20,8;18,6;16,8;16,4;88;77;77;122;3,1;1,5;
2026/05/17;0300 UTC;0;888,8;889,1;888,8;;21;16,4;21;20,6;16,8;16,4;78;75;75;96;2,8;1,7;
2026/05/17;0400 UTC;0;888,6;888,8;888,6;;20,5;16,3;21;20,1;16,4;16,1;79;75;77;95;2,8;1,4;
2026/05/17;0500 UTC;0;888,1;888,6;888;;20,3;16,2;20,7;18,4;16,4;15,9;87;76;77;102;3,4;1,8;
2026/05/17;0600 UTC;0;887,8;888,1;887,8;;18,9;16,4;20,4;18,9;16,6;16,1;86;77;85;118;3,4;1,3;
2026/05/17;0700 UTC;0;887,5;887,8;887,4;;19,4;16,1;19,7;18,9;16,5;16;86;80;81;106;2,9;1,3;
2026/05/17;0800 UTC;0;887,5;887,5;887,2;;19,3;16,1;19,5;19,2;16,2;16;82;80;82;114;3,8;1,9;
2026/05/17;0900 UTC;0;887,5;887,6;887,4;;19;16,3;19,3;18,7;16,3;16,1;86;82;84;109;4;2;
2026/05/17;1000 UTC;0;888;888;887,5;66,1;18,6;16,5;19;18,1;16,5;16;89;84;88;130;3,6;1,1;
2026/05/17;1100 UTC;0;888,5;888,6;888;437,6;20,6;16,3;20,6;18,7;16,9;16,2;87;76;76;109;3,1;1,7;
2026/05/17;1200 UTC;0;889,1;889,1;888,5;1120,9;22,3;16,5;22,3;20,6;16,5;15,9;76;69;69;94;6,2;3,1;
2026/05/17;1300 UTC;0;889,3;889,4;889;1948,9;23,8;16,5;24,2;22,4;16,9;16;69;62;64;88;7;3,4;
2026/05/17;1400 UTC;0;889,1;889,4;889,1;2196,8;24,5;16,5;25,2;23,8;16,9;16,1;65;58;61;84;7;2,5;
2026/05/17;1500 UTC;0;888,5;889,2;888,5;2554,6;26,1;17,2;26,4;24,5;17,2;15,9;61;53;58;96;5,9;3,1;
2026/05/17;1600 UTC;0;887,9;888,5;887,9;2177,5;26,7;16,1;27,2;25,4;16,8;15,2;58;48;52;61;5,9;2,3;
2026/05/17;1700 UTC;0;887,3;887,9;887,3;1823,5;26,1;15,3;27,3;26;16,2;15,2;54;48;51;71;4,9;1,9;
2026/05/17;1800 UTC;0;886,6;887,3;886,6;1352,2;27,7;14,7;27,7;26;15,8;14,3;53;45;45;111;4;2,6;
2026/05/17;1900 UTC;0;886,7;886,7;886,5;1516,1;27,3;14,5;28;27;15,3;14,2;47;44;45;115;4,7;2;
2026/05/17;2000 UTC;0;886,8;886,8;886,7;489,5;25,9;14,7;27,3;25,9;15,3;14,2;50;45;50;76;4,2;1,7;
2026/05/17;2100 UTC;0;887,2;887,2;886,8;33,1;23,1;15,9;25,9;22,9;16,5;14,6;66;50;64;107;3,2;1,2;
2026/05/17;2200 UTC;0;887,6;887,6;887,2;;23,9;15,6;24,3;22,4;16,5;15,2;68;57;60;72;3;1,4;
2026/05/17;2300 UTC;0;888,1;888,1;887,6;;20,5;16,2;24;20,5;16,2;15,5;76;59;76;85;3;,9;
2026/05/18;0000 UTC;0;888,7;888,7;888,1;;20,3;16,1;21,3;20,3;16,2;16;77;72;77;94;3;,9;
2026/05/18;0100 UTC;0;888,9;888,9;888,6;;19,1;16,1;20,4;19,1;16,2;16;83;76;83;123;2;1,2;
2026/05/18;0200 UTC;0;888,9;889,2;888,9;;19;16,2;19,3;18,6;16,2;15,9;85;82;84;91;2;1;
2026/05/18;0300 UTC;0;888,8;888,9;888,8;;17,7;15,9;19,6;17,7;16,3;15,8;89;80;89;302;1,9;,4;
2026/05/18;0400 UTC;0;888,8;888,9;888,8;;17,8;15,7;18;17,7;16;15,5;89;86;88;135;1,3;,8;
2026/05/18;0500 UTC;0;888,4;888,8;888,4;;17,3;15,6;17,8;17,1;15,9;15,5;92;87;90;104;1,3;,3;
2026/05/18;0600 UTC;0;888,4;888,5;888,3;;17,1;15,6;17,3;17,1;15,8;15,5;91;90;91;127;1,6;1;
2026/05/18;0700 UTC;0;888,6;888,6;888,3;;16,6;15,6;17,1;16,6;15,9;15,5;94;90;94;313;2;,4;
2026/05/18;0800 UTC;0;888,7;888,7;888,6;;16,9;15,7;17;16,6;15,9;15,6;95;93;93;154;,9;,3;
2026/05/18;0900 UTC;0;889,2;889,2;888,7;;16,7;15,8;17;16,5;15,9;15,3;94;92;94;360;,9;,4;
2026/05/18;1000 UTC;0;889,7;889,7;889,2;34,1;17,4;16,2;17,4;16,7;16,3;15,8;95;93;93;142;1,7;1;
2026/05/18;1100 UTC;0;890,3;890,3;889,7;610,4;22,1;16,6;22,1;17,4;17,1;16,2;93;71;71;107;2,5;1,3;
2026/05/18;1200 UTC;0;890,7;890,7;890,3;1390,3;23,6;16,3;23,6;22,1;16,6;16,2;71;64;64;100;5;2,6;
2026/05/18;1300 UTC;0;890,9;891;890,7;2069;24,5;16,2;24,7;23,4;16,7;16;65;58;60;66;6,2;3,1;
2026/05/18;1400 UTC;0;890,7;890,9;890,7;2569,4;25,7;16,5;26;24,4;17,2;16,1;62;56;57;106;6,2;3;
2026/05/18;1500 UTC;0;890;890,7;890;2872,1;26,5;16,4;26,9;25,4;17;15,5;59;50;54;104;5,2;1,9;
2026/05/18;1600 UTC;0;889,1;890;889,1;2766,4;27,3;15,9;27,6;26,5;16,7;15,6;54;49;50;126;5,5;2,7;
2026/05/18;1700 UTC;0;888,5;889,1;888,5;2518,8;28;14,2;28,3;27;16,1;13,7;50;42;43;148;4,8;2,5;
2026/05/18;1800 UTC;0;887,9;888,5;887,9;2313,8;27,8;14,5;28,2;27,5;15,4;13,9;47;42;44;143;4,5;2;
2026/05/18;1900 UTC;0;887,7;887,9;887,5;1313,5;26,8;15;29;26,8;15,4;14,3;49;41;48;99;4,7;2,2;
2026/05/18;2000 UTC;0;887,7;887,8;887,7;469,4;26,8;14,7;27,3;26,5;15,4;14,6;50;46;48;101;4,3;2;
2026/05/18;2100 UTC;0;888,1;888,1;887,7;89;25;15,1;26,8;25;15,3;14,7;55;47;54;110;4,4;1,7;
2026/05/18;2200 UTC;0;888,6;888,6;888,1;;24,6;16;25,1;24,5;16,1;15,1;59;54;59;93;4,7;2,4;
2026/05/18;2300 UTC;0;889,1;889,1;888,6;;23,9;16;24,6;23,9;16,2;16;62;59;61;97;4,1;2,2;
2026/05/19;0000 UTC;0;889,4;889,4;889,1;;23,3;16;24;23,3;16;15,9;64;61;64;98;4,2;2,1;
2026/05/19;0100 UTC;0;889,6;889,6;889,4;;22,8;15,9;23,4;22,8;16,1;15,9;65;63;65;100;3,8;1,7;
2026/05/19;0200 UTC;0;889,7;889,8;889,6;;22;16;22,8;22;16,1;16;69;65;69;110;3,8;1,9;
2026/05/19;0300 UTC;0;889,5;889,7;889,5;;19,6;16,3;22;18,8;16,4;15,9;85;69;81;122;3,5;1,1;
2026/05/19;0400 UTC;0;889,3;889,5;889,3;;19;16,2;20,7;18,9;16,3;16;84;75;84;147;2,3;,9;
2026/05/19;0500 UTC;0;889;889,3;889;;19,1;15,9;20,8;18,8;16,4;15,9;85;74;82;110;2,8;1;
2026/05/19;0600 UTC;0;888,7;889;888,7;;20,5;15,9;20,5;17,8;16,1;15,7;89;75;75;92;4,1;1,7;
2026/05/19;0700 UTC;0;888,6;888,7;888,6;;17,9;15,4;20,6;17,9;15,9;15,4;85;74;85;131;3,3;1;
2026/05/19;0800 UTC;0;888,8;888,8;888,5;;17,3;15,8;17,9;16,9;15,8;15,4;92;85;91;164;1,5;,9;
2026/05/19;0900 UTC;0;889;889;888,8;;17,8;15,8;17,8;16,8;15,8;15,2;91;88;89;113;1,7;1,1;
2026/05/19;1000 UTC;0;889,7;889,7;889;63,9;18,4;16,5;18,6;16,8;16,5;15,1;92;82;89;118;1,9;,9;
2026/05/19;1100 UTC;0;890,4;890,4;889,7;539,1;21,2;16,5;21,2;18,4;16,7;16;89;74;75;126;3;1,7;
2026/05/19;1200 UTC;0;891,1;891,1;890,4;1082,3;22,1;16,1;22,2;21,2;16,6;16;75;69;69;125;4,7;2,5;
2026/05/19;1300 UTC;0;891,1;891,2;891,1;1649,7;23,7;16;24,2;21,9;16,6;15,9;71;61;62;94;4,7;2,3;
2026/05/19;1400 UTC;0;890,7;891,1;890,7;2147,4;25,1;16,2;25,3;23,3;16,7;15,8;64;57;58;95;6,1;3;
2026/05/19;1500 UTC;0;890;890,7;890;2755;25,9;15,6;26,2;24,6;16,9;15,6;61;53;53;77;6,1;2,8;
2026/05/19;1600 UTC;0;889,4;890;889,4;2593,8;26,3;15,7;27;25,6;16,1;14,6;55;48;52;78;6,1;2,4;
2026/05/19;1700 UTC;0;888,8;889,4;888,7;2344,5;27,4;15,2;27,5;26,3;16,2;14,3;54;46;47;94;5,2;2,4;
2026/05/19;1800 UTC;0;888,4;888,8;888,4;2038,8;27,6;14,1;27,8;26,8;15,5;13,9;49;43;44;77;6,3;2,4;
2026/05/19;1900 UTC;0;888,1;888,4;888,1;1470,6;27,6;14,6;27,9;26,8;14,8;13,1;46;40;45;106;4,6;2,2;
2026/05/19;2000 UTC;0;888,4;888,4;888,1;650,3;26,2;14,4;27,6;26,2;14,8;13,5;48;43;48;129;5,1;2,2;
2026/05/19;2100 UTC;0;888,8;888,9;888,4;103;24,5;15,3;26,2;24,5;15,3;14,4;57;48;57;136;4,2;1,2;
2026/05/19;2200 UTC;0;889,1;889,1;888,8;;23,2;16,3;24,5;22,4;16,3;15,3;67;57;65;133;3,3;1,4;
2026/05/19;2300 UTC;0;889,7;889,7;889,1;;21,9;16,4;23,2;21,5;16,5;16,3;73;65;71;127;2,5;1,1;
2026/05/20;0000 UTC;0;890;890;889,7;;20,3;16,3;22,4;20,3;16,4;16,2;78;68;78;127;2,5;1,2;
2026/05/20;0100 UTC;0;890,2;890,2;889,9;;21,6;16,4;22;20,3;16,6;16,4;78;71;72;122;2,9;1,4;
2026/05/20;0200 UTC;0;890,2;890,3;890,2;;19,2;16,3;21,6;19;16,5;16,2;84;73;84;142;2,4;,9;
2026/05/20;0300 UTC;0;890,1;890,2;890;;18,8;15,9;19,6;18,4;16,4;15,7;86;79;83;136;1,9;1,2;
2026/05/20;0400 UTC;0;890;890,2;890;;19,1;16,4;19,5;18,2;16,4;15,8;87;81;84;124;2,3;1,3;
2026/05/20;0500 UTC;0;889,3;890;889,3;;19,1;16,3;19,4;18,3;16,4;16;88;82;84;129;2,6;1,4;
2026/05/20;0600 UTC;0;888,7;889,3;888,7;;19,2;16,5;19,4;19,1;16,6;16,2;85;83;84;117;2,8;1,4;
2026/05/20;0700 UTC;0;888,6;888,7;888,5;;17,1;15,5;19,3;17,1;16,6;15,4;91;84;90;124;3;,8;
2026/05/20;0800 UTC;0;888,8;888,8;888,6;;17;15,9;17,3;16,2;16,6;15,2;96;90;93;136;3,1;1,3;
2026/05/20;0900 UTC;0;889,2;889,2;888,8;;18,5;16,4;18,5;16,4;16,5;15,4;96;87;87;100;2,7;1,5;
2026/05/20;1000 UTC;0;889,8;889,8;889,2;25,9;18,6;16,5;18,7;17,2;16,5;15,4;92;85;88;119;2,9;1,4;
2026/05/20;1100 UTC;0;890,7;890,7;889,8;639,6;21,3;16,9;21,3;18,6;17,2;16,6;88;76;76;123;5,1;2,4;
2026/05/20;1200 UTC;0;891;891;890,7;1430;23,1;16,8;23,5;21,3;17,2;16,4;77;66;68;89;6,8;3,5;
2026/05/20;1300 UTC;0;891,3;891,3;891;2116,9;24,4;16,9;24,9;23,1;17,2;16,3;68;60;63;82;8,5;3,8;
2026/05/20;1400 UTC;0;891,1;891,3;891;2616,1;25;16,3;25,3;24,4;17,5;16,2;64;57;59;93;8,5;3,3;
2026/05/20;1500 UTC;0;890,2;891,1;890,2;2923,1;26,4;16,3;26,7;25;17,1;15,8;61;51;54;75;6,2;2,7;
2026/05/20;1600 UTC;0;889,5;890,2;889,5;2853,7;26,6;15,9;27,3;26,2;16,6;14,1;54;45;52;104;6,5;2,3;
2026/05/20;1700 UTC;0;888,8;889,5;888,8;2642,2;27,4;15;27,7;26,6;16,3;14,4;53;44;47;130;6,5;2,1;
2026/05/20;1800 UTC;0;888,2;888,8;888,2;2120;27,6;15;28,2;27,3;15,4;13,9;47;43;46;143;4,7;2,1;
2026/05/20;1900 UTC;0;888,2;888,2;888,1;1446,4;27,6;13,1;28;27,4;14,7;12,6;46;40;41;132;4,9;1,9;
2026/05/20;2000 UTC;0;888,3;888,4;888,2;797,6;26,9;14,1;27,9;26,9;14,1;11,5;46;37;46;141;4,1;2,2;
2026/05/20;2100 UTC;0;888,6;888,6;888,3;98;24,8;15;26,9;24,8;15;13,7;55;44;55;140;4,5;2,1;
2026/05/20;2200 UTC;0;888,8;888,8;888,6;;23,4;15,4;24,8;23,4;15,4;15;61;55;61;136;3,7;1,6;
2026/05/20;2300 UTC;0;889,3;889,3;888,8;;21,6;15,9;23,4;21,4;15,9;15,4;70;61;70;130;3,4;1,3;
2026/05/21;0000 UTC;0;889,9;889,9;889,3;;21,1;15,7;21,7;20,2;15,9;15,7;76;70;72;127;3,4;1,3;
2026/05/21;0100 UTC;0;890,2;890,2;889,9;;19,5;15,6;21,7;19,5;15,7;15,6;78;68;78;145;2,5;1;
2026/05/21;0200 UTC;0;890,4;890,4;890,2;;20;15,6;20,6;19,1;15,8;15,5;81;73;76;175;4;1,6;
2026/05/21;0300 UTC;0;890,2;890,5;890,2;;20,3;15,7;21;20;15,7;15,6;76;72;75;160;4,5;1,9;
2026/05/21;0400 UTC;0;889,9;890,2;889,9;;19,7;16,8;20,4;19,7;16,8;15,7;83;75;83;167;4,5;2,2;
2026/05/21;0500 UTC;0;889,2;889,9;889,2;;19,4;17,2;19,7;19,4;17,3;16,8;87;83;87;161;5;1,9;
2026/05/21;0600 UTC;0;888,9;889,2;888,8;;19,1;17,2;19,4;19,1;17,3;17,1;89;87;89;156;4,9;2,4;
2026/05/21;0700 UTC;0;889,1;889,2;888,8;;18,7;17,3;19,1;18,7;17,4;17,2;92;89;92;163;4,8;2;
2026/05/21;0800 UTC;0;889,5;889,5;889,1;;18,3;17;18,7;18,3;17,3;17;93;92;92;140;4,9;2,4;
2026/05/21;0900 UTC;0;889,9;889,9;889,5;;17,9;16,7;18,3;17,9;17;16,7;93;92;93;141;3,9;1,6;
2026/05/21;1000 UTC;0;890,3;890,3;889,9;24,4;18,2;16,8;18,2;17,8;16,8;16,6;93;92;92;110;4,3;2,3;
2026/05/21;1100 UTC;0;890,6;890,7;890,2;606,8;19,7;17;19,7;18,2;17,1;16,8;92;84;84;113;6;3,1;
2026/05/21;1200 UTC;0;891,1;891,1;890,6;1405,8;21,6;16,5;22;19,7;17,4;16,5;84;72;73;91;6,3;3,2;
2026/05/21;1300 UTC;0;891,1;891,3;891,1;2090,7;22;16,4;22,3;21,6;16,8;16,3;74;70;71;106;7,9;4,2;
2026/05/21;1400 UTC;0;890,9;891,3;890,9;2579,4;23,4;16,4;23,6;21,9;16,8;16,2;72;64;65;95;7,9;3,7;
2026/05/21;1500 UTC;0;890,5;890,9;890,5;2589;24,2;16,8;24,4;23,4;17,2;16,3;66;62;64;88;7;2,8;
2026/05/21;1600 UTC;0;889,6;890,5;889,6;1768,2;25;15,9;26,1;24;16,8;15,5;64;54;57;78;6;2,8;
2026/05/21;1700 UTC;0;888,8;889,7;888,8;1513,4;25,2;15;25,8;24,6;16,2;15;59;53;53;114;6,1;3,3;
2026/05/21;1800 UTC;0;888,6;888,8;888,5;1400,3;25,5;15,2;26,3;25,1;16,3;14,9;56;50;53;128;6,2;3;
2026/05/21;1900 UTC;0;888,7;888,7;888,5;1230,4;26;15,4;29,6;25;16;14,6;56;43;52;111;6,1;2,8;
2026/05/21;2000 UTC;0;888,9;889;888,7;739,1;25,1;15,4;26,2;25,1;15,9;14,7;56;50;55;137;6,9;2,9;
2026/05/21;2100 UTC;0;889,3;889,3;888,9;97,1;23,7;15,6;25,1;23,7;15,9;15,4;60;55;60;110;5,5;2,7;
2026/05/21;2200 UTC;0;889,6;889,8;889,3;;23;16,1;23,7;23;16,1;15,5;65;60;65;111;5,4;2,5;
2026/05/21;2300 UTC;0;890,2;890,2;889,6;;22,4;16;23;22,3;16,2;16;68;65;67;106;5,6;2,7;
2026/05/22;0000 UTC;0;890,8;890,8;890,2;;21,3;16,6;22,4;21,3;16,6;16;75;67;75;118;6,1;2,3;
2026/05/22;0100 UTC;0;890,8;890,9;890,6;;20,7;16,8;21,3;20,7;16,8;16,7;78;75;78;105;5,1;2;
2026/05/22;0200 UTC;0;890,5;890,8;890,5;;20,5;16,6;20,8;20,4;16,8;16,6;79;77;79;105;4,2;2,1;
2026/05/22;0300 UTC;0;890,4;890,7;890,4;;19,8;16,7;20,5;19,7;16,8;16,6;83;79;82;119;4,3;1,7;
2026/05/22;0400 UTC;0;890,3;890,5;890,2;;19,4;16,8;19,8;19,3;16,8;16,7;85;82;85;125;4,3;2;
2026/05/22;0500 UTC;0;890,1;890,3;890;;19;16,9;19,4;19;16,9;16,8;88;85;87;117;3,9;1,8;
2026/05/22;0600 UTC;0;890;890,1;890;;19,1;16,8;19,2;19;17;16,8;88;86;86;105;3,9;1,8;
2026/05/22;0700 UTC;0;889,6;890;889,5;;18,8;16,7;19,3;18,8;16,8;16,6;87;85;87;103;7,3;3,2;
2026/05/22;0800 UTC;0;889,9;889,9;889,5;;18,8;15,9;18,8;18,6;16,7;15,8;88;83;83;91;7,3;3,3;
2026/05/22;0900 UTC;0;889,9;890;889,8;;18,5;15,7;18,8;18,3;15,9;15,7;86;83;84;91;7,4;3,8;
2026/05/22;1000 UTC;0;890,7;890,7;889,9;24,7;18,1;15,6;18,5;18;15,8;15,5;87;83;85;92;7,5;3,7;
2026/05/22;1100 UTC;0;891,5;891,6;890,7;325,7;18,8;14,7;18,8;18;15,6;14,6;86;77;77;72;8;4,1;
2026/05/22;1200 UTC;0;892,1;892,1;891,5;1047,3;20,6;14,3;20,6;18,8;15,2;14;78;66;67;69;8,8;4,5;
2026/05/22;1300 UTC;0;892,2;892,3;891,9;1719,3;21,1;14,2;21,4;20,4;14,9;14,2;69;64;65;74;10;4,9;
2026/05/22;1400 UTC;0;892,2;892,5;892,2;2006,1;22,3;13,7;22,5;21,1;14,8;13,5;66;57;58;72;10;4,9;
2026/05/22;1500 UTC;0;891,7;892,4;891,6;1683,5;22,3;14;22,8;21,7;14,7;13,2;61;57;59;94;10,3;4,3;
2026/05/22;1600 UTC;0;891,3;891,9;891,2;1827,4;22,4;14;22,8;22,2;14,7;13,5;62;56;59;97;9,1;5;
2026/05/22;1700 UTC;0;890,4;891,4;890,4;1550,2;22,5;14,3;22,7;22,1;14,6;13,8;62;58;60;86;8,6;4,7;
2026/05/22;1800 UTC;0;890;890,6;890;1342,5;22,4;15,1;22,8;22,3;15,1;14,1;63;59;63;95;8,1;4,1;
2026/05/22;1900 UTC;0;890;890,4;889,8;931,9;22,3;14,7;22,7;22,2;15,2;14,6;63;61;63;115;7,8;3,6;
2026/05/22;2000 UTC;0;890,3;890,5;890;464,7;21,7;13,3;22,3;21,7;14,9;13,2;63;58;59;102;7,8;3,1;
2026/05/22;2100 UTC;0;890,7;890,9;890,3;80,6;20,8;14,6;21,7;20,8;14,6;13,2;67;59;67;117;7,2;2,8;
2026/05/22;2200 UTC;0;891,2;891,3;890,7;;20;15,3;20,8;20;15,3;14,5;74;67;74;121;6,2;2,5;
2026/05/22;2300 UTC;0;891,5;891,7;891,2;;19,3;15,4;20;19,3;15,4;15,3;78;74;78;113;6,3;2,8;
2026/05/23;0000 UTC;0;891,7;892,1;891,2;;18,8;15,4;19,3;18,8;15,5;15,4;81;78;81;112;7,4;3,1;
2026/05/23;0100 UTC;0;891,8;891,9;891,7;;18,2;15,7;18,8;18,1;15,7;15,4;85;81;85;113;7,1;2,8;
2026/05/23;0200 UTC;0;891,7;892;891,7;;17,6;15,6;18,1;17,6;15,7;15,5;88;85;88;115;6,8;2,9;
2026/05/23;0300 UTC;0;892;892,1;891,7;;17,5;15,3;17,6;17,4;15,6;15,3;88;87;87;108;6,5;3,2;
2026/05/23;0400 UTC;0;891,3;892;891,2;;17,1;15,2;17,5;17,1;15,3;15,1;89;87;88;97;7;3,7;
2026/05/23;0500 UTC;0;891,1;891,5;891;;16,7;15,2;17,1;16,6;15,2;15,1;91;88;91;99;7;3,8;
2026/05/23;0600 UTC;0;890,7;891,1;890,7;;16,7;15,3;16,7;16,6;15,3;15,1;92;91;91;95;8,9;5,2;
2026/05/23;0700 UTC;0;890,9;891;890,7;;16,5;15,3;16,7;16,5;15,3;15,2;92;91;92;94;8,9;4;
2026/05/23;0800 UTC;0;891,3;891,3;890,9;;16,3;15,2;16,5;16,2;15,3;15,2;94;92;93;98;8,2;4,1;
2026/05/23;0900 UTC;0;891,6;891,7;891,1;;16,4;15,2;16,4;16,2;15,2;15,1;94;92;93;94;8,1;4;
2026/05/23;1000 UTC;0;892,2;892,2;891,5;13,7;16,6;15,4;16,6;16,4;15,4;15,2;93;92;92;90;8,1;3,4;
2026/05/23;1100 UTC;0;892,5;892,5;892,1;153,2;17,1;15,5;17,1;16,6;15,6;15,4;93;90;90;73;10,2;3,7;
2026/05/23;1200 UTC;0;892,6;892,7;892,4;497,8;17,8;15,7;17,8;17;15,7;15,4;91;87;87;96;10,2;4,1;
2026/05/23;1300 UTC;0;892,6;892,9;892,5;659,5;18,6;15,9;18,6;17,8;16;15,6;88;85;85;91;9,5;3,5;
2026/05/23;1400 UTC;0;892,2;892,6;892,1;1371;21,1;16,2;21,2;18,6;16,5;15,9;85;73;74;60;8,3;3,7;
2026/05/23;1500 UTC;0;891,6;892,2;891,6;1763,2;21,6;16;22;20,8;16,5;15,8;75;70;71;65;9;4,1;
2026/05/23;1600 UTC;0;891,2;891,6;891,1;1432,5;22;15,9;22,1;21,4;16,2;15,9;72;68;69;100;9;3,7;
2026/05/23;1700 UTC;0;890,6;891,2;890,5;733,8;21,7;15,8;22,1;21,4;16,1;15,8;71;68;69;98;8,7;3,4;
2026/05/23;1800 UTC;0;890,5;890,7;890,3;583,2;22,1;16;22,3;21,6;16,3;15,7;70;67;68;113;6,3;2,5;
2026/05/23;1900 UTC;0;890,3;890,5;890,2;831,1;22,7;16,3;22,7;21,8;16,3;15,8;70;66;67;86;6,2;3,2;
2026/05/23;2000 UTC;0;890,2;890,4;890,1;592,9;21,5;16,2;22,7;21,2;16,2;15,7;72;66;72;108;7,1;2,8;
2026/05/23;2100 UTC;0;890,7;890,7;890,2;133,7;20,4;16,2;21,7;20,4;16,2;16;77;70;77;99;6,5;2,9;
2026/05/23;2200 UTC;0;890,9;890,9;890,4;;19,9;16,5;20,4;19,8;16,6;16,2;81;77;81;118;6,1;3,4;
2026/05/23;2300 UTC;0;891;891;890,9;;19,5;16,6;20;19,5;16,6;16,5;83;81;83;103;7,2;2,9;
2026/05/24;0000 UTC;0;891,6;891,6;891;;19,4;16,6;19,5;19,4;16,7;16,6;84;83;84;119;5,7;2,1;
2026/05/24;0100 UTC;0;891,8;891,8;891,6;;19,2;16,5;19,4;19,2;16,7;16,4;85;84;84;105;5,8;2,5;
2026/05/24;0200 UTC;0;891,4;891,8;891,4;;18,8;16,4;19,2;18,8;16,5;16,3;86;84;86;121;6,5;2,2;
2026/05/24;0300 UTC;0;891,2;891,4;891,1;;18,9;16,4;18,9;18,8;16,6;16,4;86;86;86;118;5,3;2,4;
2026/05/24;0400 UTC;0;890,9;891,2;890,9;;18,5;16,3;18,9;18,5;16,5;16,3;87;85;87;122;5,6;3;
2026/05/24;0500 UTC;0;890,2;890,9;890,2;;17,8;16,3;18,5;17,8;16,4;16,3;91;87;91;109;7,2;2,8;
2026/05/24;0600 UTC;0;890;890,3;890;;18,1;16,4;18,1;17,7;16,5;16,3;92;90;90;109;5,4;2,4;
2026/05/24;0700 UTC;0;889,8;890;889,8;;17,9;16,5;18,1;17,8;16,5;16,4;92;90;92;116;6,6;2,7;
2026/05/24;0800 UTC;0;889,8;889,8;889,5;;17,6;16,6;17,9;17,6;16,6;16,5;94;92;94;108;6,1;2,7;
2026/05/24;0900 UTC;0;890,4;890,4;889,8;;17,5;16,7;17,7;17,4;16,7;16,6;95;94;95;112;6,4;2,8;
2026/05/24;1000 UTC;0;891;891;890,4;7,3;17,3;16,6;17,5;17,3;16,7;16,6;96;95;96;106;7,4;3,3;
2026/05/24;1100 UTC;,2;891,4;891,4;891;93,5;17,4;16,7;17,4;17,3;16,8;16,6;96;96;96;95;7,3;4;
2026/05/24;1200 UTC;0;891,8;891,8;891,4;335,6;17,9;17,1;17,9;17,4;17,1;16,7;96;95;95;103;7,6;3,2;
2026/05/24;1300 UTC;,2;892,1;892,1;891,8;656,8;18,2;17,2;18,4;17,8;17,5;17;96;93;94;97;7,6;3,3;
2026/05/24;1400 UTC;,2;891,9;892,1;891,9;982,2;19,1;17,8;19,1;18,1;17,9;17,1;94;89;92;83;6,2;3,1;
2026/05/24;1500 UTC;0;891,2;891,9;891,2;1419;19,8;17,4;19,9;18,5;18;16,9;93;85;86;90;6,9;3,4;
2026/05/24;1600 UTC;,6;890,7;891,2;890,7;1531,2;20,9;17,7;20,9;19,3;18,2;16,9;92;81;82;76;6,5;2,2;
2026/05/24;1700 UTC;0;889,9;890,7;889,9;1365,9;22,1;17,7;22,1;20,6;18,2;16,9;84;75;76;83;5,7;2,8;
2026/05/24;1800 UTC;0;889,6;890;889,6;1751,6;22,3;16,9;22,6;22;17,6;16,3;75;68;71;60;5,1;1,7;
2026/05/24;1900 UTC;0;889,3;889,6;889,3;841;22,5;16,5;23,1;22,2;17,2;15,9;72;65;69;99;4,5;2;
2026/05/24;2000 UTC;0;889,4;889,4;889,3;364,5;22,1;16,6;22,7;22,1;16,7;15,9;72;66;71;104;4,2;1,6;
2026/05/24;2100 UTC;0;889,8;889,8;889,4;61,6;21,4;16,8;22,1;21,4;16,8;16,3;75;70;75;123;3,3;1,3;
2026/05/24;2200 UTC;0;890,1;890,1;889,8;;21,1;16,7;21,4;21;16,9;16,6;77;75;76;120;2,9;1,5;
2026/05/24;2300 UTC;0;890,7;890,8;890,1;;20,2;17,4;21,1;20,2;17,4;16,7;84;76;84;145;3,4;1,6;
2026/05/25;0000 UTC;0;891,2;891,2;890,7;;19,5;17;20,2;19,2;17,4;16,8;87;84;85;118;2,5;1,3;
2026/05/25;0100 UTC;0;891,4;891,4;891,2;;20;16,4;20,4;19,5;16,9;16,3;85;78;80;96;4,8;2;
2026/05/25;0200 UTC;0;891,1;891,4;891,1;;18,5;16,1;20;18,5;16,4;16,1;86;80;86;131;4,4;1,5;
2026/05/25;0300 UTC;0;890,9;891,1;890,9;;18,1;16,1;18,7;18,1;16,3;16;88;85;88;116;4;1,5;
2026/05/25;0400 UTC;0;890,7;890,9;890,7;;18;16;18,1;17,8;16,2;16;90;88;88;118;3;1,5;
2026/05/25;0500 UTC;0;890;890,7;890;;17,7;15,8;18,1;17,7;16,1;15,8;89;88;89;131;3,1;1,3;
2026/05/25;0600 UTC;0;889,7;890,1;889,7;;16,8;16;17,7;16;16;15;95;89;95;123;2,4;1,2;
2026/05/25;0700 UTC;0;889,7;889,7;889,5;;18,3;15,9;18,3;16,8;16,1;15,9;95;86;86;91;4,3;2,3;
2026/05/25;0800 UTC;0;889,9;890;889,7;;17,8;15,7;18,3;17,7;15,9;15,7;88;86;88;99;4,3;2,3;
2026/05/25;0900 UTC;0;890,3;890,3;889,9;;17,8;15,6;17,9;17,6;15,8;15,6;88;87;87;104;4,3;2,2;
2026/05/25;1000 UTC;0;890,7;890,8;890,3;32,3;18;15,5;18;17,6;15,6;15,4;87;85;85;111;4,2;2,1;
2026/05/25;1100 UTC;0;891,2;891,2;890,7;626,6;19,9;15,8;19,9;18;15,9;15,5;85;77;77;95;6,8;3,8;
2026/05/25;1200 UTC;0;891,9;891,9;891,2;1485,2;21,5;15,9;21,5;19,8;16,2;15,6;77;70;70;94;8;4,2;
2026/05/25;1300 UTC;0;891,5;891,9;891,4;2120,9;23,1;16,1;23,1;21,3;16,7;15,4;71;65;65;80;8,3;4,1;
2026/05/25;1400 UTC;0;891,5;891,8;891,4;2088,8;23;15,6;24,1;22,5;16,1;15,2;65;58;63;84;8;3,6;
2026/05/25;1500 UTC;0;890,9;891,6;890,9;2095,2;24,3;15,1;24,5;23;16;14,4;64;55;57;89;8;3,2;
2026/05/25;1600 UTC;0;890,2;890,9;890,2;2777,5;25,1;14,7;25,8;24,2;15,8;14,5;59;51;52;71;8;4,2;
2026/05/25;1700 UTC;0;889,6;890,2;889,6;2199,4;25,9;15;26,2;24,5;15,7;14,7;55;50;51;86;7,4;2,8;
2026/05/25;1800 UTC;0;889;889,6;889;1822,5;25,8;15,3;26,4;24,9;15,5;14,3;54;49;52;78;7,2;3,1;
2026/05/25;1900 UTC;0;888,9;889,1;888,9;1273,4;25,7;14,9;26,3;24,8;15,6;14,5;54;51;51;113;6,1;1,6;
2026/05/25;2000 UTC;0;889,2;889,2;888,9;337,5;24,6;14,9;25,7;24,4;15,1;14,3;56;50;55;112;4,8;1,9;
2026/05/25;2100 UTC;0;889,6;889,6;889,2;98,1;23,4;15,3;24,6;23,4;15,3;14,6;60;54;60;114;4;1,3;
2026/05/25;2200 UTC;0;890,2;890,2;889,6;;23,2;15,4;23,4;21,9;15,7;15,1;67;60;62;100;3,3;1,8;
2026/05/25;2300 UTC;0;890,7;890,7;890,2;;22,8;15,9;23,4;22,7;15,9;15,4;65;61;65;89;4;1,7;
2026/05/26;0000 UTC;0;891,1;891,1;890,7;;22,1;16;22,8;22;16;15,9;69;65;69;111;3,5;2;
2026/05/26;0100 UTC;0;891,4;891,4;891,1;;20,9;16,1;22,1;20,8;16,2;16;75;69;74;115;3,8;1,7;
2026/05/26;0200 UTC;0;891,4;891,5;891,4;;20,5;15,7;20,9;20,4;16,1;15,7;74;73;74;111;4,1;2,3;
2026/05/26;0300 UTC;0;891,4;891,4;891,3;;18,6;15,6;20,5;18,6;15,7;15,5;83;74;83;125;4,2;1,1;
2026/05/26;0400 UTC;0;891,1;891,4;891,1;;16,9;15,3;18,6;16,9;15,6;15,2;91;83;90;159;2,4;,9;
2026/05/26;0500 UTC;0;891;891,1;890,9;;16,8;15,1;17,3;16,8;15,6;15;91;89;90;139;1,8;,9;
2026/05/26;0600 UTC;0;890,7;891;890,7;;16,6;15,3;16,8;15,9;15,3;14,7;94;90;92;143;2,1;1,7;
2026/05/26;0700 UTC;0;890,5;890,7;890,5;;18,3;15,5;18,3;16,6;15,8;15,3;92;84;84;124;2,3;1,4;
2026/05/26;0800 UTC;0;890,5;890,6;890,4;;18;15,2;18,4;16,6;15,5;14,9;90;83;84;114;3,8;1,8;
2026/05/26;0900 UTC;0;891;891;890,5;;18,6;14,9;18,6;18;15,3;14,9;84;79;79;105;4,3;2,1;
2026/05/26;1000 UTC;0;891,6;891,6;891;24,1;17,8;15,2;18,6;17,4;15,2;14,9;86;79;85;128;3,8;1,8;
2026/05/26;1100 UTC;0;892,3;892,3;891,6;679,7;20,1;14,9;20,1;17,8;15,7;14,7;85;71;72;101;5,8;3,3;
2026/05/26;1200 UTC;0;892,7;892,8;892,3;1413,4;20,9;14,6;21,2;20,1;15,1;14,3;72;65;67;81;7,7;4,6;
2026/05/26;1300 UTC;0;892,9;892,9;892,7;1960,4;22;15,3;22,2;21;15,6;14,6;68;65;66;88;7,7;3,3;
2026/05/26;1400 UTC;0;892,6;893;892,6;2546,6;23,9;14,7;24;22,1;15,7;14,3;66;56;57;111;7,3;3,9;
2026/05/26;1500 UTC;0;891,9;892,6;891,9;2833,7;24,8;13,9;25,4;23,7;15,1;13,7;58;49;51;118;8;3,6;
2026/05/26;1600 UTC;0;891;891,9;891;2801;25,6;14;26,4;24,8;14,7;13,7;52;46;49;122;7;3,7;
2026/05/26;1700 UTC;0;890,1;891;890,1;2589;25,9;12,9;26,5;25,5;14,4;12,8;50;44;45;129;8,4;3,9;
2026/05/26;1800 UTC;0;889,5;890,1;889,5;2286,2;25,9;13,6;26,8;25,8;14,9;12,9;50;44;47;109;7;3,9;
2026/05/26;1900 UTC;0;889,2;889,5;889,2;1479,9;26,2;13,5;27,1;25,1;14,5;13;48;44;46;131;6,7;2,8;
2026/05/26;2000 UTC;0;889,4;889,4;889,2;814,2;25,1;13,5;26,2;24,9;14;13,1;49;45;49;116;6,5;3,2;
2026/05/26;2100 UTC;0;889,9;889,9;889,4;109,1;23,1;14,3;25,1;23,1;14,3;13,3;57;48;57;118;6,4;2,2;
2026/05/26;2200 UTC;0;890,2;890,3;889,9;;21,7;14,4;23,1;21,7;14,5;14,2;63;57;63;125;4,2;1,4;
2026/05/26;2300 UTC;0;890,7;890,7;890,2;;21,5;14,4;21,8;21,5;14,4;14,2;64;62;64;113;3,4;1,8;
2026/05/27;0000 UTC;0;891,1;891,1;890,7;;20,6;14,7;21,6;20,6;14,7;14,4;69;64;69;139;4,6;2;
2026/05/27;0100 UTC;0;891,1;891,1;891;;19,5;15,2;20,6;19,5;15,3;14,7;76;69;76;141;3,8;1,9;
2026/05/27;0200 UTC;0;891,2;891,2;891,1;;19,2;15,5;19,5;19,2;15,5;15,2;79;76;79;134;3,6;1,7;
2026/05/27;0300 UTC;0;890,9;891,2;890,9;;19;15,5;19,2;18,9;15,6;15,5;81;79;81;122;3,8;1,9;
2026/05/27;0400 UTC;0;890,5;890,9;890,5;;18,4;15,3;19;18,4;15,5;15,3;83;80;82;119;3,8;1,3;
2026/05/27;0500 UTC;0;890,1;890,6;890,1;;15,9;14,4;18,4;15,9;15,3;14,4;91;82;91;157;2,4;,6;
2026/05/27;0600 UTC;0;889,6;890,1;889,6;;15,6;14,6;16;15,4;14,8;14,2;94;91;94;135;1,5;1;
2026/05/27;0700 UTC;0;889,4;889,6;889,3;;14,7;14;15,7;14,6;14,7;13,8;96;92;95;5;1,9;,7;
2026/05/27;0800 UTC;0;889,5;889,5;889,4;;14,6;14,1;14,9;14,4;14,3;13,8;97;95;97;71;2,4;,9;
2026/05/27;0900 UTC;0;889,9;889,9;889,5;;14,4;13,9;14,7;14,2;14,2;13,6;97;96;97;127;2,4;1,2;
2026/05/27;1000 UTC;0;890,1;890,1;889,8;20,6;17,5;15,3;17,5;14,4;15,3;13,9;97;87;87;101;4,5;2,1;
2026/05/27;1100 UTC;0;890,6;890,6;890,1;639,1;19,9;15,7;19,9;17,5;16;15,3;87;77;77;90;5;2,3;
2026/05/27;1200 UTC;0;891,2;891,2;890,6;1437,5;20,6;15,8;21;19,8;16,2;15,6;78;73;74;76;6,4;3,6;
2026/05/27;1300 UTC;0;891,1;891,2;891,1;1949,1;21,9;16,1;21,9;20,4;16,3;15,7;75;69;70;62;6,9;3,6;
2026/05/27;1400 UTC;0;890,9;891,1;890,9;2365,9;22,4;15,8;23,2;21,8;16,6;15,8;70;64;66;97;7,2;3,4;
2026/05/27;1500 UTC;0;890,2;890,9;890,2;2646,8;24,4;14,7;24,5;22,1;16,3;14,6;68;55;55;97;6,6;3;
2026/05/27;1600 UTC;0;889,4;890,2;889,4;2919;25;14,5;26;24,3;15,6;13,9;56;47;52;126;6,6;3,4;
2026/05/27;1700 UTC;0;888,4;889,4;888,4;2068,4;26;13,4;26;24,1;14,8;13,1;56;45;46;121;6;3,2;
2026/05/27;1800 UTC;0;888;888,5;888;2031;25,5;13,6;26,1;24,7;14,3;12,7;52;44;48;75;6,7;2,6;
2026/05/27;1900 UTC;0;888;888;887,9;1363,8;25,3;13,8;26;24,4;14,2;13,4;52;47;49;142;5,6;2,2;
2026/05/27;2000 UTC;0;888,2;888,2;888;563,2;24,2;13,9;25,4;24,2;14,2;13,5;53;49;53;124;5,3;1,8;
2026/05/27;2100 UTC;0;888,6;888,6;888,2;177,3;23;14,2;24,3;23;14,2;13,9;58;53;58;123;4,8;2;
2026/05/27;2200 UTC;0;888,8;888,8;888,5;;22;14,3;23;21,9;14,3;14,1;62;58;62;124;3,9;1,7;
2026/05/27;2300 UTC;0;889,5;889,5;888,8;;21,4;14,5;22;21,4;14,5;14,2;65;62;65;139;3,4;1,7;
2026/05/28;0000 UTC;0;890,1;890,1;889,4;;20,6;14,7;21,4;20,6;14,7;14,5;69;65;69;138;4,4;2,2;
2026/05/28;0100 UTC;0;890,2;890,2;890,1;;19,6;15,1;20,6;19,6;15,1;14,8;75;69;75;119;4,8;1,8;
2026/05/28;0200 UTC;0;890,1;890,2;890,1;;19,4;15,3;19,7;19,3;15,4;15,1;78;75;77;123;4,4;2,2;
2026/05/28;0300 UTC;0;889,9;890,1;889,9;;18,5;14,9;19,4;18,5;15,3;14,9;80;77;80;133;4,4;1,6;
2026/05/28;0400 UTC;0;889,5;889,9;889,5;;18,3;14,9;18,5;18,3;15;14,9;81;80;81;121;3,2;1,5;
2026/05/28;0500 UTC;0;889;889,5;889;;18,9;14,9;18,9;18,2;15;14,8;81;78;78;85;3,7;2,1;
2026/05/28;0600 UTC;0;888,9;889,1;888,9;;16,2;14;19;16,2;14,9;14;87;77;87;127;3,7;,9;
2026/05/28;0700 UTC;0;888,5;889;888,5;;16,1;14,8;16,2;15;14,8;13,7;94;87;92;133;3;1,4;
2026/05/28;0800 UTC;0;888,6;888,6;888,2;;16;14,2;17,1;16;14,9;14;92;85;89;90;3,1;1;
2026/05/28;0900 UTC;0;888,8;888,8;888,4;;15;13,5;17,5;15;14,6;13,5;91;82;91;142;2,8;,7;
2026/05/28;1000 UTC;0;889,7;889,7;888,8;26,7;14,7;14;15;14,2;14;13,3;96;91;96;93;1,9;,7;
2026/05/28;1100 UTC;0;890,4;890,4;889,7;536,2;19,6;15,2;19,6;14,7;15,7;14,1;96;76;76;97;3,7;2;
2026/05/28;1200 UTC;0;890,6;890,6;890,4;1282;21,1;15,5;21,4;19,6;15,7;15,1;76;69;70;83;6,2;3,1;
2026/05/28;1300 UTC;0;891,1;891,1;890,6;1189,5;22,3;16;22,3;20,7;16;15,4;73;67;68;103;6,1;3;
2026/05/28;1400 UTC;0;890,9;891,1;890,9;2210,3;23,9;15,9;24,4;22,1;16,5;15,1;68;58;61;92;8;3;
2026/05/28;1500 UTC;0;889,9;890,9;889,9;1344,3;23,7;14,8;24,3;22,8;15,8;14,3;63;57;58;108;8;3;
2026/05/28;1600 UTC;0;889,3;889,9;889,3;2482,3;24,7;14,4;25;23,7;15,2;13,8;58;51;53;112;7,3;3,4;
2026/05/28;1700 UTC;0;888,3;889,3;888,2;2776;25,4;13,8;25,8;24,7;14,6;13,1;53;46;48;92;7,6;3,8;
2026/05/28;1800 UTC;0;887,7;888,3;887,7;2055,6;25,6;14;25,7;24,6;14,3;13,4;52;47;49;91;8,5;3,2;
2026/05/28;1900 UTC;0;887,6;887,8;887,5;1522,3;25,3;14,1;25,9;24,8;14,5;13,4;52;46;50;77;6,2;3;
2026/05/28;2000 UTC;0;887,6;887,6;887,5;670;23,5;14;25,3;23,5;14,3;13,5;56;49;55;120;6,5;2,8;
2026/05/28;2100 UTC;0;888,3;888,3;887,6;65;22,6;13,2;23,5;22,6;14;12,9;56;52;55;111;6,1;2,8;
2026/05/28;2200 UTC;0;888,6;888,6;888,2;;21,4;14,7;22,6;21,4;14,7;13,2;66;55;66;107;5,3;2,1;
2026/05/28;2300 UTC;0;889,1;889,1;888,6;;20,6;15,1;21,5;20,6;15,2;14,8;71;66;71;101;5,6;2,3;
2026/05/29;0000 UTC;0;889,5;889,6;889,1;;20,2;15,4;20,6;20,2;15,5;15,1;74;71;74;98;6,3;2,8;
2026/05/29;0100 UTC;0;889,9;890;889,5;;19,6;15,4;20,3;19,6;15,4;15,2;77;73;77;97;6,3;2,5;
2026/05/29;0200 UTC;0;890,2;890,3;889,9;;19,2;14,9;19,6;19,2;15,4;14,8;78;75;76;104;5,5;2;
2026/05/29;0300 UTC;0;889,8;890,2;889,8;;18,9;14,9;19,3;18,9;14,9;14,9;78;76;78;97;5,9;2,8;
2026/05/29;0400 UTC;0;889,6;889,8;889,5;;18,6;14,8;18,9;18,5;14,9;14,8;80;78;79;94;5,5;2,2;
2026/05/29;0500 UTC;0;888,8;889,6;888,8;;18,8;14,9;18,8;18,5;15;14,7;79;78;78;80;4,6;2,1;
2026/05/29;0600 UTC;0;888,8;888,9;888,7;;18,9;14,8;19,1;18,7;14,9;14,8;78;77;77;81;4,6;2,2;
2026/05/29;0700 UTC;0;888,6;888,9;888,6;;18,4;14,9;18,9;18,4;14,9;14,8;80;77;80;103;4,7;1,7;
2026/05/29;0800 UTC;0;888,7;888,9;888,4;;18,7;15,3;18,9;18,3;15,3;14,9;81;79;81;77;5;2,7;
2026/05/29;0900 UTC;0;889,4;889,4;888,7;;18,5;15,6;18,8;18,4;15,6;15,3;84;80;83;82;4,4;2;
2026/05/29;1000 UTC;0;889,8;889,9;889,4;26,4;18,1;15,5;18,6;18;15,6;15,4;85;82;85;94;4,6;2,8;
2026/05/29;1100 UTC;0;890,9;890,9;889,8;465,5;18,9;15,9;19,2;18,1;16,1;15,5;85;82;83;70;6,1;2,7;
2026/05/29;1200 UTC;0;891,3;891,4;890,9;1585,1;21;16,1;21,4;18,9;16,5;15,9;83;73;74;76;6,9;3;
2026/05/29;1300 UTC;0;891,3;891,5;891,3;1867,1;21,3;16,1;21,5;20,5;16,6;16,1;77;72;72;57;8,1;3,8;
2026/05/29;1400 UTC;0;891,1;891,3;891,1;1394;21,7;15,9;22,2;21,1;16,3;15,4;73;66;70;68;8,9;2,4;
2026/05/29;1500 UTC;0;890,6;891,1;890,5;2459,9;23,8;15;24;21,7;16,2;14,6;70;57;58;98;6,9;2,4;
2026/05/29;1600 UTC;0;889,7;890,6;889,7;1749,9;23,7;14,8;24;23;15,2;14;60;54;57;81;6,8;2,8;
2026/05/29;1700 UTC;0;888,8;889,7;888,8;1883,4;25;14,4;25;23,7;15,4;14,3;58;52;52;78;5,8;2,7;
2026/05/29;1800 UTC;0;888,5;888,8;888,3;1971,1;24;13,7;25;24;14,6;13,7;53;50;53;85;7,6;2,7;
2026/05/29;1900 UTC;0;888,5;888,7;888,5;855,1;23,7;13,6;24,2;23,6;14;13,5;54;52;53;107;6,4;2,9;
2026/05/29;2000 UTC;0;888,8;888,8;888,5;422;22,8;14;23,7;22,8;14,1;13,5;58;53;58;99;6,4;3,3;
2026/05/29;2100 UTC;0;889;889;888,7;68,6;21,7;14,5;22,8;21,6;14,5;13,8;64;57;64;116;6,3;2,3;
2026/05/29;2200 UTC;0;889;889,1;888,9;;21,2;14,2;21,7;21,1;14,5;14,1;65;64;64;94;5,6;3,1;
2026/05/29;2300 UTC;0;889,7;889,7;889;;20,6;14,4;21,3;20,5;14,5;14,2;69;64;68;104;5,6;2,2;
2026/05/30;0000 UTC;0;890,3;890,3;889,6;;19,7;14,7;20,6;19,7;14,7;14,3;73;67;73;125;5,4;2,2;
2026/05/30;0100 UTC;0;890,3;890,6;890,3;;19,1;15,6;19,8;19,1;15,6;14,7;81;73;81;116;7;3,4;
2026/05/30;0200 UTC;0;890,3;890,5;890,1;;18,3;15,9;19,1;18,3;16;15,6;86;81;86;112;7;3;
2026/05/30;0300 UTC;0;890,4;890,4;890,1;;17,9;15,8;18,3;17,9;16;15,8;88;86;88;117;5,5;2,3;
2026/05/30;0400 UTC;0;890,4;890,4;890,1;;17,4;15,6;17,9;17,3;15,8;15,6;90;87;90;129;4,8;1,7;
2026/05/30;0500 UTC;0;890;890,5;889,9;;17,2;15,7;17,4;17;15,8;15,6;92;90;91;123;4;1,8;
2026/05/30;0600 UTC;0;890,1;890,3;890;;16,8;15,6;17,2;16,7;15,8;15,5;93;91;93;129;3,4;1,8;
2026/05/30;0700 UTC;0;890,5;890,5;890,1;;16,1;15,1;16,8;16,1;15,7;15,1;94;93;94;184;3,4;,9;
2026/05/30;0800 UTC;0;891,1;891,1;890,3;;16;15;16,3;16;15,3;15;95;93;94;143;3,7;1,8;
2026/05/30;0900 UTC;0;891,5;891,5;890,9;;15,7;14,8;16;15,7;15,1;14,8;95;94;94;133;3,1;1,2;
2026/05/30;1000 UTC;0;891,8;891,8;891,3;39,7;14,9;14,3;15,7;14,6;14,9;13,9;97;94;96;66;2,4;,7;
2026/05/30;1100 UTC;0;892,4;892,4;891,8;201,2;17;15,4;17;14,9;15,6;14,4;97;90;90;132;2,5;1,3;
2026/05/30;1200 UTC;0;892,9;892,9;892,4;388,6;17,9;15,7;17,9;17;15,8;15,4;91;87;87;108;3,5;1,5;
2026/05/30;1300 UTC;0;893;893;892,7;420,6;18,5;15,5;18,5;17,9;15,9;15,3;87;82;82;70;3;1,9;
2026/05/30;1400 UTC;0;891,9;893;891,9;586,7;19;15,3;19,1;18,1;15,8;15,3;85;79;79;42;5,9;3;
2026/05/30;1500 UTC;0;891,1;892;891,1;558,7;19,9;15,4;19,9;19;15,7;15,2;80;75;75;44;5,9;2,8;
2026/05/30;1600 UTC;0;890,3;891,1;889,7;635,3;20,7;15,4;20,7;19,8;15,7;15,3;76;71;72;66;7,8;1,5;
2026/05/30;1700 UTC;0;890,2;890,6;890,2;1091,7;21,4;14,7;21,7;20,7;15,8;14,5;72;64;66;16;3,2;1,1;
2026/05/30;1800 UTC;0;889,9;890,2;889,7;757,4;21,4;15,5;21,5;21,2;15,8;14,4;71;64;69;128;4,1;1,9;
2026/05/30;1900 UTC;0;890,3;890,3;889,9;804,3;21,6;15;21,8;21,2;15,6;14,8;70;65;66;77;3,3;1,1;
2026/05/30;2000 UTC;0;890,3;890,4;890,1;635,5;21,3;14,8;22,3;21,3;15,4;14,5;68;63;66;80;3,7;2,1;
2026/05/30;2100 UTC;0;890,6;890,6;890,3;110,4;19,2;14,7;21,3;19,2;15;14,5;76;66;76;131;3,7;1,4;
2026/05/30;2200 UTC;0;890,7;890,9;890,6;;18,6;15,5;19,4;18,6;15,6;14,9;82;76;82;108;2,3;1,4;
2026/05/30;2300 UTC;0;891,1;891,1;890,7;;17,9;15,7;18,6;17,9;15,8;15,2;88;82;87;123;2,6;1,4;
2026/05/31;0000 UTC;0;891,5;891,5;891,1;;17,8;15,7;18;17,4;15,9;15,5;90;87;87;112;2,6;1,4;
2026/05/31;0100 UTC;0;891,4;891,6;891,3;;17,4;15,4;18,3;17,4;15,6;15,2;88;83;88;127;3,5;1,9;
2026/05/31;0200 UTC;0;891,2;891,4;891,2;;17;15,6;17,6;16,8;15,6;15,4;93;88;91;121;3,7;1,8;
2026/05/31;0300 UTC;0;891,1;891,2;891;;16,4;15,2;17,1;16,3;15,6;15,1;93;91;92;111;3,7;1,5;
2026/05/31;0400 UTC;0;890,8;891,1;890,7;;16,4;14,8;16,8;16,3;15,2;14,7;92;88;91;114;3,5;1,5;
2026/05/31;0500 UTC;0;890,1;890,8;890,1;;16,7;15,2;16,7;16,3;15,3;14,8;92;91;91;110;4,3;2,5;
2026/05/31;0600 UTC;0;889,4;890,1;889,4;;16,3;15;16,7;16;15,3;14,9;94;91;92;101;4,3;1,9;
2026/05/31;0700 UTC;0;889;889,4;888,9;;15,8;14,2;16,6;15,8;15;14,2;92;87;90;135;3,9;1,8;
2026/05/31;0800 UTC;0;889,4;889,4;888,9;;15,8;14,2;15,9;15,5;14,4;14,1;92;90;90;67;3,3;1,4;
2026/05/31;0900 UTC;0;890;890,1;889,4;;14,6;13,9;15,9;14,5;14,4;13,6;95;90;95;29;3,1;,9;
2026/05/31;1000 UTC;0;890,3;890,3;889,9;12,9;15,8;14,6;15,9;14,2;14,7;13,5;97;92;93;111;3,7;1,9;
2026/05/31;1100 UTC;0;890,7;890,7;890,3;570,4;17,9;15,5;17,9;15,8;15,5;14,7;93;86;86;90;6,1;3,8;
2026/05/31;1200 UTC;0;891,5;891,5;890,7;1377,4;19,5;16,1;19,5;17,9;16,1;15,5;87;79;81;74;6,1;3,3;
2026/05/31;1300 UTC;0;891,5;891,6;891,4;2075,2;21,8;16,4;21,8;19,6;16,6;15,9;81;71;71;87;5,5;2,3;
2026/05/31;1400 UTC;0;891;891,5;891;2554,4;23,3;15,6;23,6;21,3;16,8;15,6;74;62;62;80;6,1;2,7;
2026/05/31;1500 UTC;0;890,4;891;890,4;2710,1;24,5;15,3;24,5;23,1;16;14,5;64;55;56;92;6,3;2,7;
2026/05/31;1600 UTC;0;889,5;890,4;889,4;2446,4;24,6;13,7;25,7;24,2;15,4;13,7;57;49;51;109;6,9;3,1;
2026/05/31;1700 UTC;0;888,7;889,5;888,7;1957,1;24,5;14,1;26,5;24,2;14,5;13,4;53;45;52;62;5,9;1,6;
2026/05/31;1800 UTC;0;887,9;888,7;887,9;1979;25,6;13,9;25,7;24,4;14,3;13,4;52;48;48;100;4,6;2,4;
2026/05/31;1900 UTC;0;887,8;888;887,7;931,9;24,3;13,6;25,7;24,3;14;13,3;52;46;51;98;4,6;1,6;
2026/05/31;2000 UTC;0;888,1;888,1;887,7;357,1;23,9;13,5;24,9;23,8;13,7;12,7;53;48;52;72;4,3;1,8;
2026/05/31;2100 UTC;0;888,5;888,5;888,1;95,5;22,7;14,2;24,1;22,7;14,3;13,3;59;51;58;112;3,5;1;
2026/05/31;2200 UTC;0;889;889;888,5;;22,3;14,5;22,9;22,3;14,6;13,9;61;58;61;121;3,5;1,4;
2026/05/31;2300 UTC;0;889,4;889,5;889;;21,8;14,5;22,3;21,8;14,8;14,4;64;61;63;111;3,4;1,5;
