id_prod,Faturamento_Total,Ticket_Medio
101,77.69999999999999,38.849999999999994
102,42.5,42.5
103,7.2,7.2
105,70.0,35.0
106,19.2,19.2
